EntryID,AccountID,CostCenterID,EntryDate,Scenario,Amount
1,1,1,2023-01-27,Budget,89.07
2,1,1,2023-01-27,Actual,92.6
3,1,2,2023-01-18,Budget,102.68
4,1,2,2023-01-18,Actual,102.03
5,1,3,2023-01-21,Budget,106.1
6,1,3,2023-01-21,Actual,96.12
7,1,4,2023-01-11,Budget,105.92
8,1,4,2023-01-11,Actual,120.01
9,1,5,2023-01-15,Budget,108.99
10,1,5,2023-01-15,Actual,109.91
11,1,6,2023-01-03,Budget,74.57
12,1,6,2023-01-03,Actual,78.44
13,2,1,2023-01-16,Budget,30.21
14,2,1,2023-01-16,Actual,28.48
15,2,2,2023-01-28,Budget,42.24
16,2,2,2023-01-28,Actual,45.32
17,2,3,2023-01-28,Budget,38.96
18,2,3,2023-01-28,Actual,38.1
19,2,4,2023-01-25,Budget,29.79
20,2,4,2023-01-25,Actual,28.18
21,2,5,2023-01-02,Budget,37.86
22,2,5,2023-01-02,Actual,33.51
23,2,6,2023-01-07,Budget,30.58
24,2,6,2023-01-07,Actual,34.14
25,3,1,2023-01-12,Budget,6.61
26,3,1,2023-01-12,Actual,5.75
27,3,2,2023-01-08,Budget,3.99
28,3,2,2023-01-08,Actual,3.78
29,3,3,2023-01-12,Budget,5.17
30,3,3,2023-01-12,Actual,4.89
31,3,4,2023-01-13,Budget,5.21
32,3,4,2023-01-13,Actual,4.9
33,3,5,2023-01-02,Budget,4.8
34,3,5,2023-01-02,Actual,5.07
35,3,6,2023-01-22,Budget,4.72
36,3,6,2023-01-22,Actual,4.9
37,4,1,2023-01-05,Budget,31.87
38,4,1,2023-01-05,Actual,28.27
39,4,2,2023-01-01,Budget,23.42
40,4,2,2023-01-01,Actual,25.59
41,4,3,2023-01-07,Budget,22.78
42,4,3,2023-01-07,Actual,21.25
43,4,4,2023-01-13,Budget,37.44
44,4,4,2023-01-13,Actual,39.43
45,4,5,2023-01-12,Budget,30.03
46,4,5,2023-01-12,Actual,29.79
47,4,6,2023-01-28,Budget,32.41
48,4,6,2023-01-28,Actual,31.97
49,5,1,2023-01-16,Budget,22.76
50,5,1,2023-01-16,Actual,19.83
51,5,2,2023-01-12,Budget,23.84
52,5,2,2023-01-12,Actual,25.68
53,5,3,2023-01-01,Budget,19.79
54,5,3,2023-01-01,Actual,22.0
55,5,4,2023-01-24,Budget,32.25
56,5,4,2023-01-24,Actual,33.55
57,5,5,2023-01-23,Budget,22.87
58,5,5,2023-01-23,Actual,25.54
59,5,6,2023-01-24,Budget,31.14
60,5,6,2023-01-24,Actual,34.97
61,6,1,2023-01-03,Budget,40.12
62,6,1,2023-01-03,Actual,34.51
63,6,2,2023-01-10,Budget,46.17
64,6,2,2023-01-10,Actual,52.13
65,6,3,2023-01-17,Budget,36.81
66,6,3,2023-01-17,Actual,35.95
67,6,4,2023-01-20,Budget,35.56
68,6,4,2023-01-20,Actual,35.27
69,6,5,2023-01-01,Budget,47.86
70,6,5,2023-01-01,Actual,47.6
71,6,6,2023-01-11,Budget,43.37
72,6,6,2023-01-11,Actual,41.0
73,7,1,2023-01-23,Budget,5.5
74,7,1,2023-01-23,Actual,6.26
75,7,2,2023-01-20,Budget,6.12
76,7,2,2023-01-20,Actual,6.95
77,7,3,2023-01-12,Budget,5.52
78,7,3,2023-01-12,Actual,5.89
79,7,4,2023-01-26,Budget,8.18
80,7,4,2023-01-26,Actual,8.02
81,7,5,2023-01-12,Budget,6.18
82,7,5,2023-01-12,Actual,6.45
83,7,6,2023-01-17,Budget,7.85
84,7,6,2023-01-17,Actual,8.05
85,8,1,2023-01-24,Budget,7.46
86,8,1,2023-01-24,Actual,8.01
87,8,2,2023-01-26,Budget,7.32
88,8,2,2023-01-26,Actual,7.28
89,8,3,2023-01-19,Budget,8.88
90,8,3,2023-01-19,Actual,9.1
91,8,4,2023-01-07,Budget,7.95
92,8,4,2023-01-07,Actual,8.81
93,8,5,2023-01-22,Budget,12.98
94,8,5,2023-01-22,Actual,11.31
95,8,6,2023-01-17,Budget,11.91
96,8,6,2023-01-17,Actual,12.17
97,9,1,2023-01-05,Budget,4.73
98,9,1,2023-01-05,Actual,4.03
99,9,2,2023-01-27,Budget,4.06
100,9,2,2023-01-27,Actual,4.57
101,9,3,2023-01-25,Budget,5.17
102,9,3,2023-01-25,Actual,5.1
103,9,4,2023-01-26,Budget,3.07
104,9,4,2023-01-26,Actual,3.33
105,9,5,2023-01-11,Budget,4.42
106,9,5,2023-01-11,Actual,4.65
107,9,6,2023-01-24,Budget,3.94
108,9,6,2023-01-24,Actual,4.29
109,10,1,2023-01-01,Budget,5.98
110,10,1,2023-01-01,Actual,5.64
111,10,2,2023-01-01,Budget,6.88
112,10,2,2023-01-01,Actual,7.57
113,10,3,2023-01-10,Budget,7.06
114,10,3,2023-01-10,Actual,7.05
115,10,4,2023-01-05,Budget,6.41
116,10,4,2023-01-05,Actual,6.08
117,10,5,2023-01-13,Budget,6.76
118,10,5,2023-01-13,Actual,5.94
119,10,6,2023-01-07,Budget,5.97
120,10,6,2023-01-07,Actual,5.88
121,11,1,2023-01-27,Budget,9.36
122,11,1,2023-01-27,Actual,9.44
123,11,2,2023-01-14,Budget,6.01
124,11,2,2023-01-14,Actual,5.29
125,11,3,2023-01-16,Budget,7.83
126,11,3,2023-01-16,Actual,6.98
127,11,4,2023-01-21,Budget,7.9
128,11,4,2023-01-21,Actual,7.81
129,11,5,2023-01-01,Budget,8.78
130,11,5,2023-01-01,Actual,7.48
131,11,6,2023-01-12,Budget,5.79
132,11,6,2023-01-12,Actual,5.51
133,1,1,2023-02-20,Budget,98.01
134,1,1,2023-02-20,Actual,90.29
135,1,2,2023-02-15,Budget,102.96
136,1,2,2023-02-15,Actual,87.78
137,1,3,2023-02-24,Budget,91.08
138,1,3,2023-02-24,Actual,93.06
139,1,4,2023-02-10,Budget,74.38
140,1,4,2023-02-10,Actual,80.23
141,1,5,2023-02-12,Budget,68.82
142,1,5,2023-02-12,Actual,78.7
143,1,6,2023-02-07,Budget,64.93
144,1,6,2023-02-07,Actual,71.19
145,2,1,2023-02-11,Budget,37.36
146,2,1,2023-02-11,Actual,42.48
147,2,2,2023-02-28,Budget,29.17
148,2,2,2023-02-28,Actual,28.12
149,2,3,2023-02-17,Budget,29.11
150,2,3,2023-02-17,Actual,31.68
151,2,4,2023-02-20,Budget,27.55
152,2,4,2023-02-20,Actual,30.99
153,2,5,2023-02-20,Budget,42.05
154,2,5,2023-02-20,Actual,36.72
155,2,6,2023-02-28,Budget,34.38
156,2,6,2023-02-28,Actual,37.26
157,3,1,2023-02-27,Budget,6.33
158,3,1,2023-02-27,Actual,6.2
159,3,2,2023-02-13,Budget,5.8
160,3,2,2023-02-13,Actual,5.42
161,3,3,2023-02-08,Budget,6.4
162,3,3,2023-02-08,Actual,6.64
163,3,4,2023-02-13,Budget,5.43
164,3,4,2023-02-13,Actual,5.77
165,3,5,2023-02-13,Budget,6.08
166,3,5,2023-02-13,Actual,5.98
167,3,6,2023-02-15,Budget,6.57
168,3,6,2023-02-15,Actual,6.31
169,4,1,2023-02-02,Budget,24.75
170,4,1,2023-02-02,Actual,22.66
171,4,2,2023-02-11,Budget,23.76
172,4,2,2023-02-11,Actual,21.53
173,4,3,2023-02-14,Budget,30.56
174,4,3,2023-02-14,Actual,27.58
175,4,4,2023-02-26,Budget,24.27
176,4,4,2023-02-26,Actual,22.35
177,4,5,2023-02-05,Budget,24.34
178,4,5,2023-02-05,Actual,24.5
179,4,6,2023-02-03,Budget,38.59
180,4,6,2023-02-03,Actual,39.39
181,5,1,2023-02-04,Budget,30.29
182,5,1,2023-02-04,Actual,29.36
183,5,2,2023-02-13,Budget,31.88
184,5,2,2023-02-13,Actual,32.18
185,5,3,2023-02-15,Budget,18.28
186,5,3,2023-02-15,Actual,16.07
187,5,4,2023-02-10,Budget,25.72
188,5,4,2023-02-10,Actual,25.77
189,5,5,2023-02-14,Budget,20.96
190,5,5,2023-02-14,Actual,23.98
191,5,6,2023-02-22,Budget,22.52
192,5,6,2023-02-22,Actual,22.24
193,6,1,2023-02-10,Budget,31.99
194,6,1,2023-02-10,Actual,29.63
195,6,2,2023-02-27,Budget,30.49
196,6,2,2023-02-27,Actual,30.34
197,6,3,2023-02-10,Budget,27.05
198,6,3,2023-02-10,Actual,25.51
199,6,4,2023-02-15,Budget,44.65
200,6,4,2023-02-15,Actual,40.56
201,6,5,2023-02-09,Budget,27.61
202,6,5,2023-02-09,Actual,31.43
203,6,6,2023-02-12,Budget,40.13
204,6,6,2023-02-12,Actual,44.6
205,7,1,2023-02-01,Budget,6.28
206,7,1,2023-02-01,Actual,5.56
207,7,2,2023-02-24,Budget,6.61
208,7,2,2023-02-24,Actual,6.1
209,7,3,2023-02-21,Budget,6.0
210,7,3,2023-02-21,Actual,6.58
211,7,4,2023-02-19,Budget,7.89
212,7,4,2023-02-19,Actual,9.0
213,7,5,2023-02-12,Budget,6.19
214,7,5,2023-02-12,Actual,6.47
215,7,6,2023-02-06,Budget,4.98
216,7,6,2023-02-06,Actual,5.37
217,8,1,2023-02-01,Budget,12.08
218,8,1,2023-02-01,Actual,13.53
219,8,2,2023-02-27,Budget,12.45
220,8,2,2023-02-27,Actual,11.66
221,8,3,2023-02-04,Budget,9.83
222,8,3,2023-02-04,Actual,9.29
223,8,4,2023-02-12,Budget,9.92
224,8,4,2023-02-12,Actual,9.95
225,8,5,2023-02-02,Budget,12.16
226,8,5,2023-02-02,Actual,11.62
227,8,6,2023-02-16,Budget,10.91
228,8,6,2023-02-16,Actual,11.01
229,9,1,2023-02-09,Budget,4.91
230,9,1,2023-02-09,Actual,5.16
231,9,2,2023-02-11,Budget,4.17
232,9,2,2023-02-11,Actual,3.92
233,9,3,2023-02-06,Budget,4.13
234,9,3,2023-02-06,Actual,3.92
235,9,4,2023-02-10,Budget,4.02
236,9,4,2023-02-10,Actual,3.59
237,9,5,2023-02-26,Budget,3.37
238,9,5,2023-02-26,Actual,3.04
239,9,6,2023-02-25,Budget,5.07
240,9,6,2023-02-25,Actual,4.84
241,10,1,2023-02-19,Budget,5.3
242,10,1,2023-02-19,Actual,5.02
243,10,2,2023-02-03,Budget,4.26
244,10,2,2023-02-03,Actual,3.82
245,10,3,2023-02-28,Budget,5.72
246,10,3,2023-02-28,Actual,6.12
247,10,4,2023-02-16,Budget,5.39
248,10,4,2023-02-16,Actual,5.98
249,10,5,2023-02-06,Budget,6.58
250,10,5,2023-02-06,Actual,6.41
251,10,6,2023-02-19,Budget,7.67
252,10,6,2023-02-19,Actual,8.52
253,11,1,2023-02-07,Budget,6.22
254,11,1,2023-02-07,Actual,6.28
255,11,2,2023-02-04,Budget,8.55
256,11,2,2023-02-04,Actual,8.52
257,11,3,2023-02-07,Budget,5.52
258,11,3,2023-02-07,Actual,5.74
259,11,4,2023-02-09,Budget,6.19
260,11,4,2023-02-09,Actual,6.28
261,11,5,2023-02-25,Budget,9.87
262,11,5,2023-02-25,Actual,9.32
263,11,6,2023-02-09,Budget,8.76
264,11,6,2023-02-09,Actual,7.9
265,1,1,2023-03-03,Budget,69.97
266,1,1,2023-03-03,Actual,73.43
267,1,2,2023-03-01,Budget,66.84
268,1,2,2023-03-01,Actual,58.19
269,1,3,2023-03-18,Budget,107.64
270,1,3,2023-03-18,Actual,116.21
271,1,4,2023-03-04,Budget,95.11
272,1,4,2023-03-04,Actual,96.25
273,1,5,2023-03-23,Budget,94.15
274,1,5,2023-03-23,Actual,97.29
275,1,6,2023-03-20,Budget,62.07
276,1,6,2023-03-20,Actual,67.9
277,2,1,2023-03-14,Budget,36.53
278,2,1,2023-03-14,Actual,37.15
279,2,2,2023-03-12,Budget,32.19
280,2,2,2023-03-12,Actual,35.11
281,2,3,2023-03-03,Budget,24.87
282,2,3,2023-03-03,Actual,24.49
283,2,4,2023-03-23,Budget,42.72
284,2,4,2023-03-23,Actual,47.98
285,2,5,2023-03-21,Budget,27.59
286,2,5,2023-03-21,Actual,29.47
287,2,6,2023-03-24,Budget,30.98
288,2,6,2023-03-24,Actual,34.06
289,3,1,2023-03-05,Budget,4.31
290,3,1,2023-03-05,Actual,4.64
291,3,2,2023-03-04,Budget,4.3
292,3,2,2023-03-04,Actual,3.83
293,3,3,2023-03-26,Budget,4.65
294,3,3,2023-03-26,Actual,5.24
295,3,4,2023-03-02,Budget,4.42
296,3,4,2023-03-02,Actual,4.81
297,3,5,2023-03-13,Budget,3.98
298,3,5,2023-03-13,Actual,3.65
299,3,6,2023-03-23,Budget,5.98
300,3,6,2023-03-23,Actual,5.97
301,4,1,2023-03-11,Budget,32.82
302,4,1,2023-03-11,Actual,30.47
303,4,2,2023-03-07,Budget,31.56
304,4,2,2023-03-07,Actual,26.84
305,4,3,2023-03-09,Budget,36.98
306,4,3,2023-03-09,Actual,33.13
307,4,4,2023-03-04,Budget,25.61
308,4,4,2023-03-04,Actual,23.64
309,4,5,2023-03-26,Budget,33.94
310,4,5,2023-03-26,Actual,33.03
311,4,6,2023-03-18,Budget,32.0
312,4,6,2023-03-18,Actual,27.79
313,5,1,2023-03-01,Budget,28.42
314,5,1,2023-03-01,Actual,30.25
315,5,2,2023-03-09,Budget,24.89
316,5,2,2023-03-09,Actual,24.09
317,5,3,2023-03-12,Budget,31.31
318,5,3,2023-03-12,Actual,30.17
319,5,4,2023-03-11,Budget,21.74
320,5,4,2023-03-11,Actual,19.22
321,5,5,2023-03-23,Budget,24.14
322,5,5,2023-03-23,Actual,21.25
323,5,6,2023-03-01,Budget,32.29
324,5,6,2023-03-01,Actual,32.75
325,6,1,2023-03-19,Budget,43.05
326,6,1,2023-03-19,Actual,47.61
327,6,2,2023-03-15,Budget,37.73
328,6,2,2023-03-15,Actual,42.77
329,6,3,2023-03-16,Budget,35.81
330,6,3,2023-03-16,Actual,38.85
331,6,4,2023-03-26,Budget,42.63
332,6,4,2023-03-26,Actual,38.75
333,6,5,2023-03-17,Budget,40.24
334,6,5,2023-03-17,Actual,44.5
335,6,6,2023-03-23,Budget,49.03
336,6,6,2023-03-23,Actual,47.27
337,7,1,2023-03-24,Budget,6.4
338,7,1,2023-03-24,Actual,5.54
339,7,2,2023-03-11,Budget,8.44
340,7,2,2023-03-11,Actual,9.38
341,7,3,2023-03-10,Budget,6.27
342,7,3,2023-03-10,Actual,5.94
343,7,4,2023-03-12,Budget,5.38
344,7,4,2023-03-12,Actual,5.07
345,7,5,2023-03-25,Budget,8.03
346,7,5,2023-03-25,Actual,9.01
347,7,6,2023-03-02,Budget,7.55
348,7,6,2023-03-02,Actual,7.12
349,8,1,2023-03-08,Budget,9.75
350,8,1,2023-03-08,Actual,9.79
351,8,2,2023-03-03,Budget,8.7
352,8,2,2023-03-03,Actual,9.18
353,8,3,2023-03-28,Budget,11.96
354,8,3,2023-03-28,Actual,12.11
355,8,4,2023-03-27,Budget,11.26
356,8,4,2023-03-27,Actual,11.46
357,8,5,2023-03-10,Budget,9.04
358,8,5,2023-03-10,Actual,9.74
359,8,6,2023-03-08,Budget,12.68
360,8,6,2023-03-08,Actual,13.0
361,9,1,2023-03-01,Budget,5.07
362,9,1,2023-03-01,Actual,5.79
363,9,2,2023-03-19,Budget,5.15
364,9,2,2023-03-19,Actual,5.38
365,9,3,2023-03-06,Budget,5.12
366,9,3,2023-03-06,Actual,4.97
367,9,4,2023-03-27,Budget,4.64
368,9,4,2023-03-27,Actual,5.18
369,9,5,2023-03-01,Budget,5.32
370,9,5,2023-03-01,Actual,4.53
371,9,6,2023-03-19,Budget,5.54
372,9,6,2023-03-19,Actual,6.25
373,10,1,2023-03-03,Budget,7.41
374,10,1,2023-03-03,Actual,8.16
375,10,2,2023-03-06,Budget,5.57
376,10,2,2023-03-06,Actual,5.84
377,10,3,2023-03-20,Budget,5.85
378,10,3,2023-03-20,Actual,5.53
379,10,4,2023-03-11,Budget,4.34
380,10,4,2023-03-11,Actual,4.32
381,10,5,2023-03-09,Budget,6.78
382,10,5,2023-03-09,Actual,7.57
383,10,6,2023-03-23,Budget,7.84
384,10,6,2023-03-23,Actual,7.5
385,11,1,2023-03-23,Budget,6.11
386,11,1,2023-03-23,Actual,5.98
387,11,2,2023-03-24,Budget,6.24
388,11,2,2023-03-24,Actual,6.75
389,11,3,2023-03-25,Budget,5.6
390,11,3,2023-03-25,Actual,5.94
391,11,4,2023-03-12,Budget,9.83
392,11,4,2023-03-12,Actual,10.7
393,11,5,2023-03-01,Budget,9.55
394,11,5,2023-03-01,Actual,9.49
395,11,6,2023-03-04,Budget,6.44
396,11,6,2023-03-04,Actual,7.17
397,1,1,2023-04-16,Budget,99.64
398,1,1,2023-04-16,Actual,87.07
399,1,2,2023-04-11,Budget,99.84
400,1,2,2023-04-11,Actual,87.75
401,1,3,2023-04-15,Budget,70.38
402,1,3,2023-04-15,Actual,66.78
403,1,4,2023-04-22,Budget,69.46
404,1,4,2023-04-22,Actual,71.53
405,1,5,2023-04-20,Budget,109.34
406,1,5,2023-04-20,Actual,92.99
407,1,6,2023-04-24,Budget,95.98
408,1,6,2023-04-24,Actual,104.96
409,2,1,2023-04-22,Budget,35.42
410,2,1,2023-04-22,Actual,39.65
411,2,2,2023-04-03,Budget,43.75
412,2,2,2023-04-03,Actual,39.4
413,2,3,2023-04-06,Budget,30.62
414,2,3,2023-04-06,Actual,30.72
415,2,4,2023-04-14,Budget,40.54
416,2,4,2023-04-14,Actual,39.84
417,2,5,2023-04-18,Budget,44.32
418,2,5,2023-04-18,Actual,48.11
419,2,6,2023-04-22,Budget,34.77
420,2,6,2023-04-22,Actual,33.7
421,3,1,2023-04-05,Budget,5.96
422,3,1,2023-04-05,Actual,6.38
423,3,2,2023-04-14,Budget,5.47
424,3,2,2023-04-14,Actual,5.77
425,3,3,2023-04-23,Budget,4.83
426,3,3,2023-04-23,Actual,5.5
427,3,4,2023-04-06,Budget,6.49
428,3,4,2023-04-06,Actual,5.9
429,3,5,2023-04-01,Budget,4.8
430,3,5,2023-04-01,Actual,5.02
431,3,6,2023-04-20,Budget,6.71
432,3,6,2023-04-20,Actual,6.51
433,4,1,2023-04-11,Budget,22.35
434,4,1,2023-04-11,Actual,19.57
435,4,2,2023-04-14,Budget,23.97
436,4,2,2023-04-14,Actual,21.48
437,4,3,2023-04-09,Budget,29.08
438,4,3,2023-04-09,Actual,32.71
439,4,4,2023-04-02,Budget,36.58
440,4,4,2023-04-02,Actual,33.24
441,4,5,2023-04-04,Budget,37.98
442,4,5,2023-04-04,Actual,42.95
443,4,6,2023-04-13,Budget,28.88
444,4,6,2023-04-13,Actual,26.18
445,5,1,2023-04-03,Budget,23.63
446,5,1,2023-04-03,Actual,20.83
447,5,2,2023-04-25,Budget,24.02
448,5,2,2023-04-25,Actual,21.21
449,5,3,2023-04-06,Budget,28.66
450,5,3,2023-04-06,Actual,32.87
451,5,4,2023-04-22,Budget,18.64
452,5,4,2023-04-22,Actual,17.94
453,5,5,2023-04-05,Budget,31.77
454,5,5,2023-04-05,Actual,36.46
455,5,6,2023-04-19,Budget,20.98
456,5,6,2023-04-19,Actual,20.53
457,6,1,2023-04-25,Budget,35.64
458,6,1,2023-04-25,Actual,30.63
459,6,2,2023-04-25,Budget,30.55
460,6,2,2023-04-25,Actual,32.86
461,6,3,2023-04-14,Budget,38.05
462,6,3,2023-04-14,Actual,33.83
463,6,4,2023-04-12,Budget,48.29
464,6,4,2023-04-12,Actual,54.89
465,6,5,2023-04-21,Budget,46.72
466,6,5,2023-04-21,Actual,43.5
467,6,6,2023-04-20,Budget,36.79
468,6,6,2023-04-20,Actual,34.98
469,7,1,2023-04-02,Budget,5.66
470,7,1,2023-04-02,Actual,4.82
471,7,2,2023-04-12,Budget,7.78
472,7,2,2023-04-12,Actual,8.84
473,7,3,2023-04-22,Budget,8.74
474,7,3,2023-04-22,Actual,7.94
475,7,4,2023-04-13,Budget,7.35
476,7,4,2023-04-13,Actual,8.08
477,7,5,2023-04-09,Budget,7.87
478,7,5,2023-04-09,Actual,7.3
479,7,6,2023-04-14,Budget,6.41
480,7,6,2023-04-14,Actual,6.2
481,8,1,2023-04-08,Budget,13.07
482,8,1,2023-04-08,Actual,11.3
483,8,2,2023-04-15,Budget,8.75
484,8,2,2023-04-15,Actual,8.13
485,8,3,2023-04-04,Budget,7.95
486,8,3,2023-04-04,Actual,9.03
487,8,4,2023-04-19,Budget,8.5
488,8,4,2023-04-19,Actual,9.2
489,8,5,2023-04-18,Budget,10.34
490,8,5,2023-04-18,Actual,11.53
491,8,6,2023-04-08,Budget,8.61
492,8,6,2023-04-08,Actual,8.95
493,9,1,2023-04-03,Budget,4.85
494,9,1,2023-04-03,Actual,5.1
495,9,2,2023-04-23,Budget,4.69
496,9,2,2023-04-23,Actual,5.11
497,9,3,2023-04-03,Budget,3.11
498,9,3,2023-04-03,Actual,2.95
499,9,4,2023-04-23,Budget,4.57
500,9,4,2023-04-23,Actual,4.6
501,9,5,2023-04-06,Budget,5.4
502,9,5,2023-04-06,Actual,5.85
503,9,6,2023-04-06,Budget,3.08
504,9,6,2023-04-06,Actual,3.36
505,10,1,2023-04-09,Budget,6.37
506,10,1,2023-04-09,Actual,5.52
507,10,2,2023-04-28,Budget,7.73
508,10,2,2023-04-28,Actual,8.05
509,10,3,2023-04-15,Budget,6.59
510,10,3,2023-04-15,Actual,7.3
511,10,4,2023-04-28,Budget,5.67
512,10,4,2023-04-28,Actual,4.89
513,10,5,2023-04-27,Budget,7.24
514,10,5,2023-04-27,Actual,7.08
515,10,6,2023-04-15,Budget,4.37
516,10,6,2023-04-15,Actual,4.29
517,11,1,2023-04-08,Budget,7.1
518,11,1,2023-04-08,Actual,6.3
519,11,2,2023-04-06,Budget,6.86
520,11,2,2023-04-06,Actual,7.71
521,11,3,2023-04-07,Budget,5.81
522,11,3,2023-04-07,Actual,5.92
523,11,4,2023-04-22,Budget,8.66
524,11,4,2023-04-22,Actual,9.78
525,11,5,2023-04-28,Budget,6.63
526,11,5,2023-04-28,Actual,7.36
527,11,6,2023-04-22,Budget,9.99
528,11,6,2023-04-22,Actual,8.61
529,1,1,2023-05-26,Budget,62.87
530,1,1,2023-05-26,Actual,70.48
531,1,2,2023-05-13,Budget,99.38
532,1,2,2023-05-13,Actual,102.55
533,1,3,2023-05-26,Budget,73.44
534,1,3,2023-05-26,Actual,82.48
535,1,4,2023-05-05,Budget,106.72
536,1,4,2023-05-05,Actual,91.12
537,1,5,2023-05-28,Budget,84.34
538,1,5,2023-05-28,Actual,75.46
539,1,6,2023-05-02,Budget,113.32
540,1,6,2023-05-02,Actual,106.11
541,2,1,2023-05-05,Budget,25.46
542,2,1,2023-05-05,Actual,27.22
543,2,2,2023-05-25,Budget,39.56
544,2,2,2023-05-25,Actual,44.68
545,2,3,2023-05-10,Budget,39.25
546,2,3,2023-05-10,Actual,42.1
547,2,4,2023-05-03,Budget,40.39
548,2,4,2023-05-03,Actual,41.32
549,2,5,2023-05-10,Budget,30.23
550,2,5,2023-05-10,Actual,28.68
551,2,6,2023-05-24,Budget,34.02
552,2,6,2023-05-24,Actual,36.31
553,3,1,2023-05-01,Budget,4.57
554,3,1,2023-05-01,Actual,4.18
555,3,2,2023-05-11,Budget,4.06
556,3,2,2023-05-11,Actual,4.66
557,3,3,2023-05-14,Budget,6.09
558,3,3,2023-05-14,Actual,5.87
559,3,4,2023-05-19,Budget,3.81
560,3,4,2023-05-19,Actual,3.89
561,3,5,2023-05-26,Budget,4.03
562,3,5,2023-05-26,Actual,3.68
563,3,6,2023-05-27,Budget,4.79
564,3,6,2023-05-27,Actual,5.32
565,4,1,2023-05-17,Budget,37.73
566,4,1,2023-05-17,Actual,32.72
567,4,2,2023-05-23,Budget,37.11
568,4,2,2023-05-23,Actual,38.89
569,4,3,2023-05-27,Budget,32.32
570,4,3,2023-05-27,Actual,28.45
571,4,4,2023-05-26,Budget,35.28
572,4,4,2023-05-26,Actual,36.4
573,4,5,2023-05-04,Budget,39.96
574,4,5,2023-05-04,Actual,43.48
575,4,6,2023-05-13,Budget,30.3
576,4,6,2023-05-13,Actual,32.78
577,5,1,2023-05-26,Budget,28.24
578,5,1,2023-05-26,Actual,27.06
579,5,2,2023-05-15,Budget,23.56
580,5,2,2023-05-15,Actual,22.62
581,5,3,2023-05-25,Budget,24.59
582,5,3,2023-05-25,Actual,25.03
583,5,4,2023-05-13,Budget,20.24
584,5,4,2023-05-13,Actual,21.11
585,5,5,2023-05-22,Budget,22.85
586,5,5,2023-05-22,Actual,22.38
587,5,6,2023-05-08,Budget,22.67
588,5,6,2023-05-08,Actual,25.73
589,6,1,2023-05-26,Budget,39.08
590,6,1,2023-05-26,Actual,37.25
591,6,2,2023-05-16,Budget,34.11
592,6,2,2023-05-16,Actual,35.66
593,6,3,2023-05-20,Budget,44.91
594,6,3,2023-05-20,Actual,46.47
595,6,4,2023-05-21,Budget,29.53
596,6,4,2023-05-21,Actual,29.54
597,6,5,2023-05-08,Budget,37.43
598,6,5,2023-05-08,Actual,36.0
599,6,6,2023-05-21,Budget,31.05
600,6,6,2023-05-21,Actual,30.27
601,7,1,2023-05-06,Budget,7.01
602,7,1,2023-05-06,Actual,6.27
603,7,2,2023-05-22,Budget,6.17
604,7,2,2023-05-22,Actual,6.2
605,7,3,2023-05-10,Budget,6.74
606,7,3,2023-05-10,Actual,6.37
607,7,4,2023-05-13,Budget,9.04
608,7,4,2023-05-13,Actual,7.86
609,7,5,2023-05-01,Budget,7.0
610,7,5,2023-05-01,Actual,6.29
611,7,6,2023-05-08,Budget,8.89
612,7,6,2023-05-08,Actual,8.46
613,8,1,2023-05-12,Budget,7.46
614,8,1,2023-05-12,Actual,7.55
615,8,2,2023-05-05,Budget,12.37
616,8,2,2023-05-05,Actual,12.5
617,8,3,2023-05-01,Budget,13.51
618,8,3,2023-05-01,Actual,12.64
619,8,4,2023-05-11,Budget,7.58
620,8,4,2023-05-11,Actual,6.45
621,8,5,2023-05-19,Budget,7.5
622,8,5,2023-05-19,Actual,7.33
623,8,6,2023-05-21,Budget,10.18
624,8,6,2023-05-21,Actual,10.22
625,9,1,2023-05-07,Budget,4.93
626,9,1,2023-05-07,Actual,5.25
627,9,2,2023-05-19,Budget,4.82
628,9,2,2023-05-19,Actual,5.27
629,9,3,2023-05-08,Budget,3.97
630,9,3,2023-05-08,Actual,3.86
631,9,4,2023-05-28,Budget,4.79
632,9,4,2023-05-28,Actual,4.45
633,9,5,2023-05-07,Budget,5.66
634,9,5,2023-05-07,Actual,5.72
635,9,6,2023-05-05,Budget,5.22
636,9,6,2023-05-05,Actual,5.15
637,10,1,2023-05-11,Budget,7.82
638,10,1,2023-05-11,Actual,8.87
639,10,2,2023-05-11,Budget,4.4
640,10,2,2023-05-11,Actual,4.2
641,10,3,2023-05-05,Budget,4.61
642,10,3,2023-05-05,Actual,4.04
643,10,4,2023-05-28,Budget,5.16
644,10,4,2023-05-28,Actual,4.52
645,10,5,2023-05-12,Budget,6.6
646,10,5,2023-05-12,Actual,5.89
647,10,6,2023-05-28,Budget,7.53
648,10,6,2023-05-28,Actual,7.94
649,11,1,2023-05-19,Budget,7.76
650,11,1,2023-05-19,Actual,8.86
651,11,2,2023-05-19,Budget,7.11
652,11,2,2023-05-19,Actual,7.05
653,11,3,2023-05-24,Budget,6.6
654,11,3,2023-05-24,Actual,7.23
655,11,4,2023-05-21,Budget,9.44
656,11,4,2023-05-21,Actual,8.2
657,11,5,2023-05-19,Budget,6.95
658,11,5,2023-05-19,Actual,6.96
659,11,6,2023-05-17,Budget,9.22
660,11,6,2023-05-17,Actual,9.38
661,1,1,2023-06-20,Budget,64.99
662,1,1,2023-06-20,Actual,61.19
663,1,2,2023-06-12,Budget,92.16
664,1,2,2023-06-12,Actual,92.34
665,1,3,2023-06-17,Budget,112.43
666,1,3,2023-06-17,Actual,128.59
667,1,4,2023-06-09,Budget,93.95
668,1,4,2023-06-09,Actual,86.54
669,1,5,2023-06-20,Budget,62.59
670,1,5,2023-06-20,Actual,64.81
671,1,6,2023-06-17,Budget,85.82
672,1,6,2023-06-17,Actual,87.89
673,2,1,2023-06-12,Budget,35.67
674,2,1,2023-06-12,Actual,36.29
675,2,2,2023-06-24,Budget,30.29
676,2,2,2023-06-24,Actual,32.72
677,2,3,2023-06-10,Budget,41.65
678,2,3,2023-06-10,Actual,42.05
679,2,4,2023-06-10,Budget,32.2
680,2,4,2023-06-10,Actual,35.05
681,2,5,2023-06-09,Budget,39.08
682,2,5,2023-06-09,Actual,33.95
683,2,6,2023-06-11,Budget,35.28
684,2,6,2023-06-11,Actual,36.63
685,3,1,2023-06-04,Budget,5.65
686,3,1,2023-06-04,Actual,5.82
687,3,2,2023-06-17,Budget,6.09
688,3,2,2023-06-17,Actual,5.58
689,3,3,2023-06-11,Budget,5.54
690,3,3,2023-06-11,Actual,6.14
691,3,4,2023-06-07,Budget,4.55
692,3,4,2023-06-07,Actual,5.13
693,3,5,2023-06-23,Budget,5.44
694,3,5,2023-06-23,Actual,5.97
695,3,6,2023-06-13,Budget,4.75
696,3,6,2023-06-13,Actual,4.53
697,4,1,2023-06-20,Budget,30.54
698,4,1,2023-06-20,Actual,33.57
699,4,2,2023-06-08,Budget,34.13
700,4,2,2023-06-08,Actual,36.1
701,4,3,2023-06-09,Budget,28.13
702,4,3,2023-06-09,Actual,32.27
703,4,4,2023-06-20,Budget,25.82
704,4,4,2023-06-20,Actual,25.95
705,4,5,2023-06-19,Budget,34.14
706,4,5,2023-06-19,Actual,29.6
707,4,6,2023-06-07,Budget,25.38
708,4,6,2023-06-07,Actual,23.54
709,5,1,2023-06-18,Budget,31.62
710,5,1,2023-06-18,Actual,31.53
711,5,2,2023-06-25,Budget,24.5
712,5,2,2023-06-25,Actual,21.4
713,5,3,2023-06-12,Budget,19.05
714,5,3,2023-06-12,Actual,17.62
715,5,4,2023-06-06,Budget,33.38
716,5,4,2023-06-06,Actual,34.61
717,5,5,2023-06-26,Budget,25.53
718,5,5,2023-06-26,Actual,28.39
719,5,6,2023-06-19,Budget,22.85
720,5,6,2023-06-19,Actual,19.61
721,6,1,2023-06-28,Budget,42.92
722,6,1,2023-06-28,Actual,38.09
723,6,2,2023-06-19,Budget,30.12
724,6,2,2023-06-19,Actual,26.51
725,6,3,2023-06-13,Budget,35.03
726,6,3,2023-06-13,Actual,30.71
727,6,4,2023-06-23,Budget,31.76
728,6,4,2023-06-23,Actual,32.59
729,6,5,2023-06-10,Budget,33.82
730,6,5,2023-06-10,Actual,35.83
731,6,6,2023-06-07,Budget,33.66
732,6,6,2023-06-07,Actual,35.35
733,7,1,2023-06-15,Budget,8.94
734,7,1,2023-06-15,Actual,9.35
735,7,2,2023-06-03,Budget,7.13
736,7,2,2023-06-03,Actual,6.32
737,7,3,2023-06-07,Budget,5.04
738,7,3,2023-06-07,Actual,4.6
739,7,4,2023-06-28,Budget,7.15
740,7,4,2023-06-28,Actual,7.89
741,7,5,2023-06-07,Budget,5.94
742,7,5,2023-06-07,Actual,6.7
743,7,6,2023-06-22,Budget,6.55
744,7,6,2023-06-22,Actual,6.6
745,8,1,2023-06-02,Budget,9.23
746,8,1,2023-06-02,Actual,10.22
747,8,2,2023-06-21,Budget,12.96
748,8,2,2023-06-21,Actual,11.59
749,8,3,2023-06-25,Budget,10.54
750,8,3,2023-06-25,Actual,9.78
751,8,4,2023-06-08,Budget,10.75
752,8,4,2023-06-08,Actual,9.23
753,8,5,2023-06-23,Budget,7.63
754,8,5,2023-06-23,Actual,8.61
755,8,6,2023-06-02,Budget,11.49
756,8,6,2023-06-02,Actual,10.59
757,9,1,2023-06-15,Budget,3.75
758,9,1,2023-06-15,Actual,3.74
759,9,2,2023-06-20,Budget,3.36
760,9,2,2023-06-20,Actual,3.34
761,9,3,2023-06-18,Budget,3.15
762,9,3,2023-06-18,Actual,3.3
763,9,4,2023-06-14,Budget,5.57
764,9,4,2023-06-14,Actual,5.9
765,9,5,2023-06-21,Budget,5.28
766,9,5,2023-06-21,Actual,5.28
767,9,6,2023-06-03,Budget,5.05
768,9,6,2023-06-03,Actual,4.31
769,10,1,2023-06-21,Budget,7.06
770,10,1,2023-06-21,Actual,6.26
771,10,2,2023-06-20,Budget,7.25
772,10,2,2023-06-20,Actual,7.89
773,10,3,2023-06-16,Budget,7.95
774,10,3,2023-06-16,Actual,8.43
775,10,4,2023-06-17,Budget,6.01
776,10,4,2023-06-17,Actual,5.7
777,10,5,2023-06-06,Budget,5.56
778,10,5,2023-06-06,Actual,5.74
779,10,6,2023-06-28,Budget,7.73
780,10,6,2023-06-28,Actual,6.87
781,11,1,2023-06-26,Budget,7.79
782,11,1,2023-06-26,Actual,7.06
783,11,2,2023-06-13,Budget,10.09
784,11,2,2023-06-13,Actual,9.57
785,11,3,2023-06-15,Budget,5.71
786,11,3,2023-06-15,Actual,4.97
787,11,4,2023-06-16,Budget,8.44
788,11,4,2023-06-16,Actual,9.37
789,11,5,2023-06-04,Budget,6.19
790,11,5,2023-06-04,Actual,6.22
791,11,6,2023-06-23,Budget,9.69
792,11,6,2023-06-23,Actual,8.81
793,1,1,2023-07-21,Budget,76.63
794,1,1,2023-07-21,Actual,67.72
795,1,2,2023-07-22,Budget,101.15
796,1,2,2023-07-22,Actual,109.57
797,1,3,2023-07-03,Budget,100.26
798,1,3,2023-07-03,Actual,92.09
799,1,4,2023-07-22,Budget,68.84
800,1,4,2023-07-22,Actual,63.85
801,1,5,2023-07-07,Budget,97.32
802,1,5,2023-07-07,Actual,91.24
803,1,6,2023-07-06,Budget,93.79
804,1,6,2023-07-06,Actual,91.53
805,2,1,2023-07-22,Budget,35.81
806,2,1,2023-07-22,Actual,33.39
807,2,2,2023-07-14,Budget,41.0
808,2,2,2023-07-14,Actual,40.2
809,2,3,2023-07-27,Budget,31.7
810,2,3,2023-07-27,Actual,34.94
811,2,4,2023-07-10,Budget,39.02
812,2,4,2023-07-10,Actual,42.48
813,2,5,2023-07-14,Budget,41.11
814,2,5,2023-07-14,Actual,39.12
815,2,6,2023-07-11,Budget,33.42
816,2,6,2023-07-11,Actual,38.16
817,3,1,2023-07-01,Budget,5.36
818,3,1,2023-07-01,Actual,6.09
819,3,2,2023-07-14,Budget,4.6
820,3,2,2023-07-14,Actual,4.51
821,3,3,2023-07-02,Budget,4.59
822,3,3,2023-07-02,Actual,5.18
823,3,4,2023-07-19,Budget,5.75
824,3,4,2023-07-19,Actual,5.74
825,3,5,2023-07-19,Budget,5.74
826,3,5,2023-07-19,Actual,6.15
827,3,6,2023-07-26,Budget,4.98
828,3,6,2023-07-26,Actual,5.44
829,4,1,2023-07-08,Budget,33.94
830,4,1,2023-07-08,Actual,35.66
831,4,2,2023-07-10,Budget,36.95
832,4,2,2023-07-10,Actual,38.4
833,4,3,2023-07-20,Budget,38.02
834,4,3,2023-07-20,Actual,32.92
835,4,4,2023-07-15,Budget,23.0
836,4,4,2023-07-15,Actual,25.46
837,4,5,2023-07-22,Budget,28.16
838,4,5,2023-07-22,Actual,30.32
839,4,6,2023-07-26,Budget,32.44
840,4,6,2023-07-26,Actual,31.24
841,5,1,2023-07-25,Budget,21.36
842,5,1,2023-07-25,Actual,21.15
843,5,2,2023-07-19,Budget,27.65
844,5,2,2023-07-19,Actual,27.37
845,5,3,2023-07-01,Budget,34.27
846,5,3,2023-07-01,Actual,33.53
847,5,4,2023-07-11,Budget,32.64
848,5,4,2023-07-11,Actual,37.27
849,5,5,2023-07-21,Budget,21.04
850,5,5,2023-07-21,Actual,20.06
851,5,6,2023-07-25,Budget,25.22
852,5,6,2023-07-25,Actual,21.55
853,6,1,2023-07-19,Budget,30.95
854,6,1,2023-07-19,Actual,28.22
855,6,2,2023-07-14,Budget,47.58
856,6,2,2023-07-14,Actual,42.38
857,6,3,2023-07-26,Budget,41.07
858,6,3,2023-07-26,Actual,41.97
859,6,4,2023-07-24,Budget,37.32
860,6,4,2023-07-24,Actual,42.15
861,6,5,2023-07-21,Budget,36.56
862,6,5,2023-07-21,Actual,31.75
863,6,6,2023-07-11,Budget,38.32
864,6,6,2023-07-11,Actual,38.07
865,7,1,2023-07-24,Budget,5.56
866,7,1,2023-07-24,Actual,5.48
867,7,2,2023-07-18,Budget,7.59
868,7,2,2023-07-18,Actual,7.23
869,7,3,2023-07-08,Budget,6.03
870,7,3,2023-07-08,Actual,6.89
871,7,4,2023-07-04,Budget,8.28
872,7,4,2023-07-04,Actual,9.38
873,7,5,2023-07-28,Budget,7.06
874,7,5,2023-07-28,Actual,7.65
875,7,6,2023-07-28,Budget,7.09
876,7,6,2023-07-28,Actual,6.92
877,8,1,2023-07-12,Budget,9.32
878,8,1,2023-07-12,Actual,9.85
879,8,2,2023-07-13,Budget,12.77
880,8,2,2023-07-13,Actual,14.25
881,8,3,2023-07-06,Budget,8.81
882,8,3,2023-07-06,Actual,9.14
883,8,4,2023-07-24,Budget,9.73
884,8,4,2023-07-24,Actual,8.65
885,8,5,2023-07-21,Budget,7.65
886,8,5,2023-07-21,Actual,7.37
887,8,6,2023-07-28,Budget,12.34
888,8,6,2023-07-28,Actual,13.05
889,9,1,2023-07-05,Budget,3.17
890,9,1,2023-07-05,Actual,3.4
891,9,2,2023-07-12,Budget,3.42
892,9,2,2023-07-12,Actual,3.88
893,9,3,2023-07-05,Budget,4.26
894,9,3,2023-07-05,Actual,3.87
895,9,4,2023-07-25,Budget,3.83
896,9,4,2023-07-25,Actual,3.81
897,9,5,2023-07-15,Budget,3.22
898,9,5,2023-07-15,Actual,3.24
899,9,6,2023-07-06,Budget,4.06
900,9,6,2023-07-06,Actual,4.0
901,10,1,2023-07-03,Budget,4.98
902,10,1,2023-07-03,Actual,5.12
903,10,2,2023-07-15,Budget,6.92
904,10,2,2023-07-15,Actual,7.52
905,10,3,2023-07-07,Budget,6.44
906,10,3,2023-07-07,Actual,6.15
907,10,4,2023-07-11,Budget,5.84
908,10,4,2023-07-11,Actual,5.95
909,10,5,2023-07-16,Budget,5.92
910,10,5,2023-07-16,Actual,6.71
911,10,6,2023-07-05,Budget,5.93
912,10,6,2023-07-05,Actual,5.93
913,11,1,2023-07-13,Budget,7.04
914,11,1,2023-07-13,Actual,7.04
915,11,2,2023-07-26,Budget,9.66
916,11,2,2023-07-26,Actual,10.99
917,11,3,2023-07-20,Budget,9.28
918,11,3,2023-07-20,Actual,8.13
919,11,4,2023-07-08,Budget,9.75
920,11,4,2023-07-08,Actual,8.65
921,11,5,2023-07-24,Budget,7.78
922,11,5,2023-07-24,Actual,8.64
923,11,6,2023-07-27,Budget,5.75
924,11,6,2023-07-27,Actual,5.14
925,1,1,2023-08-11,Budget,111.02
926,1,1,2023-08-11,Actual,109.3
927,1,2,2023-08-27,Budget,108.64
928,1,2,2023-08-27,Actual,119.87
929,1,3,2023-08-05,Budget,101.53
930,1,3,2023-08-05,Actual,104.68
931,1,4,2023-08-06,Budget,80.01
932,1,4,2023-08-06,Actual,77.3
933,1,5,2023-08-11,Budget,67.82
934,1,5,2023-08-11,Actual,70.19
935,1,6,2023-08-15,Budget,109.38
936,1,6,2023-08-15,Actual,125.3
937,2,1,2023-08-13,Budget,36.45
938,2,1,2023-08-13,Actual,31.96
939,2,2,2023-08-01,Budget,28.3
940,2,2,2023-08-01,Actual,32.44
941,2,3,2023-08-17,Budget,31.71
942,2,3,2023-08-17,Actual,32.99
943,2,4,2023-08-04,Budget,46.01
944,2,4,2023-08-04,Actual,43.85
945,2,5,2023-08-13,Budget,33.05
946,2,5,2023-08-13,Actual,29.23
947,2,6,2023-08-02,Budget,44.68
948,2,6,2023-08-02,Actual,46.57
949,3,1,2023-08-05,Budget,4.29
950,3,1,2023-08-05,Actual,3.93
951,3,2,2023-08-15,Budget,4.12
952,3,2,2023-08-15,Actual,3.9
953,3,3,2023-08-27,Budget,5.47
954,3,3,2023-08-27,Actual,5.69
955,3,4,2023-08-28,Budget,6.6
956,3,4,2023-08-28,Actual,7.27
957,3,5,2023-08-27,Budget,3.83
958,3,5,2023-08-27,Actual,3.86
959,3,6,2023-08-02,Budget,5.05
960,3,6,2023-08-02,Actual,5.28
961,4,1,2023-08-11,Budget,40.02
962,4,1,2023-08-11,Actual,43.45
963,4,2,2023-08-28,Budget,25.07
964,4,2,2023-08-28,Actual,22.16
965,4,3,2023-08-28,Budget,31.76
966,4,3,2023-08-28,Actual,29.49
967,4,4,2023-08-02,Budget,29.53
968,4,4,2023-08-02,Actual,26.39
969,4,5,2023-08-21,Budget,32.6
970,4,5,2023-08-21,Actual,36.89
971,4,6,2023-08-09,Budget,34.72
972,4,6,2023-08-09,Actual,32.41
973,5,1,2023-08-18,Budget,32.39
974,5,1,2023-08-18,Actual,33.58
975,5,2,2023-08-27,Budget,20.78
976,5,2,2023-08-27,Actual,23.69
977,5,3,2023-08-14,Budget,29.48
978,5,3,2023-08-14,Actual,33.77
979,5,4,2023-08-21,Budget,19.75
980,5,4,2023-08-21,Actual,21.69
981,5,5,2023-08-08,Budget,24.14
982,5,5,2023-08-08,Actual,24.14
983,5,6,2023-08-04,Budget,33.17
984,5,6,2023-08-04,Actual,28.7
985,6,1,2023-08-04,Budget,31.25
986,6,1,2023-08-04,Actual,28.27
987,6,2,2023-08-23,Budget,50.09
988,6,2,2023-08-23,Actual,56.79
989,6,3,2023-08-27,Budget,43.67
990,6,3,2023-08-27,Actual,40.27
991,6,4,2023-08-03,Budget,35.46
992,6,4,2023-08-03,Actual,34.65
993,6,5,2023-08-09,Budget,48.55
994,6,5,2023-08-09,Actual,52.37
995,6,6,2023-08-10,Budget,38.58
996,6,6,2023-08-10,Actual,36.88
997,7,1,2023-08-27,Budget,5.5
998,7,1,2023-08-27,Actual,4.81
999,7,2,2023-08-03,Budget,7.7
1000,7,2,2023-08-03,Actual,6.61
1001,7,3,2023-08-05,Budget,8.89
1002,7,3,2023-08-05,Actual,8.32
1003,7,4,2023-08-11,Budget,7.3
1004,7,4,2023-08-11,Actual,6.22
1005,7,5,2023-08-18,Budget,7.24
1006,7,5,2023-08-18,Actual,6.29
1007,7,6,2023-08-08,Budget,6.64
1008,7,6,2023-08-08,Actual,7.41
1009,8,1,2023-08-03,Budget,7.97
1010,8,1,2023-08-03,Actual,8.6
1011,8,2,2023-08-08,Budget,13.72
1012,8,2,2023-08-08,Actual,14.16
1013,8,3,2023-08-07,Budget,10.75
1014,8,3,2023-08-07,Actual,10.99
1015,8,4,2023-08-03,Budget,10.09
1016,8,4,2023-08-03,Actual,9.94
1017,8,5,2023-08-24,Budget,7.8
1018,8,5,2023-08-24,Actual,7.47
1019,8,6,2023-08-13,Budget,8.86
1020,8,6,2023-08-13,Actual,8.05
1021,9,1,2023-08-23,Budget,3.33
1022,9,1,2023-08-23,Actual,2.88
1023,9,2,2023-08-04,Budget,4.66
1024,9,2,2023-08-04,Actual,5.3
1025,9,3,2023-08-21,Budget,4.39
1026,9,3,2023-08-21,Actual,3.78
1027,9,4,2023-08-20,Budget,5.76
1028,9,4,2023-08-20,Actual,5.33
1029,9,5,2023-08-02,Budget,4.85
1030,9,5,2023-08-02,Actual,5.49
1031,9,6,2023-08-06,Budget,3.48
1032,9,6,2023-08-06,Actual,3.67
1033,10,1,2023-08-01,Budget,6.32
1034,10,1,2023-08-01,Actual,5.87
1035,10,2,2023-08-04,Budget,6.13
1036,10,2,2023-08-04,Actual,6.98
1037,10,3,2023-08-25,Budget,4.95
1038,10,3,2023-08-25,Actual,4.55
1039,10,4,2023-08-06,Budget,5.13
1040,10,4,2023-08-06,Actual,5.07
1041,10,5,2023-08-24,Budget,4.75
1042,10,5,2023-08-24,Actual,5.28
1043,10,6,2023-08-08,Budget,7.61
1044,10,6,2023-08-08,Actual,7.35
1045,11,1,2023-08-21,Budget,9.48
1046,11,1,2023-08-21,Actual,10.1
1047,11,2,2023-08-05,Budget,6.67
1048,11,2,2023-08-05,Actual,7.5
1049,11,3,2023-08-20,Budget,7.43
1050,11,3,2023-08-20,Actual,6.82
1051,11,4,2023-08-17,Budget,7.35
1052,11,4,2023-08-17,Actual,7.83
1053,11,5,2023-08-23,Budget,8.18
1054,11,5,2023-08-23,Actual,8.59
1055,11,6,2023-08-01,Budget,9.91
1056,11,6,2023-08-01,Actual,8.87
1057,1,1,2023-09-15,Budget,88.53
1058,1,1,2023-09-15,Actual,87.7
1059,1,2,2023-09-18,Budget,73.56
1060,1,2,2023-09-18,Actual,63.03
1061,1,3,2023-09-25,Budget,104.73
1062,1,3,2023-09-25,Actual,113.38
1063,1,4,2023-09-01,Budget,71.09
1064,1,4,2023-09-01,Actual,81.71
1065,1,5,2023-09-07,Budget,77.31
1066,1,5,2023-09-07,Actual,71.36
1067,1,6,2023-09-21,Budget,86.46
1068,1,6,2023-09-21,Actual,96.95
1069,2,1,2023-09-17,Budget,29.8
1070,2,1,2023-09-17,Actual,29.79
1071,2,2,2023-09-02,Budget,39.03
1072,2,2,2023-09-02,Actual,44.67
1073,2,3,2023-09-07,Budget,27.96
1074,2,3,2023-09-07,Actual,27.62
1075,2,4,2023-09-26,Budget,44.56
1076,2,4,2023-09-26,Actual,40.24
1077,2,5,2023-09-23,Budget,44.85
1078,2,5,2023-09-23,Actual,47.41
1079,2,6,2023-09-18,Budget,29.15
1080,2,6,2023-09-18,Actual,32.36
1081,3,1,2023-09-11,Budget,4.23
1082,3,1,2023-09-11,Actual,4.33
1083,3,2,2023-09-01,Budget,4.26
1084,3,2,2023-09-01,Actual,4.36
1085,3,3,2023-09-28,Budget,6.88
1086,3,3,2023-09-28,Actual,6.95
1087,3,4,2023-09-02,Budget,4.92
1088,3,4,2023-09-02,Actual,5.61
1089,3,5,2023-09-24,Budget,6.04
1090,3,5,2023-09-24,Actual,5.72
1091,3,6,2023-09-27,Budget,5.8
1092,3,6,2023-09-27,Actual,6.37
1093,4,1,2023-09-21,Budget,33.88
1094,4,1,2023-09-21,Actual,30.18
1095,4,2,2023-09-27,Budget,27.35
1096,4,2,2023-09-27,Actual,29.71
1097,4,3,2023-09-27,Budget,38.03
1098,4,3,2023-09-27,Actual,41.43
1099,4,4,2023-09-05,Budget,29.52
1100,4,4,2023-09-05,Actual,26.15
1101,4,5,2023-09-27,Budget,28.18
1102,4,5,2023-09-27,Actual,24.99
1103,4,6,2023-09-12,Budget,39.18
1104,4,6,2023-09-12,Actual,40.71
1105,5,1,2023-09-07,Budget,24.52
1106,5,1,2023-09-07,Actual,24.05
1107,5,2,2023-09-21,Budget,20.2
1108,5,2,2023-09-21,Actual,19.94
1109,5,3,2023-09-19,Budget,22.2
1110,5,3,2023-09-19,Actual,24.43
1111,5,4,2023-09-13,Budget,21.17
1112,5,4,2023-09-13,Actual,23.57
1113,5,5,2023-09-04,Budget,29.35
1114,5,5,2023-09-04,Actual,31.76
1115,5,6,2023-09-13,Budget,31.29
1116,5,6,2023-09-13,Actual,35.92
1117,6,1,2023-09-03,Budget,37.19
1118,6,1,2023-09-03,Actual,36.57
1119,6,2,2023-09-25,Budget,32.83
1120,6,2,2023-09-25,Actual,31.43
1121,6,3,2023-09-09,Budget,35.92
1122,6,3,2023-09-09,Actual,40.15
1123,6,4,2023-09-08,Budget,48.89
1124,6,4,2023-09-08,Actual,55.93
1125,6,5,2023-09-02,Budget,33.74
1126,6,5,2023-09-02,Actual,30.7
1127,6,6,2023-09-01,Budget,34.59
1128,6,6,2023-09-01,Actual,34.57
1129,7,1,2023-09-21,Budget,6.61
1130,7,1,2023-09-21,Actual,6.74
1131,7,2,2023-09-07,Budget,5.36
1132,7,2,2023-09-07,Actual,5.31
1133,7,3,2023-09-01,Budget,8.23
1134,7,3,2023-09-01,Actual,7.18
1135,7,4,2023-09-28,Budget,8.09
1136,7,4,2023-09-28,Actual,8.74
1137,7,5,2023-09-13,Budget,8.97
1138,7,5,2023-09-13,Actual,8.42
1139,7,6,2023-09-18,Budget,8.36
1140,7,6,2023-09-18,Actual,7.82
1141,8,1,2023-09-23,Budget,12.47
1142,8,1,2023-09-23,Actual,12.23
1143,8,2,2023-09-06,Budget,9.37
1144,8,2,2023-09-06,Actual,9.4
1145,8,3,2023-09-12,Budget,11.63
1146,8,3,2023-09-12,Actual,11.45
1147,8,4,2023-09-15,Budget,8.66
1148,8,4,2023-09-15,Actual,8.33
1149,8,5,2023-09-19,Budget,9.69
1150,8,5,2023-09-19,Actual,9.34
1151,8,6,2023-09-12,Budget,13.18
1152,8,6,2023-09-12,Actual,14.14
1153,9,1,2023-09-26,Budget,4.9
1154,9,1,2023-09-26,Actual,4.7
1155,9,2,2023-09-26,Budget,4.51
1156,9,2,2023-09-26,Actual,4.35
1157,9,3,2023-09-16,Budget,4.37
1158,9,3,2023-09-16,Actual,4.15
1159,9,4,2023-09-07,Budget,4.24
1160,9,4,2023-09-07,Actual,4.51
1161,9,5,2023-09-21,Budget,3.47
1162,9,5,2023-09-21,Actual,3.78
1163,9,6,2023-09-09,Budget,4.06
1164,9,6,2023-09-09,Actual,4.1
1165,10,1,2023-09-15,Budget,8.06
1166,10,1,2023-09-15,Actual,7.05
1167,10,2,2023-09-03,Budget,7.67
1168,10,2,2023-09-03,Actual,8.57
1169,10,3,2023-09-07,Budget,5.84
1170,10,3,2023-09-07,Actual,5.93
1171,10,4,2023-09-24,Budget,6.57
1172,10,4,2023-09-24,Actual,6.1
1173,10,5,2023-09-04,Budget,6.85
1174,10,5,2023-09-04,Actual,6.7
1175,10,6,2023-09-10,Budget,7.69
1176,10,6,2023-09-10,Actual,7.09
1177,11,1,2023-09-13,Budget,6.18
1178,11,1,2023-09-13,Actual,6.72
1179,11,2,2023-09-16,Budget,8.24
1180,11,2,2023-09-16,Actual,8.51
1181,11,3,2023-09-08,Budget,7.21
1182,11,3,2023-09-08,Actual,6.97
1183,11,4,2023-09-03,Budget,8.23
1184,11,4,2023-09-03,Actual,7.48
1185,11,5,2023-09-08,Budget,7.92
1186,11,5,2023-09-08,Actual,7.67
1187,11,6,2023-09-22,Budget,9.66
1188,11,6,2023-09-22,Actual,10.56
1189,1,1,2023-10-24,Budget,100.9
1190,1,1,2023-10-24,Actual,95.56
1191,1,2,2023-10-07,Budget,94.05
1192,1,2,2023-10-07,Actual,93.42
1193,1,3,2023-10-02,Budget,75.68
1194,1,3,2023-10-02,Actual,74.65
1195,1,4,2023-10-17,Budget,73.97
1196,1,4,2023-10-17,Actual,67.19
1197,1,5,2023-10-02,Budget,106.92
1198,1,5,2023-10-02,Actual,94.06
1199,1,6,2023-10-16,Budget,74.98
1200,1,6,2023-10-16,Actual,79.9
1201,2,1,2023-10-12,Budget,38.73
1202,2,1,2023-10-12,Actual,33.05
1203,2,2,2023-10-08,Budget,35.73
1204,2,2,2023-10-08,Actual,33.26
1205,2,3,2023-10-09,Budget,42.95
1206,2,3,2023-10-09,Actual,48.11
1207,2,4,2023-10-28,Budget,39.63
1208,2,4,2023-10-28,Actual,42.61
1209,2,5,2023-10-24,Budget,39.35
1210,2,5,2023-10-24,Actual,35.21
1211,2,6,2023-10-06,Budget,25.95
1212,2,6,2023-10-06,Actual,27.24
1213,3,1,2023-10-22,Budget,4.31
1214,3,1,2023-10-22,Actual,4.95
1215,3,2,2023-10-11,Budget,4.34
1216,3,2,2023-10-11,Actual,4.77
1217,3,3,2023-10-25,Budget,6.49
1218,3,3,2023-10-25,Actual,6.33
1219,3,4,2023-10-09,Budget,3.95
1220,3,4,2023-10-09,Actual,3.63
1221,3,5,2023-10-15,Budget,4.65
1222,3,5,2023-10-15,Actual,4.76
1223,3,6,2023-10-26,Budget,6.03
1224,3,6,2023-10-26,Actual,6.0
1225,4,1,2023-10-22,Budget,28.64
1226,4,1,2023-10-22,Actual,29.58
1227,4,2,2023-10-20,Budget,37.57
1228,4,2,2023-10-20,Actual,39.07
1229,4,3,2023-10-03,Budget,30.0
1230,4,3,2023-10-03,Actual,32.2
1231,4,4,2023-10-27,Budget,31.43
1232,4,4,2023-10-27,Actual,33.44
1233,4,5,2023-10-22,Budget,23.48
1234,4,5,2023-10-22,Actual,21.59
1235,4,6,2023-10-18,Budget,38.92
1236,4,6,2023-10-18,Actual,36.18
1237,5,1,2023-10-21,Budget,25.86
1238,5,1,2023-10-21,Actual,23.82
1239,5,2,2023-10-12,Budget,23.09
1240,5,2,2023-10-12,Actual,24.91
1241,5,3,2023-10-20,Budget,32.16
1242,5,3,2023-10-20,Actual,32.45
1243,5,4,2023-10-27,Budget,34.52
1244,5,4,2023-10-27,Actual,36.17
1245,5,5,2023-10-20,Budget,32.24
1246,5,5,2023-10-20,Actual,36.27
1247,5,6,2023-10-11,Budget,28.51
1248,5,6,2023-10-11,Actual,27.77
1249,6,1,2023-10-11,Budget,34.31
1250,6,1,2023-10-11,Actual,30.21
1251,6,2,2023-10-23,Budget,30.37
1252,6,2,2023-10-23,Actual,28.92
1253,6,3,2023-10-20,Budget,29.91
1254,6,3,2023-10-20,Actual,28.09
1255,6,4,2023-10-03,Budget,40.39
1256,6,4,2023-10-03,Actual,39.56
1257,6,5,2023-10-12,Budget,45.92
1258,6,5,2023-10-12,Actual,46.46
1259,6,6,2023-10-13,Budget,43.42
1260,6,6,2023-10-13,Actual,40.76
1261,7,1,2023-10-12,Budget,5.38
1262,7,1,2023-10-12,Actual,5.52
1263,7,2,2023-10-13,Budget,6.27
1264,7,2,2023-10-13,Actual,6.0
1265,7,3,2023-10-25,Budget,6.87
1266,7,3,2023-10-25,Actual,6.75
1267,7,4,2023-10-21,Budget,7.0
1268,7,4,2023-10-21,Actual,5.98
1269,7,5,2023-10-24,Budget,8.1
1270,7,5,2023-10-24,Actual,7.11
1271,7,6,2023-10-12,Budget,6.99
1272,7,6,2023-10-12,Actual,7.05
1273,8,1,2023-10-04,Budget,13.88
1274,8,1,2023-10-04,Actual,14.69
1275,8,2,2023-10-28,Budget,11.62
1276,8,2,2023-10-28,Actual,10.89
1277,8,3,2023-10-24,Budget,9.11
1278,8,3,2023-10-24,Actual,9.18
1279,8,4,2023-10-27,Budget,8.78
1280,8,4,2023-10-27,Actual,8.76
1281,8,5,2023-10-10,Budget,9.78
1282,8,5,2023-10-10,Actual,9.79
1283,8,6,2023-10-11,Budget,8.93
1284,8,6,2023-10-11,Actual,10.1
1285,9,1,2023-10-25,Budget,4.28
1286,9,1,2023-10-25,Actual,4.07
1287,9,2,2023-10-25,Budget,4.51
1288,9,2,2023-10-25,Actual,4.77
1289,9,3,2023-10-28,Budget,3.28
1290,9,3,2023-10-28,Actual,3.65
1291,9,4,2023-10-12,Budget,4.49
1292,9,4,2023-10-12,Actual,5.0
1293,9,5,2023-10-21,Budget,4.33
1294,9,5,2023-10-21,Actual,4.85
1295,9,6,2023-10-11,Budget,5.78
1296,9,6,2023-10-11,Actual,5.05
1297,10,1,2023-10-11,Budget,4.97
1298,10,1,2023-10-11,Actual,4.97
1299,10,2,2023-10-02,Budget,5.74
1300,10,2,2023-10-02,Actual,6.49
1301,10,3,2023-10-12,Budget,6.37
1302,10,3,2023-10-12,Actual,7.04
1303,10,4,2023-10-27,Budget,7.41
1304,10,4,2023-10-27,Actual,6.38
1305,10,5,2023-10-01,Budget,7.71
1306,10,5,2023-10-01,Actual,8.59
1307,10,6,2023-10-25,Budget,6.66
1308,10,6,2023-10-25,Actual,7.31
1309,11,1,2023-10-17,Budget,6.67
1310,11,1,2023-10-17,Actual,7.42
1311,11,2,2023-10-09,Budget,7.11
1312,11,2,2023-10-09,Actual,6.24
1313,11,3,2023-10-05,Budget,6.74
1314,11,3,2023-10-05,Actual,6.72
1315,11,4,2023-10-11,Budget,8.68
1316,11,4,2023-10-11,Actual,9.66
1317,11,5,2023-10-12,Budget,9.85
1318,11,5,2023-10-12,Actual,10.54
1319,11,6,2023-10-21,Budget,5.81
1320,11,6,2023-10-21,Actual,6.17
1321,1,1,2023-11-17,Budget,109.47
1322,1,1,2023-11-17,Actual,102.91
1323,1,2,2023-11-21,Budget,113.85
1324,1,2,2023-11-21,Actual,101.06
1325,1,3,2023-11-03,Budget,111.38
1326,1,3,2023-11-03,Actual,110.08
1327,1,4,2023-11-23,Budget,100.01
1328,1,4,2023-11-23,Actual,105.37
1329,1,5,2023-11-26,Budget,99.16
1330,1,5,2023-11-26,Actual,110.55
1331,1,6,2023-11-02,Budget,77.11
1332,1,6,2023-11-02,Actual,65.96
1333,2,1,2023-11-02,Budget,39.62
1334,2,1,2023-11-02,Actual,35.38
1335,2,2,2023-11-24,Budget,30.71
1336,2,2,2023-11-24,Actual,29.1
1337,2,3,2023-11-07,Budget,26.23
1338,2,3,2023-11-07,Actual,27.83
1339,2,4,2023-11-28,Budget,44.38
1340,2,4,2023-11-28,Actual,42.12
1341,2,5,2023-11-20,Budget,35.37
1342,2,5,2023-11-20,Actual,32.92
1343,2,6,2023-11-05,Budget,33.46
1344,2,6,2023-11-05,Actual,31.23
1345,3,1,2023-11-16,Budget,6.77
1346,3,1,2023-11-16,Actual,5.96
1347,3,2,2023-11-27,Budget,4.56
1348,3,2,2023-11-27,Actual,4.07
1349,3,3,2023-11-26,Budget,6.74
1350,3,3,2023-11-26,Actual,6.96
1351,3,4,2023-11-10,Budget,6.93
1352,3,4,2023-11-10,Actual,7.66
1353,3,5,2023-11-20,Budget,4.44
1354,3,5,2023-11-20,Actual,4.91
1355,3,6,2023-11-15,Budget,5.0
1356,3,6,2023-11-15,Actual,4.55
1357,4,1,2023-11-09,Budget,27.51
1358,4,1,2023-11-09,Actual,29.74
1359,4,2,2023-11-10,Budget,31.59
1360,4,2,2023-11-10,Actual,33.8
1361,4,3,2023-11-13,Budget,29.94
1362,4,3,2023-11-13,Actual,26.52
1363,4,4,2023-11-16,Budget,36.06
1364,4,4,2023-11-16,Actual,33.19
1365,4,5,2023-11-16,Budget,28.98
1366,4,5,2023-11-16,Actual,24.7
1367,4,6,2023-11-24,Budget,33.88
1368,4,6,2023-11-24,Actual,37.43
1369,5,1,2023-11-01,Budget,26.55
1370,5,1,2023-11-01,Actual,23.04
1371,5,2,2023-11-19,Budget,30.35
1372,5,2,2023-11-19,Actual,31.89
1373,5,3,2023-11-23,Budget,25.47
1374,5,3,2023-11-23,Actual,23.36
1375,5,4,2023-11-28,Budget,33.24
1376,5,4,2023-11-28,Actual,36.89
1377,5,5,2023-11-28,Budget,22.55
1378,5,5,2023-11-28,Actual,21.24
1379,5,6,2023-11-12,Budget,31.67
1380,5,6,2023-11-12,Actual,29.48
1381,6,1,2023-11-28,Budget,28.61
1382,6,1,2023-11-28,Actual,29.34
1383,6,2,2023-11-10,Budget,49.51
1384,6,2,2023-11-10,Actual,44.5
1385,6,3,2023-11-16,Budget,37.07
1386,6,3,2023-11-16,Actual,35.26
1387,6,4,2023-11-06,Budget,31.63
1388,6,4,2023-11-06,Actual,33.7
1389,6,5,2023-11-09,Budget,37.61
1390,6,5,2023-11-09,Actual,42.39
1391,6,6,2023-11-17,Budget,38.58
1392,6,6,2023-11-17,Actual,40.67
1393,7,1,2023-11-11,Budget,9.24
1394,7,1,2023-11-11,Actual,9.11
1395,7,2,2023-11-14,Budget,8.64
1396,7,2,2023-11-14,Actual,7.95
1397,7,3,2023-11-15,Budget,7.24
1398,7,3,2023-11-15,Actual,6.44
1399,7,4,2023-11-17,Budget,9.19
1400,7,4,2023-11-17,Actual,8.84
1401,7,5,2023-11-22,Budget,7.7
1402,7,5,2023-11-22,Actual,6.81
1403,7,6,2023-11-10,Budget,8.58
1404,7,6,2023-11-10,Actual,9.75
1405,8,1,2023-11-16,Budget,12.56
1406,8,1,2023-11-16,Actual,11.74
1407,8,2,2023-11-21,Budget,9.48
1408,8,2,2023-11-21,Actual,9.38
1409,8,3,2023-11-19,Budget,12.32
1410,8,3,2023-11-19,Actual,13.61
1411,8,4,2023-11-11,Budget,9.53
1412,8,4,2023-11-11,Actual,8.87
1413,8,5,2023-11-05,Budget,9.8
1414,8,5,2023-11-05,Actual,8.59
1415,8,6,2023-11-22,Budget,8.72
1416,8,6,2023-11-22,Actual,7.65
1417,9,1,2023-11-28,Budget,5.25
1418,9,1,2023-11-28,Actual,5.55
1419,9,2,2023-11-15,Budget,5.84
1420,9,2,2023-11-15,Actual,6.16
1421,9,3,2023-11-25,Budget,3.53
1422,9,3,2023-11-25,Actual,3.38
1423,9,4,2023-11-06,Budget,4.79
1424,9,4,2023-11-06,Actual,5.12
1425,9,5,2023-11-28,Budget,3.68
1426,9,5,2023-11-28,Actual,3.57
1427,9,6,2023-11-09,Budget,4.0
1428,9,6,2023-11-09,Actual,3.75
1429,10,1,2023-11-02,Budget,6.25
1430,10,1,2023-11-02,Actual,6.42
1431,10,2,2023-11-14,Budget,5.43
1432,10,2,2023-11-14,Actual,4.64
1433,10,3,2023-11-19,Budget,6.43
1434,10,3,2023-11-19,Actual,7.31
1435,10,4,2023-11-05,Budget,5.52
1436,10,4,2023-11-05,Actual,6.24
1437,10,5,2023-11-19,Budget,4.62
1438,10,5,2023-11-19,Actual,4.41
1439,10,6,2023-11-15,Budget,6.2
1440,10,6,2023-11-15,Actual,5.93
1441,11,1,2023-11-26,Budget,7.64
1442,11,1,2023-11-26,Actual,7.97
1443,11,2,2023-11-09,Budget,8.97
1444,11,2,2023-11-09,Actual,8.42
1445,11,3,2023-11-19,Budget,8.01
1446,11,3,2023-11-19,Actual,7.09
1447,11,4,2023-11-16,Budget,6.82
1448,11,4,2023-11-16,Actual,7.18
1449,11,5,2023-11-27,Budget,7.97
1450,11,5,2023-11-27,Actual,7.76
1451,11,6,2023-11-15,Budget,10.49
1452,11,6,2023-11-15,Actual,10.52
1453,1,1,2023-12-05,Budget,103.57
1454,1,1,2023-12-05,Actual,117.93
1455,1,2,2023-12-03,Budget,118.23
1456,1,2,2023-12-03,Actual,119.22
1457,1,3,2023-12-09,Budget,88.98
1458,1,3,2023-12-09,Actual,88.06
1459,1,4,2023-12-26,Budget,87.11
1460,1,4,2023-12-26,Actual,90.87
1461,1,5,2023-12-23,Budget,117.67
1462,1,5,2023-12-23,Actual,130.3
1463,1,6,2023-12-21,Budget,67.14
1464,1,6,2023-12-21,Actual,65.03
1465,2,1,2023-12-19,Budget,36.04
1466,2,1,2023-12-19,Actual,39.21
1467,2,2,2023-12-23,Budget,47.11
1468,2,2,2023-12-23,Actual,46.84
1469,2,3,2023-12-28,Budget,31.32
1470,2,3,2023-12-28,Actual,33.8
1471,2,4,2023-12-03,Budget,44.27
1472,2,4,2023-12-03,Actual,40.34
1473,2,5,2023-12-04,Budget,34.27
1474,2,5,2023-12-04,Actual,35.13
1475,2,6,2023-12-03,Budget,28.81
1476,2,6,2023-12-03,Actual,26.86
1477,3,1,2023-12-07,Budget,6.84
1478,3,1,2023-12-07,Actual,7.58
1479,3,2,2023-12-08,Budget,4.58
1480,3,2,2023-12-08,Actual,4.64
1481,3,3,2023-12-06,Budget,6.81
1482,3,3,2023-12-06,Actual,6.29
1483,3,4,2023-12-21,Budget,3.89
1484,3,4,2023-12-21,Actual,3.49
1485,3,5,2023-12-09,Budget,4.53
1486,3,5,2023-12-09,Actual,3.98
1487,3,6,2023-12-08,Budget,6.22
1488,3,6,2023-12-08,Actual,7.12
1489,4,1,2023-12-18,Budget,38.86
1490,4,1,2023-12-18,Actual,39.69
1491,4,2,2023-12-15,Budget,31.77
1492,4,2,2023-12-15,Actual,30.55
1493,4,3,2023-12-18,Budget,26.88
1494,4,3,2023-12-18,Actual,23.03
1495,4,4,2023-12-10,Budget,28.34
1496,4,4,2023-12-10,Actual,30.03
1497,4,5,2023-12-04,Budget,41.33
1498,4,5,2023-12-04,Actual,35.48
1499,4,6,2023-12-13,Budget,28.79
1500,4,6,2023-12-13,Actual,29.79
1501,5,1,2023-12-26,Budget,29.24
1502,5,1,2023-12-26,Actual,30.37
1503,5,2,2023-12-05,Budget,24.71
1504,5,2,2023-12-05,Actual,22.62
1505,5,3,2023-12-06,Budget,30.19
1506,5,3,2023-12-06,Actual,30.91
1507,5,4,2023-12-25,Budget,25.01
1508,5,4,2023-12-25,Actual,25.59
1509,5,5,2023-12-06,Budget,23.42
1510,5,5,2023-12-06,Actual,24.65
1511,5,6,2023-12-25,Budget,33.87
1512,5,6,2023-12-25,Actual,30.03
1513,6,1,2023-12-10,Budget,49.75
1514,6,1,2023-12-10,Actual,42.92
1515,6,2,2023-12-05,Budget,38.07
1516,6,2,2023-12-05,Actual,34.95
1517,6,3,2023-12-27,Budget,48.05
1518,6,3,2023-12-27,Actual,42.97
1519,6,4,2023-12-20,Budget,30.2
1520,6,4,2023-12-20,Actual,34.22
1521,6,5,2023-12-04,Budget,49.87
1522,6,5,2023-12-04,Actual,47.27
1523,6,6,2023-12-17,Budget,45.32
1524,6,6,2023-12-17,Actual,46.12
1525,7,1,2023-12-09,Budget,5.96
1526,7,1,2023-12-09,Actual,5.41
1527,7,2,2023-12-28,Budget,5.58
1528,7,2,2023-12-28,Actual,5.89
1529,7,3,2023-12-19,Budget,9.32
1530,7,3,2023-12-19,Actual,10.22
1531,7,4,2023-12-24,Budget,8.66
1532,7,4,2023-12-24,Actual,8.71
1533,7,5,2023-12-18,Budget,7.81
1534,7,5,2023-12-18,Actual,8.01
1535,7,6,2023-12-06,Budget,5.32
1536,7,6,2023-12-06,Actual,4.91
1537,8,1,2023-12-21,Budget,9.56
1538,8,1,2023-12-21,Actual,8.42
1539,8,2,2023-12-23,Budget,11.21
1540,8,2,2023-12-23,Actual,12.68
1541,8,3,2023-12-28,Budget,11.77
1542,8,3,2023-12-28,Actual,13.3
1543,8,4,2023-12-16,Budget,10.77
1544,8,4,2023-12-16,Actual,9.29
1545,8,5,2023-12-20,Budget,8.76
1546,8,5,2023-12-20,Actual,10.0
1547,8,6,2023-12-09,Budget,11.01
1548,8,6,2023-12-09,Actual,11.78
1549,9,1,2023-12-20,Budget,4.42
1550,9,1,2023-12-20,Actual,3.77
1551,9,2,2023-12-20,Budget,5.02
1552,9,2,2023-12-20,Actual,5.35
1553,9,3,2023-12-26,Budget,5.41
1554,9,3,2023-12-26,Actual,6.15
1555,9,4,2023-12-07,Budget,5.29
1556,9,4,2023-12-07,Actual,5.99
1557,9,5,2023-12-16,Budget,3.74
1558,9,5,2023-12-16,Actual,3.62
1559,9,6,2023-12-24,Budget,4.62
1560,9,6,2023-12-24,Actual,4.11
1561,10,1,2023-12-26,Budget,7.5
1562,10,1,2023-12-26,Actual,7.36
1563,10,2,2023-12-06,Budget,8.02
1564,10,2,2023-12-06,Actual,9.05
1565,10,3,2023-12-02,Budget,5.38
1566,10,3,2023-12-02,Actual,5.99
1567,10,4,2023-12-05,Budget,7.18
1568,10,4,2023-12-05,Actual,8.16
1569,10,5,2023-12-09,Budget,7.04
1570,10,5,2023-12-09,Actual,6.82
1571,10,6,2023-12-22,Budget,5.46
1572,10,6,2023-12-22,Actual,4.8
1573,11,1,2023-12-14,Budget,10.35
1574,11,1,2023-12-14,Actual,11.66
1575,11,2,2023-12-05,Budget,6.33
1576,11,2,2023-12-05,Actual,6.8
1577,11,3,2023-12-20,Budget,6.94
1578,11,3,2023-12-20,Actual,6.08
1579,11,4,2023-12-05,Budget,10.02
1580,11,4,2023-12-05,Actual,9.97
1581,11,5,2023-12-03,Budget,7.81
1582,11,5,2023-12-03,Actual,7.72
1583,11,6,2023-12-19,Budget,5.91
1584,11,6,2023-12-19,Actual,5.67
1585,1,1,2024-01-24,Budget,76.31
1586,1,1,2024-01-24,Actual,82.24
1587,1,2,2024-01-28,Budget,76.27
1588,1,2,2024-01-28,Actual,83.27
1589,1,3,2024-01-05,Budget,91.57
1590,1,3,2024-01-05,Actual,85.68
1591,1,4,2024-01-09,Budget,100.84
1592,1,4,2024-01-09,Actual,110.01
1593,1,5,2024-01-13,Budget,94.63
1594,1,5,2024-01-13,Actual,91.1
1595,1,6,2024-01-04,Budget,78.75
1596,1,6,2024-01-04,Actual,83.88
1597,2,1,2024-01-21,Budget,28.14
1598,2,1,2024-01-21,Actual,31.58
1599,2,2,2024-01-27,Budget,39.58
1600,2,2,2024-01-27,Actual,36.42
1601,2,3,2024-01-09,Budget,37.76
1602,2,3,2024-01-09,Actual,35.28
1603,2,4,2024-01-08,Budget,42.7
1604,2,4,2024-01-08,Actual,38.61
1605,2,5,2024-01-12,Budget,30.45
1606,2,5,2024-01-12,Actual,26.63
1607,2,6,2024-01-11,Budget,32.18
1608,2,6,2024-01-11,Actual,34.05
1609,3,1,2024-01-17,Budget,6.3
1610,3,1,2024-01-17,Actual,6.71
1611,3,2,2024-01-28,Budget,6.62
1612,3,2,2024-01-28,Actual,6.07
1613,3,3,2024-01-28,Budget,5.7
1614,3,3,2024-01-28,Actual,5.7
1615,3,4,2024-01-20,Budget,5.54
1616,3,4,2024-01-20,Actual,5.49
1617,3,5,2024-01-02,Budget,5.57
1618,3,5,2024-01-02,Actual,5.3
1619,3,6,2024-01-23,Budget,5.2
1620,3,6,2024-01-23,Actual,4.85
1621,4,1,2024-01-27,Budget,33.8
1622,4,1,2024-01-27,Actual,29.44
1623,4,2,2024-01-03,Budget,24.04
1624,4,2,2024-01-03,Actual,21.11
1625,4,3,2024-01-01,Budget,28.16
1626,4,3,2024-01-01,Actual,29.6
1627,4,4,2024-01-17,Budget,41.86
1628,4,4,2024-01-17,Actual,41.51
1629,4,5,2024-01-22,Budget,38.99
1630,4,5,2024-01-22,Actual,35.98
1631,4,6,2024-01-24,Budget,37.34
1632,4,6,2024-01-24,Actual,39.49
1633,5,1,2024-01-25,Budget,28.09
1634,5,1,2024-01-25,Actual,31.05
1635,5,2,2024-01-02,Budget,25.04
1636,5,2,2024-01-02,Actual,21.98
1637,5,3,2024-01-03,Budget,34.93
1638,5,3,2024-01-03,Actual,36.19
1639,5,4,2024-01-04,Budget,21.59
1640,5,4,2024-01-04,Actual,23.61
1641,5,5,2024-01-24,Budget,24.41
1642,5,5,2024-01-24,Actual,23.79
1643,5,6,2024-01-07,Budget,26.68
1644,5,6,2024-01-07,Actual,23.54
1645,6,1,2024-01-11,Budget,50.13
1646,6,1,2024-01-11,Actual,48.54
1647,6,2,2024-01-13,Budget,42.27
1648,6,2,2024-01-13,Actual,42.18
1649,6,3,2024-01-04,Budget,34.61
1650,6,3,2024-01-04,Actual,38.55
1651,6,4,2024-01-19,Budget,42.0
1652,6,4,2024-01-19,Actual,46.25
1653,6,5,2024-01-07,Budget,38.56
1654,6,5,2024-01-07,Actual,38.44
1655,6,6,2024-01-21,Budget,33.32
1656,6,6,2024-01-21,Actual,37.98
1657,7,1,2024-01-08,Budget,6.81
1658,7,1,2024-01-08,Actual,7.57
1659,7,2,2024-01-15,Budget,5.75
1660,7,2,2024-01-15,Actual,6.05
1661,7,3,2024-01-14,Budget,7.19
1662,7,3,2024-01-14,Actual,6.99
1663,7,4,2024-01-27,Budget,9.34
1664,7,4,2024-01-27,Actual,8.57
1665,7,5,2024-01-28,Budget,7.77
1666,7,5,2024-01-28,Actual,8.08
1667,7,6,2024-01-02,Budget,8.79
1668,7,6,2024-01-02,Actual,9.74
1669,8,1,2024-01-06,Budget,8.35
1670,8,1,2024-01-06,Actual,7.96
1671,8,2,2024-01-21,Budget,11.69
1672,8,2,2024-01-21,Actual,12.69
1673,8,3,2024-01-14,Budget,13.48
1674,8,3,2024-01-14,Actual,14.4
1675,8,4,2024-01-20,Budget,8.58
1676,8,4,2024-01-20,Actual,8.24
1677,8,5,2024-01-10,Budget,12.06
1678,8,5,2024-01-10,Actual,10.3
1679,8,6,2024-01-28,Budget,11.53
1680,8,6,2024-01-28,Actual,13.15
1681,9,1,2024-01-08,Budget,5.37
1682,9,1,2024-01-08,Actual,5.2
1683,9,2,2024-01-24,Budget,3.66
1684,9,2,2024-01-24,Actual,3.69
1685,9,3,2024-01-12,Budget,4.0
1686,9,3,2024-01-12,Actual,4.42
1687,9,4,2024-01-06,Budget,3.89
1688,9,4,2024-01-06,Actual,3.57
1689,9,5,2024-01-02,Budget,5.02
1690,9,5,2024-01-02,Actual,5.21
1691,9,6,2024-01-12,Budget,4.05
1692,9,6,2024-01-12,Actual,3.49
1693,10,1,2024-01-02,Budget,4.75
1694,10,1,2024-01-02,Actual,4.42
1695,10,2,2024-01-05,Budget,8.17
1696,10,2,2024-01-05,Actual,7.68
1697,10,3,2024-01-09,Budget,8.29
1698,10,3,2024-01-09,Actual,8.18
1699,10,4,2024-01-20,Budget,6.65
1700,10,4,2024-01-20,Actual,6.77
1701,10,5,2024-01-18,Budget,7.78
1702,10,5,2024-01-18,Actual,6.79
1703,10,6,2024-01-22,Budget,6.7
1704,10,6,2024-01-22,Actual,6.6
1705,11,1,2024-01-07,Budget,6.14
1706,11,1,2024-01-07,Actual,5.84
1707,11,2,2024-01-11,Budget,6.35
1708,11,2,2024-01-11,Actual,6.78
1709,11,3,2024-01-17,Budget,7.8
1710,11,3,2024-01-17,Actual,7.32
1711,11,4,2024-01-16,Budget,8.83
1712,11,4,2024-01-16,Actual,9.9
1713,11,5,2024-01-07,Budget,9.81
1714,11,5,2024-01-07,Actual,10.46
1715,11,6,2024-01-04,Budget,5.9
1716,11,6,2024-01-04,Actual,5.53
1717,1,1,2024-02-19,Budget,73.17
1718,1,1,2024-02-19,Actual,68.36
1719,1,2,2024-02-13,Budget,98.37
1720,1,2,2024-02-13,Actual,99.96
1721,1,3,2024-02-01,Budget,66.51
1722,1,3,2024-02-01,Actual,72.6
1723,1,4,2024-02-23,Budget,105.92
1724,1,4,2024-02-23,Actual,107.82
1725,1,5,2024-02-14,Budget,86.46
1726,1,5,2024-02-14,Actual,89.43
1727,1,6,2024-02-20,Budget,116.72
1728,1,6,2024-02-20,Actual,103.78
1729,2,1,2024-02-23,Budget,31.16
1730,2,1,2024-02-23,Actual,32.48
1731,2,2,2024-02-19,Budget,44.11
1732,2,2,2024-02-19,Actual,41.92
1733,2,3,2024-02-01,Budget,31.3
1734,2,3,2024-02-01,Actual,34.37
1735,2,4,2024-02-17,Budget,43.36
1736,2,4,2024-02-17,Actual,39.95
1737,2,5,2024-02-06,Budget,28.58
1738,2,5,2024-02-06,Actual,27.75
1739,2,6,2024-02-22,Budget,38.78
1740,2,6,2024-02-22,Actual,33.89
1741,3,1,2024-02-20,Budget,4.87
1742,3,1,2024-02-20,Actual,5.51
1743,3,2,2024-02-22,Budget,6.41
1744,3,2,2024-02-22,Actual,6.0
1745,3,3,2024-02-21,Budget,5.58
1746,3,3,2024-02-21,Actual,6.25
1747,3,4,2024-02-05,Budget,6.45
1748,3,4,2024-02-05,Actual,7.13
1749,3,5,2024-02-19,Budget,5.07
1750,3,5,2024-02-19,Actual,5.05
1751,3,6,2024-02-09,Budget,5.79
1752,3,6,2024-02-09,Actual,4.97
1753,4,1,2024-02-11,Budget,40.86
1754,4,1,2024-02-11,Actual,39.33
1755,4,2,2024-02-12,Budget,30.79
1756,4,2,2024-02-12,Actual,27.27
1757,4,3,2024-02-11,Budget,25.55
1758,4,3,2024-02-11,Actual,22.65
1759,4,4,2024-02-18,Budget,25.1
1760,4,4,2024-02-18,Actual,25.56
1761,4,5,2024-02-23,Budget,37.9
1762,4,5,2024-02-23,Actual,33.56
1763,4,6,2024-02-11,Budget,37.91
1764,4,6,2024-02-11,Actual,38.32
1765,5,1,2024-02-11,Budget,34.45
1766,5,1,2024-02-11,Actual,31.71
1767,5,2,2024-02-03,Budget,27.65
1768,5,2,2024-02-03,Actual,31.06
1769,5,3,2024-02-06,Budget,35.84
1770,5,3,2024-02-06,Actual,36.8
1771,5,4,2024-02-13,Budget,35.37
1772,5,4,2024-02-13,Actual,33.46
1773,5,5,2024-02-06,Budget,23.48
1774,5,5,2024-02-06,Actual,24.24
1775,5,6,2024-02-28,Budget,35.36
1776,5,6,2024-02-28,Actual,39.42
1777,6,1,2024-02-16,Budget,50.88
1778,6,1,2024-02-16,Actual,52.86
1779,6,2,2024-02-25,Budget,48.43
1780,6,2,2024-02-25,Actual,50.61
1781,6,3,2024-02-13,Budget,45.01
1782,6,3,2024-02-13,Actual,47.34
1783,6,4,2024-02-05,Budget,38.98
1784,6,4,2024-02-05,Actual,33.96
1785,6,5,2024-02-24,Budget,30.64
1786,6,5,2024-02-24,Actual,28.99
1787,6,6,2024-02-03,Budget,42.06
1788,6,6,2024-02-03,Actual,43.29
1789,7,1,2024-02-10,Budget,7.79
1790,7,1,2024-02-10,Actual,7.57
1791,7,2,2024-02-05,Budget,6.47
1792,7,2,2024-02-05,Actual,6.0
1793,7,3,2024-02-19,Budget,8.85
1794,7,3,2024-02-19,Actual,8.74
1795,7,4,2024-02-05,Budget,8.16
1796,7,4,2024-02-05,Actual,9.25
1797,7,5,2024-02-03,Budget,7.11
1798,7,5,2024-02-03,Actual,7.31
1799,7,6,2024-02-21,Budget,7.58
1800,7,6,2024-02-21,Actual,8.03
1801,8,1,2024-02-16,Budget,12.89
1802,8,1,2024-02-16,Actual,12.3
1803,8,2,2024-02-05,Budget,10.68
1804,8,2,2024-02-05,Actual,10.07
1805,8,3,2024-02-13,Budget,9.19
1806,8,3,2024-02-13,Actual,9.41
1807,8,4,2024-02-22,Budget,10.88
1808,8,4,2024-02-22,Actual,11.84
1809,8,5,2024-02-07,Budget,11.44
1810,8,5,2024-02-07,Actual,9.83
1811,8,6,2024-02-07,Budget,13.27
1812,8,6,2024-02-07,Actual,14.15
1813,9,1,2024-02-12,Budget,5.75
1814,9,1,2024-02-12,Actual,5.94
1815,9,2,2024-02-15,Budget,5.25
1816,9,2,2024-02-15,Actual,5.4
1817,9,3,2024-02-26,Budget,4.66
1818,9,3,2024-02-26,Actual,4.11
1819,9,4,2024-02-17,Budget,5.92
1820,9,4,2024-02-17,Actual,6.42
1821,9,5,2024-02-09,Budget,5.38
1822,9,5,2024-02-09,Actual,5.65
1823,9,6,2024-02-03,Budget,3.37
1824,9,6,2024-02-03,Actual,3.41
1825,10,1,2024-02-26,Budget,6.09
1826,10,1,2024-02-26,Actual,6.98
1827,10,2,2024-02-25,Budget,7.57
1828,10,2,2024-02-25,Actual,6.73
1829,10,3,2024-02-15,Budget,4.85
1830,10,3,2024-02-15,Actual,4.4
1831,10,4,2024-02-23,Budget,6.25
1832,10,4,2024-02-23,Actual,5.42
1833,10,5,2024-02-05,Budget,5.29
1834,10,5,2024-02-05,Actual,4.83
1835,10,6,2024-02-16,Budget,8.21
1836,10,6,2024-02-16,Actual,8.78
1837,11,1,2024-02-28,Budget,9.65
1838,11,1,2024-02-28,Actual,9.06
1839,11,2,2024-02-17,Budget,6.69
1840,11,2,2024-02-17,Actual,6.82
1841,11,3,2024-02-19,Budget,8.42
1842,11,3,2024-02-19,Actual,7.7
1843,11,4,2024-02-06,Budget,9.58
1844,11,4,2024-02-06,Actual,9.67
1845,11,5,2024-02-11,Budget,10.37
1846,11,5,2024-02-11,Actual,8.88
1847,11,6,2024-02-05,Budget,7.06
1848,11,6,2024-02-05,Actual,6.6
1849,1,1,2024-03-11,Budget,109.22
1850,1,1,2024-03-11,Actual,116.84
1851,1,2,2024-03-28,Budget,93.61
1852,1,2,2024-03-28,Actual,94.06
1853,1,3,2024-03-04,Budget,101.82
1854,1,3,2024-03-04,Actual,116.78
1855,1,4,2024-03-18,Budget,86.45
1856,1,4,2024-03-18,Actual,95.43
1857,1,5,2024-03-18,Budget,85.0
1858,1,5,2024-03-18,Actual,82.31
1859,1,6,2024-03-12,Budget,98.18
1860,1,6,2024-03-12,Actual,110.03
1861,2,1,2024-03-27,Budget,28.79
1862,2,1,2024-03-27,Actual,30.11
1863,2,2,2024-03-13,Budget,47.4
1864,2,2,2024-03-13,Actual,54.31
1865,2,3,2024-03-21,Budget,42.21
1866,2,3,2024-03-21,Actual,44.92
1867,2,4,2024-03-03,Budget,46.71
1868,2,4,2024-03-03,Actual,44.15
1869,2,5,2024-03-07,Budget,45.83
1870,2,5,2024-03-07,Actual,43.8
1871,2,6,2024-03-16,Budget,38.24
1872,2,6,2024-03-16,Actual,37.39
1873,3,1,2024-03-08,Budget,4.3
1874,3,1,2024-03-08,Actual,4.28
1875,3,2,2024-03-06,Budget,4.96
1876,3,2,2024-03-06,Actual,5.51
1877,3,3,2024-03-20,Budget,6.88
1878,3,3,2024-03-20,Actual,6.75
1879,3,4,2024-03-25,Budget,6.94
1880,3,4,2024-03-25,Actual,6.85
1881,3,5,2024-03-17,Budget,5.31
1882,3,5,2024-03-17,Actual,4.6
1883,3,6,2024-03-01,Budget,6.64
1884,3,6,2024-03-01,Actual,7.56
1885,4,1,2024-03-21,Budget,39.25
1886,4,1,2024-03-21,Actual,36.36
1887,4,2,2024-03-13,Budget,41.93
1888,4,2,2024-03-13,Actual,43.32
1889,4,3,2024-03-25,Budget,42.06
1890,4,3,2024-03-25,Actual,47.51
1891,4,4,2024-03-14,Budget,37.55
1892,4,4,2024-03-14,Actual,41.09
1893,4,5,2024-03-27,Budget,34.05
1894,4,5,2024-03-27,Actual,37.17
1895,4,6,2024-03-15,Budget,36.24
1896,4,6,2024-03-15,Actual,31.51
1897,5,1,2024-03-02,Budget,23.76
1898,5,1,2024-03-02,Actual,26.91
1899,5,2,2024-03-12,Budget,20.28
1900,5,2,2024-03-12,Actual,19.98
1901,5,3,2024-03-28,Budget,21.77
1902,5,3,2024-03-28,Actual,21.28
1903,5,4,2024-03-13,Budget,25.7
1904,5,4,2024-03-13,Actual,22.17
1905,5,5,2024-03-01,Budget,24.42
1906,5,5,2024-03-01,Actual,23.31
1907,5,6,2024-03-02,Budget,24.08
1908,5,6,2024-03-02,Actual,23.62
1909,6,1,2024-03-25,Budget,38.09
1910,6,1,2024-03-25,Actual,37.79
1911,6,2,2024-03-20,Budget,34.51
1912,6,2,2024-03-20,Actual,38.85
1913,6,3,2024-03-16,Budget,39.89
1914,6,3,2024-03-16,Actual,35.06
1915,6,4,2024-03-12,Budget,29.56
1916,6,4,2024-03-12,Actual,33.07
1917,6,5,2024-03-24,Budget,31.75
1918,6,5,2024-03-24,Actual,36.1
1919,6,6,2024-03-13,Budget,41.54
1920,6,6,2024-03-13,Actual,43.14
1921,7,1,2024-03-04,Budget,6.57
1922,7,1,2024-03-04,Actual,5.99
1923,7,2,2024-03-06,Budget,9.46
1924,7,2,2024-03-06,Actual,9.8
1925,7,3,2024-03-27,Budget,8.6
1926,7,3,2024-03-27,Actual,9.7
1927,7,4,2024-03-11,Budget,7.73
1928,7,4,2024-03-11,Actual,8.8
1929,7,5,2024-03-09,Budget,7.2
1930,7,5,2024-03-09,Actual,6.51
1931,7,6,2024-03-11,Budget,6.06
1932,7,6,2024-03-11,Actual,6.76
1933,8,1,2024-03-04,Budget,10.02
1934,8,1,2024-03-04,Actual,9.88
1935,8,2,2024-03-14,Budget,11.5
1936,8,2,2024-03-14,Actual,13.13
1937,8,3,2024-03-22,Budget,8.45
1938,8,3,2024-03-22,Actual,8.61
1939,8,4,2024-03-26,Budget,13.91
1940,8,4,2024-03-26,Actual,14.23
1941,8,5,2024-03-01,Budget,8.62
1942,8,5,2024-03-01,Actual,8.14
1943,8,6,2024-03-01,Budget,10.76
1944,8,6,2024-03-01,Actual,12.05
1945,9,1,2024-03-23,Budget,4.33
1946,9,1,2024-03-23,Actual,4.3
1947,9,2,2024-03-17,Budget,4.72
1948,9,2,2024-03-17,Actual,4.75
1949,9,3,2024-03-11,Budget,4.98
1950,9,3,2024-03-11,Actual,4.27
1951,9,4,2024-03-28,Budget,4.03
1952,9,4,2024-03-28,Actual,3.84
1953,9,5,2024-03-26,Budget,3.51
1954,9,5,2024-03-26,Actual,3.81
1955,9,6,2024-03-22,Budget,3.96
1956,9,6,2024-03-22,Actual,3.43
1957,10,1,2024-03-02,Budget,8.42
1958,10,1,2024-03-02,Actual,9.35
1959,10,2,2024-03-26,Budget,8.39
1960,10,2,2024-03-26,Actual,9.01
1961,10,3,2024-03-06,Budget,6.65
1962,10,3,2024-03-06,Actual,7.25
1963,10,4,2024-03-15,Budget,7.9
1964,10,4,2024-03-15,Actual,7.16
1965,10,5,2024-03-17,Budget,5.48
1966,10,5,2024-03-17,Actual,5.56
1967,10,6,2024-03-10,Budget,4.94
1968,10,6,2024-03-10,Actual,4.31
1969,11,1,2024-03-17,Budget,6.98
1970,11,1,2024-03-17,Actual,5.97
1971,11,2,2024-03-12,Budget,9.57
1972,11,2,2024-03-12,Actual,10.61
1973,11,3,2024-03-13,Budget,10.42
1974,11,3,2024-03-13,Actual,11.82
1975,11,4,2024-03-07,Budget,7.06
1976,11,4,2024-03-07,Actual,7.22
1977,11,5,2024-03-23,Budget,9.15
1978,11,5,2024-03-23,Actual,8.22
1979,11,6,2024-03-20,Budget,8.23
1980,11,6,2024-03-20,Actual,8.29
1981,1,1,2024-04-20,Budget,101.51
1982,1,1,2024-04-20,Actual,102.89
1983,1,2,2024-04-24,Budget,95.21
1984,1,2,2024-04-24,Actual,105.53
1985,1,3,2024-04-17,Budget,74.59
1986,1,3,2024-04-17,Actual,70.63
1987,1,4,2024-04-19,Budget,70.48
1988,1,4,2024-04-19,Actual,78.56
1989,1,5,2024-04-11,Budget,70.52
1990,1,5,2024-04-11,Actual,70.32
1991,1,6,2024-04-20,Budget,72.36
1992,1,6,2024-04-20,Actual,81.99
1993,2,1,2024-04-16,Budget,27.67
1994,2,1,2024-04-16,Actual,29.69
1995,2,2,2024-04-19,Budget,26.94
1996,2,2,2024-04-19,Actual,26.62
1997,2,3,2024-04-12,Budget,33.94
1998,2,3,2024-04-12,Actual,30.62
1999,2,4,2024-04-13,Budget,33.76
2000,2,4,2024-04-13,Actual,29.77
2001,2,5,2024-04-14,Budget,44.94
2002,2,5,2024-04-14,Actual,42.64
2003,2,6,2024-04-12,Budget,39.92
2004,2,6,2024-04-12,Actual,34.96
2005,3,1,2024-04-12,Budget,5.33
2006,3,1,2024-04-12,Actual,5.0
2007,3,2,2024-04-23,Budget,5.38
2008,3,2,2024-04-23,Actual,6.05
2009,3,3,2024-04-08,Budget,6.66
2010,3,3,2024-04-08,Actual,6.6
2011,3,4,2024-04-02,Budget,6.11
2012,3,4,2024-04-02,Actual,6.03
2013,3,5,2024-04-17,Budget,6.44
2014,3,5,2024-04-17,Actual,7.05
2015,3,6,2024-04-12,Budget,4.52
2016,3,6,2024-04-12,Actual,4.24
2017,4,1,2024-04-28,Budget,26.27
2018,4,1,2024-04-28,Actual,27.49
2019,4,2,2024-04-28,Budget,32.45
2020,4,2,2024-04-28,Actual,32.77
2021,4,3,2024-04-17,Budget,34.92
2022,4,3,2024-04-17,Actual,37.94
2023,4,4,2024-04-01,Budget,30.18
2024,4,4,2024-04-01,Actual,33.1
2025,4,5,2024-04-07,Budget,38.85
2026,4,5,2024-04-07,Actual,41.17
2027,4,6,2024-04-20,Budget,30.17
2028,4,6,2024-04-20,Actual,31.8
2029,5,1,2024-04-05,Budget,31.18
2030,5,1,2024-04-05,Actual,33.57
2031,5,2,2024-04-18,Budget,24.31
2032,5,2,2024-04-18,Actual,22.97
2033,5,3,2024-04-09,Budget,30.16
2034,5,3,2024-04-09,Actual,30.57
2035,5,4,2024-04-11,Budget,29.81
2036,5,4,2024-04-11,Actual,29.92
2037,5,5,2024-04-01,Budget,31.39
2038,5,5,2024-04-01,Actual,29.71
2039,5,6,2024-04-08,Budget,28.23
2040,5,6,2024-04-08,Actual,26.72
2041,6,1,2024-04-07,Budget,42.27
2042,6,1,2024-04-07,Actual,46.53
2043,6,2,2024-04-25,Budget,47.86
2044,6,2,2024-04-25,Actual,51.15
2045,6,3,2024-04-28,Budget,52.68
2046,6,3,2024-04-28,Actual,50.34
2047,6,4,2024-04-28,Budget,44.89
2048,6,4,2024-04-28,Actual,41.11
2049,6,5,2024-04-10,Budget,39.46
2050,6,5,2024-04-10,Actual,37.19
2051,6,6,2024-04-08,Budget,51.94
2052,6,6,2024-04-08,Actual,53.87
2053,7,1,2024-04-22,Budget,5.41
2054,7,1,2024-04-22,Actual,5.79
2055,7,2,2024-04-08,Budget,8.6
2056,7,2,2024-04-08,Actual,9.18
2057,7,3,2024-04-18,Budget,7.66
2058,7,3,2024-04-18,Actual,8.13
2059,7,4,2024-04-26,Budget,7.68
2060,7,4,2024-04-26,Actual,7.56
2061,7,5,2024-04-15,Budget,6.75
2062,7,5,2024-04-15,Actual,7.32
2063,7,6,2024-04-10,Budget,9.6
2064,7,6,2024-04-10,Actual,10.97
2065,8,1,2024-04-12,Budget,9.03
2066,8,1,2024-04-12,Actual,9.46
2067,8,2,2024-04-24,Budget,13.6
2068,8,2,2024-04-24,Actual,15.06
2069,8,3,2024-04-28,Budget,8.16
2070,8,3,2024-04-28,Actual,9.24
2071,8,4,2024-04-16,Budget,11.95
2072,8,4,2024-04-16,Actual,12.71
2073,8,5,2024-04-07,Budget,13.29
2074,8,5,2024-04-07,Actual,13.23
2075,8,6,2024-04-11,Budget,8.85
2076,8,6,2024-04-11,Actual,9.42
2077,9,1,2024-04-27,Budget,5.87
2078,9,1,2024-04-27,Actual,5.65
2079,9,2,2024-04-03,Budget,4.37
2080,9,2,2024-04-03,Actual,4.7
2081,9,3,2024-04-21,Budget,5.78
2082,9,3,2024-04-21,Actual,6.27
2083,9,4,2024-04-05,Budget,5.91
2084,9,4,2024-04-05,Actual,6.29
2085,9,5,2024-04-06,Budget,4.78
2086,9,5,2024-04-06,Actual,5.23
2087,9,6,2024-04-04,Budget,4.95
2088,9,6,2024-04-04,Actual,5.24
2089,10,1,2024-04-04,Budget,7.27
2090,10,1,2024-04-04,Actual,7.09
2091,10,2,2024-04-07,Budget,7.14
2092,10,2,2024-04-07,Actual,7.22
2093,10,3,2024-04-25,Budget,6.53
2094,10,3,2024-04-25,Actual,7.42
2095,10,4,2024-04-13,Budget,7.09
2096,10,4,2024-04-13,Actual,8.14
2097,10,5,2024-04-22,Budget,7.12
2098,10,5,2024-04-22,Actual,7.0
2099,10,6,2024-04-22,Budget,8.47
2100,10,6,2024-04-22,Actual,7.8
2101,11,1,2024-04-09,Budget,10.33
2102,11,1,2024-04-09,Actual,10.68
2103,11,2,2024-04-04,Budget,8.2
2104,11,2,2024-04-04,Actual,9.34
2105,11,3,2024-04-02,Budget,7.55
2106,11,3,2024-04-02,Actual,6.82
2107,11,4,2024-04-18,Budget,9.42
2108,11,4,2024-04-18,Actual,8.7
2109,11,5,2024-04-13,Budget,6.38
2110,11,5,2024-04-13,Actual,6.66
2111,11,6,2024-04-25,Budget,9.47
2112,11,6,2024-04-25,Actual,8.61
2113,1,1,2024-05-23,Budget,95.01
2114,1,1,2024-05-23,Actual,107.79
2115,1,2,2024-05-22,Budget,73.4
2116,1,2,2024-05-22,Actual,66.41
2117,1,3,2024-05-25,Budget,67.66
2118,1,3,2024-05-25,Actual,58.23
2119,1,4,2024-05-12,Budget,66.63
2120,1,4,2024-05-12,Actual,75.94
2121,1,5,2024-05-18,Budget,67.35
2122,1,5,2024-05-18,Actual,73.96
2123,1,6,2024-05-26,Budget,77.09
2124,1,6,2024-05-26,Actual,82.56
2125,2,1,2024-05-08,Budget,33.6
2126,2,1,2024-05-08,Actual,33.68
2127,2,2,2024-05-10,Budget,38.38
2128,2,2,2024-05-10,Actual,37.13
2129,2,3,2024-05-05,Budget,43.4
2130,2,3,2024-05-05,Actual,42.84
2131,2,4,2024-05-23,Budget,39.9
2132,2,4,2024-05-23,Actual,42.6
2133,2,5,2024-05-21,Budget,35.31
2134,2,5,2024-05-21,Actual,38.68
2135,2,6,2024-05-28,Budget,44.89
2136,2,6,2024-05-28,Actual,39.37
2137,3,1,2024-05-08,Budget,7.2
2138,3,1,2024-05-08,Actual,7.37
2139,3,2,2024-05-16,Budget,5.95
2140,3,2,2024-05-16,Actual,5.54
2141,3,3,2024-05-25,Budget,4.69
2142,3,3,2024-05-25,Actual,5.37
2143,3,4,2024-05-20,Budget,6.36
2144,3,4,2024-05-20,Actual,6.78
2145,3,5,2024-05-11,Budget,5.06
2146,3,5,2024-05-11,Actual,5.51
2147,3,6,2024-05-10,Budget,5.56
2148,3,6,2024-05-10,Actual,6.02
2149,4,1,2024-05-26,Budget,37.68
2150,4,1,2024-05-26,Actual,33.61
2151,4,2,2024-05-15,Budget,24.49
2152,4,2,2024-05-15,Actual,26.76
2153,4,3,2024-05-16,Budget,23.93
2154,4,3,2024-05-16,Actual,23.09
2155,4,4,2024-05-19,Budget,35.28
2156,4,4,2024-05-19,Actual,39.05
2157,4,5,2024-05-24,Budget,42.2
2158,4,5,2024-05-24,Actual,39.91
2159,4,6,2024-05-04,Budget,29.94
2160,4,6,2024-05-04,Actual,28.95
2161,5,1,2024-05-02,Budget,26.34
2162,5,1,2024-05-02,Actual,23.16
2163,5,2,2024-05-10,Budget,26.47
2164,5,2,2024-05-10,Actual,25.39
2165,5,3,2024-05-21,Budget,28.64
2166,5,3,2024-05-21,Actual,31.58
2167,5,4,2024-05-10,Budget,35.55
2168,5,4,2024-05-10,Actual,40.27
2169,5,5,2024-05-11,Budget,21.85
2170,5,5,2024-05-11,Actual,24.79
2171,5,6,2024-05-11,Budget,23.46
2172,5,6,2024-05-11,Actual,26.02
2173,6,1,2024-05-15,Budget,43.73
2174,6,1,2024-05-15,Actual,46.61
2175,6,2,2024-05-09,Budget,48.62
2176,6,2,2024-05-09,Actual,45.5
2177,6,3,2024-05-09,Budget,46.26
2178,6,3,2024-05-09,Actual,43.0
2179,6,4,2024-05-15,Budget,52.16
2180,6,4,2024-05-15,Actual,45.7
2181,6,5,2024-05-28,Budget,39.45
2182,6,5,2024-05-28,Actual,38.1
2183,6,6,2024-05-09,Budget,31.1
2184,6,6,2024-05-09,Actual,31.35
2185,7,1,2024-05-16,Budget,6.35
2186,7,1,2024-05-16,Actual,6.18
2187,7,2,2024-05-06,Budget,6.36
2188,7,2,2024-05-06,Actual,5.88
2189,7,3,2024-05-19,Budget,5.36
2190,7,3,2024-05-19,Actual,5.62
2191,7,4,2024-05-16,Budget,8.87
2192,7,4,2024-05-16,Actual,9.23
2193,7,5,2024-05-27,Budget,6.22
2194,7,5,2024-05-27,Actual,6.56
2195,7,6,2024-05-05,Budget,8.22
2196,7,6,2024-05-05,Actual,8.93
2197,8,1,2024-05-09,Budget,12.77
2198,8,1,2024-05-09,Actual,12.68
2199,8,2,2024-05-26,Budget,11.83
2200,8,2,2024-05-26,Actual,10.12
2201,8,3,2024-05-01,Budget,12.02
2202,8,3,2024-05-01,Actual,12.36
2203,8,4,2024-05-05,Budget,10.33
2204,8,4,2024-05-05,Actual,11.08
2205,8,5,2024-05-06,Budget,10.69
2206,8,5,2024-05-06,Actual,10.3
2207,8,6,2024-05-13,Budget,13.63
2208,8,6,2024-05-13,Actual,13.58
2209,9,1,2024-05-16,Budget,5.56
2210,9,1,2024-05-16,Actual,4.9
2211,9,2,2024-05-28,Budget,4.09
2212,9,2,2024-05-28,Actual,4.23
2213,9,3,2024-05-01,Budget,5.2
2214,9,3,2024-05-01,Actual,5.94
2215,9,4,2024-05-24,Budget,5.08
2216,9,4,2024-05-24,Actual,5.31
2217,9,5,2024-05-27,Budget,5.18
2218,9,5,2024-05-27,Actual,5.46
2219,9,6,2024-05-09,Budget,3.77
2220,9,6,2024-05-09,Actual,3.75
2221,10,1,2024-05-11,Budget,5.36
2222,10,1,2024-05-11,Actual,5.74
2223,10,2,2024-05-27,Budget,4.76
2224,10,2,2024-05-27,Actual,4.88
2225,10,3,2024-05-07,Budget,5.49
2226,10,3,2024-05-07,Actual,5.76
2227,10,4,2024-05-11,Budget,7.72
2228,10,4,2024-05-11,Actual,8.82
2229,10,5,2024-05-23,Budget,5.59
2230,10,5,2024-05-23,Actual,6.02
2231,10,6,2024-05-11,Budget,6.63
2232,10,6,2024-05-11,Actual,6.81
2233,11,1,2024-05-20,Budget,10.5
2234,11,1,2024-05-20,Actual,9.57
2235,11,2,2024-05-16,Budget,8.2
2236,11,2,2024-05-16,Actual,8.57
2237,11,3,2024-05-12,Budget,6.16
2238,11,3,2024-05-12,Actual,6.98
2239,11,4,2024-05-06,Budget,6.87
2240,11,4,2024-05-06,Actual,7.2
2241,11,5,2024-05-18,Budget,10.51
2242,11,5,2024-05-18,Actual,10.38
2243,11,6,2024-05-27,Budget,9.62
2244,11,6,2024-05-27,Actual,9.16
2245,1,1,2024-06-18,Budget,95.67
2246,1,1,2024-06-18,Actual,101.09
2247,1,2,2024-06-05,Budget,116.24
2248,1,2,2024-06-05,Actual,129.32
2249,1,3,2024-06-12,Budget,87.06
2250,1,3,2024-06-12,Actual,89.08
2251,1,4,2024-06-27,Budget,76.27
2252,1,4,2024-06-27,Actual,68.98
2253,1,5,2024-06-14,Budget,114.71
2254,1,5,2024-06-14,Actual,124.22
2255,1,6,2024-06-06,Budget,108.77
2256,1,6,2024-06-06,Actual,120.21
2257,2,1,2024-06-09,Budget,46.23
2258,2,1,2024-06-09,Actual,51.42
2259,2,2,2024-06-27,Budget,27.72
2260,2,2,2024-06-27,Actual,24.12
2261,2,3,2024-06-04,Budget,48.52
2262,2,3,2024-06-04,Actual,49.76
2263,2,4,2024-06-06,Budget,34.67
2264,2,4,2024-06-06,Actual,35.05
2265,2,5,2024-06-21,Budget,43.4
2266,2,5,2024-06-21,Actual,40.79
2267,2,6,2024-06-12,Budget,32.03
2268,2,6,2024-06-12,Actual,34.82
2269,3,1,2024-06-23,Budget,6.41
2270,3,1,2024-06-23,Actual,5.63
2271,3,2,2024-06-01,Budget,6.27
2272,3,2,2024-06-01,Actual,5.58
2273,3,3,2024-06-13,Budget,5.06
2274,3,3,2024-06-13,Actual,4.36
2275,3,4,2024-06-18,Budget,6.0
2276,3,4,2024-06-18,Actual,5.5
2277,3,5,2024-06-16,Budget,6.71
2278,3,5,2024-06-16,Actual,6.69
2279,3,6,2024-06-15,Budget,4.27
2280,3,6,2024-06-15,Actual,4.02
2281,4,1,2024-06-10,Budget,39.46
2282,4,1,2024-06-10,Actual,40.36
2283,4,2,2024-06-11,Budget,29.67
2284,4,2,2024-06-11,Actual,27.49
2285,4,3,2024-06-24,Budget,24.12
2286,4,3,2024-06-24,Actual,27.4
2287,4,4,2024-06-20,Budget,31.99
2288,4,4,2024-06-20,Actual,36.63
2289,4,5,2024-06-19,Budget,24.19
2290,4,5,2024-06-19,Actual,23.58
2291,4,6,2024-06-09,Budget,26.21
2292,4,6,2024-06-09,Actual,23.33
2293,5,1,2024-06-08,Budget,25.9
2294,5,1,2024-06-08,Actual,29.16
2295,5,2,2024-06-08,Budget,20.54
2296,5,2,2024-06-08,Actual,23.29
2297,5,3,2024-06-08,Budget,36.59
2298,5,3,2024-06-08,Actual,33.21
2299,5,4,2024-06-07,Budget,26.54
2300,5,4,2024-06-07,Actual,24.05
2301,5,5,2024-06-12,Budget,27.13
2302,5,5,2024-06-12,Actual,29.45
2303,5,6,2024-06-10,Budget,24.49
2304,5,6,2024-06-10,Actual,22.06
2305,6,1,2024-06-20,Budget,42.03
2306,6,1,2024-06-20,Actual,38.9
2307,6,2,2024-06-19,Budget,35.77
2308,6,2,2024-06-19,Actual,31.23
2309,6,3,2024-06-16,Budget,37.12
2310,6,3,2024-06-16,Actual,40.95
2311,6,4,2024-06-02,Budget,44.63
2312,6,4,2024-06-02,Actual,46.96
2313,6,5,2024-06-01,Budget,42.28
2314,6,5,2024-06-01,Actual,48.56
2315,6,6,2024-06-12,Budget,35.92
2316,6,6,2024-06-12,Actual,38.26
2317,7,1,2024-06-21,Budget,5.74
2318,7,1,2024-06-21,Actual,5.23
2319,7,2,2024-06-07,Budget,9.47
2320,7,2,2024-06-07,Actual,8.07
2321,7,3,2024-06-06,Budget,9.63
2322,7,3,2024-06-06,Actual,9.07
2323,7,4,2024-06-09,Budget,6.96
2324,7,4,2024-06-09,Actual,6.79
2325,7,5,2024-06-25,Budget,8.49
2326,7,5,2024-06-25,Actual,8.96
2327,7,6,2024-06-03,Budget,9.29
2328,7,6,2024-06-03,Actual,10.35
2329,8,1,2024-06-13,Budget,8.47
2330,8,1,2024-06-13,Actual,7.77
2331,8,2,2024-06-08,Budget,10.95
2332,8,2,2024-06-08,Actual,12.44
2333,8,3,2024-06-25,Budget,10.43
2334,8,3,2024-06-25,Actual,11.14
2335,8,4,2024-06-03,Budget,8.9
2336,8,4,2024-06-03,Actual,7.97
2337,8,5,2024-06-09,Budget,11.72
2338,8,5,2024-06-09,Actual,12.97
2339,8,6,2024-06-27,Budget,10.27
2340,8,6,2024-06-27,Actual,11.79
2341,9,1,2024-06-16,Budget,3.98
2342,9,1,2024-06-16,Actual,3.95
2343,9,2,2024-06-10,Budget,4.78
2344,9,2,2024-06-10,Actual,4.18
2345,9,3,2024-06-11,Budget,4.75
2346,9,3,2024-06-11,Actual,5.04
2347,9,4,2024-06-20,Budget,5.67
2348,9,4,2024-06-20,Actual,5.22
2349,9,5,2024-06-24,Budget,3.77
2350,9,5,2024-06-24,Actual,3.38
2351,9,6,2024-06-16,Budget,5.86
2352,9,6,2024-06-16,Actual,6.57
2353,10,1,2024-06-26,Budget,6.9
2354,10,1,2024-06-26,Actual,6.28
2355,10,2,2024-06-18,Budget,7.51
2356,10,2,2024-06-18,Actual,7.0
2357,10,3,2024-06-17,Budget,7.05
2358,10,3,2024-06-17,Actual,7.06
2359,10,4,2024-06-13,Budget,8.56
2360,10,4,2024-06-13,Actual,9.16
2361,10,5,2024-06-02,Budget,6.58
2362,10,5,2024-06-02,Actual,5.91
2363,10,6,2024-06-15,Budget,6.94
2364,10,6,2024-06-15,Actual,7.52
2365,11,1,2024-06-06,Budget,6.19
2366,11,1,2024-06-06,Actual,5.79
2367,11,2,2024-06-17,Budget,7.18
2368,11,2,2024-06-17,Actual,8.03
2369,11,3,2024-06-20,Budget,10.0
2370,11,3,2024-06-20,Actual,9.01
2371,11,4,2024-06-20,Budget,6.93
2372,11,4,2024-06-20,Actual,5.97
2373,11,5,2024-06-16,Budget,7.91
2374,11,5,2024-06-16,Actual,7.0
2375,11,6,2024-06-07,Budget,8.9
2376,11,6,2024-06-07,Actual,9.15
2377,1,1,2024-07-24,Budget,85.26
2378,1,1,2024-07-24,Actual,86.28
2379,1,2,2024-07-26,Budget,120.34
2380,1,2,2024-07-26,Actual,118.09
2381,1,3,2024-07-21,Budget,100.71
2382,1,3,2024-07-21,Actual,99.24
2383,1,4,2024-07-13,Budget,105.07
2384,1,4,2024-07-13,Actual,104.25
2385,1,5,2024-07-04,Budget,106.12
2386,1,5,2024-07-04,Actual,118.47
2387,1,6,2024-07-22,Budget,75.72
2388,1,6,2024-07-22,Actual,70.94
2389,2,1,2024-07-09,Budget,29.97
2390,2,1,2024-07-09,Actual,30.68
2391,2,2,2024-07-07,Budget,42.21
2392,2,2,2024-07-07,Actual,38.46
2393,2,3,2024-07-03,Budget,47.32
2394,2,3,2024-07-03,Actual,49.78
2395,2,4,2024-07-16,Budget,39.03
2396,2,4,2024-07-16,Actual,44.28
2397,2,5,2024-07-24,Budget,38.22
2398,2,5,2024-07-24,Actual,39.34
2399,2,6,2024-07-23,Budget,39.72
2400,2,6,2024-07-23,Actual,35.67
2401,3,1,2024-07-24,Budget,4.6
2402,3,1,2024-07-24,Actual,4.66
2403,3,2,2024-07-14,Budget,5.98
2404,3,2,2024-07-14,Actual,5.8
2405,3,3,2024-07-26,Budget,4.37
2406,3,3,2024-07-26,Actual,4.71
2407,3,4,2024-07-21,Budget,6.81
2408,3,4,2024-07-21,Actual,6.96
2409,3,5,2024-07-11,Budget,4.06
2410,3,5,2024-07-11,Actual,4.44
2411,3,6,2024-07-08,Budget,4.73
2412,3,6,2024-07-08,Actual,5.31
2413,4,1,2024-07-26,Budget,33.81
2414,4,1,2024-07-26,Actual,30.26
2415,4,2,2024-07-13,Budget,32.8
2416,4,2,2024-07-13,Actual,35.75
2417,4,3,2024-07-19,Budget,26.94
2418,4,3,2024-07-19,Actual,28.81
2419,4,4,2024-07-10,Budget,34.9
2420,4,4,2024-07-10,Actual,32.5
2421,4,5,2024-07-08,Budget,41.7
2422,4,5,2024-07-08,Actual,43.4
2423,4,6,2024-07-28,Budget,42.58
2424,4,6,2024-07-28,Actual,38.58
2425,5,1,2024-07-27,Budget,24.7
2426,5,1,2024-07-27,Actual,26.52
2427,5,2,2024-07-10,Budget,34.36
2428,5,2,2024-07-10,Actual,34.38
2429,5,3,2024-07-06,Budget,28.93
2430,5,3,2024-07-06,Actual,29.13
2431,5,4,2024-07-25,Budget,34.62
2432,5,4,2024-07-25,Actual,30.39
2433,5,5,2024-07-02,Budget,30.96
2434,5,5,2024-07-02,Actual,33.48
2435,5,6,2024-07-20,Budget,31.37
2436,5,6,2024-07-20,Actual,35.03
2437,6,1,2024-07-14,Budget,39.97
2438,6,1,2024-07-14,Actual,37.84
2439,6,2,2024-07-18,Budget,45.16
2440,6,2,2024-07-18,Actual,43.33
2441,6,3,2024-07-08,Budget,33.18
2442,6,3,2024-07-08,Actual,36.02
2443,6,4,2024-07-23,Budget,37.46
2444,6,4,2024-07-23,Actual,33.46
2445,6,5,2024-07-02,Budget,51.25
2446,6,5,2024-07-02,Actual,43.87
2447,6,6,2024-07-05,Budget,39.85
2448,6,6,2024-07-05,Actual,39.79
2449,7,1,2024-07-18,Budget,7.74
2450,7,1,2024-07-18,Actual,7.27
2451,7,2,2024-07-13,Budget,6.97
2452,7,2,2024-07-13,Actual,7.94
2453,7,3,2024-07-13,Budget,6.9
2454,7,3,2024-07-13,Actual,7.23
2455,7,4,2024-07-01,Budget,7.05
2456,7,4,2024-07-01,Actual,6.61
2457,7,5,2024-07-28,Budget,9.49
2458,7,5,2024-07-28,Actual,8.57
2459,7,6,2024-07-28,Budget,8.5
2460,7,6,2024-07-28,Actual,8.9
2461,8,1,2024-07-06,Budget,12.88
2462,8,1,2024-07-06,Actual,11.45
2463,8,2,2024-07-05,Budget,8.59
2464,8,2,2024-07-05,Actual,9.32
2465,8,3,2024-07-17,Budget,13.41
2466,8,3,2024-07-17,Actual,14.37
2467,8,4,2024-07-20,Budget,13.12
2468,8,4,2024-07-20,Actual,13.06
2469,8,5,2024-07-02,Budget,11.4
2470,8,5,2024-07-02,Actual,12.88
2471,8,6,2024-07-14,Budget,13.6
2472,8,6,2024-07-14,Actual,14.46
2473,9,1,2024-07-15,Budget,3.61
2474,9,1,2024-07-15,Actual,3.1
2475,9,2,2024-07-21,Budget,4.56
2476,9,2,2024-07-21,Actual,4.25
2477,9,3,2024-07-01,Budget,4.13
2478,9,3,2024-07-01,Actual,4.41
2479,9,4,2024-07-17,Budget,4.91
2480,9,4,2024-07-17,Actual,5.34
2481,9,5,2024-07-27,Budget,5.81
2482,9,5,2024-07-27,Actual,5.31
2483,9,6,2024-07-11,Budget,5.54
2484,9,6,2024-07-11,Actual,4.94
2485,10,1,2024-07-23,Budget,7.93
2486,10,1,2024-07-23,Actual,7.68
2487,10,2,2024-07-07,Budget,8.25
2488,10,2,2024-07-07,Actual,7.98
2489,10,3,2024-07-14,Budget,5.12
2490,10,3,2024-07-14,Actual,5.5
2491,10,4,2024-07-14,Budget,8.2
2492,10,4,2024-07-14,Actual,7.2
2493,10,5,2024-07-24,Budget,8.46
2494,10,5,2024-07-24,Actual,8.89
2495,10,6,2024-07-13,Budget,8.24
2496,10,6,2024-07-13,Actual,7.24
2497,11,1,2024-07-24,Budget,9.25
2498,11,1,2024-07-24,Actual,8.15
2499,11,2,2024-07-27,Budget,9.25
2500,11,2,2024-07-27,Actual,10.26
2501,11,3,2024-07-21,Budget,6.35
2502,11,3,2024-07-21,Actual,6.93
2503,11,4,2024-07-14,Budget,7.78
2504,11,4,2024-07-14,Actual,7.08
2505,11,5,2024-07-11,Budget,9.84
2506,11,5,2024-07-11,Actual,9.45
2507,11,6,2024-07-17,Budget,8.09
2508,11,6,2024-07-17,Actual,8.62
2509,1,1,2024-08-17,Budget,114.79
2510,1,1,2024-08-17,Actual,106.59
2511,1,2,2024-08-11,Budget,93.1
2512,1,2,2024-08-11,Actual,84.31
2513,1,3,2024-08-03,Budget,80.76
2514,1,3,2024-08-03,Actual,78.88
2515,1,4,2024-08-07,Budget,85.34
2516,1,4,2024-08-07,Actual,96.66
2517,1,5,2024-08-25,Budget,81.32
2518,1,5,2024-08-25,Actual,69.91
2519,1,6,2024-08-16,Budget,114.56
2520,1,6,2024-08-16,Actual,128.89
2521,2,1,2024-08-14,Budget,48.08
2522,2,1,2024-08-14,Actual,45.34
2523,2,2,2024-08-04,Budget,34.63
2524,2,2,2024-08-04,Actual,35.39
2525,2,3,2024-08-26,Budget,30.54
2526,2,3,2024-08-26,Actual,34.51
2527,2,4,2024-08-28,Budget,37.94
2528,2,4,2024-08-28,Actual,39.57
2529,2,5,2024-08-18,Budget,38.59
2530,2,5,2024-08-18,Actual,38.74
2531,2,6,2024-08-03,Budget,47.69
2532,2,6,2024-08-03,Actual,46.34
2533,3,1,2024-08-26,Budget,5.83
2534,3,1,2024-08-26,Actual,5.63
2535,3,2,2024-08-08,Budget,5.15
2536,3,2,2024-08-08,Actual,4.55
2537,3,3,2024-08-14,Budget,4.06
2538,3,3,2024-08-14,Actual,3.61
2539,3,4,2024-08-14,Budget,6.24
2540,3,4,2024-08-14,Actual,6.79
2541,3,5,2024-08-09,Budget,6.32
2542,3,5,2024-08-09,Actual,6.02
2543,3,6,2024-08-22,Budget,6.98
2544,3,6,2024-08-22,Actual,7.62
2545,4,1,2024-08-19,Budget,42.46
2546,4,1,2024-08-19,Actual,41.41
2547,4,2,2024-08-09,Budget,26.44
2548,4,2,2024-08-09,Actual,25.05
2549,4,3,2024-08-08,Budget,25.3
2550,4,3,2024-08-08,Actual,22.72
2551,4,4,2024-08-27,Budget,36.19
2552,4,4,2024-08-27,Actual,36.91
2553,4,5,2024-08-08,Budget,44.01
2554,4,5,2024-08-08,Actual,40.63
2555,4,6,2024-08-17,Budget,36.27
2556,4,6,2024-08-17,Actual,36.69
2557,5,1,2024-08-25,Budget,25.07
2558,5,1,2024-08-25,Actual,24.34
2559,5,2,2024-08-16,Budget,29.29
2560,5,2,2024-08-16,Actual,30.31
2561,5,3,2024-08-24,Budget,20.91
2562,5,3,2024-08-24,Actual,22.3
2563,5,4,2024-08-21,Budget,32.37
2564,5,4,2024-08-21,Actual,30.29
2565,5,5,2024-08-18,Budget,28.29
2566,5,5,2024-08-18,Actual,29.22
2567,5,6,2024-08-23,Budget,20.74
2568,5,6,2024-08-23,Actual,18.73
2569,6,1,2024-08-15,Budget,46.31
2570,6,1,2024-08-15,Actual,49.42
2571,6,2,2024-08-02,Budget,29.86
2572,6,2,2024-08-02,Actual,32.07
2573,6,3,2024-08-13,Budget,38.58
2574,6,3,2024-08-13,Actual,44.15
2575,6,4,2024-08-24,Budget,37.9
2576,6,4,2024-08-24,Actual,36.36
2577,6,5,2024-08-23,Budget,37.16
2578,6,5,2024-08-23,Actual,33.35
2579,6,6,2024-08-07,Budget,43.01
2580,6,6,2024-08-07,Actual,43.93
2581,7,1,2024-08-15,Budget,6.7
2582,7,1,2024-08-15,Actual,5.91
2583,7,2,2024-08-03,Budget,7.89
2584,7,2,2024-08-03,Actual,7.47
2585,7,3,2024-08-09,Budget,9.87
2586,7,3,2024-08-09,Actual,10.27
2587,7,4,2024-08-27,Budget,8.8
2588,7,4,2024-08-27,Actual,9.08
2589,7,5,2024-08-17,Budget,6.91
2590,7,5,2024-08-17,Actual,7.17
2591,7,6,2024-08-02,Budget,8.65
2592,7,6,2024-08-02,Actual,8.97
2593,8,1,2024-08-16,Budget,14.57
2594,8,1,2024-08-16,Actual,14.01
2595,8,2,2024-08-18,Budget,12.09
2596,8,2,2024-08-18,Actual,10.78
2597,8,3,2024-08-04,Budget,10.91
2598,8,3,2024-08-04,Actual,10.77
2599,8,4,2024-08-17,Budget,9.99
2600,8,4,2024-08-17,Actual,9.41
2601,8,5,2024-08-19,Budget,9.51
2602,8,5,2024-08-19,Actual,9.54
2603,8,6,2024-08-07,Budget,10.18
2604,8,6,2024-08-07,Actual,11.07
2605,9,1,2024-08-09,Budget,5.95
2606,9,1,2024-08-09,Actual,5.82
2607,9,2,2024-08-13,Budget,4.79
2608,9,2,2024-08-13,Actual,4.19
2609,9,3,2024-08-04,Budget,4.12
2610,9,3,2024-08-04,Actual,3.75
2611,9,4,2024-08-22,Budget,4.6
2612,9,4,2024-08-22,Actual,4.55
2613,9,5,2024-08-04,Budget,4.61
2614,9,5,2024-08-04,Actual,4.16
2615,9,6,2024-08-06,Budget,3.49
2616,9,6,2024-08-06,Actual,3.52
2617,10,1,2024-08-23,Budget,8.25
2618,10,1,2024-08-23,Actual,7.84
2619,10,2,2024-08-20,Budget,6.03
2620,10,2,2024-08-20,Actual,5.32
2621,10,3,2024-08-10,Budget,8.43
2622,10,3,2024-08-10,Actual,9.45
2623,10,4,2024-08-20,Budget,8.42
2624,10,4,2024-08-20,Actual,7.28
2625,10,5,2024-08-27,Budget,8.21
2626,10,5,2024-08-27,Actual,8.83
2627,10,6,2024-08-09,Budget,5.89
2628,10,6,2024-08-09,Actual,5.51
2629,11,1,2024-08-22,Budget,7.23
2630,11,1,2024-08-22,Actual,6.47
2631,11,2,2024-08-27,Budget,7.74
2632,11,2,2024-08-27,Actual,8.25
2633,11,3,2024-08-27,Budget,7.65
2634,11,3,2024-08-27,Actual,6.55
2635,11,4,2024-08-16,Budget,6.31
2636,11,4,2024-08-16,Actual,6.19
2637,11,5,2024-08-09,Budget,10.23
2638,11,5,2024-08-09,Actual,11.15
2639,11,6,2024-08-10,Budget,9.06
2640,11,6,2024-08-10,Actual,9.0
2641,1,1,2024-09-19,Budget,99.58
2642,1,1,2024-09-19,Actual,99.55
2643,1,2,2024-09-06,Budget,116.21
2644,1,2,2024-09-06,Actual,117.67
2645,1,3,2024-09-22,Budget,102.15
2646,1,3,2024-09-22,Actual,108.13
2647,1,4,2024-09-12,Budget,88.29
2648,1,4,2024-09-12,Actual,79.48
2649,1,5,2024-09-14,Budget,87.13
2650,1,5,2024-09-14,Actual,96.58
2651,1,6,2024-09-19,Budget,72.59
2652,1,6,2024-09-19,Actual,71.15
2653,2,1,2024-09-19,Budget,42.12
2654,2,1,2024-09-19,Actual,39.88
2655,2,2,2024-09-24,Budget,32.81
2656,2,2,2024-09-24,Actual,33.4
2657,2,3,2024-09-15,Budget,37.24
2658,2,3,2024-09-15,Actual,34.36
2659,2,4,2024-09-26,Budget,47.1
2660,2,4,2024-09-26,Actual,42.35
2661,2,5,2024-09-21,Budget,30.97
2662,2,5,2024-09-21,Actual,29.69
2663,2,6,2024-09-26,Budget,40.77
2664,2,6,2024-09-26,Actual,35.85
2665,3,1,2024-09-18,Budget,7.37
2666,3,1,2024-09-18,Actual,8.1
2667,3,2,2024-09-04,Budget,5.62
2668,3,2,2024-09-04,Actual,5.62
2669,3,3,2024-09-17,Budget,7.23
2670,3,3,2024-09-17,Actual,8.2
2671,3,4,2024-09-10,Budget,5.33
2672,3,4,2024-09-10,Actual,4.95
2673,3,5,2024-09-23,Budget,7.28
2674,3,5,2024-09-23,Actual,6.2
2675,3,6,2024-09-14,Budget,7.05
2676,3,6,2024-09-14,Actual,6.06
2677,4,1,2024-09-17,Budget,38.35
2678,4,1,2024-09-17,Actual,33.48
2679,4,2,2024-09-01,Budget,34.05
2680,4,2,2024-09-01,Actual,36.59
2681,4,3,2024-09-26,Budget,38.9
2682,4,3,2024-09-26,Actual,40.45
2683,4,4,2024-09-13,Budget,26.4
2684,4,4,2024-09-13,Actual,24.39
2685,4,5,2024-09-24,Budget,44.65
2686,4,5,2024-09-24,Actual,44.44
2687,4,6,2024-09-27,Budget,31.25
2688,4,6,2024-09-27,Actual,31.33
2689,5,1,2024-09-14,Budget,33.9
2690,5,1,2024-09-14,Actual,33.61
2691,5,2,2024-09-13,Budget,29.16
2692,5,2,2024-09-13,Actual,33.14
2693,5,3,2024-09-19,Budget,27.34
2694,5,3,2024-09-19,Actual,23.98
2695,5,4,2024-09-24,Budget,30.97
2696,5,4,2024-09-24,Actual,27.69
2697,5,5,2024-09-28,Budget,37.12
2698,5,5,2024-09-28,Actual,37.09
2699,5,6,2024-09-21,Budget,32.52
2700,5,6,2024-09-21,Actual,32.86
2701,6,1,2024-09-06,Budget,40.63
2702,6,1,2024-09-06,Actual,43.71
2703,6,2,2024-09-17,Budget,54.22
2704,6,2,2024-09-17,Actual,58.28
2705,6,3,2024-09-19,Budget,31.21
2706,6,3,2024-09-19,Actual,27.63
2707,6,4,2024-09-26,Budget,47.75
2708,6,4,2024-09-26,Actual,46.86
2709,6,5,2024-09-08,Budget,44.26
2710,6,5,2024-09-08,Actual,49.54
2711,6,6,2024-09-17,Budget,31.18
2712,6,6,2024-09-17,Actual,29.42
2713,7,1,2024-09-18,Budget,6.11
2714,7,1,2024-09-18,Actual,5.29
2715,7,2,2024-09-09,Budget,7.23
2716,7,2,2024-09-09,Actual,6.36
2717,7,3,2024-09-05,Budget,7.79
2718,7,3,2024-09-05,Actual,7.35
2719,7,4,2024-09-16,Budget,9.23
2720,7,4,2024-09-16,Actual,8.77
2721,7,5,2024-09-16,Budget,5.79
2722,7,5,2024-09-16,Actual,5.71
2723,7,6,2024-09-14,Budget,8.96
2724,7,6,2024-09-14,Actual,9.71
2725,8,1,2024-09-15,Budget,10.43
2726,8,1,2024-09-15,Actual,11.57
2727,8,2,2024-09-28,Budget,12.92
2728,8,2,2024-09-28,Actual,11.48
2729,8,3,2024-09-26,Budget,11.01
2730,8,3,2024-09-26,Actual,10.95
2731,8,4,2024-09-15,Budget,11.2
2732,8,4,2024-09-15,Actual,10.52
2733,8,5,2024-09-22,Budget,12.65
2734,8,5,2024-09-22,Actual,10.9
2735,8,6,2024-09-10,Budget,12.21
2736,8,6,2024-09-10,Actual,13.74
2737,9,1,2024-09-23,Budget,4.74
2738,9,1,2024-09-23,Actual,5.35
2739,9,2,2024-09-19,Budget,5.66
2740,9,2,2024-09-19,Actual,6.43
2741,9,3,2024-09-01,Budget,5.52
2742,9,3,2024-09-01,Actual,6.35
2743,9,4,2024-09-03,Budget,4.34
2744,9,4,2024-09-03,Actual,4.24
2745,9,5,2024-09-14,Budget,5.12
2746,9,5,2024-09-14,Actual,5.82
2747,9,6,2024-09-12,Budget,3.6
2748,9,6,2024-09-12,Actual,3.63
2749,10,1,2024-09-10,Budget,8.11
2750,10,1,2024-09-10,Actual,8.37
2751,10,2,2024-09-08,Budget,6.16
2752,10,2,2024-09-08,Actual,6.94
2753,10,3,2024-09-10,Budget,4.8
2754,10,3,2024-09-10,Actual,5.1
2755,10,4,2024-09-24,Budget,7.25
2756,10,4,2024-09-24,Actual,8.24
2757,10,5,2024-09-14,Budget,5.21
2758,10,5,2024-09-14,Actual,4.67
2759,10,6,2024-09-02,Budget,5.07
2760,10,6,2024-09-02,Actual,4.59
2761,11,1,2024-09-25,Budget,7.91
2762,11,1,2024-09-25,Actual,6.79
2763,11,2,2024-09-18,Budget,7.72
2764,11,2,2024-09-18,Actual,7.1
2765,11,3,2024-09-16,Budget,11.02
2766,11,3,2024-09-16,Actual,10.3
2767,11,4,2024-09-12,Budget,8.14
2768,11,4,2024-09-12,Actual,8.16
2769,11,5,2024-09-21,Budget,7.47
2770,11,5,2024-09-21,Actual,8.24
2771,11,6,2024-09-07,Budget,8.58
2772,11,6,2024-09-07,Actual,8.61
2773,1,1,2024-10-02,Budget,121.6
2774,1,1,2024-10-02,Actual,132.45
2775,1,2,2024-10-21,Budget,83.49
2776,1,2,2024-10-21,Actual,81.72
2777,1,3,2024-10-15,Budget,85.77
2778,1,3,2024-10-15,Actual,78.11
2779,1,4,2024-10-20,Budget,124.39
2780,1,4,2024-10-20,Actual,113.27
2781,1,5,2024-10-20,Budget,91.31
2782,1,5,2024-10-20,Actual,91.61
2783,1,6,2024-10-04,Budget,101.18
2784,1,6,2024-10-04,Actual,104.0
2785,2,1,2024-10-25,Budget,33.61
2786,2,1,2024-10-25,Actual,30.19
2787,2,2,2024-10-08,Budget,43.28
2788,2,2,2024-10-08,Actual,46.29
2789,2,3,2024-10-14,Budget,30.67
2790,2,3,2024-10-14,Actual,30.02
2791,2,4,2024-10-07,Budget,33.05
2792,2,4,2024-10-07,Actual,30.53
2793,2,5,2024-10-05,Budget,38.89
2794,2,5,2024-10-05,Actual,40.47
2795,2,6,2024-10-15,Budget,42.32
2796,2,6,2024-10-15,Actual,43.97
2797,3,1,2024-10-24,Budget,4.99
2798,3,1,2024-10-24,Actual,4.4
2799,3,2,2024-10-14,Budget,7.04
2800,3,2,2024-10-14,Actual,6.12
2801,3,3,2024-10-15,Budget,4.1
2802,3,3,2024-10-15,Actual,3.68
2803,3,4,2024-10-01,Budget,6.46
2804,3,4,2024-10-01,Actual,6.06
2805,3,5,2024-10-23,Budget,6.03
2806,3,5,2024-10-23,Actual,5.19
2807,3,6,2024-10-28,Budget,6.46
2808,3,6,2024-10-28,Actual,5.71
2809,4,1,2024-10-08,Budget,43.05
2810,4,1,2024-10-08,Actual,47.66
2811,4,2,2024-10-15,Budget,24.92
2812,4,2,2024-10-15,Actual,27.07
2813,4,3,2024-10-16,Budget,31.81
2814,4,3,2024-10-16,Actual,32.18
2815,4,4,2024-10-01,Budget,37.62
2816,4,4,2024-10-01,Actual,39.98
2817,4,5,2024-10-19,Budget,38.7
2818,4,5,2024-10-19,Actual,33.16
2819,4,6,2024-10-23,Budget,25.35
2820,4,6,2024-10-23,Actual,22.0
2821,5,1,2024-10-14,Budget,28.91
2822,5,1,2024-10-14,Actual,27.92
2823,5,2,2024-10-01,Budget,30.24
2824,5,2,2024-10-01,Actual,32.45
2825,5,3,2024-10-19,Budget,21.17
2826,5,3,2024-10-19,Actual,18.45
2827,5,4,2024-10-11,Budget,27.58
2828,5,4,2024-10-11,Actual,27.99
2829,5,5,2024-10-10,Budget,25.38
2830,5,5,2024-10-10,Actual,26.76
2831,5,6,2024-10-11,Budget,22.41
2832,5,6,2024-10-11,Actual,22.35
2833,6,1,2024-10-05,Budget,40.35
2834,6,1,2024-10-05,Actual,45.36
2835,6,2,2024-10-01,Budget,50.96
2836,6,2,2024-10-01,Actual,53.51
2837,6,3,2024-10-11,Budget,43.75
2838,6,3,2024-10-11,Actual,38.92
2839,6,4,2024-10-03,Budget,43.12
2840,6,4,2024-10-03,Actual,37.64
2841,6,5,2024-10-25,Budget,49.76
2842,6,5,2024-10-25,Actual,53.47
2843,6,6,2024-10-04,Budget,41.56
2844,6,6,2024-10-04,Actual,37.94
2845,7,1,2024-10-14,Budget,7.21
2846,7,1,2024-10-14,Actual,6.14
2847,7,2,2024-10-27,Budget,5.95
2848,7,2,2024-10-27,Actual,6.38
2849,7,3,2024-10-08,Budget,8.51
2850,7,3,2024-10-08,Actual,9.0
2851,7,4,2024-10-13,Budget,7.99
2852,7,4,2024-10-13,Actual,9.1
2853,7,5,2024-10-16,Budget,6.48
2854,7,5,2024-10-16,Actual,5.89
2855,7,6,2024-10-08,Budget,5.54
2856,7,6,2024-10-08,Actual,5.85
2857,8,1,2024-10-24,Budget,11.15
2858,8,1,2024-10-24,Actual,10.44
2859,8,2,2024-10-15,Budget,14.91
2860,8,2,2024-10-15,Actual,15.98
2861,8,3,2024-10-03,Budget,13.0
2862,8,3,2024-10-03,Actual,12.39
2863,8,4,2024-10-19,Budget,10.91
2864,8,4,2024-10-19,Actual,11.41
2865,8,5,2024-10-02,Budget,13.9
2866,8,5,2024-10-02,Actual,12.94
2867,8,6,2024-10-26,Budget,10.69
2868,8,6,2024-10-26,Actual,11.81
2869,9,1,2024-10-21,Budget,5.23
2870,9,1,2024-10-21,Actual,5.92
2871,9,2,2024-10-25,Budget,4.43
2872,9,2,2024-10-25,Actual,4.93
2873,9,3,2024-10-05,Budget,4.61
2874,9,3,2024-10-05,Actual,4.33
2875,9,4,2024-10-22,Budget,5.44
2876,9,4,2024-10-22,Actual,6.0
2877,9,5,2024-10-09,Budget,4.31
2878,9,5,2024-10-09,Actual,4.47
2879,9,6,2024-10-26,Budget,3.95
2880,9,6,2024-10-26,Actual,3.86
2881,10,1,2024-10-04,Budget,5.39
2882,10,1,2024-10-04,Actual,5.23
2883,10,2,2024-10-03,Budget,8.65
2884,10,2,2024-10-03,Actual,7.75
2885,10,3,2024-10-25,Budget,8.02
2886,10,3,2024-10-25,Actual,8.94
2887,10,4,2024-10-23,Budget,8.41
2888,10,4,2024-10-23,Actual,8.63
2889,10,5,2024-10-01,Budget,7.34
2890,10,5,2024-10-01,Actual,7.88
2891,10,6,2024-10-02,Budget,6.07
2892,10,6,2024-10-02,Actual,6.58
2893,11,1,2024-10-13,Budget,10.43
2894,11,1,2024-10-13,Actual,10.02
2895,11,2,2024-10-04,Budget,10.4
2896,11,2,2024-10-04,Actual,11.72
2897,11,3,2024-10-12,Budget,10.85
2898,11,3,2024-10-12,Actual,9.8
2899,11,4,2024-10-04,Budget,7.42
2900,11,4,2024-10-04,Actual,7.89
2901,11,5,2024-10-02,Budget,9.55
2902,11,5,2024-10-02,Actual,10.77
2903,11,6,2024-10-25,Budget,7.09
2904,11,6,2024-10-25,Actual,7.72
2905,1,1,2024-11-10,Budget,82.51
2906,1,1,2024-11-10,Actual,92.9
2907,1,2,2024-11-12,Budget,101.66
2908,1,2,2024-11-12,Actual,101.18
2909,1,3,2024-11-13,Budget,123.47
2910,1,3,2024-11-13,Actual,118.17
2911,1,4,2024-11-12,Budget,103.72
2912,1,4,2024-11-12,Actual,100.8
2913,1,5,2024-11-24,Budget,99.61
2914,1,5,2024-11-24,Actual,110.18
2915,1,6,2024-11-14,Budget,111.8
2916,1,6,2024-11-14,Actual,98.79
2917,2,1,2024-11-03,Budget,35.77
2918,2,1,2024-11-03,Actual,36.1
2919,2,2,2024-11-01,Budget,40.86
2920,2,2,2024-11-01,Actual,37.2
2921,2,3,2024-11-14,Budget,42.5
2922,2,3,2024-11-14,Actual,36.81
2923,2,4,2024-11-23,Budget,48.81
2924,2,4,2024-11-23,Actual,44.79
2925,2,5,2024-11-15,Budget,36.74
2926,2,5,2024-11-15,Actual,33.62
2927,2,6,2024-11-15,Budget,33.31
2928,2,6,2024-11-15,Actual,32.94
2929,3,1,2024-11-23,Budget,6.07
2930,3,1,2024-11-23,Actual,6.97
2931,3,2,2024-11-11,Budget,4.16
2932,3,2,2024-11-11,Actual,4.23
2933,3,3,2024-11-14,Budget,5.85
2934,3,3,2024-11-14,Actual,6.44
2935,3,4,2024-11-27,Budget,5.9
2936,3,4,2024-11-27,Actual,5.32
2937,3,5,2024-11-23,Budget,7.08
2938,3,5,2024-11-23,Actual,7.06
2939,3,6,2024-11-05,Budget,4.55
2940,3,6,2024-11-05,Actual,4.96
2941,4,1,2024-11-10,Budget,34.04
2942,4,1,2024-11-10,Actual,33.37
2943,4,2,2024-11-05,Budget,42.84
2944,4,2,2024-11-05,Actual,43.27
2945,4,3,2024-11-14,Budget,29.17
2946,4,3,2024-11-14,Actual,28.73
2947,4,4,2024-11-11,Budget,32.0
2948,4,4,2024-11-11,Actual,31.82
2949,4,5,2024-11-03,Budget,30.01
2950,4,5,2024-11-03,Actual,30.67
2951,4,6,2024-11-20,Budget,37.45
2952,4,6,2024-11-20,Actual,34.88
2953,5,1,2024-11-15,Budget,24.14
2954,5,1,2024-11-15,Actual,23.75
2955,5,2,2024-11-01,Budget,21.6
2956,5,2,2024-11-01,Actual,21.89
2957,5,3,2024-11-09,Budget,24.69
2958,5,3,2024-11-09,Actual,26.45
2959,5,4,2024-11-04,Budget,35.47
2960,5,4,2024-11-04,Actual,39.13
2961,5,5,2024-11-23,Budget,26.71
2962,5,5,2024-11-23,Actual,23.6
2963,5,6,2024-11-25,Budget,26.33
2964,5,6,2024-11-25,Actual,29.52
2965,6,1,2024-11-12,Budget,44.36
2966,6,1,2024-11-12,Actual,49.56
2967,6,2,2024-11-16,Budget,46.84
2968,6,2,2024-11-16,Actual,51.51
2969,6,3,2024-11-27,Budget,36.79
2970,6,3,2024-11-27,Actual,38.63
2971,6,4,2024-11-28,Budget,45.03
2972,6,4,2024-11-28,Actual,43.01
2973,6,5,2024-11-09,Budget,44.76
2974,6,5,2024-11-09,Actual,47.88
2975,6,6,2024-11-23,Budget,33.39
2976,6,6,2024-11-23,Actual,29.48
2977,7,1,2024-11-20,Budget,7.65
2978,7,1,2024-11-20,Actual,8.39
2979,7,2,2024-11-13,Budget,9.75
2980,7,2,2024-11-13,Actual,9.66
2981,7,3,2024-11-26,Budget,8.14
2982,7,3,2024-11-26,Actual,8.15
2983,7,4,2024-11-17,Budget,9.94
2984,7,4,2024-11-17,Actual,10.11
2985,7,5,2024-11-25,Budget,9.35
2986,7,5,2024-11-25,Actual,8.13
2987,7,6,2024-11-15,Budget,6.82
2988,7,6,2024-11-15,Actual,7.66
2989,8,1,2024-11-05,Budget,9.54
2990,8,1,2024-11-05,Actual,8.77
2991,8,2,2024-11-28,Budget,11.73
2992,8,2,2024-11-28,Actual,11.19
2993,8,3,2024-11-18,Budget,8.51
2994,8,3,2024-11-18,Actual,7.31
2995,8,4,2024-11-26,Budget,15.07
2996,8,4,2024-11-26,Actual,16.21
2997,8,5,2024-11-06,Budget,12.06
2998,8,5,2024-11-06,Actual,13.58
2999,8,6,2024-11-08,Budget,12.51
3000,8,6,2024-11-08,Actual,10.85
3001,9,1,2024-11-01,Budget,4.14
3002,9,1,2024-11-01,Actual,4.62
3003,9,2,2024-11-19,Budget,3.71
3004,9,2,2024-11-19,Actual,3.48
3005,9,3,2024-11-07,Budget,4.83
3006,9,3,2024-11-07,Actual,5.07
3007,9,4,2024-11-26,Budget,3.77
3008,9,4,2024-11-26,Actual,4.24
3009,9,5,2024-11-05,Budget,5.4
3010,9,5,2024-11-05,Actual,5.03
3011,9,6,2024-11-05,Budget,5.63
3012,9,6,2024-11-05,Actual,5.96
3013,10,1,2024-11-08,Budget,8.29
3014,10,1,2024-11-08,Actual,8.01
3015,10,2,2024-11-07,Budget,6.75
3016,10,2,2024-11-07,Actual,7.64
3017,10,3,2024-11-14,Budget,7.72
3018,10,3,2024-11-14,Actual,6.85
3019,10,4,2024-11-23,Budget,6.54
3020,10,4,2024-11-23,Actual,6.18
3021,10,5,2024-11-18,Budget,6.68
3022,10,5,2024-11-18,Actual,6.82
3023,10,6,2024-11-15,Budget,5.9
3024,10,6,2024-11-15,Actual,5.37
3025,11,1,2024-11-26,Budget,7.2
3026,11,1,2024-11-26,Actual,7.79
3027,11,2,2024-11-20,Budget,9.47
3028,11,2,2024-11-20,Actual,10.36
3029,11,3,2024-11-22,Budget,10.63
3030,11,3,2024-11-22,Actual,10.6
3031,11,4,2024-11-10,Budget,8.83
3032,11,4,2024-11-10,Actual,7.55
3033,11,5,2024-11-21,Budget,9.53
3034,11,5,2024-11-21,Actual,10.09
3035,11,6,2024-11-11,Budget,8.84
3036,11,6,2024-11-11,Actual,8.0
3037,1,1,2024-12-24,Budget,100.85
3038,1,1,2024-12-24,Actual,98.03
3039,1,2,2024-12-12,Budget,99.44
3040,1,2,2024-12-12,Actual,86.71
3041,1,3,2024-12-28,Budget,103.64
3042,1,3,2024-12-28,Actual,115.77
3043,1,4,2024-12-02,Budget,69.51
3044,1,4,2024-12-02,Actual,63.52
3045,1,5,2024-12-25,Budget,77.97
3046,1,5,2024-12-25,Actual,78.5
3047,1,6,2024-12-15,Budget,82.35
3048,1,6,2024-12-15,Actual,72.76
3049,2,1,2024-12-10,Budget,43.13
3050,2,1,2024-12-10,Actual,41.33
3051,2,2,2024-12-08,Budget,28.79
3052,2,2,2024-12-08,Actual,27.46
3053,2,3,2024-12-21,Budget,47.68
3054,2,3,2024-12-21,Actual,45.52
3055,2,4,2024-12-13,Budget,36.58
3056,2,4,2024-12-13,Actual,37.26
3057,2,5,2024-12-11,Budget,42.12
3058,2,5,2024-12-11,Actual,40.38
3059,2,6,2024-12-05,Budget,28.83
3060,2,6,2024-12-05,Actual,28.58
3061,3,1,2024-12-18,Budget,7.08
3062,3,1,2024-12-18,Actual,6.42
3063,3,2,2024-12-03,Budget,6.63
3064,3,2,2024-12-03,Actual,6.46
3065,3,3,2024-12-03,Budget,6.99
3066,3,3,2024-12-03,Actual,7.19
3067,3,4,2024-12-04,Budget,6.74
3068,3,4,2024-12-04,Actual,6.34
3069,3,5,2024-12-26,Budget,7.29
3070,3,5,2024-12-26,Actual,6.43
3071,3,6,2024-12-16,Budget,6.95
3072,3,6,2024-12-16,Actual,6.83
3073,4,1,2024-12-01,Budget,37.96
3074,4,1,2024-12-01,Actual,41.95
3075,4,2,2024-12-07,Budget,28.86
3076,4,2,2024-12-07,Actual,29.66
3077,4,3,2024-12-05,Budget,41.16
3078,4,3,2024-12-05,Actual,43.3
3079,4,4,2024-12-17,Budget,45.04
3080,4,4,2024-12-17,Actual,46.61
3081,4,5,2024-12-06,Budget,42.29
3082,4,5,2024-12-06,Actual,45.01
3083,4,6,2024-12-06,Budget,43.49
3084,4,6,2024-12-06,Actual,49.35
3085,5,1,2024-12-16,Budget,22.31
3086,5,1,2024-12-16,Actual,21.37
3087,5,2,2024-12-23,Budget,23.69
3088,5,2,2024-12-23,Actual,22.08
3089,5,3,2024-12-28,Budget,31.73
3090,5,3,2024-12-28,Actual,33.22
3091,5,4,2024-12-03,Budget,31.09
3092,5,4,2024-12-03,Actual,33.13
3093,5,5,2024-12-10,Budget,26.11
3094,5,5,2024-12-10,Actual,29.24
3095,5,6,2024-12-10,Budget,33.15
3096,5,6,2024-12-10,Actual,37.05
3097,6,1,2024-12-22,Budget,45.17
3098,6,1,2024-12-22,Actual,41.58
3099,6,2,2024-12-01,Budget,50.08
3100,6,2,2024-12-01,Actual,50.01
3101,6,3,2024-12-26,Budget,37.36
3102,6,3,2024-12-26,Actual,35.0
3103,6,4,2024-12-26,Budget,50.52
3104,6,4,2024-12-26,Actual,45.6
3105,6,5,2024-12-23,Budget,52.94
3106,6,5,2024-12-23,Actual,51.91
3107,6,6,2024-12-07,Budget,33.6
3108,6,6,2024-12-07,Actual,32.46
3109,7,1,2024-12-06,Budget,5.79
3110,7,1,2024-12-06,Actual,5.55
3111,7,2,2024-12-09,Budget,9.1
3112,7,2,2024-12-09,Actual,10.07
3113,7,3,2024-12-02,Budget,6.21
3114,7,3,2024-12-02,Actual,6.57
3115,7,4,2024-12-06,Budget,9.28
3116,7,4,2024-12-06,Actual,8.48
3117,7,5,2024-12-21,Budget,7.88
3118,7,5,2024-12-21,Actual,8.84
3119,7,6,2024-12-26,Budget,6.76
3120,7,6,2024-12-26,Actual,7.16
3121,8,1,2024-12-02,Budget,13.98
3122,8,1,2024-12-02,Actual,15.03
3123,8,2,2024-12-11,Budget,9.6
3124,8,2,2024-12-11,Actual,10.97
3125,8,3,2024-12-15,Budget,14.51
3126,8,3,2024-12-15,Actual,15.44
3127,8,4,2024-12-11,Budget,9.71
3128,8,4,2024-12-11,Actual,9.47
3129,8,5,2024-12-22,Budget,12.08
3130,8,5,2024-12-22,Actual,12.96
3131,8,6,2024-12-17,Budget,10.16
3132,8,6,2024-12-17,Actual,11.59
3133,9,1,2024-12-09,Budget,5.17
3134,9,1,2024-12-09,Actual,5.07
3135,9,2,2024-12-11,Budget,5.1
3136,9,2,2024-12-11,Actual,4.46
3137,9,3,2024-12-21,Budget,5.64
3138,9,3,2024-12-21,Actual,6.31
3139,9,4,2024-12-22,Budget,5.04
3140,9,4,2024-12-22,Actual,5.27
3141,9,5,2024-12-18,Budget,3.93
3142,9,5,2024-12-18,Actual,3.95
3143,9,6,2024-12-04,Budget,4.59
3144,9,6,2024-12-04,Actual,4.69
3145,10,1,2024-12-09,Budget,5.59
3146,10,1,2024-12-09,Actual,5.44
3147,10,2,2024-12-05,Budget,6.41
3148,10,2,2024-12-05,Actual,5.96
3149,10,3,2024-12-06,Budget,6.52
3150,10,3,2024-12-06,Actual,6.31
3151,10,4,2024-12-26,Budget,7.83
3152,10,4,2024-12-26,Actual,7.52
3153,10,5,2024-12-02,Budget,7.16
3154,10,5,2024-12-02,Actual,6.24
3155,10,6,2024-12-07,Budget,5.73
3156,10,6,2024-12-07,Actual,5.69
3157,11,1,2024-12-22,Budget,8.54
3158,11,1,2024-12-22,Actual,9.63
3159,11,2,2024-12-16,Budget,9.44
3160,11,2,2024-12-16,Actual,8.58
3161,11,3,2024-12-18,Budget,10.17
3162,11,3,2024-12-18,Actual,11.58
3163,11,4,2024-12-08,Budget,10.61
3164,11,4,2024-12-08,Actual,10.97
3165,11,5,2024-12-28,Budget,7.3
3166,11,5,2024-12-28,Actual,8.29
3167,11,6,2024-12-11,Budget,8.39
3168,11,6,2024-12-11,Actual,8.41
