TransactionID,ProductID,WarehouseID,TransactionDate,TransactionType,Quantity,UnitCost,TotalValue
1,125,2,2023-01-01,Purchase,44,79.12,3481.28
2,126,5,2023-01-02,Purchase,34,31.59,1074.06
3,119,2,2023-01-02,Sale,50,2.21,110.5
4,141,8,2023-01-02,Purchase,6,96.84,581.04
5,5,8,2023-01-02,Purchase,5,32.09,160.45
6,69,2,2023-01-02,Sale,14,124.58,1744.12
7,24,5,2023-01-02,Purchase,34,92.42,3142.28
8,93,5,2023-01-02,Purchase,41,82.38,3377.58
9,94,7,2023-01-03,Purchase,32,99.93,3197.76
10,7,8,2023-01-03,Purchase,32,69.34,2218.88
11,104,7,2023-01-03,Purchase,10,70.71,707.1
12,89,6,2023-01-03,Sale,8,103.43,827.44
13,1,7,2023-01-03,Purchase,22,51.19,1126.18
14,51,5,2023-01-04,Sale,48,182.14,8742.72
15,65,7,2023-01-04,Sale,26,117.5,3055.0
16,20,5,2023-01-04,Sale,28,166.56,4663.68
17,13,5,2023-01-04,Purchase,4,25.18,100.72
18,39,7,2023-01-04,Purchase,18,104.64,1883.52
19,81,7,2023-01-05,Purchase,24,188.02,4512.48
20,8,7,2023-01-05,Sale,41,159.78,6550.98
21,142,2,2023-01-05,Sale,47,124.16,5835.52
22,13,8,2023-01-05,Return,27,25.18,679.86
23,36,8,2023-01-05,Sale,19,42.63,809.97
24,13,3,2023-01-05,Return,36,25.18,906.48
25,44,5,2023-01-05,Sale,22,197.94,4354.68
26,77,5,2023-01-05,Purchase,48,184.71,8866.08
27,104,8,2023-01-05,Sale,20,70.71,1414.2
28,143,3,2023-01-05,Sale,8,31.19,249.52
29,42,8,2023-01-05,Purchase,33,161.6,5332.8
30,141,8,2023-01-05,Purchase,22,96.84,2130.48
31,36,2,2023-01-06,Sale,16,42.63,682.08
32,45,6,2023-01-06,Purchase,6,40.34,242.04
33,62,4,2023-01-06,Sale,37,60.01,2220.37
34,6,7,2023-01-06,Sale,27,17.37,468.99
35,106,7,2023-01-06,Sale,14,103.82,1453.48
36,70,8,2023-01-06,Purchase,4,137.1,548.4
37,72,3,2023-01-06,Sale,24,10.36,248.64
38,129,2,2023-01-06,Sale,14,29.58,414.12
39,70,8,2023-01-06,Adjustment,5,137.1,685.5
40,111,3,2023-01-06,Return,2,29.66,59.32
41,109,8,2023-01-07,Sale,31,62.94,1951.14
42,19,8,2023-01-08,Sale,34,31.96,1086.64
43,64,3,2023-01-09,Sale,15,182.18,2732.7
44,39,2,2023-01-09,Sale,44,104.64,4604.16
45,118,1,2023-01-09,Purchase,50,193.2,9660.0
46,1,1,2023-01-09,Sale,15,51.19,767.85
47,78,5,2023-01-09,Return,41,29.15,1195.15
48,136,2,2023-01-09,Sale,45,159.94,7197.3
49,26,4,2023-01-09,Purchase,34,22.5,765.0
50,100,1,2023-01-09,Purchase,39,10.55,411.45
51,3,5,2023-01-09,Sale,30,146.43,4392.9
52,81,8,2023-01-09,Sale,16,188.02,3008.32
53,135,1,2023-01-09,Purchase,16,136.77,2188.32
54,79,8,2023-01-10,Purchase,13,16.36,212.68
55,108,7,2023-01-10,Purchase,15,110.09,1651.35
56,95,6,2023-01-10,Purchase,3,160.32,480.96
57,108,4,2023-01-10,Sale,26,110.09,2862.34
58,2,2,2023-01-10,Sale,48,18.21,874.08
59,53,5,2023-01-10,Sale,13,67.84,881.92
60,50,5,2023-01-10,Purchase,15,160.33,2404.95
61,76,8,2023-01-10,Purchase,40,102.53,4101.2
62,48,1,2023-01-10,Adjustment,6,68.87,413.22
63,38,4,2023-01-10,Return,4,195.74,782.96
64,37,1,2023-01-11,Sale,46,109.55,5039.3
65,48,6,2023-01-11,Sale,46,68.87,3168.02
66,29,6,2023-01-11,Return,11,31.95,351.45
67,49,8,2023-01-11,Purchase,34,168.41,5725.94
68,80,6,2023-01-12,Sale,25,134.56,3364.0
69,85,1,2023-01-12,Sale,7,141.85,992.95
70,21,7,2023-01-12,Purchase,23,30.84,709.32
71,32,4,2023-01-12,Sale,49,74.1,3630.9
72,92,7,2023-01-13,Sale,20,164.32,3286.4
73,23,4,2023-01-13,Purchase,31,190.14,5894.34
74,96,4,2023-01-13,Sale,29,55.25,1602.25
75,83,1,2023-01-13,Sale,31,149.84,4645.04
76,106,7,2023-01-13,Purchase,41,103.82,4256.62
77,11,2,2023-01-13,Sale,30,58.35,1750.5
78,16,2,2023-01-13,Purchase,48,176.91,8491.68
79,87,1,2023-01-13,Sale,22,5.86,128.92
80,68,6,2023-01-13,Sale,45,155.66,7004.7
81,71,2,2023-01-13,Purchase,47,176.88,8313.36
82,60,8,2023-01-14,Purchase,46,150.4,6918.4
83,65,3,2023-01-15,Return,32,117.5,3760.0
84,128,5,2023-01-15,Purchase,48,126.21,6058.08
85,39,6,2023-01-15,Sale,21,104.64,2197.44
86,118,2,2023-01-15,Sale,39,193.2,7534.8
87,51,4,2023-01-16,Sale,11,182.14,2003.54
88,105,8,2023-01-16,Purchase,3,5.04,15.12
89,142,7,2023-01-16,Sale,11,124.16,1365.76
90,27,2,2023-01-16,Return,17,15.33,260.61
91,54,8,2023-01-16,Purchase,32,93.71,2998.72
92,45,8,2023-01-16,Purchase,27,40.34,1089.18
93,61,2,2023-01-16,Sale,50,165.58,8279.0
94,76,5,2023-01-16,Purchase,37,102.53,3793.61
95,96,4,2023-01-16,Purchase,17,55.25,939.25
96,113,4,2023-01-16,Purchase,16,87.29,1396.64
97,40,4,2023-01-16,Purchase,38,107.45,4083.1
98,84,4,2023-01-16,Purchase,17,34.23,581.91
99,135,8,2023-01-17,Purchase,7,136.77,957.39
100,10,4,2023-01-17,Purchase,31,63.3,1962.3
101,115,5,2023-01-17,Return,3,49.96,149.88
102,60,4,2023-01-17,Purchase,13,150.4,1955.2
103,20,8,2023-01-17,Sale,12,166.56,1998.72
104,67,1,2023-01-17,Sale,43,174.82,7517.26
105,28,6,2023-01-17,Sale,46,69.33,3189.18
106,56,3,2023-01-17,Purchase,22,181.16,3985.52
107,12,1,2023-01-17,Purchase,17,6.47,109.99
108,53,7,2023-01-17,Sale,21,67.84,1424.64
109,96,2,2023-01-17,Purchase,20,55.25,1105.0
110,53,8,2023-01-17,Purchase,32,67.84,2170.88
111,105,3,2023-01-18,Purchase,26,5.04,131.04
112,137,7,2023-01-18,Purchase,11,20.2,222.2
113,70,5,2023-01-18,Sale,19,137.1,2604.9
114,107,6,2023-01-18,Return,20,132.35,2647.0
115,107,6,2023-01-18,Sale,50,132.35,6617.5
116,51,4,2023-01-19,Sale,26,182.14,4735.64
117,2,7,2023-01-19,Sale,11,18.21,200.31
118,30,6,2023-01-19,Sale,26,7.05,183.3
119,118,1,2023-01-19,Sale,9,193.2,1738.8
120,14,7,2023-01-19,Sale,42,27.61,1159.62
121,23,3,2023-01-19,Sale,24,190.14,4563.36
122,38,3,2023-01-19,Purchase,11,195.74,2153.14
123,18,4,2023-01-19,Purchase,32,177.07,5666.24
124,78,8,2023-01-19,Purchase,3,29.15,87.45
125,81,7,2023-01-19,Purchase,41,188.02,7708.82
126,23,3,2023-01-19,Return,40,190.14,7605.6
127,57,4,2023-01-19,Sale,40,165.65,6626.0
128,122,1,2023-01-19,Purchase,14,118.19,1654.66
129,103,7,2023-01-19,Return,11,59.41,653.51
130,32,4,2023-01-20,Purchase,47,74.1,3482.7
131,11,6,2023-01-20,Adjustment,-18,58.35,1050.3
132,31,5,2023-01-20,Sale,30,31.41,942.3
133,108,7,2023-01-20,Purchase,16,110.09,1761.44
134,100,8,2023-01-20,Sale,29,10.55,305.95
135,46,8,2023-01-20,Purchase,40,162.1,6484.0
136,120,8,2023-01-20,Purchase,49,101.55,4975.95
137,46,2,2023-01-20,Sale,26,162.1,4214.6
138,18,6,2023-01-20,Purchase,28,177.07,4957.96
139,114,1,2023-01-21,Sale,43,174.37,7497.91
140,34,6,2023-01-22,Purchase,47,19.01,893.47
141,21,7,2023-01-23,Purchase,33,30.84,1017.72
142,35,2,2023-01-23,Purchase,5,96.77,483.85
143,50,5,2023-01-23,Purchase,32,160.33,5130.56
144,43,4,2023-01-23,Sale,47,41.58,1954.26
145,17,5,2023-01-23,Sale,40,57.13,2285.2
146,41,5,2023-01-23,Purchase,40,46.16,1846.4
147,117,8,2023-01-23,Purchase,33,192.43,6350.19
148,54,4,2023-01-23,Sale,40,93.71,3748.4
149,82,3,2023-01-23,Sale,13,52.12,677.56
150,104,6,2023-01-23,Purchase,18,70.71,1272.78
151,97,2,2023-01-23,Purchase,17,18.58,315.86
152,136,8,2023-01-23,Purchase,24,159.94,3838.56
153,134,5,2023-01-24,Sale,7,112.59,788.13
154,138,6,2023-01-24,Sale,26,51.93,1350.18
155,68,3,2023-01-24,Sale,24,155.66,3735.84
156,93,8,2023-01-24,Purchase,6,82.38,494.28
157,59,1,2023-01-24,Purchase,48,160.27,7692.96
158,76,5,2023-01-24,Sale,17,102.53,1743.01
159,81,1,2023-01-24,Sale,48,188.02,9024.96
160,57,7,2023-01-24,Purchase,40,165.65,6626.0
161,107,3,2023-01-24,Sale,4,132.35,529.4
162,126,1,2023-01-24,Purchase,42,31.59,1326.78
163,6,6,2023-01-24,Purchase,37,17.37,642.69
164,78,4,2023-01-24,Purchase,23,29.15,670.45
165,78,6,2023-01-25,Sale,14,29.15,408.1
166,122,4,2023-01-25,Purchase,1,118.19,118.19
167,39,3,2023-01-25,Sale,5,104.64,523.2
168,70,1,2023-01-25,Sale,17,137.1,2330.7
169,15,6,2023-01-25,Sale,36,17.96,646.56
170,114,8,2023-01-25,Sale,34,174.37,5928.58
171,64,1,2023-01-25,Purchase,1,182.18,182.18
172,16,3,2023-01-25,Sale,26,176.91,4599.66
173,61,2,2023-01-25,Purchase,50,165.58,8279.0
174,4,4,2023-01-25,Sale,43,25.38,1091.34
175,106,7,2023-01-26,Purchase,39,103.82,4048.98
176,45,5,2023-01-26,Sale,5,40.34,201.7
177,13,8,2023-01-26,Return,47,25.18,1183.46
178,138,8,2023-01-26,Purchase,28,51.93,1454.04
179,21,3,2023-01-26,Sale,29,30.84,894.36
180,58,4,2023-01-26,Return,17,32.87,558.79
181,10,5,2023-01-27,Purchase,48,63.3,3038.4
182,14,7,2023-01-27,Purchase,36,27.61,993.96
183,134,4,2023-01-27,Return,19,112.59,2139.21
184,22,5,2023-01-27,Adjustment,-10,65.09,650.9
185,61,3,2023-01-27,Sale,13,165.58,2152.54
186,84,6,2023-01-27,Purchase,25,34.23,855.75
187,62,8,2023-01-27,Sale,41,60.01,2460.41
188,121,1,2023-01-27,Sale,45,19.99,899.55
189,7,4,2023-01-27,Sale,47,69.34,3258.98
190,79,2,2023-01-27,Sale,26,16.36,425.36
191,44,2,2023-01-27,Purchase,2,197.94,395.88
192,28,6,2023-01-27,Sale,11,69.33,762.63
193,37,1,2023-01-27,Sale,2,109.55,219.1
194,36,1,2023-01-27,Sale,41,42.63,1747.83
195,12,6,2023-01-28,Purchase,38,6.47,245.86
196,137,2,2023-01-29,Adjustment,4,20.2,80.8
197,64,1,2023-01-29,Purchase,8,182.18,1457.44
198,23,5,2023-01-30,Sale,41,190.14,7795.74
199,123,4,2023-01-30,Purchase,7,126.67,886.69
200,76,5,2023-01-30,Purchase,28,102.53,2870.84
201,6,1,2023-01-30,Sale,19,17.37,330.03
202,83,8,2023-01-31,Sale,39,149.84,5843.76
203,74,7,2023-01-31,Sale,2,66.47,132.94
204,8,2,2023-01-31,Sale,50,159.78,7989.0
205,89,4,2023-01-31,Sale,4,103.43,413.72
206,24,3,2023-01-31,Sale,19,92.42,1755.98
207,112,5,2023-01-31,Purchase,13,4.82,62.66
208,14,2,2023-01-31,Purchase,32,27.61,883.52
209,126,8,2023-01-31,Sale,12,31.59,379.08
210,89,5,2023-01-31,Return,33,103.43,3413.19
211,41,4,2023-02-01,Purchase,14,46.16,646.24
212,128,2,2023-02-01,Purchase,41,126.21,5174.61
213,126,2,2023-02-01,Sale,45,31.59,1421.55
214,84,7,2023-02-01,Sale,26,34.23,889.98
215,23,1,2023-02-01,Sale,42,190.14,7985.88
216,96,7,2023-02-01,Purchase,17,55.25,939.25
217,140,4,2023-02-01,Sale,25,195.2,4880.0
218,118,1,2023-02-01,Purchase,39,193.2,7534.8
219,90,3,2023-02-01,Sale,34,194.4,6609.6
220,116,6,2023-02-01,Sale,48,33.19,1593.12
221,44,5,2023-02-01,Sale,45,197.94,8907.3
222,60,4,2023-02-01,Purchase,30,150.4,4512.0
223,130,3,2023-02-01,Purchase,20,167.32,3346.4
224,64,6,2023-02-02,Sale,39,182.18,7105.02
225,42,5,2023-02-02,Purchase,13,161.6,2100.8
226,27,2,2023-02-02,Purchase,43,15.33,659.19
227,51,5,2023-02-02,Sale,10,182.14,1821.4
228,77,2,2023-02-02,Sale,13,184.71,2401.23
229,28,8,2023-02-02,Purchase,25,69.33,1733.25
230,4,4,2023-02-03,Sale,28,25.38,710.64
231,129,8,2023-02-03,Return,19,29.58,562.02
232,6,7,2023-02-03,Purchase,39,17.37,677.43
233,2,7,2023-02-03,Sale,28,18.21,509.88
234,59,2,2023-02-04,Sale,42,160.27,6731.34
235,117,2,2023-02-04,Sale,17,192.43,3271.31
236,63,3,2023-02-05,Sale,46,53.35,2454.1
237,65,8,2023-02-05,Sale,31,117.5,3642.5
238,6,3,2023-02-05,Sale,27,17.37,468.99
239,84,8,2023-02-05,Sale,25,34.23,855.75
240,10,3,2023-02-06,Purchase,14,63.3,886.2
241,52,8,2023-02-06,Sale,7,96.65,676.55
242,139,1,2023-02-06,Purchase,31,146.41,4538.71
243,95,8,2023-02-06,Sale,27,160.32,4328.64
244,54,7,2023-02-06,Return,12,93.71,1124.52
245,32,6,2023-02-07,Sale,40,74.1,2964.0
246,15,7,2023-02-07,Purchase,25,17.96,449.0
247,16,7,2023-02-07,Purchase,27,176.91,4776.57
248,91,4,2023-02-07,Sale,7,9.84,68.88
249,78,4,2023-02-07,Sale,34,29.15,991.1
250,101,3,2023-02-07,Sale,11,193.9,2132.9
251,18,4,2023-02-07,Sale,41,177.07,7259.87
252,121,4,2023-02-07,Sale,47,19.99,939.53
253,38,7,2023-02-07,Sale,41,195.74,8025.34
254,120,3,2023-02-07,Return,49,101.55,4975.95
255,121,5,2023-02-07,Sale,15,19.99,299.85
256,97,3,2023-02-07,Sale,28,18.58,520.24
257,1,6,2023-02-08,Sale,18,51.19,921.42
258,63,8,2023-02-08,Sale,21,53.35,1120.35
259,125,2,2023-02-08,Sale,41,79.12,3243.92
260,93,7,2023-02-08,Purchase,20,82.38,1647.6
261,15,6,2023-02-08,Purchase,37,17.96,664.52
262,36,1,2023-02-08,Sale,23,42.63,980.49
263,3,5,2023-02-08,Purchase,5,146.43,732.15
264,65,3,2023-02-08,Sale,38,117.5,4465.0
265,60,6,2023-02-08,Purchase,29,150.4,4361.6
266,40,3,2023-02-08,Purchase,26,107.45,2793.7
267,24,5,2023-02-08,Sale,36,92.42,3327.12
268,127,2,2023-02-09,Sale,34,10.67,362.78
269,113,2,2023-02-09,Sale,8,87.29,698.32
270,68,8,2023-02-09,Sale,9,155.66,1400.94
271,127,8,2023-02-09,Sale,31,10.67,330.77
272,37,8,2023-02-09,Sale,16,109.55,1752.8
273,43,1,2023-02-09,Sale,48,41.58,1995.84
274,42,8,2023-02-09,Sale,30,161.6,4848.0
275,76,7,2023-02-10,Sale,24,102.53,2460.72
276,108,2,2023-02-10,Return,44,110.09,4843.96
277,47,1,2023-02-10,Sale,41,17.95,735.95
278,6,6,2023-02-10,Sale,44,17.37,764.28
279,25,3,2023-02-10,Sale,32,159.98,5119.36
280,9,3,2023-02-10,Purchase,27,95.87,2588.49
281,87,6,2023-02-10,Purchase,43,5.86,251.98
282,88,4,2023-02-10,Sale,34,5.58,189.72
283,73,5,2023-02-10,Sale,28,7.52,210.56
284,142,5,2023-02-10,Purchase,19,124.16,2359.04
285,91,6,2023-02-10,Sale,26,9.84,255.84
286,129,6,2023-02-10,Return,33,29.58,976.14
287,53,6,2023-02-10,Sale,8,67.84,542.72
288,50,3,2023-02-10,Purchase,20,160.33,3206.6
289,23,7,2023-02-11,Sale,3,190.14,570.42
290,142,1,2023-02-11,Adjustment,16,124.16,1986.56
291,103,1,2023-02-11,Purchase,1,59.41,59.41
292,49,1,2023-02-11,Sale,31,168.41,5220.71
293,129,7,2023-02-11,Return,40,29.58,1183.2
294,38,2,2023-02-12,Sale,45,195.74,8808.3
295,55,8,2023-02-12,Purchase,41,35.66,1462.06
296,45,1,2023-02-12,Purchase,12,40.34,484.08
297,108,1,2023-02-12,Sale,42,110.09,4623.78
298,95,5,2023-02-12,Adjustment,-1,160.32,160.32
299,48,1,2023-02-13,Sale,21,68.87,1446.27
300,111,1,2023-02-13,Sale,38,29.66,1127.08
301,128,2,2023-02-13,Sale,3,126.21,378.63
302,108,8,2023-02-13,Sale,26,110.09,2862.34
303,18,3,2023-02-13,Purchase,25,177.07,4426.75
304,122,2,2023-02-13,Sale,36,118.19,4254.84
305,22,3,2023-02-13,Sale,14,65.09,911.26
306,4,2,2023-02-13,Sale,1,25.38,25.38
307,56,1,2023-02-14,Adjustment,10,181.16,1811.6
308,71,8,2023-02-14,Sale,16,176.88,2830.08
309,48,3,2023-02-14,Return,24,68.87,1652.88
310,22,8,2023-02-14,Purchase,36,65.09,2343.24
311,118,1,2023-02-14,Sale,17,193.2,3284.4
312,3,2,2023-02-15,Purchase,42,146.43,6150.06
313,100,3,2023-02-15,Purchase,47,10.55,495.85
314,125,6,2023-02-15,Sale,21,79.12,1661.52
315,113,3,2023-02-15,Sale,11,87.29,960.19
316,93,7,2023-02-16,Return,11,82.38,906.18
317,123,5,2023-02-16,Sale,29,126.67,3673.43
318,86,6,2023-02-16,Purchase,4,40.76,163.04
319,4,5,2023-02-16,Sale,39,25.38,989.82
320,110,7,2023-02-16,Return,16,41.33,661.28
321,97,8,2023-02-17,Sale,15,18.58,278.7
322,73,5,2023-02-17,Sale,21,7.52,157.92
323,69,1,2023-02-17,Sale,38,124.58,4734.04
324,74,3,2023-02-17,Sale,37,66.47,2459.39
325,71,8,2023-02-17,Return,36,176.88,6367.68
326,89,8,2023-02-17,Sale,35,103.43,3620.05
327,98,4,2023-02-17,Purchase,49,172.83,8468.67
328,80,7,2023-02-17,Sale,44,134.56,5920.64
329,120,1,2023-02-17,Sale,17,101.55,1726.35
330,99,6,2023-02-17,Sale,6,84.72,508.32
331,60,5,2023-02-18,Sale,34,150.4,5113.6
332,83,4,2023-02-19,Sale,38,149.84,5693.92
333,49,3,2023-02-19,Purchase,6,168.41,1010.46
334,75,6,2023-02-19,Sale,37,139.16,5148.92
335,104,4,2023-02-19,Sale,10,70.71,707.1
336,12,6,2023-02-19,Return,32,6.47,207.04
337,96,3,2023-02-20,Sale,6,55.25,331.5
338,81,5,2023-02-20,Sale,23,188.02,4324.46
339,133,1,2023-02-20,Sale,7,128.15,897.05
340,53,8,2023-02-20,Return,37,67.84,2510.08
341,55,5,2023-02-20,Purchase,50,35.66,1783.0
342,25,3,2023-02-21,Return,50,159.98,7999.0
343,66,4,2023-02-21,Sale,22,27.89,613.58
344,47,1,2023-02-21,Sale,2,17.95,35.9
345,9,8,2023-02-21,Sale,46,95.87,4410.02
346,125,7,2023-02-21,Return,5,79.12,395.6
347,31,5,2023-02-21,Sale,6,31.41,188.46
348,82,2,2023-02-21,Sale,42,52.12,2189.04
349,130,3,2023-02-21,Sale,29,167.32,4852.28
350,95,4,2023-02-21,Return,47,160.32,7535.04
351,45,6,2023-02-21,Purchase,17,40.34,685.78
352,142,5,2023-02-22,Return,4,124.16,496.64
353,132,8,2023-02-22,Sale,42,129.29,5430.18
354,15,1,2023-02-22,Purchase,21,17.96,377.16
355,51,8,2023-02-22,Sale,20,182.14,3642.8
356,27,5,2023-02-23,Sale,24,15.33,367.92
357,100,7,2023-02-23,Purchase,31,10.55,327.05
358,44,1,2023-02-23,Sale,10,197.94,1979.4
359,120,1,2023-02-23,Sale,13,101.55,1320.15
360,41,2,2023-02-23,Return,15,46.16,692.4
361,96,2,2023-02-23,Adjustment,8,55.25,442.0
362,99,2,2023-02-23,Sale,41,84.72,3473.52
363,116,4,2023-02-23,Return,21,33.19,696.99
364,123,3,2023-02-23,Purchase,24,126.67,3040.08
365,85,3,2023-02-23,Purchase,4,141.85,567.4
366,116,8,2023-02-23,Sale,10,33.19,331.9
367,39,4,2023-02-23,Purchase,27,104.64,2825.28
368,40,5,2023-02-23,Purchase,37,107.45,3975.65
369,86,8,2023-02-23,Sale,17,40.76,692.92
370,82,2,2023-02-24,Sale,31,52.12,1615.72
371,40,4,2023-02-24,Return,4,107.45,429.8
372,144,2,2023-02-24,Sale,19,62.27,1183.13
373,66,7,2023-02-24,Sale,24,27.89,669.36
374,67,2,2023-02-24,Return,16,174.82,2797.12
375,75,1,2023-02-25,Sale,11,139.16,1530.76
376,76,1,2023-02-25,Purchase,41,102.53,4203.73
377,114,3,2023-02-25,Sale,22,174.37,3836.14
378,114,5,2023-02-25,Purchase,34,174.37,5928.58
379,93,4,2023-02-26,Sale,27,82.38,2224.26
380,71,3,2023-02-26,Sale,9,176.88,1591.92
381,59,2,2023-02-27,Sale,13,160.27,2083.51
382,23,5,2023-02-27,Adjustment,11,190.14,2091.54
383,45,4,2023-02-27,Purchase,40,40.34,1613.6
384,79,7,2023-02-27,Purchase,5,16.36,81.8
385,15,6,2023-02-27,Sale,23,17.96,413.08
386,73,2,2023-02-27,Sale,32,7.52,240.64
387,4,8,2023-02-27,Sale,49,25.38,1243.62
388,35,3,2023-02-27,Adjustment,-5,96.77,483.85
389,94,6,2023-02-27,Purchase,45,99.93,4496.85
390,2,2,2023-02-27,Sale,29,18.21,528.09
391,31,6,2023-02-27,Sale,16,31.41,502.56
392,98,5,2023-02-27,Sale,4,172.83,691.32
393,127,3,2023-02-28,Sale,2,10.67,21.34
394,6,4,2023-02-28,Purchase,6,17.37,104.22
395,47,5,2023-02-28,Purchase,20,17.95,359.0
396,143,1,2023-02-28,Sale,2,31.19,62.38
397,25,4,2023-02-28,Return,48,159.98,7679.04
398,5,8,2023-03-01,Sale,41,32.09,1315.69
399,134,2,2023-03-01,Purchase,29,112.59,3265.11
400,90,1,2023-03-01,Adjustment,-9,194.4,1749.6
401,70,5,2023-03-01,Purchase,32,137.1,4387.2
402,29,3,2023-03-01,Purchase,26,31.95,830.7
403,139,3,2023-03-01,Sale,15,146.41,2196.15
404,119,1,2023-03-01,Sale,11,2.21,24.31
405,100,1,2023-03-01,Sale,39,10.55,411.45
406,14,7,2023-03-02,Sale,22,27.61,607.42
407,62,7,2023-03-02,Sale,46,60.01,2760.46
408,83,1,2023-03-02,Sale,36,149.84,5394.24
409,84,6,2023-03-02,Sale,44,34.23,1506.12
410,64,1,2023-03-02,Adjustment,20,182.18,3643.6
411,94,2,2023-03-02,Purchase,12,99.93,1199.16
412,84,1,2023-03-02,Sale,33,34.23,1129.59
413,58,8,2023-03-02,Purchase,26,32.87,854.62
414,12,1,2023-03-02,Sale,3,6.47,19.41
415,69,5,2023-03-02,Return,40,124.58,4983.2
416,139,2,2023-03-03,Sale,3,146.41,439.23
417,65,7,2023-03-03,Purchase,1,117.5,117.5
418,61,2,2023-03-03,Return,19,165.58,3146.02
419,79,2,2023-03-03,Purchase,11,16.36,179.96
420,16,5,2023-03-03,Sale,33,176.91,5838.03
421,22,3,2023-03-03,Sale,35,65.09,2278.15
422,113,5,2023-03-03,Purchase,9,87.29,785.61
423,105,4,2023-03-03,Sale,18,5.04,90.72
424,23,8,2023-03-03,Sale,19,190.14,3612.66
425,57,6,2023-03-03,Sale,13,165.65,2153.45
426,118,8,2023-03-03,Adjustment,19,193.2,3670.8
427,121,4,2023-03-03,Sale,2,19.99,39.98
428,86,7,2023-03-03,Purchase,33,40.76,1345.08
429,102,3,2023-03-03,Purchase,23,186.58,4291.34
430,83,5,2023-03-04,Sale,32,149.84,4794.88
431,73,1,2023-03-04,Adjustment,-2,7.52,15.04
432,41,6,2023-03-05,Sale,39,46.16,1800.24
433,16,6,2023-03-06,Sale,29,176.91,5130.39
434,28,3,2023-03-06,Sale,44,69.33,3050.52
435,107,3,2023-03-06,Purchase,23,132.35,3044.05
436,52,2,2023-03-06,Sale,18,96.65,1739.7
437,122,3,2023-03-06,Purchase,41,118.19,4845.79
438,106,2,2023-03-06,Adjustment,6,103.82,622.92
439,128,3,2023-03-06,Sale,37,126.21,4669.77
440,107,2,2023-03-06,Sale,18,132.35,2382.3
441,98,5,2023-03-06,Adjustment,9,172.83,1555.47
442,91,7,2023-03-06,Purchase,26,9.84,255.84
443,83,8,2023-03-06,Purchase,48,149.84,7192.32
444,114,5,2023-03-07,Purchase,35,174.37,6102.95
445,38,4,2023-03-07,Sale,25,195.74,4893.5
446,23,6,2023-03-07,Sale,22,190.14,4183.08
447,63,7,2023-03-07,Return,14,53.35,746.9
448,3,8,2023-03-07,Purchase,17,146.43,2489.31
449,77,5,2023-03-07,Return,50,184.71,9235.5
450,138,7,2023-03-07,Sale,28,51.93,1454.04
451,100,6,2023-03-07,Sale,3,10.55,31.65
452,116,2,2023-03-07,Return,44,33.19,1460.36
453,135,6,2023-03-07,Purchase,27,136.77,3692.79
454,103,3,2023-03-08,Sale,37,59.41,2198.17
455,49,7,2023-03-08,Return,32,168.41,5389.12
456,113,6,2023-03-08,Sale,38,87.29,3317.02
457,136,3,2023-03-08,Sale,6,159.94,959.64
458,93,5,2023-03-08,Purchase,5,82.38,411.9
459,132,5,2023-03-08,Purchase,42,129.29,5430.18
460,88,7,2023-03-08,Sale,33,5.58,184.14
461,41,4,2023-03-08,Sale,33,46.16,1523.28
462,130,1,2023-03-08,Adjustment,-9,167.32,1505.88
463,28,1,2023-03-08,Sale,41,69.33,2842.53
464,106,5,2023-03-08,Purchase,1,103.82,103.82
465,142,7,2023-03-08,Purchase,20,124.16,2483.2
466,4,3,2023-03-09,Sale,13,25.38,329.94
467,128,5,2023-03-09,Sale,37,126.21,4669.77
468,137,4,2023-03-09,Sale,10,20.2,202.0
469,106,3,2023-03-09,Sale,10,103.82,1038.2
470,133,1,2023-03-09,Sale,7,128.15,897.05
471,20,8,2023-03-10,Purchase,34,166.56,5663.04
472,120,1,2023-03-10,Sale,4,101.55,406.2
473,83,6,2023-03-10,Purchase,16,149.84,2397.44
474,71,2,2023-03-10,Purchase,18,176.88,3183.84
475,17,7,2023-03-10,Purchase,29,57.13,1656.77
476,14,1,2023-03-11,Purchase,26,27.61,717.86
477,14,4,2023-03-12,Sale,16,27.61,441.76
478,12,3,2023-03-12,Purchase,38,6.47,245.86
479,81,5,2023-03-12,Purchase,30,188.02,5640.6
480,108,2,2023-03-12,Sale,32,110.09,3522.88
481,100,4,2023-03-13,Sale,38,10.55,400.9
482,106,8,2023-03-13,Purchase,46,103.82,4775.72
483,6,2,2023-03-13,Sale,16,17.37,277.92
484,45,3,2023-03-13,Purchase,25,40.34,1008.5
485,2,7,2023-03-13,Return,19,18.21,345.99
486,144,7,2023-03-13,Sale,22,62.27,1369.94
487,86,2,2023-03-13,Sale,5,40.76,203.8
488,90,4,2023-03-14,Sale,25,194.4,4860.0
489,120,7,2023-03-14,Purchase,16,101.55,1624.8
490,9,6,2023-03-14,Purchase,2,95.87,191.74
491,40,2,2023-03-14,Purchase,9,107.45,967.05
492,51,8,2023-03-14,Purchase,9,182.14,1639.26
493,120,3,2023-03-14,Sale,16,101.55,1624.8
494,95,7,2023-03-14,Sale,47,160.32,7535.04
495,97,4,2023-03-14,Sale,38,18.58,706.04
496,77,4,2023-03-14,Return,33,184.71,6095.43
497,59,5,2023-03-14,Adjustment,-12,160.27,1923.24
498,113,4,2023-03-15,Sale,24,87.29,2094.96
499,104,3,2023-03-15,Sale,14,70.71,989.94
500,32,5,2023-03-15,Sale,6,74.1,444.6
501,99,3,2023-03-15,Purchase,46,84.72,3897.12
502,80,2,2023-03-15,Purchase,46,134.56,6189.76
503,46,6,2023-03-15,Sale,15,162.1,2431.5
504,49,2,2023-03-15,Sale,7,168.41,1178.87
505,144,5,2023-03-15,Return,33,62.27,2054.91
506,50,2,2023-03-15,Purchase,20,160.33,3206.6
507,58,7,2023-03-15,Purchase,46,32.87,1512.02
508,73,3,2023-03-15,Sale,30,7.52,225.6
509,71,6,2023-03-15,Purchase,24,176.88,4245.12
510,106,8,2023-03-15,Purchase,46,103.82,4775.72
511,103,2,2023-03-16,Sale,41,59.41,2435.81
512,47,4,2023-03-16,Purchase,18,17.95,323.1
513,11,3,2023-03-16,Sale,39,58.35,2275.65
514,111,3,2023-03-16,Purchase,20,29.66,593.2
515,98,5,2023-03-16,Sale,36,172.83,6221.88
516,46,8,2023-03-16,Sale,15,162.1,2431.5
517,134,6,2023-03-16,Purchase,28,112.59,3152.52
518,29,5,2023-03-17,Sale,50,31.95,1597.5
519,11,1,2023-03-17,Adjustment,18,58.35,1050.3
520,63,6,2023-03-17,Sale,3,53.35,160.05
521,54,2,2023-03-17,Sale,23,93.71,2155.33
522,101,4,2023-03-18,Return,40,193.9,7756.0
523,72,7,2023-03-18,Sale,23,10.36,238.28
524,114,8,2023-03-18,Return,45,174.37,7846.65
525,131,4,2023-03-18,Purchase,45,117.64,5293.8
526,132,3,2023-03-19,Sale,50,129.29,6464.5
527,126,5,2023-03-19,Sale,3,31.59,94.77
528,45,4,2023-03-19,Sale,50,40.34,2017.0
529,140,3,2023-03-19,Purchase,4,195.2,780.8
530,89,5,2023-03-20,Sale,13,103.43,1344.59
531,36,8,2023-03-20,Purchase,46,42.63,1960.98
532,124,1,2023-03-20,Purchase,16,170.94,2735.04
533,132,6,2023-03-20,Sale,9,129.29,1163.61
534,77,3,2023-03-20,Purchase,46,184.71,8496.66
535,62,7,2023-03-20,Purchase,8,60.01,480.08
536,44,8,2023-03-20,Sale,10,197.94,1979.4
537,104,5,2023-03-20,Sale,8,70.71,565.68
538,4,1,2023-03-20,Sale,14,25.38,355.32
539,72,5,2023-03-21,Purchase,8,10.36,82.88
540,115,6,2023-03-21,Return,11,49.96,549.56
541,114,5,2023-03-21,Sale,24,174.37,4184.88
542,44,1,2023-03-21,Sale,3,197.94,593.82
543,125,6,2023-03-22,Purchase,46,79.12,3639.52
544,68,7,2023-03-22,Purchase,32,155.66,4981.12
545,126,6,2023-03-22,Purchase,35,31.59,1105.65
546,3,5,2023-03-22,Sale,6,146.43,878.58
547,65,3,2023-03-22,Sale,6,117.5,705.0
548,8,3,2023-03-22,Purchase,26,159.78,4154.28
549,76,3,2023-03-22,Sale,41,102.53,4203.73
550,27,6,2023-03-22,Sale,20,15.33,306.6
551,98,6,2023-03-22,Purchase,23,172.83,3975.09
552,59,6,2023-03-22,Sale,36,160.27,5769.72
553,65,2,2023-03-22,Purchase,3,117.5,352.5
554,104,8,2023-03-23,Return,14,70.71,989.94
555,109,5,2023-03-23,Sale,11,62.94,692.34
556,21,3,2023-03-23,Purchase,15,30.84,462.6
557,36,2,2023-03-23,Sale,26,42.63,1108.38
558,11,4,2023-03-23,Adjustment,-8,58.35,466.8
559,96,7,2023-03-23,Purchase,40,55.25,2210.0
560,37,1,2023-03-23,Purchase,43,109.55,4710.65
561,132,2,2023-03-23,Sale,22,129.29,2844.38
562,113,3,2023-03-23,Purchase,12,87.29,1047.48
563,97,6,2023-03-23,Purchase,29,18.58,538.82
564,51,6,2023-03-23,Sale,35,182.14,6374.9
565,133,3,2023-03-23,Sale,35,128.15,4485.25
566,103,2,2023-03-23,Return,40,59.41,2376.4
567,85,7,2023-03-24,Sale,20,141.85,2837.0
568,95,3,2023-03-24,Sale,42,160.32,6733.44
569,77,1,2023-03-24,Adjustment,20,184.71,3694.2
570,49,8,2023-03-24,Purchase,48,168.41,8083.68
571,38,7,2023-03-25,Sale,24,195.74,4697.76
572,136,7,2023-03-26,Purchase,29,159.94,4638.26
573,67,4,2023-03-26,Purchase,12,174.82,2097.84
574,141,5,2023-03-26,Sale,15,96.84,1452.6
575,25,5,2023-03-27,Purchase,43,159.98,6879.14
576,126,4,2023-03-27,Purchase,30,31.59,947.7
577,139,2,2023-03-27,Sale,8,146.41,1171.28
578,105,3,2023-03-27,Sale,29,5.04,146.16
579,129,2,2023-03-27,Sale,46,29.58,1360.68
580,132,7,2023-03-27,Purchase,44,129.29,5688.76
581,140,8,2023-03-27,Purchase,13,195.2,2537.6
582,24,1,2023-03-27,Purchase,50,92.42,4621.0
583,104,1,2023-03-27,Purchase,24,70.71,1697.04
584,4,8,2023-03-27,Sale,14,25.38,355.32
585,77,7,2023-03-27,Purchase,9,184.71,1662.39
586,23,2,2023-03-27,Sale,13,190.14,2471.82
587,91,6,2023-03-27,Purchase,48,9.84,472.32
588,3,4,2023-03-27,Sale,8,146.43,1171.44
589,132,8,2023-03-28,Sale,23,129.29,2973.67
590,12,2,2023-03-28,Sale,23,6.47,148.81
591,92,2,2023-03-28,Sale,39,164.32,6408.48
592,9,4,2023-03-28,Return,44,95.87,4218.28
593,66,8,2023-03-28,Sale,45,27.89,1255.05
594,6,8,2023-03-28,Sale,38,17.37,660.06
595,30,2,2023-03-28,Sale,32,7.05,225.6
596,19,3,2023-03-28,Sale,12,31.96,383.52
597,142,7,2023-03-28,Return,44,124.16,5463.04
598,65,5,2023-03-29,Sale,45,117.5,5287.5
599,114,3,2023-03-29,Purchase,22,174.37,3836.14
600,125,1,2023-03-29,Sale,3,79.12,237.36
601,20,7,2023-03-29,Purchase,42,166.56,6995.52
602,122,8,2023-03-29,Return,45,118.19,5318.55
603,101,2,2023-03-29,Purchase,40,193.9,7756.0
604,85,3,2023-03-30,Sale,20,141.85,2837.0
605,12,8,2023-03-30,Purchase,24,6.47,155.28
606,85,6,2023-03-30,Sale,25,141.85,3546.25
607,81,8,2023-03-30,Purchase,38,188.02,7144.76
608,86,8,2023-03-30,Purchase,16,40.76,652.16
609,12,3,2023-03-30,Sale,47,6.47,304.09
610,70,5,2023-03-30,Sale,5,137.1,685.5
611,92,3,2023-03-30,Sale,34,164.32,5586.88
612,9,2,2023-03-30,Return,50,95.87,4793.5
613,110,2,2023-03-31,Sale,41,41.33,1694.53
614,93,3,2023-03-31,Sale,16,82.38,1318.08
615,19,6,2023-03-31,Purchase,49,31.96,1566.04
616,93,4,2023-03-31,Sale,41,82.38,3377.58
617,90,6,2023-03-31,Adjustment,5,194.4,972.0
618,16,6,2023-03-31,Sale,43,176.91,7607.13
619,124,4,2023-03-31,Sale,16,170.94,2735.04
620,39,8,2023-04-01,Purchase,1,104.64,104.64
621,104,5,2023-04-01,Sale,37,70.71,2616.27
622,44,5,2023-04-01,Sale,10,197.94,1979.4
623,65,6,2023-04-02,Sale,36,117.5,4230.0
624,19,2,2023-04-02,Return,38,31.96,1214.48
625,46,8,2023-04-02,Purchase,23,162.1,3728.3
626,110,8,2023-04-03,Sale,5,41.33,206.65
627,82,1,2023-04-03,Adjustment,-4,52.12,208.48
628,43,1,2023-04-03,Sale,16,41.58,665.28
629,56,4,2023-04-03,Purchase,29,181.16,5253.64
630,73,4,2023-04-03,Adjustment,-14,7.52,105.28
631,62,1,2023-04-03,Sale,9,60.01,540.09
632,21,6,2023-04-03,Purchase,37,30.84,1141.08
633,35,1,2023-04-03,Purchase,18,96.77,1741.86
634,83,6,2023-04-03,Return,14,149.84,2097.76
635,7,6,2023-04-04,Sale,26,69.34,1802.84
636,45,1,2023-04-04,Purchase,27,40.34,1089.18
637,23,8,2023-04-04,Sale,22,190.14,4183.08
638,103,1,2023-04-04,Purchase,30,59.41,1782.3
639,7,6,2023-04-04,Return,37,69.34,2565.58
640,15,6,2023-04-04,Sale,46,17.96,826.16
641,41,4,2023-04-04,Purchase,10,46.16,461.6
642,37,6,2023-04-04,Sale,6,109.55,657.3
643,93,3,2023-04-04,Sale,35,82.38,2883.3
644,85,5,2023-04-05,Purchase,40,141.85,5674.0
645,123,5,2023-04-05,Sale,50,126.67,6333.5
646,141,5,2023-04-05,Return,30,96.84,2905.2
647,93,3,2023-04-05,Sale,18,82.38,1482.84
648,65,2,2023-04-05,Purchase,31,117.5,3642.5
649,93,4,2023-04-05,Purchase,41,82.38,3377.58
650,103,1,2023-04-05,Sale,6,59.41,356.46
651,35,4,2023-04-05,Purchase,35,96.77,3386.95
652,143,6,2023-04-05,Sale,17,31.19,530.23
653,39,3,2023-04-05,Return,48,104.64,5022.72
654,136,4,2023-04-05,Purchase,50,159.94,7997.0
655,114,4,2023-04-05,Return,32,174.37,5579.84
656,89,8,2023-04-05,Return,25,103.43,2585.75
657,55,2,2023-04-05,Purchase,2,35.66,71.32
658,4,7,2023-04-06,Purchase,42,25.38,1065.96
659,90,7,2023-04-06,Purchase,37,194.4,7192.8
660,105,4,2023-04-06,Return,25,5.04,126.0
661,8,7,2023-04-06,Purchase,17,159.78,2716.26
662,62,6,2023-04-06,Purchase,14,60.01,840.14
663,109,8,2023-04-06,Sale,20,62.94,1258.8
664,56,8,2023-04-06,Return,11,181.16,1992.76
665,69,5,2023-04-06,Return,9,124.58,1121.22
666,73,8,2023-04-06,Purchase,1,7.52,7.52
667,64,8,2023-04-06,Purchase,44,182.18,8015.92
668,55,6,2023-04-06,Sale,14,35.66,499.24
669,12,3,2023-04-06,Sale,29,6.47,187.63
670,112,2,2023-04-06,Adjustment,-19,4.82,91.58
671,39,3,2023-04-06,Return,1,104.64,104.64
672,39,2,2023-04-07,Sale,23,104.64,2406.72
673,44,2,2023-04-07,Sale,26,197.94,5146.44
674,107,7,2023-04-07,Purchase,43,132.35,5691.05
675,86,4,2023-04-07,Return,3,40.76,122.28
676,52,1,2023-04-07,Sale,45,96.65,4349.25
677,10,4,2023-04-07,Purchase,39,63.3,2468.7
678,111,1,2023-04-07,Sale,47,29.66,1394.02
679,13,2,2023-04-07,Return,21,25.18,528.78
680,31,7,2023-04-08,Return,9,31.41,282.69
681,46,3,2023-04-09,Purchase,35,162.1,5673.5
682,140,6,2023-04-10,Sale,8,195.2,1561.6
683,128,6,2023-04-10,Return,5,126.21,631.05
684,56,5,2023-04-10,Adjustment,-16,181.16,2898.56
685,46,2,2023-04-10,Purchase,18,162.1,2917.8
686,12,7,2023-04-10,Purchase,4,6.47,25.88
687,143,1,2023-04-10,Return,18,31.19,561.42
688,84,8,2023-04-10,Sale,42,34.23,1437.66
689,140,7,2023-04-10,Purchase,22,195.2,4294.4
690,69,7,2023-04-10,Sale,21,124.58,2616.18
691,99,7,2023-04-10,Return,25,84.72,2118.0
692,105,1,2023-04-10,Sale,41,5.04,206.64
693,62,7,2023-04-10,Sale,17,60.01,1020.17
694,62,2,2023-04-10,Sale,43,60.01,2580.43
695,23,1,2023-04-10,Sale,3,190.14,570.42
696,143,8,2023-04-11,Purchase,42,31.19,1309.98
697,141,1,2023-04-11,Sale,30,96.84,2905.2
698,122,6,2023-04-11,Sale,31,118.19,3663.89
699,140,7,2023-04-11,Return,16,195.2,3123.2
700,91,5,2023-04-11,Sale,26,9.84,255.84
701,83,4,2023-04-11,Purchase,35,149.84,5244.4
702,68,6,2023-04-11,Purchase,31,155.66,4825.46
703,134,4,2023-04-11,Sale,37,112.59,4165.83
704,37,6,2023-04-11,Purchase,49,109.55,5367.95
705,135,6,2023-04-11,Purchase,11,136.77,1504.47
706,45,8,2023-04-12,Purchase,43,40.34,1734.62
707,46,1,2023-04-12,Sale,42,162.1,6808.2
708,83,2,2023-04-12,Sale,28,149.84,4195.52
709,105,7,2023-04-12,Purchase,17,5.04,85.68
710,27,5,2023-04-12,Sale,43,15.33,659.19
711,116,7,2023-04-12,Sale,18,33.19,597.42
712,75,2,2023-04-12,Return,45,139.16,6262.2
713,123,3,2023-04-13,Sale,12,126.67,1520.04
714,2,8,2023-04-13,Sale,24,18.21,437.04
715,134,6,2023-04-13,Sale,40,112.59,4503.6
716,134,5,2023-04-13,Purchase,25,112.59,2814.75
717,5,5,2023-04-13,Sale,1,32.09,32.09
718,15,5,2023-04-13,Sale,20,17.96,359.2
719,83,8,2023-04-13,Purchase,17,149.84,2547.28
720,24,2,2023-04-13,Sale,32,92.42,2957.44
721,52,6,2023-04-13,Purchase,19,96.65,1836.35
722,12,6,2023-04-13,Sale,25,6.47,161.75
723,11,7,2023-04-13,Sale,19,58.35,1108.65
724,66,3,2023-04-14,Sale,25,27.89,697.25
725,50,6,2023-04-14,Return,46,160.33,7375.18
726,17,2,2023-04-14,Sale,22,57.13,1256.86
727,21,7,2023-04-14,Sale,25,30.84,771.0
728,135,1,2023-04-14,Sale,42,136.77,5744.34
729,28,8,2023-04-14,Sale,30,69.33,2079.9
730,112,3,2023-04-14,Sale,31,4.82,149.42
731,17,3,2023-04-14,Sale,32,57.13,1828.16
732,132,4,2023-04-14,Sale,1,129.29,129.29
733,52,5,2023-04-14,Sale,3,96.65,289.95
734,85,8,2023-04-15,Sale,50,141.85,7092.5
735,31,1,2023-04-15,Purchase,5,31.41,157.05
736,27,4,2023-04-15,Sale,49,15.33,751.17
737,117,4,2023-04-15,Purchase,44,192.43,8466.92
738,86,7,2023-04-15,Sale,4,40.76,163.04
739,36,3,2023-04-16,Return,4,42.63,170.52
740,83,1,2023-04-16,Purchase,34,149.84,5094.56
741,48,5,2023-04-16,Return,18,68.87,1239.66
742,23,5,2023-04-16,Purchase,17,190.14,3232.38
743,143,1,2023-04-16,Sale,27,31.19,842.13
744,78,7,2023-04-17,Purchase,25,29.15,728.75
745,139,3,2023-04-17,Purchase,13,146.41,1903.33
746,14,6,2023-04-17,Purchase,42,27.61,1159.62
747,119,3,2023-04-17,Sale,46,2.21,101.66
748,94,4,2023-04-17,Return,22,99.93,2198.46
749,117,1,2023-04-17,Return,36,192.43,6927.48
750,81,7,2023-04-17,Purchase,5,188.02,940.1
751,83,8,2023-04-17,Purchase,15,149.84,2247.6
752,52,8,2023-04-18,Sale,38,96.65,3672.7
753,104,4,2023-04-18,Return,29,70.71,2050.59
754,53,2,2023-04-18,Purchase,28,67.84,1899.52
755,13,8,2023-04-18,Purchase,5,25.18,125.9
756,47,3,2023-04-18,Purchase,47,17.95,843.65
757,128,5,2023-04-18,Purchase,47,126.21,5931.87
758,55,3,2023-04-18,Sale,11,35.66,392.26
759,53,2,2023-04-18,Sale,30,67.84,2035.2
760,24,4,2023-04-19,Return,27,92.42,2495.34
761,66,7,2023-04-19,Sale,29,27.89,808.81
762,40,1,2023-04-19,Adjustment,-12,107.45,1289.4
763,41,4,2023-04-19,Sale,19,46.16,877.04
764,82,3,2023-04-19,Sale,47,52.12,2449.64
765,80,4,2023-04-19,Return,21,134.56,2825.76
766,39,4,2023-04-19,Return,43,104.64,4499.52
767,9,5,2023-04-20,Purchase,10,95.87,958.7
768,58,2,2023-04-20,Sale,45,32.87,1479.15
769,51,3,2023-04-20,Sale,47,182.14,8560.58
770,111,2,2023-04-20,Purchase,26,29.66,771.16
771,10,4,2023-04-20,Sale,8,63.3,506.4
772,135,8,2023-04-20,Sale,19,136.77,2598.63
773,90,2,2023-04-20,Purchase,32,194.4,6220.8
774,52,2,2023-04-20,Sale,20,96.65,1933.0
775,52,4,2023-04-20,Purchase,18,96.65,1739.7
776,77,2,2023-04-20,Purchase,39,184.71,7203.69
777,89,5,2023-04-21,Purchase,10,103.43,1034.3
778,13,8,2023-04-21,Purchase,23,25.18,579.14
779,124,6,2023-04-21,Purchase,48,170.94,8205.12
780,46,2,2023-04-21,Purchase,20,162.1,3242.0
781,117,2,2023-04-22,Purchase,36,192.43,6927.48
782,42,1,2023-04-22,Sale,30,161.6,4848.0
783,9,2,2023-04-22,Purchase,38,95.87,3643.06
784,106,7,2023-04-22,Sale,9,103.82,934.38
785,91,3,2023-04-22,Purchase,47,9.84,462.48
786,44,6,2023-04-23,Sale,6,197.94,1187.64
787,2,5,2023-04-23,Sale,31,18.21,564.51
788,39,4,2023-04-23,Purchase,7,104.64,732.48
789,40,2,2023-04-24,Sale,35,107.45,3760.75
790,84,1,2023-04-24,Sale,11,34.23,376.53
791,130,5,2023-04-24,Purchase,13,167.32,2175.16
792,104,4,2023-04-24,Sale,9,70.71,636.39
793,137,1,2023-04-24,Sale,7,20.2,141.4
794,14,4,2023-04-25,Sale,45,27.61,1242.45
795,59,3,2023-04-25,Purchase,11,160.27,1762.97
796,68,7,2023-04-25,Return,28,155.66,4358.48
797,133,2,2023-04-25,Purchase,37,128.15,4741.55
798,22,4,2023-04-25,Sale,14,65.09,911.26
799,132,4,2023-04-26,Sale,4,129.29,517.16
800,19,1,2023-04-26,Sale,7,31.96,223.72
801,56,3,2023-04-26,Sale,45,181.16,8152.2
802,78,8,2023-04-26,Purchase,49,29.15,1428.35
803,47,7,2023-04-26,Purchase,27,17.95,484.65
804,9,3,2023-04-26,Purchase,16,95.87,1533.92
805,131,6,2023-04-26,Sale,10,117.64,1176.4
806,53,6,2023-04-27,Purchase,15,67.84,1017.6
807,18,1,2023-04-27,Return,31,177.07,5489.17
808,128,2,2023-04-27,Sale,22,126.21,2776.62
809,17,1,2023-04-27,Purchase,41,57.13,2342.33
810,94,6,2023-04-27,Sale,6,99.93,599.58
811,42,8,2023-04-27,Sale,32,161.6,5171.2
812,67,1,2023-04-28,Sale,20,174.82,3496.4
813,120,3,2023-04-28,Sale,44,101.55,4468.2
814,112,5,2023-04-28,Sale,41,4.82,197.62
815,137,2,2023-04-28,Sale,41,20.2,828.2
816,18,4,2023-04-28,Return,17,177.07,3010.19
817,62,4,2023-04-28,Purchase,30,60.01,1800.3
818,13,6,2023-04-29,Sale,26,25.18,654.68
819,98,4,2023-04-29,Sale,6,172.83,1036.98
820,87,5,2023-04-29,Sale,28,5.86,164.08
821,2,1,2023-04-29,Purchase,39,18.21,710.19
822,122,5,2023-04-30,Sale,39,118.19,4609.41
823,38,2,2023-05-01,Purchase,14,195.74,2740.36
824,91,1,2023-05-01,Sale,30,9.84,295.2
825,75,3,2023-05-01,Purchase,18,139.16,2504.88
826,114,4,2023-05-01,Sale,35,174.37,6102.95
827,31,1,2023-05-01,Purchase,41,31.41,1287.81
828,97,7,2023-05-01,Sale,12,18.58,222.96
829,70,6,2023-05-01,Purchase,10,137.1,1371.0
830,43,7,2023-05-01,Purchase,40,41.58,1663.2
831,79,4,2023-05-01,Sale,33,16.36,539.88
832,42,1,2023-05-01,Sale,1,161.6,161.6
833,45,8,2023-05-01,Purchase,16,40.34,645.44
834,65,2,2023-05-02,Sale,44,117.5,5170.0
835,142,7,2023-05-02,Sale,49,124.16,6083.84
836,35,7,2023-05-02,Return,17,96.77,1645.09
837,20,8,2023-05-02,Sale,22,166.56,3664.32
838,69,5,2023-05-02,Return,24,124.58,2989.92
839,97,1,2023-05-02,Return,44,18.58,817.52
840,128,1,2023-05-02,Sale,45,126.21,5679.45
841,15,7,2023-05-02,Adjustment,-13,17.96,233.48
842,115,3,2023-05-02,Purchase,33,49.96,1648.68
843,118,8,2023-05-02,Purchase,21,193.2,4057.2
844,36,3,2023-05-02,Purchase,18,42.63,767.34
845,49,1,2023-05-02,Sale,37,168.41,6231.17
846,101,5,2023-05-02,Purchase,38,193.9,7368.2
847,62,1,2023-05-03,Purchase,35,60.01,2100.35
848,108,2,2023-05-03,Sale,27,110.09,2972.43
849,98,6,2023-05-03,Sale,46,172.83,7950.18
850,72,8,2023-05-03,Purchase,37,10.36,383.32
851,13,3,2023-05-03,Sale,23,25.18,579.14
852,52,3,2023-05-03,Sale,4,96.65,386.6
853,79,5,2023-05-03,Sale,11,16.36,179.96
854,14,6,2023-05-03,Sale,25,27.61,690.25
855,48,4,2023-05-03,Purchase,31,68.87,2134.97
856,83,2,2023-05-03,Return,26,149.84,3895.84
857,67,7,2023-05-03,Sale,21,174.82,3671.22
858,121,8,2023-05-03,Purchase,14,19.99,279.86
859,129,3,2023-05-03,Sale,41,29.58,1212.78
860,81,8,2023-05-03,Purchase,18,188.02,3384.36
861,144,2,2023-05-04,Sale,27,62.27,1681.29
862,71,7,2023-05-04,Sale,46,176.88,8136.48
863,136,2,2023-05-04,Sale,41,159.94,6557.54
864,67,1,2023-05-04,Sale,1,174.82,174.82
865,137,5,2023-05-04,Sale,37,20.2,747.4
866,91,5,2023-05-04,Sale,24,9.84,236.16
867,63,7,2023-05-04,Adjustment,-14,53.35,746.9
868,29,3,2023-05-04,Return,11,31.95,351.45
869,31,6,2023-05-04,Sale,26,31.41,816.66
870,103,6,2023-05-04,Sale,22,59.41,1307.02
871,48,7,2023-05-04,Sale,10,68.87,688.7
872,74,2,2023-05-04,Purchase,22,66.47,1462.34
873,106,4,2023-05-04,Purchase,1,103.82,103.82
874,111,5,2023-05-04,Sale,37,29.66,1097.42
875,34,4,2023-05-05,Purchase,43,19.01,817.43
876,129,1,2023-05-05,Purchase,19,29.58,562.02
877,98,5,2023-05-05,Adjustment,4,172.83,691.32
878,18,5,2023-05-05,Sale,39,177.07,6905.73
879,55,2,2023-05-05,Return,20,35.66,713.2
880,93,6,2023-05-05,Sale,6,82.38,494.28
881,6,2,2023-05-05,Sale,5,17.37,86.85
882,84,3,2023-05-05,Purchase,30,34.23,1026.9
883,115,8,2023-05-05,Purchase,4,49.96,199.84
884,143,1,2023-05-05,Sale,3,31.19,93.57
885,138,8,2023-05-05,Sale,8,51.93,415.44
886,58,6,2023-05-05,Purchase,22,32.87,723.14
887,136,4,2023-05-05,Sale,14,159.94,2239.16
888,73,1,2023-05-05,Sale,37,7.52,278.24
889,45,5,2023-05-06,Purchase,33,40.34,1331.22
890,109,5,2023-05-06,Sale,41,62.94,2580.54
891,29,7,2023-05-07,Sale,33,31.95,1054.35
892,15,6,2023-05-08,Sale,35,17.96,628.6
893,65,3,2023-05-08,Purchase,31,117.5,3642.5
894,111,8,2023-05-08,Sale,44,29.66,1305.04
895,49,2,2023-05-08,Purchase,13,168.41,2189.33
896,104,4,2023-05-08,Purchase,49,70.71,3464.79
897,20,1,2023-05-08,Sale,34,166.56,5663.04
898,113,4,2023-05-08,Sale,46,87.29,4015.34
899,52,5,2023-05-09,Sale,45,96.65,4349.25
900,6,1,2023-05-09,Return,47,17.37,816.39
901,17,1,2023-05-09,Sale,27,57.13,1542.51
902,138,3,2023-05-09,Purchase,23,51.93,1194.39
903,81,2,2023-05-09,Return,20,188.02,3760.4
904,12,6,2023-05-09,Sale,45,6.47,291.15
905,108,2,2023-05-09,Adjustment,9,110.09,990.81
906,88,6,2023-05-09,Purchase,10,5.58,55.8
907,125,6,2023-05-10,Return,22,79.12,1740.64
908,122,5,2023-05-10,Adjustment,-14,118.19,1654.66
909,131,5,2023-05-10,Sale,23,117.64,2705.72
910,6,5,2023-05-10,Return,13,17.37,225.81
911,133,7,2023-05-10,Sale,47,128.15,6023.05
912,42,3,2023-05-10,Sale,28,161.6,4524.8
913,36,7,2023-05-10,Purchase,14,42.63,596.82
914,8,8,2023-05-10,Purchase,6,159.78,958.68
915,12,2,2023-05-10,Purchase,37,6.47,239.39
916,83,8,2023-05-10,Purchase,36,149.84,5394.24
917,125,1,2023-05-10,Sale,14,79.12,1107.68
918,53,2,2023-05-11,Return,25,67.84,1696.0
919,26,4,2023-05-11,Sale,9,22.5,202.5
920,113,8,2023-05-11,Sale,38,87.29,3317.02
921,18,1,2023-05-11,Sale,47,177.07,8322.29
922,121,4,2023-05-11,Purchase,42,19.99,839.58
923,121,3,2023-05-11,Sale,31,19.99,619.69
924,31,7,2023-05-11,Return,39,31.41,1224.99
925,62,1,2023-05-12,Sale,15,60.01,900.15
926,101,4,2023-05-12,Sale,48,193.9,9307.2
927,10,1,2023-05-12,Purchase,13,63.3,822.9
928,10,4,2023-05-12,Sale,26,63.3,1645.8
929,57,7,2023-05-12,Sale,3,165.65,496.95
930,11,8,2023-05-13,Purchase,2,58.35,116.7
931,27,2,2023-05-13,Sale,46,15.33,705.18
932,48,3,2023-05-13,Purchase,34,68.87,2341.58
933,132,7,2023-05-14,Purchase,33,129.29,4266.57
934,1,2,2023-05-14,Purchase,2,51.19,102.38
935,129,2,2023-05-14,Sale,40,29.58,1183.2
936,14,5,2023-05-14,Sale,40,27.61,1104.4
937,118,4,2023-05-14,Sale,1,193.2,193.2
938,48,4,2023-05-15,Sale,30,68.87,2066.1
939,32,4,2023-05-15,Sale,48,74.1,3556.8
940,110,2,2023-05-15,Return,40,41.33,1653.2
941,140,2,2023-05-15,Sale,44,195.2,8588.8
942,62,2,2023-05-16,Sale,7,60.01,420.07
943,95,5,2023-05-16,Purchase,20,160.32,3206.4
944,38,6,2023-05-16,Sale,37,195.74,7242.38
945,50,1,2023-05-16,Purchase,5,160.33,801.65
946,30,4,2023-05-16,Sale,50,7.05,352.5
947,99,4,2023-05-17,Sale,27,84.72,2287.44
948,21,1,2023-05-17,Return,4,30.84,123.36
949,35,1,2023-05-17,Sale,28,96.77,2709.56
950,47,8,2023-05-17,Sale,19,17.95,341.05
951,66,5,2023-05-17,Sale,17,27.89,474.13
952,90,2,2023-05-17,Purchase,25,194.4,4860.0
953,42,8,2023-05-17,Sale,42,161.6,6787.2
954,84,1,2023-05-17,Purchase,16,34.23,547.68
955,106,4,2023-05-17,Sale,22,103.82,2284.04
956,140,4,2023-05-17,Adjustment,-20,195.2,3904.0
957,88,3,2023-05-17,Sale,35,5.58,195.3
958,27,7,2023-05-17,Purchase,21,15.33,321.93
959,87,2,2023-05-18,Sale,35,5.86,205.1
960,118,1,2023-05-18,Purchase,34,193.2,6568.8
961,138,2,2023-05-18,Purchase,27,51.93,1402.11
962,55,1,2023-05-18,Purchase,49,35.66,1747.34
963,67,3,2023-05-18,Sale,8,174.82,1398.56
964,113,5,2023-05-18,Sale,11,87.29,960.19
965,101,1,2023-05-18,Purchase,17,193.9,3296.3
966,24,5,2023-05-18,Sale,14,92.42,1293.88
967,37,2,2023-05-18,Sale,39,109.55,4272.45
968,101,2,2023-05-18,Purchase,5,193.9,969.5
969,138,2,2023-05-18,Purchase,24,51.93,1246.32
970,37,8,2023-05-18,Sale,47,109.55,5148.85
971,131,8,2023-05-18,Sale,18,117.64,2117.52
972,46,7,2023-05-18,Adjustment,-1,162.1,162.1
973,45,2,2023-05-19,Sale,47,40.34,1895.98
974,118,1,2023-05-19,Purchase,14,193.2,2704.8
975,100,2,2023-05-19,Sale,15,10.55,158.25
976,54,6,2023-05-19,Sale,43,93.71,4029.53
977,72,2,2023-05-19,Sale,13,10.36,134.68
978,23,5,2023-05-19,Purchase,43,190.14,8176.02
979,68,8,2023-05-19,Purchase,10,155.66,1556.6
980,25,7,2023-05-19,Sale,4,159.98,639.92
981,66,4,2023-05-19,Sale,37,27.89,1031.93
982,16,5,2023-05-19,Purchase,1,176.91,176.91
983,91,3,2023-05-20,Sale,47,9.84,462.48
984,36,5,2023-05-20,Sale,48,42.63,2046.24
985,94,2,2023-05-21,Purchase,43,99.93,4296.99
986,64,5,2023-05-21,Return,11,182.18,2003.98
987,98,4,2023-05-21,Return,2,172.83,345.66
988,50,6,2023-05-22,Adjustment,4,160.33,641.32
989,62,5,2023-05-22,Sale,31,60.01,1860.31
990,2,7,2023-05-22,Purchase,43,18.21,783.03
991,95,8,2023-05-22,Purchase,2,160.32,320.64
992,113,8,2023-05-22,Sale,8,87.29,698.32
993,143,7,2023-05-22,Sale,6,31.19,187.14
994,31,4,2023-05-22,Sale,12,31.41,376.92
995,110,4,2023-05-22,Sale,8,41.33,330.64
996,18,8,2023-05-22,Purchase,29,177.07,5135.03
997,62,1,2023-05-22,Return,36,60.01,2160.36
998,19,4,2023-05-22,Sale,31,31.96,990.76
999,97,1,2023-05-22,Purchase,28,18.58,520.24
1000,62,6,2023-05-22,Sale,33,60.01,1980.33
1001,55,5,2023-05-22,Purchase,31,35.66,1105.46
1002,118,2,2023-05-23,Sale,9,193.2,1738.8
1003,116,4,2023-05-23,Sale,7,33.19,232.33
1004,72,2,2023-05-23,Sale,24,10.36,248.64
1005,31,8,2023-05-23,Sale,31,31.41,973.71
1006,66,1,2023-05-23,Purchase,1,27.89,27.89
1007,121,4,2023-05-23,Sale,3,19.99,59.97
1008,128,6,2023-05-23,Sale,9,126.21,1135.89
1009,38,1,2023-05-23,Sale,21,195.74,4110.54
1010,95,3,2023-05-23,Sale,42,160.32,6733.44
1011,59,2,2023-05-23,Purchase,30,160.27,4808.1
1012,116,5,2023-05-23,Purchase,3,33.19,99.57
1013,36,6,2023-05-24,Sale,20,42.63,852.6
1014,52,1,2023-05-24,Return,26,96.65,2512.9
1015,43,4,2023-05-24,Purchase,31,41.58,1288.98
1016,17,8,2023-05-24,Sale,33,57.13,1885.29
1017,55,4,2023-05-24,Sale,14,35.66,499.24
1018,121,5,2023-05-24,Purchase,30,19.99,599.7
1019,58,6,2023-05-24,Return,49,32.87,1610.63
1020,9,7,2023-05-24,Sale,22,95.87,2109.14
1021,6,3,2023-05-24,Sale,50,17.37,868.5
1022,62,3,2023-05-24,Sale,1,60.01,60.01
1023,67,7,2023-05-24,Sale,31,174.82,5419.42
1024,67,5,2023-05-25,Purchase,8,174.82,1398.56
1025,107,3,2023-05-25,Purchase,9,132.35,1191.15
1026,83,4,2023-05-25,Adjustment,-10,149.84,1498.4
1027,109,8,2023-05-25,Purchase,38,62.94,2391.72
1028,105,4,2023-05-25,Purchase,37,5.04,186.48
1029,39,7,2023-05-25,Return,18,104.64,1883.52
1030,14,1,2023-05-26,Sale,7,27.61,193.27
1031,75,3,2023-05-26,Purchase,49,139.16,6818.84
1032,36,7,2023-05-26,Sale,34,42.63,1449.42
1033,77,2,2023-05-26,Sale,42,184.71,7757.82
1034,115,6,2023-05-26,Purchase,43,49.96,2148.28
1035,143,5,2023-05-27,Purchase,5,31.19,155.95
1036,98,5,2023-05-27,Purchase,45,172.83,7777.35
1037,61,5,2023-05-27,Sale,34,165.58,5629.72
1038,19,8,2023-05-27,Sale,4,31.96,127.84
1039,55,8,2023-05-27,Sale,1,35.66,35.66
1040,88,3,2023-05-28,Sale,46,5.58,256.68
1041,120,7,2023-05-28,Return,15,101.55,1523.25
1042,23,7,2023-05-28,Return,14,190.14,2661.96
1043,103,4,2023-05-28,Return,48,59.41,2851.68
1044,93,6,2023-05-29,Sale,32,82.38,2636.16
1045,33,4,2023-05-29,Return,41,198.63,8143.83
1046,69,3,2023-05-29,Purchase,33,124.58,4111.14
1047,104,2,2023-05-29,Sale,42,70.71,2969.82
1048,121,6,2023-05-29,Sale,22,19.99,439.78
1049,89,6,2023-05-29,Sale,28,103.43,2896.04
1050,45,1,2023-05-29,Sale,45,40.34,1815.3
1051,42,5,2023-05-29,Sale,8,161.6,1292.8
1052,141,4,2023-05-29,Sale,41,96.84,3970.44
1053,51,5,2023-05-30,Sale,20,182.14,3642.8
1054,42,8,2023-05-30,Sale,39,161.6,6302.4
1055,12,7,2023-05-30,Purchase,1,6.47,6.47
1056,144,1,2023-05-30,Purchase,5,62.27,311.35
1057,45,1,2023-05-30,Purchase,16,40.34,645.44
1058,45,4,2023-05-30,Purchase,17,40.34,685.78
1059,5,2,2023-05-30,Purchase,6,32.09,192.54
1060,51,2,2023-05-30,Purchase,22,182.14,4007.08
1061,134,7,2023-05-30,Purchase,19,112.59,2139.21
1062,123,2,2023-05-30,Adjustment,-17,126.67,2153.39
1063,68,2,2023-05-30,Purchase,6,155.66,933.96
1064,14,3,2023-05-30,Sale,17,27.61,469.37
1065,85,3,2023-05-30,Purchase,32,141.85,4539.2
1066,144,3,2023-05-31,Sale,49,62.27,3051.23
1067,109,1,2023-05-31,Sale,46,62.94,2895.24
1068,59,8,2023-05-31,Purchase,5,160.27,801.35
1069,25,4,2023-05-31,Purchase,10,159.98,1599.8
1070,116,2,2023-05-31,Sale,15,33.19,497.85
1071,121,1,2023-05-31,Sale,9,19.99,179.91
1072,50,2,2023-05-31,Return,14,160.33,2244.62
1073,118,7,2023-06-01,Purchase,17,193.2,3284.4
1074,134,1,2023-06-01,Sale,47,112.59,5291.73
1075,8,4,2023-06-01,Purchase,2,159.78,319.56
1076,132,8,2023-06-01,Purchase,41,129.29,5300.89
1077,50,5,2023-06-01,Return,14,160.33,2244.62
1078,67,4,2023-06-01,Purchase,4,174.82,699.28
1079,119,5,2023-06-01,Sale,46,2.21,101.66
1080,102,5,2023-06-01,Purchase,47,186.58,8769.26
1081,15,2,2023-06-01,Sale,21,17.96,377.16
1082,76,4,2023-06-01,Purchase,33,102.53,3383.49
1083,39,4,2023-06-01,Purchase,41,104.64,4290.24
1084,119,2,2023-06-01,Purchase,21,2.21,46.41
1085,130,8,2023-06-01,Sale,24,167.32,4015.68
1086,136,2,2023-06-01,Purchase,5,159.94,799.7
1087,18,8,2023-06-02,Sale,28,177.07,4957.96
1088,18,4,2023-06-02,Purchase,43,177.07,7614.01
1089,116,7,2023-06-02,Purchase,31,33.19,1028.89
1090,96,6,2023-06-02,Sale,50,55.25,2762.5
1091,14,2,2023-06-02,Purchase,30,27.61,828.3
1092,72,3,2023-06-02,Purchase,36,10.36,372.96
1093,17,1,2023-06-02,Sale,40,57.13,2285.2
1094,77,6,2023-06-02,Sale,49,184.71,9050.79
1095,112,7,2023-06-02,Sale,10,4.82,48.2
1096,25,1,2023-06-02,Sale,48,159.98,7679.04
1097,9,3,2023-06-02,Purchase,50,95.87,4793.5
1098,136,6,2023-06-02,Purchase,5,159.94,799.7
1099,42,7,2023-06-02,Sale,39,161.6,6302.4
1100,44,7,2023-06-02,Purchase,25,197.94,4948.5
1101,93,8,2023-06-03,Purchase,16,82.38,1318.08
1102,142,7,2023-06-03,Purchase,17,124.16,2110.72
1103,122,5,2023-06-03,Purchase,12,118.19,1418.28
1104,101,3,2023-06-04,Sale,47,193.9,9113.3
1105,50,2,2023-06-04,Return,32,160.33,5130.56
1106,132,1,2023-06-04,Purchase,16,129.29,2068.64
1107,66,3,2023-06-04,Sale,45,27.89,1255.05
1108,83,6,2023-06-05,Purchase,47,149.84,7042.48
1109,49,1,2023-06-05,Sale,4,168.41,673.64
1110,60,5,2023-06-05,Sale,1,150.4,150.4
1111,11,6,2023-06-05,Adjustment,-6,58.35,350.1
1112,69,6,2023-06-05,Return,20,124.58,2491.6
1113,91,2,2023-06-05,Sale,19,9.84,186.96
1114,59,7,2023-06-05,Purchase,44,160.27,7051.88
1115,63,1,2023-06-05,Sale,42,53.35,2240.7
1116,44,5,2023-06-05,Sale,20,197.94,3958.8
1117,130,7,2023-06-05,Sale,25,167.32,4183.0
1118,79,6,2023-06-05,Purchase,35,16.36,572.6
1119,15,6,2023-06-05,Purchase,12,17.96,215.52
1120,36,1,2023-06-05,Adjustment,14,42.63,596.82
1121,117,8,2023-06-06,Return,31,192.43,5965.33
1122,55,4,2023-06-06,Sale,24,35.66,855.84
1123,17,1,2023-06-06,Purchase,21,57.13,1199.73
1124,7,2,2023-06-06,Purchase,5,69.34,346.7
1125,128,8,2023-06-06,Sale,13,126.21,1640.73
1126,103,7,2023-06-06,Purchase,31,59.41,1841.71
1127,80,8,2023-06-06,Sale,37,134.56,4978.72
1128,82,6,2023-06-06,Adjustment,-1,52.12,52.12
1129,28,2,2023-06-06,Sale,34,69.33,2357.22
1130,124,4,2023-06-06,Sale,1,170.94,170.94
1131,54,6,2023-06-06,Purchase,35,93.71,3279.85
1132,32,1,2023-06-06,Sale,37,74.1,2741.7
1133,111,7,2023-06-07,Purchase,9,29.66,266.94
1134,24,6,2023-06-07,Purchase,19,92.42,1755.98
1135,26,1,2023-06-07,Purchase,48,22.5,1080.0
1136,57,7,2023-06-07,Sale,48,165.65,7951.2
1137,41,2,2023-06-07,Sale,46,46.16,2123.36
1138,107,6,2023-06-07,Purchase,20,132.35,2647.0
1139,132,8,2023-06-07,Sale,12,129.29,1551.48
1140,140,3,2023-06-07,Sale,1,195.2,195.2
1141,97,3,2023-06-07,Return,36,18.58,668.88
1142,47,2,2023-06-07,Purchase,42,17.95,753.9
1143,93,4,2023-06-07,Purchase,4,82.38,329.52
1144,6,4,2023-06-08,Return,46,17.37,799.02
1145,131,4,2023-06-08,Sale,10,117.64,1176.4
1146,37,1,2023-06-08,Purchase,29,109.55,3176.95
1147,109,5,2023-06-08,Purchase,45,62.94,2832.3
1148,71,8,2023-06-08,Purchase,14,176.88,2476.32
1149,14,6,2023-06-08,Purchase,1,27.61,27.61
1150,43,5,2023-06-08,Sale,16,41.58,665.28
1151,60,4,2023-06-08,Sale,12,150.4,1804.8
1152,45,2,2023-06-08,Return,13,40.34,524.42
1153,119,4,2023-06-08,Sale,46,2.21,101.66
1154,70,1,2023-06-08,Sale,28,137.1,3838.8
1155,126,2,2023-06-08,Return,29,31.59,916.11
1156,144,6,2023-06-09,Sale,10,62.27,622.7
1157,118,6,2023-06-09,Purchase,14,193.2,2704.8
1158,105,4,2023-06-09,Sale,16,5.04,80.64
1159,59,6,2023-06-09,Purchase,27,160.27,4327.29
1160,112,4,2023-06-09,Purchase,11,4.82,53.02
1161,22,6,2023-06-10,Purchase,38,65.09,2473.42
1162,32,7,2023-06-10,Sale,12,74.1,889.2
1163,123,8,2023-06-10,Sale,50,126.67,6333.5
1164,122,4,2023-06-10,Return,31,118.19,3663.89
1165,131,4,2023-06-11,Purchase,11,117.64,1294.04
1166,19,2,2023-06-11,Sale,25,31.96,799.0
1167,104,7,2023-06-11,Purchase,47,70.71,3323.37
1168,86,7,2023-06-11,Sale,45,40.76,1834.2
1169,39,1,2023-06-12,Sale,37,104.64,3871.68
1170,11,8,2023-06-12,Sale,47,58.35,2742.45
1171,91,7,2023-06-12,Sale,46,9.84,452.64
1172,111,1,2023-06-12,Sale,11,29.66,326.26
1173,38,7,2023-06-12,Sale,44,195.74,8612.56
1174,84,4,2023-06-12,Sale,44,34.23,1506.12
1175,88,7,2023-06-12,Sale,11,5.58,61.38
1176,47,1,2023-06-12,Purchase,9,17.95,161.55
1177,83,8,2023-06-12,Sale,29,149.84,4345.36
1178,71,6,2023-06-12,Sale,2,176.88,353.76
1179,141,8,2023-06-12,Sale,21,96.84,2033.64
1180,30,5,2023-06-12,Purchase,25,7.05,176.25
1181,5,2,2023-06-12,Sale,25,32.09,802.25
1182,93,1,2023-06-12,Sale,41,82.38,3377.58
1183,86,3,2023-06-13,Purchase,32,40.76,1304.32
1184,97,4,2023-06-13,Purchase,13,18.58,241.54
1185,16,3,2023-06-13,Sale,9,176.91,1592.19
1186,80,7,2023-06-13,Purchase,4,134.56,538.24
1187,68,2,2023-06-13,Purchase,47,155.66,7316.02
1188,37,3,2023-06-13,Sale,6,109.55,657.3
1189,112,8,2023-06-13,Sale,3,4.82,14.46
1190,99,3,2023-06-13,Sale,41,84.72,3473.52
1191,33,2,2023-06-14,Return,3,198.63,595.89
1192,15,1,2023-06-14,Purchase,3,17.96,53.88
1193,84,3,2023-06-14,Sale,41,34.23,1403.43
1194,29,3,2023-06-14,Sale,7,31.95,223.65
1195,51,4,2023-06-14,Sale,44,182.14,8014.16
1196,93,6,2023-06-14,Purchase,28,82.38,2306.64
1197,101,4,2023-06-14,Sale,29,193.9,5623.1
1198,124,3,2023-06-14,Return,44,170.94,7521.36
1199,43,6,2023-06-14,Purchase,10,41.58,415.8
1200,16,1,2023-06-14,Sale,40,176.91,7076.4
1201,113,1,2023-06-14,Sale,37,87.29,3229.73
1202,116,6,2023-06-14,Sale,2,33.19,66.38
1203,102,1,2023-06-14,Sale,10,186.58,1865.8
1204,133,7,2023-06-15,Purchase,12,128.15,1537.8
1205,41,1,2023-06-15,Sale,1,46.16,46.16
1206,93,4,2023-06-15,Sale,43,82.38,3542.34
1207,98,6,2023-06-15,Sale,27,172.83,4666.41
1208,123,3,2023-06-15,Return,40,126.67,5066.8
1209,81,4,2023-06-15,Adjustment,-3,188.02,564.06
1210,2,6,2023-06-15,Return,45,18.21,819.45
1211,82,5,2023-06-15,Sale,36,52.12,1876.32
1212,87,8,2023-06-15,Purchase,35,5.86,205.1
1213,71,1,2023-06-15,Adjustment,11,176.88,1945.68
1214,39,7,2023-06-15,Sale,6,104.64,627.84
1215,76,1,2023-06-15,Sale,28,102.53,2870.84
1216,35,2,2023-06-16,Purchase,18,96.77,1741.86
1217,112,5,2023-06-16,Sale,47,4.82,226.54
1218,21,6,2023-06-16,Sale,42,30.84,1295.28
1219,25,5,2023-06-16,Purchase,47,159.98,7519.06
1220,55,5,2023-06-16,Purchase,17,35.66,606.22
1221,53,7,2023-06-17,Return,33,67.84,2238.72
1222,72,7,2023-06-17,Sale,21,10.36,217.56
1223,122,3,2023-06-17,Return,3,118.19,354.57
1224,14,3,2023-06-18,Sale,35,27.61,966.35
1225,91,4,2023-06-18,Sale,25,9.84,246.0
1226,67,8,2023-06-18,Sale,3,174.82,524.46
1227,7,4,2023-06-19,Purchase,3,69.34,208.02
1228,119,2,2023-06-19,Sale,46,2.21,101.66
1229,75,3,2023-06-19,Purchase,39,139.16,5427.24
1230,35,2,2023-06-19,Sale,49,96.77,4741.73
1231,48,6,2023-06-19,Sale,17,68.87,1170.79
1232,43,8,2023-06-19,Purchase,15,41.58,623.7
1233,58,4,2023-06-19,Purchase,4,32.87,131.48
1234,42,5,2023-06-19,Return,40,161.6,6464.0
1235,17,8,2023-06-19,Sale,35,57.13,1999.55
1236,55,6,2023-06-19,Purchase,31,35.66,1105.46
1237,16,8,2023-06-19,Sale,15,176.91,2653.65
1238,136,3,2023-06-20,Return,17,159.94,2718.98
1239,134,6,2023-06-20,Sale,36,112.59,4053.24
1240,104,8,2023-06-20,Adjustment,10,70.71,707.1
1241,127,6,2023-06-20,Return,37,10.67,394.79
1242,26,6,2023-06-20,Sale,49,22.5,1102.5
1243,42,6,2023-06-20,Purchase,7,161.6,1131.2
1244,98,8,2023-06-20,Return,9,172.83,1555.47
1245,73,3,2023-06-20,Return,25,7.52,188.0
1246,81,4,2023-06-20,Sale,21,188.02,3948.42
1247,118,8,2023-06-20,Purchase,19,193.2,3670.8
1248,95,6,2023-06-20,Sale,44,160.32,7054.08
1249,51,3,2023-06-21,Sale,43,182.14,7832.02
1250,93,5,2023-06-21,Purchase,13,82.38,1070.94
1251,76,2,2023-06-21,Return,16,102.53,1640.48
1252,108,2,2023-06-21,Purchase,36,110.09,3963.24
1253,53,2,2023-06-21,Sale,43,67.84,2917.12
1254,61,5,2023-06-21,Sale,44,165.58,7285.52
1255,26,1,2023-06-21,Return,44,22.5,990.0
1256,69,2,2023-06-21,Purchase,28,124.58,3488.24
1257,72,1,2023-06-21,Purchase,37,10.36,383.32
1258,132,3,2023-06-21,Sale,46,129.29,5947.34
1259,4,4,2023-06-21,Sale,12,25.38,304.56
1260,54,6,2023-06-22,Return,18,93.71,1686.78
1261,99,1,2023-06-22,Sale,45,84.72,3812.4
1262,18,7,2023-06-22,Sale,45,177.07,7968.15
1263,29,3,2023-06-22,Sale,18,31.95,575.1
1264,110,1,2023-06-22,Sale,43,41.33,1777.19
1265,14,7,2023-06-23,Return,40,27.61,1104.4
1266,42,3,2023-06-23,Sale,24,161.6,3878.4
1267,92,5,2023-06-23,Return,24,164.32,3943.68
1268,140,3,2023-06-23,Purchase,11,195.2,2147.2
1269,29,3,2023-06-24,Sale,8,31.95,255.6
1270,80,2,2023-06-24,Sale,37,134.56,4978.72
1271,128,1,2023-06-25,Sale,35,126.21,4417.35
1272,15,4,2023-06-25,Purchase,9,17.96,161.64
1273,2,4,2023-06-25,Purchase,23,18.21,418.83
1274,24,7,2023-06-25,Sale,38,92.42,3511.96
1275,110,1,2023-06-25,Purchase,49,41.33,2025.17
1276,13,4,2023-06-26,Sale,33,25.18,830.94
1277,10,4,2023-06-26,Sale,12,63.3,759.6
1278,18,6,2023-06-26,Purchase,50,177.07,8853.5
1279,23,7,2023-06-26,Purchase,6,190.14,1140.84
1280,79,8,2023-06-26,Purchase,50,16.36,818.0
1281,63,5,2023-06-26,Sale,12,53.35,640.2
1282,111,7,2023-06-26,Purchase,7,29.66,207.62
1283,12,3,2023-06-27,Sale,48,6.47,310.56
1284,15,6,2023-06-27,Purchase,3,17.96,53.88
1285,13,4,2023-06-27,Purchase,48,25.18,1208.64
1286,131,4,2023-06-27,Sale,15,117.64,1764.6
1287,111,2,2023-06-27,Purchase,30,29.66,889.8
1288,62,4,2023-06-27,Return,1,60.01,60.01
1289,102,2,2023-06-28,Purchase,27,186.58,5037.66
1290,138,6,2023-06-28,Sale,24,51.93,1246.32
1291,64,6,2023-06-28,Purchase,43,182.18,7833.74
1292,57,7,2023-06-28,Purchase,27,165.65,4472.55
1293,18,1,2023-06-28,Purchase,5,177.07,885.35
1294,140,2,2023-06-28,Purchase,17,195.2,3318.4
1295,98,5,2023-06-28,Sale,32,172.83,5530.56
1296,50,8,2023-06-28,Purchase,32,160.33,5130.56
1297,75,8,2023-06-28,Purchase,38,139.16,5288.08
1298,33,7,2023-06-28,Purchase,31,198.63,6157.53
1299,33,3,2023-06-28,Sale,2,198.63,397.26
1300,12,2,2023-06-28,Sale,5,6.47,32.35
1301,83,5,2023-06-28,Purchase,15,149.84,2247.6
1302,90,7,2023-06-28,Purchase,24,194.4,4665.6
1303,42,3,2023-06-29,Return,29,161.6,4686.4
1304,1,7,2023-06-29,Purchase,35,51.19,1791.65
1305,61,5,2023-06-29,Sale,10,165.58,1655.8
1306,30,2,2023-06-29,Purchase,25,7.05,176.25
1307,57,6,2023-06-29,Purchase,3,165.65,496.95
1308,22,8,2023-06-29,Adjustment,5,65.09,325.45
1309,137,4,2023-06-29,Purchase,34,20.2,686.8
1310,124,6,2023-06-29,Sale,9,170.94,1538.46
1311,131,5,2023-06-30,Sale,15,117.64,1764.6
1312,129,7,2023-06-30,Purchase,2,29.58,59.16
1313,111,1,2023-06-30,Sale,12,29.66,355.92
1314,137,8,2023-06-30,Purchase,8,20.2,161.6
1315,96,7,2023-06-30,Sale,16,55.25,884.0
1316,140,1,2023-06-30,Purchase,26,195.2,5075.2
1317,66,4,2023-06-30,Sale,47,27.89,1310.83
1318,116,8,2023-06-30,Adjustment,-1,33.19,33.19
1319,93,4,2023-06-30,Purchase,24,82.38,1977.12
1320,111,5,2023-07-01,Sale,44,29.66,1305.04
1321,94,1,2023-07-01,Sale,18,99.93,1798.74
1322,93,5,2023-07-02,Sale,28,82.38,2306.64
1323,59,2,2023-07-02,Purchase,31,160.27,4968.37
1324,48,4,2023-07-02,Sale,24,68.87,1652.88
1325,125,6,2023-07-03,Purchase,9,79.12,712.08
1326,108,7,2023-07-03,Adjustment,-2,110.09,220.18
1327,40,3,2023-07-03,Purchase,42,107.45,4512.9
1328,41,4,2023-07-03,Sale,4,46.16,184.64
1329,85,1,2023-07-03,Purchase,12,141.85,1702.2
1330,110,6,2023-07-03,Sale,10,41.33,413.3
1331,131,8,2023-07-03,Purchase,18,117.64,2117.52
1332,131,5,2023-07-03,Sale,39,117.64,4587.96
1333,101,1,2023-07-04,Sale,25,193.9,4847.5
1334,96,6,2023-07-04,Purchase,21,55.25,1160.25
1335,33,4,2023-07-04,Sale,40,198.63,7945.2
1336,53,4,2023-07-04,Purchase,44,67.84,2984.96
1337,26,4,2023-07-05,Purchase,16,22.5,360.0
1338,121,6,2023-07-05,Sale,37,19.99,739.63
1339,32,2,2023-07-05,Purchase,21,74.1,1556.1
1340,131,4,2023-07-05,Sale,16,117.64,1882.24
1341,113,6,2023-07-05,Purchase,27,87.29,2356.83
1342,4,6,2023-07-05,Return,8,25.38,203.04
1343,103,4,2023-07-05,Purchase,28,59.41,1663.48
1344,86,1,2023-07-05,Sale,25,40.76,1019.0
1345,141,8,2023-07-06,Sale,18,96.84,1743.12
1346,123,1,2023-07-06,Sale,1,126.67,126.67
1347,98,3,2023-07-06,Sale,39,172.83,6740.37
1348,121,3,2023-07-06,Sale,25,19.99,499.75
1349,27,8,2023-07-06,Return,49,15.33,751.17
1350,24,1,2023-07-06,Purchase,14,92.42,1293.88
1351,18,3,2023-07-06,Purchase,6,177.07,1062.42
1352,95,8,2023-07-06,Purchase,27,160.32,4328.64
1353,75,6,2023-07-06,Return,23,139.16,3200.68
1354,44,8,2023-07-06,Purchase,34,197.94,6729.96
1355,30,4,2023-07-06,Sale,35,7.05,246.75
1356,57,5,2023-07-06,Adjustment,1,165.65,165.65
1357,22,6,2023-07-07,Sale,46,65.09,2994.14
1358,30,6,2023-07-07,Sale,35,7.05,246.75
1359,36,6,2023-07-07,Purchase,8,42.63,341.04
1360,42,4,2023-07-07,Sale,24,161.6,3878.4
1361,103,4,2023-07-07,Purchase,43,59.41,2554.63
1362,137,5,2023-07-07,Sale,26,20.2,525.2
1363,60,8,2023-07-07,Purchase,46,150.4,6918.4
1364,43,1,2023-07-07,Sale,24,41.58,997.92
1365,97,7,2023-07-08,Purchase,21,18.58,390.18
1366,128,3,2023-07-09,Sale,13,126.21,1640.73
1367,45,3,2023-07-10,Sale,17,40.34,685.78
1368,44,5,2023-07-10,Sale,21,197.94,4156.74
1369,141,8,2023-07-10,Sale,46,96.84,4454.64
1370,29,5,2023-07-10,Purchase,20,31.95,639.0
1371,52,4,2023-07-10,Sale,40,96.65,3866.0
1372,114,3,2023-07-11,Sale,21,174.37,3661.77
1373,94,3,2023-07-11,Sale,36,99.93,3597.48
1374,16,2,2023-07-11,Sale,7,176.91,1238.37
1375,9,3,2023-07-11,Sale,45,95.87,4314.15
1376,69,3,2023-07-11,Sale,5,124.58,622.9
1377,134,4,2023-07-11,Purchase,40,112.59,4503.6
1378,113,8,2023-07-11,Purchase,45,87.29,3928.05
1379,137,4,2023-07-11,Purchase,12,20.2,242.4
1380,81,1,2023-07-11,Adjustment,18,188.02,3384.36
1381,34,2,2023-07-11,Purchase,5,19.01,95.05
1382,6,1,2023-07-11,Sale,8,17.37,138.96
1383,41,5,2023-07-11,Sale,43,46.16,1984.88
1384,77,4,2023-07-11,Return,6,184.71,1108.26
1385,113,1,2023-07-11,Sale,18,87.29,1571.22
1386,74,8,2023-07-12,Purchase,6,66.47,398.82
1387,37,8,2023-07-12,Sale,35,109.55,3834.25
1388,97,4,2023-07-12,Sale,30,18.58,557.4
1389,57,4,2023-07-12,Purchase,48,165.65,7951.2
1390,79,2,2023-07-13,Sale,15,16.36,245.4
1391,56,8,2023-07-13,Sale,24,181.16,4347.84
1392,131,1,2023-07-13,Purchase,32,117.64,3764.48
1393,92,6,2023-07-13,Sale,11,164.32,1807.52
1394,128,7,2023-07-13,Sale,43,126.21,5427.03
1395,41,7,2023-07-13,Sale,10,46.16,461.6
1396,121,4,2023-07-14,Return,14,19.99,279.86
1397,64,5,2023-07-14,Sale,7,182.18,1275.26
1398,71,8,2023-07-14,Purchase,8,176.88,1415.04
1399,73,4,2023-07-14,Sale,38,7.52,285.76
1400,81,5,2023-07-14,Sale,1,188.02,188.02
1401,66,3,2023-07-14,Sale,9,27.89,251.01
1402,75,7,2023-07-15,Sale,7,139.16,974.12
1403,120,7,2023-07-15,Sale,44,101.55,4468.2
1404,26,3,2023-07-16,Purchase,12,22.5,270.0
1405,82,7,2023-07-16,Purchase,28,52.12,1459.36
1406,39,4,2023-07-17,Purchase,47,104.64,4918.08
1407,42,4,2023-07-17,Sale,35,161.6,5656.0
1408,113,2,2023-07-17,Sale,32,87.29,2793.28
1409,5,8,2023-07-17,Return,13,32.09,417.17
1410,10,2,2023-07-17,Adjustment,16,63.3,1012.8
1411,138,5,2023-07-17,Sale,50,51.93,2596.5
1412,59,6,2023-07-17,Return,12,160.27,1923.24
1413,96,3,2023-07-17,Purchase,5,55.25,276.25
1414,40,2,2023-07-18,Purchase,47,107.45,5050.15
1415,16,4,2023-07-18,Sale,4,176.91,707.64
1416,64,5,2023-07-18,Purchase,17,182.18,3097.06
1417,23,5,2023-07-18,Purchase,12,190.14,2281.68
1418,1,4,2023-07-18,Purchase,30,51.19,1535.7
1419,96,7,2023-07-18,Purchase,47,55.25,2596.75
1420,30,2,2023-07-18,Sale,1,7.05,7.05
1421,85,8,2023-07-18,Sale,29,141.85,4113.65
1422,58,6,2023-07-19,Purchase,3,32.87,98.61
1423,100,7,2023-07-19,Sale,35,10.55,369.25
1424,58,8,2023-07-19,Purchase,5,32.87,164.35
1425,112,8,2023-07-19,Sale,34,4.82,163.88
1426,46,4,2023-07-20,Sale,27,162.1,4376.7
1427,13,4,2023-07-20,Sale,30,25.18,755.4
1428,143,2,2023-07-20,Sale,8,31.19,249.52
1429,95,1,2023-07-20,Adjustment,-20,160.32,3206.4
1430,67,3,2023-07-20,Sale,41,174.82,7167.62
1431,50,5,2023-07-20,Sale,9,160.33,1442.97
1432,112,4,2023-07-20,Sale,47,4.82,226.54
1433,37,1,2023-07-20,Sale,43,109.55,4710.65
1434,76,6,2023-07-21,Purchase,29,102.53,2973.37
1435,134,2,2023-07-21,Sale,22,112.59,2476.98
1436,33,5,2023-07-21,Purchase,6,198.63,1191.78
1437,12,3,2023-07-21,Sale,20,6.47,129.4
1438,30,2,2023-07-21,Purchase,42,7.05,296.1
1439,77,6,2023-07-21,Purchase,47,184.71,8681.37
1440,46,7,2023-07-21,Sale,41,162.1,6646.1
1441,32,5,2023-07-21,Purchase,30,74.1,2223.0
1442,125,2,2023-07-21,Return,25,79.12,1978.0
1443,112,4,2023-07-21,Return,25,4.82,120.5
1444,83,7,2023-07-21,Sale,46,149.84,6892.64
1445,101,5,2023-07-21,Sale,36,193.9,6980.4
1446,29,8,2023-07-21,Sale,42,31.95,1341.9
1447,68,8,2023-07-21,Adjustment,-11,155.66,1712.26
1448,71,3,2023-07-22,Sale,39,176.88,6898.32
1449,109,4,2023-07-22,Purchase,18,62.94,1132.92
1450,32,2,2023-07-22,Sale,27,74.1,2000.7
1451,9,5,2023-07-22,Sale,43,95.87,4122.41
1452,113,2,2023-07-23,Sale,5,87.29,436.45
1453,28,1,2023-07-23,Sale,33,69.33,2287.89
1454,97,2,2023-07-23,Sale,31,18.58,575.98
1455,5,4,2023-07-23,Purchase,33,32.09,1058.97
1456,21,4,2023-07-23,Sale,36,30.84,1110.24
1457,133,7,2023-07-24,Purchase,19,128.15,2434.85
1458,113,6,2023-07-24,Purchase,16,87.29,1396.64
1459,13,7,2023-07-24,Sale,7,25.18,176.26
1460,79,2,2023-07-24,Sale,8,16.36,130.88
1461,110,4,2023-07-24,Purchase,45,41.33,1859.85
1462,72,3,2023-07-24,Sale,19,10.36,196.84
1463,112,6,2023-07-24,Purchase,30,4.82,144.6
1464,77,2,2023-07-24,Sale,41,184.71,7573.11
1465,25,6,2023-07-24,Sale,32,159.98,5119.36
1466,59,5,2023-07-24,Sale,21,160.27,3365.67
1467,79,5,2023-07-24,Sale,27,16.36,441.72
1468,62,5,2023-07-24,Return,30,60.01,1800.3
1469,53,3,2023-07-24,Purchase,36,67.84,2442.24
1470,4,3,2023-07-25,Purchase,46,25.38,1167.48
1471,93,4,2023-07-25,Purchase,40,82.38,3295.2
1472,103,2,2023-07-25,Sale,46,59.41,2732.86
1473,77,3,2023-07-25,Sale,7,184.71,1292.97
1474,122,7,2023-07-25,Sale,34,118.19,4018.46
1475,12,7,2023-07-25,Adjustment,5,6.47,32.35
1476,51,5,2023-07-25,Sale,45,182.14,8196.3
1477,104,7,2023-07-25,Sale,26,70.71,1838.46
1478,49,6,2023-07-25,Sale,10,168.41,1684.1
1479,143,4,2023-07-25,Sale,6,31.19,187.14
1480,20,6,2023-07-25,Sale,12,166.56,1998.72
1481,69,6,2023-07-25,Adjustment,10,124.58,1245.8
1482,95,3,2023-07-26,Return,12,160.32,1923.84
1483,44,4,2023-07-26,Purchase,37,197.94,7323.78
1484,123,3,2023-07-26,Purchase,7,126.67,886.69
1485,37,6,2023-07-26,Sale,15,109.55,1643.25
1486,74,4,2023-07-26,Purchase,18,66.47,1196.46
1487,102,4,2023-07-26,Return,28,186.58,5224.24
1488,98,7,2023-07-26,Sale,29,172.83,5012.07
1489,1,7,2023-07-26,Purchase,15,51.19,767.85
1490,62,8,2023-07-27,Purchase,7,60.01,420.07
1491,108,2,2023-07-27,Sale,33,110.09,3632.97
1492,64,1,2023-07-27,Sale,14,182.18,2550.52
1493,96,2,2023-07-27,Sale,3,55.25,165.75
1494,6,8,2023-07-27,Sale,38,17.37,660.06
1495,141,3,2023-07-27,Purchase,26,96.84,2517.84
1496,139,7,2023-07-27,Sale,23,146.41,3367.43
1497,42,6,2023-07-27,Purchase,46,161.6,7433.6
1498,112,6,2023-07-28,Return,19,4.82,91.58
1499,13,2,2023-07-28,Return,24,25.18,604.32
1500,10,5,2023-07-28,Purchase,46,63.3,2911.8
1501,71,8,2023-07-28,Return,50,176.88,8844.0
1502,116,6,2023-07-28,Sale,49,33.19,1626.31
1503,29,2,2023-07-28,Sale,12,31.95,383.4
1504,64,3,2023-07-28,Sale,44,182.18,8015.92
1505,54,6,2023-07-28,Purchase,32,93.71,2998.72
1506,49,8,2023-07-28,Return,47,168.41,7915.27
1507,124,3,2023-07-28,Sale,41,170.94,7008.54
1508,15,2,2023-07-28,Purchase,5,17.96,89.8
1509,116,7,2023-07-28,Purchase,31,33.19,1028.89
1510,130,4,2023-07-28,Return,27,167.32,4517.64
1511,13,6,2023-07-29,Sale,16,25.18,402.88
1512,79,7,2023-07-29,Sale,27,16.36,441.72
1513,130,7,2023-07-30,Purchase,3,167.32,501.96
1514,57,1,2023-07-31,Purchase,1,165.65,165.65
1515,25,8,2023-07-31,Sale,28,159.98,4479.44
1516,127,7,2023-07-31,Return,7,10.67,74.69
1517,81,5,2023-07-31,Purchase,25,188.02,4700.5
1518,105,8,2023-07-31,Sale,5,5.04,25.2
1519,139,8,2023-07-31,Sale,7,146.41,1024.87
1520,26,8,2023-07-31,Sale,7,22.5,157.5
1521,130,8,2023-08-01,Sale,8,167.32,1338.56
1522,78,5,2023-08-01,Purchase,27,29.15,787.05
1523,1,6,2023-08-01,Sale,16,51.19,819.04
1524,120,1,2023-08-01,Sale,19,101.55,1929.45
1525,85,7,2023-08-01,Purchase,16,141.85,2269.6
1526,8,3,2023-08-01,Sale,36,159.78,5752.08
1527,123,1,2023-08-01,Purchase,35,126.67,4433.45
1528,75,3,2023-08-01,Return,1,139.16,139.16
1529,83,1,2023-08-01,Sale,45,149.84,6742.8
1530,63,3,2023-08-01,Purchase,42,53.35,2240.7
1531,61,6,2023-08-02,Sale,15,165.58,2483.7
1532,37,2,2023-08-02,Return,50,109.55,5477.5
1533,64,6,2023-08-02,Sale,25,182.18,4554.5
1534,40,5,2023-08-02,Sale,12,107.45,1289.4
1535,95,8,2023-08-02,Purchase,18,160.32,2885.76
1536,14,1,2023-08-02,Return,11,27.61,303.71
1537,102,2,2023-08-02,Sale,44,186.58,8209.52
1538,84,7,2023-08-02,Purchase,10,34.23,342.3
1539,78,2,2023-08-03,Sale,3,29.15,87.45
1540,118,8,2023-08-03,Sale,10,193.2,1932.0
1541,31,5,2023-08-03,Purchase,10,31.41,314.1
1542,59,5,2023-08-03,Return,4,160.27,641.08
1543,25,6,2023-08-03,Adjustment,8,159.98,1279.84
1544,34,7,2023-08-03,Return,21,19.01,399.21
1545,38,8,2023-08-04,Sale,37,195.74,7242.38
1546,71,3,2023-08-04,Sale,39,176.88,6898.32
1547,35,3,2023-08-04,Sale,24,96.77,2322.48
1548,63,2,2023-08-04,Sale,2,53.35,106.7
1549,52,1,2023-08-04,Sale,50,96.65,4832.5
1550,79,5,2023-08-04,Purchase,48,16.36,785.28
1551,120,3,2023-08-04,Sale,35,101.55,3554.25
1552,114,7,2023-08-04,Purchase,23,174.37,4010.51
1553,47,1,2023-08-04,Purchase,5,17.95,89.75
1554,24,2,2023-08-04,Return,26,92.42,2402.92
1555,33,1,2023-08-04,Purchase,43,198.63,8541.09
1556,105,1,2023-08-04,Sale,8,5.04,40.32
1557,102,7,2023-08-04,Purchase,16,186.58,2985.28
1558,89,6,2023-08-04,Sale,35,103.43,3620.05
1559,99,5,2023-08-05,Purchase,27,84.72,2287.44
1560,75,7,2023-08-05,Sale,14,139.16,1948.24
1561,114,8,2023-08-06,Purchase,41,174.37,7149.17
1562,78,2,2023-08-06,Sale,6,29.15,174.9
1563,116,7,2023-08-06,Purchase,29,33.19,962.51
1564,127,4,2023-08-07,Purchase,7,10.67,74.69
1565,129,3,2023-08-07,Sale,42,29.58,1242.36
1566,131,8,2023-08-07,Sale,1,117.64,117.64
1567,98,7,2023-08-07,Sale,22,172.83,3802.26
1568,32,2,2023-08-07,Sale,47,74.1,3482.7
1569,101,7,2023-08-07,Sale,20,193.9,3878.0
1570,132,8,2023-08-07,Purchase,21,129.29,2715.09
1571,120,8,2023-08-07,Purchase,50,101.55,5077.5
1572,36,1,2023-08-08,Purchase,17,42.63,724.71
1573,106,5,2023-08-08,Sale,2,103.82,207.64
1574,138,4,2023-08-08,Sale,24,51.93,1246.32
1575,110,7,2023-08-08,Sale,30,41.33,1239.9
1576,51,2,2023-08-08,Sale,44,182.14,8014.16
1577,23,5,2023-08-08,Sale,15,190.14,2852.1
1578,97,8,2023-08-08,Purchase,24,18.58,445.92
1579,111,4,2023-08-08,Sale,7,29.66,207.62
1580,18,8,2023-08-08,Purchase,8,177.07,1416.56
1581,106,7,2023-08-08,Sale,37,103.82,3841.34
1582,44,7,2023-08-08,Purchase,41,197.94,8115.54
1583,85,8,2023-08-08,Purchase,21,141.85,2978.85
1584,115,4,2023-08-08,Purchase,32,49.96,1598.72
1585,14,6,2023-08-09,Sale,4,27.61,110.44
1586,77,4,2023-08-09,Sale,14,184.71,2585.94
1587,128,7,2023-08-09,Sale,29,126.21,3660.09
1588,137,2,2023-08-09,Purchase,47,20.2,949.4
1589,45,2,2023-08-09,Sale,45,40.34,1815.3
1590,98,5,2023-08-09,Purchase,34,172.83,5876.22
1591,93,6,2023-08-09,Purchase,36,82.38,2965.68
1592,110,2,2023-08-09,Purchase,3,41.33,123.99
1593,125,7,2023-08-09,Purchase,48,79.12,3797.76
1594,72,5,2023-08-09,Sale,15,10.36,155.4
1595,48,8,2023-08-09,Sale,11,68.87,757.57
1596,89,7,2023-08-09,Sale,9,103.43,930.87
1597,144,6,2023-08-09,Purchase,20,62.27,1245.4
1598,71,2,2023-08-09,Sale,41,176.88,7252.08
1599,86,6,2023-08-10,Sale,40,40.76,1630.4
1600,4,7,2023-08-10,Purchase,45,25.38,1142.1
1601,96,4,2023-08-10,Purchase,15,55.25,828.75
1602,77,6,2023-08-10,Purchase,41,184.71,7573.11
1603,144,6,2023-08-10,Sale,37,62.27,2303.99
1604,97,1,2023-08-10,Purchase,1,18.58,18.58
1605,140,6,2023-08-10,Sale,41,195.2,8003.2
1606,128,4,2023-08-10,Purchase,42,126.21,5300.82
1607,126,4,2023-08-10,Return,31,31.59,979.29
1608,84,5,2023-08-10,Sale,1,34.23,34.23
1609,75,3,2023-08-10,Sale,49,139.16,6818.84
1610,114,4,2023-08-10,Sale,40,174.37,6974.8
1611,137,4,2023-08-11,Sale,12,20.2,242.4
1612,80,2,2023-08-11,Sale,2,134.56,269.12
1613,76,4,2023-08-11,Purchase,47,102.53,4818.91
1614,38,5,2023-08-11,Purchase,47,195.74,9199.78
1615,30,3,2023-08-11,Sale,38,7.05,267.9
1616,25,7,2023-08-11,Purchase,49,159.98,7839.02
1617,70,5,2023-08-11,Sale,30,137.1,4113.0
1618,144,1,2023-08-11,Purchase,43,62.27,2677.61
1619,85,4,2023-08-12,Purchase,50,141.85,7092.5
1620,111,1,2023-08-12,Purchase,22,29.66,652.52
1621,73,3,2023-08-13,Purchase,18,7.52,135.36
1622,55,6,2023-08-13,Sale,41,35.66,1462.06
1623,88,7,2023-08-13,Purchase,12,5.58,66.96
1624,23,8,2023-08-14,Sale,29,190.14,5514.06
1625,79,1,2023-08-14,Sale,34,16.36,556.24
1626,88,5,2023-08-14,Sale,40,5.58,223.2
1627,144,6,2023-08-14,Purchase,32,62.27,1992.64
1628,35,2,2023-08-14,Purchase,17,96.77,1645.09
1629,61,1,2023-08-14,Return,16,165.58,2649.28
1630,51,3,2023-08-14,Sale,16,182.14,2914.24
1631,138,6,2023-08-14,Sale,32,51.93,1661.76
1632,96,4,2023-08-15,Sale,13,55.25,718.25
1633,109,4,2023-08-15,Sale,31,62.94,1951.14
1634,12,2,2023-08-15,Sale,3,6.47,19.41
1635,71,3,2023-08-15,Purchase,32,176.88,5660.16
1636,132,2,2023-08-15,Sale,12,129.29,1551.48
1637,133,3,2023-08-15,Sale,25,128.15,3203.75
1638,78,6,2023-08-15,Purchase,49,29.15,1428.35
1639,121,6,2023-08-15,Purchase,31,19.99,619.69
1640,102,6,2023-08-15,Purchase,50,186.58,9329.0
1641,6,4,2023-08-15,Return,32,17.37,555.84
1642,51,8,2023-08-15,Sale,8,182.14,1457.12
1643,26,2,2023-08-16,Purchase,10,22.5,225.0
1644,49,6,2023-08-16,Sale,47,168.41,7915.27
1645,93,2,2023-08-16,Sale,27,82.38,2224.26
1646,139,7,2023-08-16,Purchase,41,146.41,6002.81
1647,119,5,2023-08-16,Sale,22,2.21,48.62
1648,140,8,2023-08-16,Sale,13,195.2,2537.6
1649,46,7,2023-08-16,Purchase,23,162.1,3728.3
1650,17,1,2023-08-17,Return,6,57.13,342.78
1651,33,8,2023-08-17,Purchase,32,198.63,6356.16
1652,65,7,2023-08-17,Purchase,2,117.5,235.0
1653,70,3,2023-08-17,Sale,18,137.1,2467.8
1654,119,4,2023-08-17,Return,48,2.21,106.08
1655,63,5,2023-08-17,Purchase,41,53.35,2187.35
1656,34,1,2023-08-17,Sale,24,19.01,456.24
1657,108,2,2023-08-18,Sale,33,110.09,3632.97
1658,128,1,2023-08-18,Return,47,126.21,5931.87
1659,104,8,2023-08-18,Sale,32,70.71,2262.72
1660,45,7,2023-08-18,Purchase,33,40.34,1331.22
1661,34,5,2023-08-18,Sale,27,19.01,513.27
1662,69,8,2023-08-18,Purchase,8,124.58,996.64
1663,94,3,2023-08-18,Sale,33,99.93,3297.69
1664,133,2,2023-08-18,Purchase,2,128.15,256.3
1665,85,2,2023-08-18,Purchase,15,141.85,2127.75
1666,13,2,2023-08-18,Sale,3,25.18,75.54
1667,124,7,2023-08-19,Adjustment,-7,170.94,1196.58
1668,78,4,2023-08-19,Sale,41,29.15,1195.15
1669,37,8,2023-08-19,Sale,39,109.55,4272.45
1670,121,4,2023-08-19,Purchase,23,19.99,459.77
1671,31,2,2023-08-20,Sale,29,31.41,910.89
1672,31,6,2023-08-20,Sale,48,31.41,1507.68
1673,134,3,2023-08-20,Sale,34,112.59,3828.06
1674,13,1,2023-08-21,Sale,38,25.18,956.84
1675,127,1,2023-08-21,Sale,27,10.67,288.09
1676,34,7,2023-08-21,Purchase,41,19.01,779.41
1677,18,6,2023-08-21,Sale,36,177.07,6374.52
1678,133,5,2023-08-21,Sale,28,128.15,3588.2
1679,96,2,2023-08-21,Purchase,39,55.25,2154.75
1680,113,2,2023-08-21,Purchase,47,87.29,4102.63
1681,102,2,2023-08-21,Sale,12,186.58,2238.96
1682,94,1,2023-08-21,Purchase,37,99.93,3697.41
1683,39,8,2023-08-21,Adjustment,-2,104.64,209.28
1684,83,4,2023-08-21,Return,16,149.84,2397.44
1685,115,8,2023-08-21,Purchase,45,49.96,2248.2
1686,114,3,2023-08-21,Sale,15,174.37,2615.55
1687,94,8,2023-08-21,Purchase,38,99.93,3797.34
1688,16,2,2023-08-22,Sale,14,176.91,2476.74
1689,114,3,2023-08-22,Sale,31,174.37,5405.47
1690,26,7,2023-08-22,Sale,1,22.5,22.5
1691,105,2,2023-08-22,Purchase,46,5.04,231.84
1692,59,6,2023-08-22,Sale,14,160.27,2243.78
1693,24,6,2023-08-22,Sale,12,92.42,1109.04
1694,84,5,2023-08-23,Adjustment,-13,34.23,444.99
1695,106,6,2023-08-23,Return,12,103.82,1245.84
1696,9,4,2023-08-23,Sale,21,95.87,2013.27
1697,44,3,2023-08-23,Adjustment,19,197.94,3760.86
1698,132,5,2023-08-23,Purchase,38,129.29,4913.02
1699,40,8,2023-08-24,Purchase,45,107.45,4835.25
1700,55,4,2023-08-24,Return,11,35.66,392.26
1701,114,6,2023-08-24,Purchase,14,174.37,2441.18
1702,45,5,2023-08-24,Sale,49,40.34,1976.66
1703,104,6,2023-08-24,Adjustment,-11,70.71,777.81
1704,13,5,2023-08-24,Sale,42,25.18,1057.56
1705,46,6,2023-08-24,Return,34,162.1,5511.4
1706,53,3,2023-08-24,Sale,18,67.84,1221.12
1707,33,4,2023-08-24,Adjustment,9,198.63,1787.67
1708,36,5,2023-08-24,Purchase,22,42.63,937.86
1709,1,7,2023-08-24,Sale,48,51.19,2457.12
1710,18,4,2023-08-25,Return,6,177.07,1062.42
1711,28,8,2023-08-25,Sale,36,69.33,2495.88
1712,84,5,2023-08-25,Sale,19,34.23,650.37
1713,89,1,2023-08-25,Sale,45,103.43,4654.35
1714,30,3,2023-08-25,Sale,2,7.05,14.1
1715,67,7,2023-08-25,Adjustment,20,174.82,3496.4
1716,62,6,2023-08-26,Sale,35,60.01,2100.35
1717,117,5,2023-08-26,Purchase,20,192.43,3848.6
1718,102,5,2023-08-27,Sale,23,186.58,4291.34
1719,51,6,2023-08-28,Return,39,182.14,7103.46
1720,73,2,2023-08-28,Purchase,40,7.52,300.8
1721,60,2,2023-08-28,Return,3,150.4,451.2
1722,98,7,2023-08-28,Purchase,12,172.83,2073.96
1723,87,3,2023-08-28,Return,16,5.86,93.76
1724,133,2,2023-08-29,Sale,12,128.15,1537.8
1725,142,6,2023-08-29,Purchase,16,124.16,1986.56
1726,132,7,2023-08-29,Sale,9,129.29,1163.61
1727,120,2,2023-08-29,Purchase,24,101.55,2437.2
1728,5,1,2023-08-29,Sale,10,32.09,320.9
1729,16,5,2023-08-29,Sale,9,176.91,1592.19
1730,76,2,2023-08-29,Sale,45,102.53,4613.85
1731,130,3,2023-08-29,Sale,27,167.32,4517.64
1732,139,3,2023-08-29,Sale,21,146.41,3074.61
1733,35,7,2023-08-29,Sale,29,96.77,2806.33
1734,47,3,2023-08-29,Purchase,25,17.95,448.75
1735,142,7,2023-08-29,Purchase,16,124.16,1986.56
1736,95,6,2023-08-29,Sale,6,160.32,961.92
1737,117,2,2023-08-29,Adjustment,14,192.43,2694.02
1738,66,6,2023-08-30,Sale,10,27.89,278.9
1739,83,2,2023-08-30,Adjustment,14,149.84,2097.76
1740,26,5,2023-08-30,Purchase,27,22.5,607.5
1741,82,5,2023-08-30,Purchase,48,52.12,2501.76
1742,32,3,2023-08-30,Sale,22,74.1,1630.2
1743,117,6,2023-08-30,Sale,3,192.43,577.29
1744,78,2,2023-08-30,Purchase,33,29.15,961.95
1745,81,7,2023-08-30,Adjustment,13,188.02,2444.26
1746,92,6,2023-08-30,Sale,36,164.32,5915.52
1747,116,5,2023-08-30,Purchase,5,33.19,165.95
1748,22,7,2023-08-30,Sale,43,65.09,2798.87
1749,11,5,2023-08-30,Purchase,34,58.35,1983.9
1750,142,7,2023-08-30,Return,12,124.16,1489.92
1751,138,2,2023-08-31,Purchase,16,51.93,830.88
1752,36,1,2023-08-31,Return,29,42.63,1236.27
1753,61,4,2023-08-31,Purchase,1,165.58,165.58
1754,40,3,2023-08-31,Sale,50,107.45,5372.5
1755,41,7,2023-08-31,Adjustment,16,46.16,738.56
1756,123,4,2023-08-31,Sale,1,126.67,126.67
1757,81,8,2023-08-31,Purchase,47,188.02,8836.94
1758,9,8,2023-08-31,Sale,9,95.87,862.83
1759,34,6,2023-08-31,Sale,43,19.01,817.43
1760,2,8,2023-08-31,Sale,46,18.21,837.66
1761,142,1,2023-08-31,Sale,10,124.16,1241.6
1762,87,6,2023-08-31,Sale,26,5.86,152.36
1763,8,2,2023-09-01,Sale,3,159.78,479.34
1764,121,7,2023-09-01,Purchase,37,19.99,739.63
1765,83,8,2023-09-01,Purchase,42,149.84,6293.28
1766,21,8,2023-09-01,Sale,35,30.84,1079.4
1767,79,6,2023-09-01,Sale,35,16.36,572.6
1768,125,4,2023-09-01,Return,47,79.12,3718.64
1769,111,6,2023-09-01,Purchase,8,29.66,237.28
1770,33,4,2023-09-01,Sale,43,198.63,8541.09
1771,62,6,2023-09-01,Purchase,15,60.01,900.15
1772,6,1,2023-09-01,Sale,19,17.37,330.03
1773,4,7,2023-09-01,Sale,20,25.38,507.6
1774,77,3,2023-09-01,Sale,37,184.71,6834.27
1775,121,7,2023-09-01,Sale,19,19.99,379.81
1776,25,6,2023-09-02,Sale,40,159.98,6399.2
1777,130,3,2023-09-03,Adjustment,11,167.32,1840.52
1778,60,2,2023-09-03,Purchase,48,150.4,7219.2
1779,2,7,2023-09-04,Sale,23,18.21,418.83
1780,29,6,2023-09-04,Return,22,31.95,702.9
1781,85,3,2023-09-04,Sale,10,141.85,1418.5
1782,6,8,2023-09-04,Sale,5,17.37,86.85
1783,139,4,2023-09-04,Return,21,146.41,3074.61
1784,129,4,2023-09-04,Purchase,24,29.58,709.92
1785,105,5,2023-09-04,Sale,22,5.04,110.88
1786,137,5,2023-09-04,Purchase,35,20.2,707.0
1787,144,7,2023-09-04,Sale,5,62.27,311.35
1788,66,1,2023-09-05,Return,49,27.89,1366.61
1789,89,5,2023-09-05,Sale,19,103.43,1965.17
1790,5,1,2023-09-05,Sale,38,32.09,1219.42
1791,61,8,2023-09-05,Sale,34,165.58,5629.72
1792,25,2,2023-09-05,Sale,22,159.98,3519.56
1793,137,2,2023-09-05,Sale,23,20.2,464.6
1794,37,8,2023-09-05,Return,48,109.55,5258.4
1795,116,5,2023-09-05,Sale,12,33.19,398.28
1796,133,8,2023-09-05,Purchase,47,128.15,6023.05
1797,65,4,2023-09-05,Sale,36,117.5,4230.0
1798,22,1,2023-09-05,Adjustment,14,65.09,911.26
1799,38,6,2023-09-05,Sale,29,195.74,5676.46
1800,48,5,2023-09-05,Sale,38,68.87,2617.06
1801,50,3,2023-09-06,Purchase,6,160.33,961.98
1802,33,3,2023-09-06,Purchase,38,198.63,7547.94
1803,2,6,2023-09-06,Return,2,18.21,36.42
1804,82,5,2023-09-06,Purchase,28,52.12,1459.36
1805,61,8,2023-09-06,Purchase,7,165.58,1159.06
1806,54,4,2023-09-06,Return,41,93.71,3842.11
1807,28,8,2023-09-06,Purchase,7,69.33,485.31
1808,29,8,2023-09-06,Purchase,21,31.95,670.95
1809,42,3,2023-09-06,Sale,31,161.6,5009.6
1810,83,3,2023-09-06,Sale,29,149.84,4345.36
1811,26,8,2023-09-07,Sale,7,22.5,157.5
1812,144,2,2023-09-07,Return,7,62.27,435.89
1813,62,3,2023-09-07,Sale,24,60.01,1440.24
1814,22,7,2023-09-07,Sale,49,65.09,3189.41
1815,121,3,2023-09-07,Return,25,19.99,499.75
1816,109,5,2023-09-07,Sale,30,62.94,1888.2
1817,141,3,2023-09-07,Purchase,39,96.84,3776.76
1818,85,4,2023-09-07,Sale,39,141.85,5532.15
1819,64,8,2023-09-07,Sale,26,182.18,4736.68
1820,112,4,2023-09-07,Sale,10,4.82,48.2
1821,59,2,2023-09-07,Purchase,22,160.27,3525.94
1822,19,3,2023-09-07,Purchase,31,31.96,990.76
1823,120,1,2023-09-08,Purchase,5,101.55,507.75
1824,134,3,2023-09-08,Sale,2,112.59,225.18
1825,52,7,2023-09-08,Sale,23,96.65,2222.95
1826,84,4,2023-09-08,Return,23,34.23,787.29
1827,139,1,2023-09-08,Return,13,146.41,1903.33
1828,64,1,2023-09-08,Return,48,182.18,8744.64
1829,10,2,2023-09-08,Sale,1,63.3,63.3
1830,7,7,2023-09-08,Sale,25,69.34,1733.5
1831,113,8,2023-09-08,Sale,2,87.29,174.58
1832,37,8,2023-09-08,Sale,11,109.55,1205.05
1833,81,8,2023-09-08,Sale,50,188.02,9401.0
1834,74,1,2023-09-09,Purchase,23,66.47,1528.81
1835,19,7,2023-09-10,Return,1,31.96,31.96
1836,123,2,2023-09-11,Sale,6,126.67,760.02
1837,69,4,2023-09-11,Purchase,6,124.58,747.48
1838,102,1,2023-09-11,Adjustment,5,186.58,932.9
1839,133,3,2023-09-11,Sale,50,128.15,6407.5
1840,136,1,2023-09-11,Sale,41,159.94,6557.54
1841,46,3,2023-09-12,Sale,15,162.1,2431.5
1842,84,1,2023-09-12,Return,26,34.23,889.98
1843,89,8,2023-09-12,Sale,9,103.43,930.87
1844,51,1,2023-09-12,Sale,34,182.14,6192.76
1845,52,4,2023-09-12,Purchase,27,96.65,2609.55
1846,60,7,2023-09-13,Purchase,22,150.4,3308.8
1847,59,7,2023-09-13,Sale,37,160.27,5929.99
1848,20,5,2023-09-13,Purchase,7,166.56,1165.92
1849,139,2,2023-09-13,Purchase,4,146.41,585.64
1850,9,3,2023-09-13,Purchase,47,95.87,4505.89
1851,136,7,2023-09-13,Purchase,37,159.94,5917.78
1852,102,3,2023-09-13,Purchase,23,186.58,4291.34
1853,87,8,2023-09-13,Sale,12,5.86,70.32
1854,68,1,2023-09-13,Return,30,155.66,4669.8
1855,78,8,2023-09-13,Purchase,15,29.15,437.25
1856,78,6,2023-09-13,Return,37,29.15,1078.55
1857,1,3,2023-09-14,Sale,35,51.19,1791.65
1858,19,3,2023-09-14,Purchase,15,31.96,479.4
1859,6,1,2023-09-14,Purchase,11,17.37,191.07
1860,139,4,2023-09-14,Purchase,25,146.41,3660.25
1861,124,4,2023-09-14,Purchase,17,170.94,2905.98
1862,84,6,2023-09-14,Purchase,17,34.23,581.91
1863,84,5,2023-09-14,Purchase,2,34.23,68.46
1864,127,4,2023-09-14,Sale,42,10.67,448.14
1865,21,4,2023-09-14,Return,30,30.84,925.2
1866,124,8,2023-09-14,Adjustment,12,170.94,2051.28
1867,144,6,2023-09-14,Return,1,62.27,62.27
1868,48,4,2023-09-14,Sale,44,68.87,3030.28
1869,97,1,2023-09-14,Sale,43,18.58,798.94
1870,51,2,2023-09-14,Sale,20,182.14,3642.8
1871,44,4,2023-09-15,Sale,8,197.94,1583.52
1872,98,5,2023-09-15,Purchase,13,172.83,2246.79
1873,104,7,2023-09-15,Sale,44,70.71,3111.24
1874,60,2,2023-09-15,Purchase,27,150.4,4060.8
1875,109,3,2023-09-15,Sale,12,62.94,755.28
1876,72,3,2023-09-16,Purchase,43,10.36,445.48
1877,135,4,2023-09-16,Sale,45,136.77,6154.65
1878,137,4,2023-09-17,Return,14,20.2,282.8
1879,48,8,2023-09-17,Purchase,5,68.87,344.35
1880,90,2,2023-09-17,Sale,21,194.4,4082.4
1881,57,1,2023-09-17,Purchase,34,165.65,5632.1
1882,25,2,2023-09-18,Sale,39,159.98,6239.22
1883,27,7,2023-09-18,Sale,16,15.33,245.28
1884,136,7,2023-09-18,Return,24,159.94,3838.56
1885,109,3,2023-09-18,Sale,45,62.94,2832.3
1886,138,1,2023-09-19,Return,41,51.93,2129.13
1887,77,3,2023-09-19,Sale,14,184.71,2585.94
1888,102,7,2023-09-19,Sale,15,186.58,2798.7
1889,121,2,2023-09-19,Purchase,46,19.99,919.54
1890,126,5,2023-09-19,Sale,27,31.59,852.93
1891,78,5,2023-09-19,Return,28,29.15,816.2
1892,127,8,2023-09-19,Sale,3,10.67,32.01
1893,128,8,2023-09-19,Sale,2,126.21,252.42
1894,42,5,2023-09-19,Sale,20,161.6,3232.0
1895,27,2,2023-09-19,Sale,5,15.33,76.65
1896,44,8,2023-09-19,Sale,23,197.94,4552.62
1897,129,7,2023-09-19,Purchase,22,29.58,650.76
1898,35,2,2023-09-19,Sale,41,96.77,3967.57
1899,94,6,2023-09-19,Purchase,23,99.93,2298.39
1900,106,3,2023-09-20,Sale,1,103.82,103.82
1901,34,4,2023-09-20,Return,24,19.01,456.24
1902,103,8,2023-09-20,Purchase,9,59.41,534.69
1903,133,4,2023-09-20,Return,42,128.15,5382.3
1904,86,3,2023-09-20,Sale,47,40.76,1915.72
1905,137,2,2023-09-20,Return,37,20.2,747.4
1906,79,8,2023-09-20,Sale,42,16.36,687.12
1907,73,6,2023-09-20,Sale,33,7.52,248.16
1908,52,4,2023-09-20,Purchase,15,96.65,1449.75
1909,70,2,2023-09-21,Purchase,48,137.1,6580.8
1910,54,7,2023-09-21,Sale,5,93.71,468.55
1911,130,5,2023-09-21,Sale,46,167.32,7696.72
1912,19,6,2023-09-21,Purchase,7,31.96,223.72
1913,127,2,2023-09-21,Sale,31,10.67,330.77
1914,123,8,2023-09-21,Sale,10,126.67,1266.7
1915,33,4,2023-09-21,Purchase,11,198.63,2184.93
1916,128,8,2023-09-21,Adjustment,-6,126.21,757.26
1917,69,7,2023-09-21,Sale,7,124.58,872.06
1918,68,4,2023-09-21,Sale,47,155.66,7316.02
1919,131,2,2023-09-21,Sale,19,117.64,2235.16
1920,13,3,2023-09-22,Purchase,41,25.18,1032.38
1921,62,8,2023-09-22,Sale,40,60.01,2400.4
1922,35,4,2023-09-22,Sale,10,96.77,967.7
1923,138,1,2023-09-22,Purchase,19,51.93,986.67
1924,82,4,2023-09-22,Return,5,52.12,260.6
1925,100,5,2023-09-22,Purchase,10,10.55,105.5
1926,30,4,2023-09-22,Purchase,33,7.05,232.65
1927,116,8,2023-09-22,Purchase,21,33.19,696.99
1928,133,3,2023-09-23,Sale,12,128.15,1537.8
1929,40,1,2023-09-23,Purchase,26,107.45,2793.7
1930,124,2,2023-09-23,Purchase,49,170.94,8376.06
1931,42,4,2023-09-24,Purchase,7,161.6,1131.2
1932,61,2,2023-09-24,Purchase,6,165.58,993.48
1933,100,6,2023-09-24,Return,34,10.55,358.7
1934,26,3,2023-09-24,Sale,3,22.5,67.5
1935,131,8,2023-09-25,Purchase,38,117.64,4470.32
1936,84,2,2023-09-25,Purchase,21,34.23,718.83
1937,31,1,2023-09-25,Sale,22,31.41,691.02
1938,61,1,2023-09-25,Purchase,41,165.58,6788.78
1939,86,8,2023-09-25,Adjustment,20,40.76,815.2
1940,63,4,2023-09-25,Sale,8,53.35,426.8
1941,56,3,2023-09-25,Sale,1,181.16,181.16
1942,3,3,2023-09-25,Return,5,146.43,732.15
1943,68,2,2023-09-25,Sale,14,155.66,2179.24
1944,25,1,2023-09-25,Sale,16,159.98,2559.68
1945,47,7,2023-09-25,Sale,40,17.95,718.0
1946,130,2,2023-09-25,Sale,8,167.32,1338.56
1947,46,2,2023-09-26,Sale,6,162.1,972.6
1948,74,7,2023-09-26,Purchase,25,66.47,1661.75
1949,92,4,2023-09-26,Sale,3,164.32,492.96
1950,18,6,2023-09-26,Sale,4,177.07,708.28
1951,112,7,2023-09-26,Sale,25,4.82,120.5
1952,47,8,2023-09-26,Purchase,21,17.95,376.95
1953,4,5,2023-09-26,Sale,2,25.38,50.76
1954,137,2,2023-09-27,Sale,30,20.2,606.0
1955,74,1,2023-09-27,Purchase,9,66.47,598.23
1956,137,4,2023-09-27,Adjustment,11,20.2,222.2
1957,92,5,2023-09-27,Purchase,9,164.32,1478.88
1958,96,1,2023-09-27,Purchase,5,55.25,276.25
1959,7,6,2023-09-27,Adjustment,-1,69.34,69.34
1960,114,3,2023-09-27,Purchase,20,174.37,3487.4
1961,97,8,2023-09-27,Sale,6,18.58,111.48
1962,27,5,2023-09-27,Purchase,34,15.33,521.22
1963,78,8,2023-09-28,Sale,37,29.15,1078.55
1964,125,8,2023-09-28,Sale,27,79.12,2136.24
1965,5,1,2023-09-28,Sale,19,32.09,609.71
1966,119,7,2023-09-28,Purchase,32,2.21,70.72
1967,83,2,2023-09-29,Sale,13,149.84,1947.92
1968,5,6,2023-09-29,Sale,31,32.09,994.79
1969,64,7,2023-09-29,Sale,6,182.18,1093.08
1970,8,2,2023-09-29,Sale,25,159.78,3994.5
1971,129,8,2023-09-30,Purchase,25,29.58,739.5
1972,134,3,2023-09-30,Sale,39,112.59,4391.01
1973,12,2,2023-09-30,Purchase,44,6.47,284.68
1974,140,2,2023-09-30,Sale,13,195.2,2537.6
1975,69,6,2023-09-30,Sale,27,124.58,3363.66
1976,47,1,2023-10-01,Adjustment,2,17.95,35.9
1977,31,8,2023-10-01,Purchase,36,31.41,1130.76
1978,84,3,2023-10-02,Purchase,22,34.23,753.06
1979,119,4,2023-10-02,Sale,43,2.21,95.03
1980,37,7,2023-10-02,Sale,5,109.55,547.75
1981,93,6,2023-10-02,Sale,6,82.38,494.28
1982,45,3,2023-10-02,Sale,35,40.34,1411.9
1983,139,5,2023-10-03,Purchase,43,146.41,6295.63
1984,57,7,2023-10-03,Sale,18,165.65,2981.7
1985,79,3,2023-10-03,Sale,15,16.36,245.4
1986,41,7,2023-10-03,Purchase,24,46.16,1107.84
1987,18,1,2023-10-03,Sale,31,177.07,5489.17
1988,69,2,2023-10-03,Adjustment,-1,124.58,124.58
1989,22,6,2023-10-03,Purchase,10,65.09,650.9
1990,13,7,2023-10-03,Return,40,25.18,1007.2
1991,124,3,2023-10-03,Sale,14,170.94,2393.16
1992,19,5,2023-10-03,Sale,9,31.96,287.64
1993,75,8,2023-10-03,Adjustment,12,139.16,1669.92
1994,33,1,2023-10-04,Sale,36,198.63,7150.68
1995,90,2,2023-10-04,Sale,17,194.4,3304.8
1996,95,5,2023-10-04,Purchase,16,160.32,2565.12
1997,113,3,2023-10-04,Sale,42,87.29,3666.18
1998,69,4,2023-10-04,Purchase,35,124.58,4360.3
1999,66,6,2023-10-04,Purchase,24,27.89,669.36
2000,143,5,2023-10-04,Purchase,37,31.19,1154.03
2001,126,8,2023-10-04,Sale,33,31.59,1042.47
2002,18,3,2023-10-04,Purchase,5,177.07,885.35
2003,137,5,2023-10-04,Purchase,43,20.2,868.6
2004,58,6,2023-10-04,Sale,4,32.87,131.48
2005,87,4,2023-10-05,Purchase,33,5.86,193.38
2006,27,2,2023-10-05,Purchase,19,15.33,291.27
2007,139,4,2023-10-05,Sale,30,146.41,4392.3
2008,94,4,2023-10-05,Return,4,99.93,399.72
2009,55,5,2023-10-06,Sale,28,35.66,998.48
2010,95,6,2023-10-06,Sale,24,160.32,3847.68
2011,55,2,2023-10-06,Purchase,50,35.66,1783.0
2012,127,6,2023-10-06,Purchase,47,10.67,501.49
2013,129,4,2023-10-06,Sale,1,29.58,29.58
2014,54,3,2023-10-07,Purchase,36,93.71,3373.56
2015,34,3,2023-10-07,Sale,24,19.01,456.24
2016,91,8,2023-10-07,Sale,36,9.84,354.24
2017,143,2,2023-10-07,Purchase,22,31.19,686.18
2018,84,4,2023-10-07,Sale,48,34.23,1643.04
2019,124,1,2023-10-08,Return,4,170.94,683.76
2020,16,2,2023-10-08,Sale,47,176.91,8314.77
2021,45,6,2023-10-08,Sale,25,40.34,1008.5
2022,137,8,2023-10-09,Purchase,29,20.2,585.8
2023,142,8,2023-10-09,Purchase,34,124.16,4221.44
2024,37,2,2023-10-09,Purchase,34,109.55,3724.7
2025,104,7,2023-10-09,Sale,4,70.71,282.84
2026,36,3,2023-10-09,Adjustment,-18,42.63,767.34
2027,129,8,2023-10-10,Sale,49,29.58,1449.42
2028,112,7,2023-10-10,Sale,21,4.82,101.22
2029,134,4,2023-10-10,Adjustment,12,112.59,1351.08
2030,34,4,2023-10-10,Sale,23,19.01,437.23
2031,89,6,2023-10-10,Purchase,44,103.43,4550.92
2032,47,7,2023-10-10,Return,20,17.95,359.0
2033,55,2,2023-10-10,Purchase,35,35.66,1248.1
2034,72,6,2023-10-10,Adjustment,6,10.36,62.16
2035,58,6,2023-10-11,Sale,36,32.87,1183.32
2036,110,2,2023-10-11,Sale,19,41.33,785.27
2037,124,3,2023-10-11,Purchase,12,170.94,2051.28
2038,88,4,2023-10-11,Purchase,15,5.58,83.7
2039,47,5,2023-10-11,Sale,45,17.95,807.75
2040,22,8,2023-10-11,Sale,44,65.09,2863.96
2041,110,8,2023-10-11,Adjustment,14,41.33,578.62
2042,24,6,2023-10-11,Sale,31,92.42,2865.02
2043,19,2,2023-10-12,Purchase,50,31.96,1598.0
2044,96,5,2023-10-12,Purchase,33,55.25,1823.25
2045,6,2,2023-10-12,Purchase,9,17.37,156.33
2046,131,8,2023-10-12,Purchase,24,117.64,2823.36
2047,43,3,2023-10-12,Sale,2,41.58,83.16
2048,96,6,2023-10-13,Adjustment,-3,55.25,165.75
2049,112,3,2023-10-13,Purchase,38,4.82,183.16
2050,141,2,2023-10-13,Sale,13,96.84,1258.92
2051,72,5,2023-10-13,Adjustment,17,10.36,176.12
2052,71,4,2023-10-13,Purchase,5,176.88,884.4
2053,40,1,2023-10-13,Sale,21,107.45,2256.45
2054,21,4,2023-10-13,Purchase,34,30.84,1048.56
2055,48,1,2023-10-14,Sale,13,68.87,895.31
2056,60,1,2023-10-14,Purchase,9,150.4,1353.6
2057,131,8,2023-10-14,Purchase,46,117.64,5411.44
2058,92,6,2023-10-14,Purchase,31,164.32,5093.92
2059,143,1,2023-10-15,Purchase,45,31.19,1403.55
2060,99,1,2023-10-15,Adjustment,2,84.72,169.44
2061,73,7,2023-10-15,Return,50,7.52,376.0
2062,14,1,2023-10-15,Sale,13,27.61,358.93
2063,42,1,2023-10-16,Return,33,161.6,5332.8
2064,100,4,2023-10-16,Purchase,11,10.55,116.05
2065,29,7,2023-10-16,Return,43,31.95,1373.85
2066,134,8,2023-10-16,Purchase,27,112.59,3039.93
2067,11,2,2023-10-16,Purchase,31,58.35,1808.85
2068,56,8,2023-10-16,Purchase,5,181.16,905.8
2069,11,7,2023-10-17,Sale,12,58.35,700.2
2070,124,7,2023-10-17,Sale,46,170.94,7863.24
2071,76,7,2023-10-17,Sale,3,102.53,307.59
2072,95,4,2023-10-17,Adjustment,15,160.32,2404.8
2073,67,2,2023-10-17,Sale,4,174.82,699.28
2074,38,8,2023-10-17,Purchase,1,195.74,195.74
2075,117,7,2023-10-17,Return,19,192.43,3656.17
2076,139,1,2023-10-18,Sale,14,146.41,2049.74
2077,4,2,2023-10-18,Purchase,39,25.38,989.82
2078,136,1,2023-10-18,Sale,6,159.94,959.64
2079,58,7,2023-10-18,Purchase,24,32.87,788.88
2080,7,2,2023-10-18,Sale,47,69.34,3258.98
2081,139,7,2023-10-18,Sale,12,146.41,1756.92
2082,48,8,2023-10-18,Sale,8,68.87,550.96
2083,24,6,2023-10-18,Sale,23,92.42,2125.66
2084,25,3,2023-10-18,Sale,34,159.98,5439.32
2085,93,8,2023-10-18,Sale,13,82.38,1070.94
2086,38,6,2023-10-18,Adjustment,-7,195.74,1370.18
2087,132,8,2023-10-18,Return,16,129.29,2068.64
2088,107,7,2023-10-18,Purchase,32,132.35,4235.2
2089,4,8,2023-10-18,Sale,15,25.38,380.7
2090,121,8,2023-10-19,Sale,43,19.99,859.57
2091,4,5,2023-10-19,Purchase,23,25.38,583.74
2092,140,4,2023-10-19,Purchase,11,195.2,2147.2
2093,17,3,2023-10-19,Purchase,23,57.13,1313.99
2094,24,5,2023-10-19,Sale,3,92.42,277.26
2095,131,5,2023-10-19,Purchase,43,117.64,5058.52
2096,49,4,2023-10-19,Return,29,168.41,4883.89
2097,29,1,2023-10-19,Purchase,34,31.95,1086.3
2098,23,5,2023-10-19,Sale,29,190.14,5514.06
2099,141,3,2023-10-19,Sale,40,96.84,3873.6
2100,136,2,2023-10-20,Purchase,12,159.94,1919.28
2101,39,1,2023-10-20,Purchase,27,104.64,2825.28
2102,73,1,2023-10-20,Return,49,7.52,368.48
2103,136,7,2023-10-20,Purchase,40,159.94,6397.6
2104,68,3,2023-10-20,Sale,34,155.66,5292.44
2105,44,1,2023-10-20,Sale,11,197.94,2177.34
2106,81,6,2023-10-20,Sale,47,188.02,8836.94
2107,144,4,2023-10-20,Purchase,9,62.27,560.43
2108,19,1,2023-10-20,Purchase,49,31.96,1566.04
2109,42,1,2023-10-20,Purchase,17,161.6,2747.2
2110,32,2,2023-10-20,Purchase,21,74.1,1556.1
2111,130,8,2023-10-20,Sale,23,167.32,3848.36
2112,29,2,2023-10-20,Sale,33,31.95,1054.35
2113,127,3,2023-10-21,Return,16,10.67,170.72
2114,44,4,2023-10-21,Purchase,8,197.94,1583.52
2115,86,2,2023-10-22,Sale,21,40.76,855.96
2116,95,2,2023-10-22,Sale,24,160.32,3847.68
2117,74,4,2023-10-23,Sale,41,66.47,2725.27
2118,104,5,2023-10-23,Sale,38,70.71,2686.98
2119,36,1,2023-10-23,Purchase,49,42.63,2088.87
2120,39,5,2023-10-23,Sale,35,104.64,3662.4
2121,22,8,2023-10-23,Purchase,31,65.09,2017.79
2122,143,3,2023-10-23,Sale,5,31.19,155.95
2123,67,5,2023-10-23,Return,45,174.82,7866.9
2124,125,8,2023-10-23,Purchase,15,79.12,1186.8
2125,94,5,2023-10-23,Sale,1,99.93,99.93
2126,142,2,2023-10-24,Sale,47,124.16,5835.52
2127,133,5,2023-10-24,Return,31,128.15,3972.65
2128,131,8,2023-10-24,Return,40,117.64,4705.6
2129,19,3,2023-10-24,Purchase,32,31.96,1022.72
2130,78,7,2023-10-24,Purchase,8,29.15,233.2
2131,6,4,2023-10-24,Purchase,17,17.37,295.29
2132,9,4,2023-10-24,Sale,44,95.87,4218.28
2133,120,3,2023-10-24,Sale,21,101.55,2132.55
2134,103,4,2023-10-25,Sale,34,59.41,2019.94
2135,67,6,2023-10-25,Sale,11,174.82,1923.02
2136,71,3,2023-10-25,Sale,33,176.88,5837.04
2137,133,5,2023-10-25,Purchase,29,128.15,3716.35
2138,112,1,2023-10-25,Purchase,30,4.82,144.6
2139,20,3,2023-10-25,Purchase,30,166.56,4996.8
2140,9,7,2023-10-25,Purchase,39,95.87,3738.93
2141,33,6,2023-10-25,Purchase,28,198.63,5561.64
2142,136,6,2023-10-25,Sale,35,159.94,5597.9
2143,3,5,2023-10-25,Purchase,1,146.43,146.43
2144,106,4,2023-10-25,Purchase,16,103.82,1661.12
2145,82,1,2023-10-25,Sale,5,52.12,260.6
2146,63,4,2023-10-26,Sale,22,53.35,1173.7
2147,33,3,2023-10-26,Adjustment,8,198.63,1589.04
2148,35,2,2023-10-26,Purchase,31,96.77,2999.87
2149,4,8,2023-10-26,Sale,8,25.38,203.04
2150,35,3,2023-10-26,Purchase,48,96.77,4644.96
2151,81,1,2023-10-27,Sale,37,188.02,6956.74
2152,138,5,2023-10-27,Sale,39,51.93,2025.27
2153,75,7,2023-10-27,Return,20,139.16,2783.2
2154,81,2,2023-10-27,Return,49,188.02,9212.98
2155,47,2,2023-10-27,Sale,47,17.95,843.65
2156,74,6,2023-10-27,Sale,47,66.47,3124.09
2157,17,7,2023-10-27,Purchase,18,57.13,1028.34
2158,84,8,2023-10-27,Sale,35,34.23,1198.05
2159,73,2,2023-10-27,Purchase,12,7.52,90.24
2160,8,6,2023-10-28,Return,9,159.78,1438.02
2161,5,6,2023-10-28,Return,35,32.09,1123.15
2162,74,4,2023-10-28,Purchase,5,66.47,332.35
2163,56,5,2023-10-28,Sale,1,181.16,181.16
2164,122,3,2023-10-28,Sale,49,118.19,5791.31
2165,131,3,2023-10-29,Purchase,6,117.64,705.84
2166,27,8,2023-10-30,Adjustment,-18,15.33,275.94
2167,61,2,2023-10-30,Sale,20,165.58,3311.6
2168,103,2,2023-10-30,Purchase,3,59.41,178.23
2169,94,1,2023-10-30,Purchase,49,99.93,4896.57
2170,25,5,2023-10-30,Sale,10,159.98,1599.8
2171,125,4,2023-10-31,Purchase,31,79.12,2452.72
2172,99,3,2023-10-31,Adjustment,19,84.72,1609.68
2173,16,4,2023-10-31,Purchase,40,176.91,7076.4
2174,127,5,2023-10-31,Sale,36,10.67,384.12
2175,72,8,2023-10-31,Purchase,14,10.36,145.04
2176,2,3,2023-10-31,Sale,43,18.21,783.03
2177,54,1,2023-10-31,Sale,46,93.71,4310.66
2178,118,8,2023-10-31,Return,45,193.2,8694.0
2179,2,7,2023-10-31,Sale,3,18.21,54.63
2180,31,6,2023-10-31,Sale,27,31.41,848.07
2181,74,5,2023-10-31,Sale,32,66.47,2127.04
2182,119,5,2023-10-31,Return,47,2.21,103.87
2183,96,6,2023-10-31,Sale,33,55.25,1823.25
2184,41,7,2023-10-31,Sale,19,46.16,877.04
2185,29,3,2023-11-01,Sale,21,31.95,670.95
2186,122,8,2023-11-01,Sale,27,118.19,3191.13
2187,90,7,2023-11-01,Sale,49,194.4,9525.6
2188,101,6,2023-11-01,Return,50,193.9,9695.0
2189,46,1,2023-11-01,Adjustment,-20,162.1,3242.0
2190,52,8,2023-11-01,Purchase,12,96.65,1159.8
2191,127,7,2023-11-01,Purchase,42,10.67,448.14
2192,58,1,2023-11-01,Purchase,44,32.87,1446.28
2193,84,5,2023-11-01,Purchase,14,34.23,479.22
2194,68,3,2023-11-01,Purchase,26,155.66,4047.16
2195,1,1,2023-11-01,Return,42,51.19,2149.98
2196,141,5,2023-11-01,Purchase,6,96.84,581.04
2197,38,2,2023-11-02,Sale,42,195.74,8221.08
2198,59,3,2023-11-02,Sale,48,160.27,7692.96
2199,47,1,2023-11-02,Purchase,5,17.95,89.75
2200,142,4,2023-11-02,Sale,14,124.16,1738.24
2201,45,5,2023-11-02,Purchase,6,40.34,242.04
2202,40,3,2023-11-02,Return,11,107.45,1181.95
2203,23,2,2023-11-02,Sale,20,190.14,3802.8
2204,1,1,2023-11-02,Sale,22,51.19,1126.18
2205,10,3,2023-11-02,Purchase,47,63.3,2975.1
2206,130,7,2023-11-02,Sale,13,167.32,2175.16
2207,55,2,2023-11-03,Sale,45,35.66,1604.7
2208,40,1,2023-11-03,Purchase,50,107.45,5372.5
2209,120,1,2023-11-03,Sale,11,101.55,1117.05
2210,51,6,2023-11-03,Purchase,31,182.14,5646.34
2211,116,6,2023-11-03,Purchase,37,33.19,1228.03
2212,133,8,2023-11-03,Purchase,27,128.15,3460.05
2213,126,8,2023-11-03,Return,13,31.59,410.67
2214,106,1,2023-11-03,Purchase,26,103.82,2699.32
2215,80,8,2023-11-04,Sale,14,134.56,1883.84
2216,58,2,2023-11-04,Sale,9,32.87,295.83
2217,56,7,2023-11-05,Sale,50,181.16,9058.0
2218,116,8,2023-11-05,Purchase,46,33.19,1526.74
2219,24,1,2023-11-05,Purchase,8,92.42,739.36
2220,47,3,2023-11-05,Sale,20,17.95,359.0
2221,142,3,2023-11-05,Sale,49,124.16,6083.84
2222,34,5,2023-11-06,Purchase,6,19.01,114.06
2223,66,5,2023-11-06,Return,50,27.89,1394.5
2224,103,5,2023-11-06,Return,6,59.41,356.46
2225,15,6,2023-11-06,Purchase,41,17.96,736.36
2226,137,7,2023-11-06,Return,19,20.2,383.8
2227,22,2,2023-11-06,Adjustment,12,65.09,781.08
2228,140,3,2023-11-07,Purchase,14,195.2,2732.8
2229,46,3,2023-11-07,Purchase,27,162.1,4376.7
2230,90,3,2023-11-07,Return,36,194.4,6998.4
2231,98,1,2023-11-07,Sale,43,172.83,7431.69
2232,21,2,2023-11-07,Sale,2,30.84,61.68
2233,34,2,2023-11-07,Return,12,19.01,228.12
2234,77,4,2023-11-07,Sale,21,184.71,3878.91
2235,8,4,2023-11-07,Sale,13,159.78,2077.14
2236,104,8,2023-11-07,Purchase,38,70.71,2686.98
2237,96,3,2023-11-07,Sale,4,55.25,221.0
2238,21,1,2023-11-07,Purchase,36,30.84,1110.24
2239,101,6,2023-11-07,Purchase,35,193.9,6786.5
2240,65,8,2023-11-07,Sale,39,117.5,4582.5
2241,66,7,2023-11-07,Sale,20,27.89,557.8
2242,101,3,2023-11-08,Purchase,27,193.9,5235.3
2243,28,5,2023-11-08,Sale,33,69.33,2287.89
2244,102,1,2023-11-08,Sale,25,186.58,4664.5
2245,52,1,2023-11-08,Purchase,15,96.65,1449.75
2246,50,6,2023-11-09,Return,20,160.33,3206.6
2247,31,2,2023-11-09,Purchase,6,31.41,188.46
2248,90,2,2023-11-09,Return,40,194.4,7776.0
2249,115,1,2023-11-09,Sale,2,49.96,99.92
2250,49,6,2023-11-09,Sale,42,168.41,7073.22
2251,82,1,2023-11-09,Purchase,6,52.12,312.72
2252,134,7,2023-11-09,Sale,34,112.59,3828.06
2253,46,4,2023-11-09,Return,23,162.1,3728.3
2254,65,8,2023-11-09,Purchase,22,117.5,2585.0
2255,108,2,2023-11-09,Return,40,110.09,4403.6
2256,60,3,2023-11-09,Purchase,18,150.4,2707.2
2257,123,8,2023-11-09,Sale,31,126.67,3926.77
2258,127,5,2023-11-09,Purchase,37,10.67,394.79
2259,11,5,2023-11-10,Sale,22,58.35,1283.7
2260,108,6,2023-11-10,Sale,10,110.09,1100.9
2261,108,6,2023-11-10,Return,10,110.09,1100.9
2262,51,6,2023-11-10,Return,32,182.14,5828.48
2263,106,1,2023-11-10,Sale,45,103.82,4671.9
2264,141,8,2023-11-10,Purchase,38,96.84,3679.92
2265,16,3,2023-11-10,Purchase,25,176.91,4422.75
2266,93,5,2023-11-11,Purchase,39,82.38,3212.82
2267,59,6,2023-11-11,Sale,16,160.27,2564.32
2268,4,2,2023-11-11,Sale,38,25.38,964.44
2269,125,1,2023-11-11,Sale,22,79.12,1740.64
2270,105,4,2023-11-12,Sale,22,5.04,110.88
2271,88,4,2023-11-12,Sale,12,5.58,66.96
2272,83,2,2023-11-12,Sale,32,149.84,4794.88
2273,58,8,2023-11-13,Sale,44,32.87,1446.28
2274,30,7,2023-11-13,Sale,39,7.05,274.95
2275,143,6,2023-11-13,Sale,7,31.19,218.33
2276,133,1,2023-11-13,Sale,40,128.15,5126.0
2277,112,6,2023-11-13,Purchase,31,4.82,149.42
2278,46,6,2023-11-13,Purchase,18,162.1,2917.8
2279,87,1,2023-11-13,Sale,22,5.86,128.92
2280,61,6,2023-11-13,Purchase,44,165.58,7285.52
2281,27,4,2023-11-13,Purchase,37,15.33,567.21
2282,13,4,2023-11-13,Sale,27,25.18,679.86
2283,32,3,2023-11-14,Sale,27,74.1,2000.7
2284,25,8,2023-11-14,Purchase,5,159.98,799.9
2285,7,4,2023-11-14,Return,29,69.34,2010.86
2286,66,8,2023-11-14,Return,20,27.89,557.8
2287,133,1,2023-11-14,Adjustment,13,128.15,1665.95
2288,81,1,2023-11-14,Return,1,188.02,188.02
2289,28,3,2023-11-15,Purchase,48,69.33,3327.84
2290,111,5,2023-11-15,Purchase,4,29.66,118.64
2291,50,8,2023-11-15,Sale,39,160.33,6252.87
2292,87,6,2023-11-15,Purchase,18,5.86,105.48
2293,17,1,2023-11-15,Sale,46,57.13,2627.98
2294,132,1,2023-11-15,Sale,48,129.29,6205.92
2295,92,5,2023-11-15,Purchase,6,164.32,985.92
2296,116,2,2023-11-15,Sale,1,33.19,33.19
2297,68,6,2023-11-15,Sale,22,155.66,3424.52
2298,141,7,2023-11-15,Sale,29,96.84,2808.36
2299,59,1,2023-11-15,Sale,50,160.27,8013.5
2300,77,4,2023-11-16,Sale,43,184.71,7942.53
2301,52,5,2023-11-16,Purchase,44,96.65,4252.6
2302,40,6,2023-11-16,Purchase,5,107.45,537.25
2303,36,7,2023-11-16,Sale,9,42.63,383.67
2304,71,3,2023-11-16,Sale,43,176.88,7605.84
2305,135,1,2023-11-16,Sale,7,136.77,957.39
2306,143,2,2023-11-16,Sale,45,31.19,1403.55
2307,102,3,2023-11-16,Adjustment,-19,186.58,3545.02
2308,34,5,2023-11-16,Return,16,19.01,304.16
2309,134,8,2023-11-16,Purchase,34,112.59,3828.06
2310,125,2,2023-11-17,Purchase,39,79.12,3085.68
2311,103,6,2023-11-17,Sale,33,59.41,1960.53
2312,138,3,2023-11-17,Purchase,42,51.93,2181.06
2313,111,6,2023-11-17,Purchase,8,29.66,237.28
2314,107,7,2023-11-18,Sale,45,132.35,5955.75
2315,15,1,2023-11-18,Sale,41,17.96,736.36
2316,83,1,2023-11-18,Sale,37,149.84,5544.08
2317,82,1,2023-11-19,Sale,44,52.12,2293.28
2318,95,8,2023-11-19,Purchase,41,160.32,6573.12
2319,98,5,2023-11-19,Sale,18,172.83,3110.94
2320,101,3,2023-11-20,Sale,31,193.9,6010.9
2321,88,2,2023-11-20,Return,33,5.58,184.14
2322,39,5,2023-11-20,Sale,2,104.64,209.28
2323,99,5,2023-11-20,Sale,6,84.72,508.32
2324,53,6,2023-11-20,Sale,30,67.84,2035.2
2325,8,6,2023-11-20,Purchase,45,159.78,7190.1
2326,38,3,2023-11-20,Purchase,32,195.74,6263.68
2327,70,6,2023-11-20,Return,21,137.1,2879.1
2328,133,2,2023-11-20,Purchase,18,128.15,2306.7
2329,107,5,2023-11-20,Sale,31,132.35,4102.85
2330,91,4,2023-11-21,Sale,2,9.84,19.68
2331,126,8,2023-11-21,Sale,1,31.59,31.59
2332,43,8,2023-11-21,Sale,30,41.58,1247.4
2333,96,4,2023-11-21,Purchase,30,55.25,1657.5
2334,85,7,2023-11-21,Purchase,18,141.85,2553.3
2335,73,1,2023-11-21,Sale,5,7.52,37.6
2336,96,7,2023-11-21,Sale,11,55.25,607.75
2337,34,3,2023-11-21,Sale,25,19.01,475.25
2338,129,2,2023-11-21,Sale,19,29.58,562.02
2339,7,5,2023-11-21,Purchase,28,69.34,1941.52
2340,35,6,2023-11-22,Purchase,15,96.77,1451.55
2341,119,2,2023-11-22,Sale,44,2.21,97.24
2342,108,8,2023-11-22,Sale,9,110.09,990.81
2343,39,3,2023-11-22,Adjustment,-12,104.64,1255.68
2344,39,1,2023-11-22,Return,45,104.64,4708.8
2345,18,1,2023-11-22,Sale,19,177.07,3364.33
2346,28,6,2023-11-22,Sale,21,69.33,1455.93
2347,1,5,2023-11-22,Purchase,6,51.19,307.14
2348,94,7,2023-11-22,Sale,15,99.93,1498.95
2349,94,7,2023-11-22,Sale,13,99.93,1299.09
2350,114,3,2023-11-22,Sale,47,174.37,8195.39
2351,57,7,2023-11-23,Adjustment,-4,165.65,662.6
2352,93,3,2023-11-23,Sale,46,82.38,3789.48
2353,137,1,2023-11-23,Return,12,20.2,242.4
2354,88,1,2023-11-23,Sale,23,5.58,128.34
2355,40,8,2023-11-23,Return,20,107.45,2149.0
2356,75,1,2023-11-23,Purchase,24,139.16,3339.84
2357,87,3,2023-11-23,Sale,6,5.86,35.16
2358,123,7,2023-11-23,Sale,11,126.67,1393.37
2359,127,8,2023-11-23,Purchase,37,10.67,394.79
2360,123,4,2023-11-23,Purchase,50,126.67,6333.5
2361,97,1,2023-11-23,Sale,25,18.58,464.5
2362,98,1,2023-11-24,Return,28,172.83,4839.24
2363,140,2,2023-11-24,Purchase,34,195.2,6636.8
2364,55,7,2023-11-24,Return,47,35.66,1676.02
2365,12,2,2023-11-24,Sale,27,6.47,174.69
2366,50,8,2023-11-24,Adjustment,-7,160.33,1122.31
2367,132,8,2023-11-25,Return,32,129.29,4137.28
2368,110,4,2023-11-25,Return,41,41.33,1694.53
2369,46,7,2023-11-25,Purchase,3,162.1,486.3
2370,84,4,2023-11-25,Purchase,44,34.23,1506.12
2371,127,2,2023-11-26,Sale,48,10.67,512.16
2372,72,1,2023-11-26,Purchase,20,10.36,207.2
2373,135,7,2023-11-26,Purchase,15,136.77,2051.55
2374,100,4,2023-11-27,Sale,47,10.55,495.85
2375,93,6,2023-11-27,Sale,19,82.38,1565.22
2376,88,1,2023-11-27,Purchase,14,5.58,78.12
2377,47,5,2023-11-27,Return,36,17.95,646.2
2378,35,4,2023-11-27,Adjustment,11,96.77,1064.47
2379,65,8,2023-11-27,Purchase,34,117.5,3995.0
2380,48,6,2023-11-27,Return,49,68.87,3374.63
2381,72,1,2023-11-27,Purchase,35,10.36,362.6
2382,84,6,2023-11-27,Sale,39,34.23,1334.97
2383,49,4,2023-11-27,Sale,25,168.41,4210.25
2384,9,7,2023-11-27,Sale,5,95.87,479.35
2385,141,1,2023-11-28,Sale,28,96.84,2711.52
2386,135,7,2023-11-28,Return,40,136.77,5470.8
2387,91,3,2023-11-28,Return,27,9.84,265.68
2388,3,7,2023-11-28,Sale,11,146.43,1610.73
2389,34,5,2023-11-28,Sale,14,19.01,266.14
2390,50,2,2023-11-28,Purchase,3,160.33,480.99
2391,78,3,2023-11-28,Purchase,34,29.15,991.1
2392,116,2,2023-11-28,Purchase,24,33.19,796.56
2393,82,3,2023-11-28,Sale,43,52.12,2241.16
2394,75,8,2023-11-28,Purchase,38,139.16,5288.08
2395,27,6,2023-11-28,Purchase,4,15.33,61.32
2396,86,2,2023-11-28,Purchase,10,40.76,407.6
2397,42,1,2023-11-28,Sale,46,161.6,7433.6
2398,23,8,2023-11-28,Adjustment,20,190.14,3802.8
2399,81,8,2023-11-29,Sale,42,188.02,7896.84
2400,102,7,2023-11-29,Return,20,186.58,3731.6
2401,137,6,2023-11-29,Return,23,20.2,464.6
2402,111,6,2023-11-29,Adjustment,-15,29.66,444.9
2403,49,5,2023-11-29,Sale,15,168.41,2526.15
2404,29,4,2023-11-29,Sale,50,31.95,1597.5
2405,30,4,2023-11-29,Sale,42,7.05,296.1
2406,62,4,2023-11-29,Sale,44,60.01,2640.44
2407,124,6,2023-11-29,Purchase,20,170.94,3418.8
2408,72,4,2023-11-29,Sale,30,10.36,310.8
2409,118,2,2023-11-29,Sale,32,193.2,6182.4
2410,101,5,2023-11-29,Sale,49,193.9,9501.1
2411,135,4,2023-11-29,Sale,4,136.77,547.08
2412,132,8,2023-11-30,Sale,47,129.29,6076.63
2413,68,1,2023-11-30,Sale,19,155.66,2957.54
2414,64,2,2023-11-30,Sale,24,182.18,4372.32
2415,142,2,2023-11-30,Adjustment,-13,124.16,1614.08
2416,121,7,2023-11-30,Sale,30,19.99,599.7
2417,27,2,2023-11-30,Adjustment,-7,15.33,107.31
2418,116,5,2023-11-30,Adjustment,-14,33.19,464.66
2419,115,1,2023-11-30,Sale,35,49.96,1748.6
2420,59,3,2023-11-30,Sale,29,160.27,4647.83
2421,24,2,2023-11-30,Adjustment,18,92.42,1663.56
2422,55,1,2023-11-30,Sale,38,35.66,1355.08
2423,20,7,2023-11-30,Purchase,11,166.56,1832.16
2424,57,3,2023-11-30,Sale,7,165.65,1159.55
2425,45,8,2023-11-30,Return,21,40.34,847.14
2426,119,5,2023-12-01,Sale,34,2.21,75.14
2427,94,1,2023-12-01,Purchase,4,99.93,399.72
2428,39,8,2023-12-01,Sale,11,104.64,1151.04
2429,42,6,2023-12-01,Purchase,33,161.6,5332.8
2430,19,3,2023-12-01,Return,6,31.96,191.76
2431,124,2,2023-12-01,Return,10,170.94,1709.4
2432,85,1,2023-12-01,Sale,28,141.85,3971.8
2433,132,7,2023-12-01,Sale,9,129.29,1163.61
2434,13,5,2023-12-01,Purchase,3,25.18,75.54
2435,132,5,2023-12-02,Purchase,11,129.29,1422.19
2436,54,2,2023-12-02,Sale,15,93.71,1405.65
2437,133,5,2023-12-03,Purchase,24,128.15,3075.6
2438,75,7,2023-12-03,Sale,10,139.16,1391.6
2439,129,5,2023-12-03,Purchase,4,29.58,118.32
2440,20,1,2023-12-03,Sale,9,166.56,1499.04
2441,94,2,2023-12-04,Sale,28,99.93,2798.04
2442,83,7,2023-12-04,Sale,7,149.84,1048.88
2443,143,8,2023-12-04,Sale,47,31.19,1465.93
2444,6,3,2023-12-04,Sale,26,17.37,451.62
2445,50,2,2023-12-04,Sale,26,160.33,4168.58
2446,79,6,2023-12-04,Sale,7,16.36,114.52
2447,98,7,2023-12-04,Sale,50,172.83,8641.5
2448,6,6,2023-12-04,Purchase,28,17.37,486.36
2449,84,5,2023-12-05,Purchase,43,34.23,1471.89
2450,10,5,2023-12-05,Sale,10,63.3,633.0
2451,33,2,2023-12-05,Sale,45,198.63,8938.35
2452,81,2,2023-12-05,Purchase,42,188.02,7896.84
2453,79,7,2023-12-05,Adjustment,-3,16.36,49.08
2454,125,1,2023-12-05,Sale,30,79.12,2373.6
2455,78,8,2023-12-05,Sale,47,29.15,1370.05
2456,77,1,2023-12-05,Adjustment,14,184.71,2585.94
2457,57,2,2023-12-05,Purchase,28,165.65,4638.2
2458,39,3,2023-12-05,Sale,23,104.64,2406.72
2459,100,2,2023-12-05,Purchase,26,10.55,274.3
2460,115,2,2023-12-05,Sale,8,49.96,399.68
2461,12,6,2023-12-05,Sale,46,6.47,297.62
2462,117,3,2023-12-06,Sale,11,192.43,2116.73
2463,74,7,2023-12-06,Sale,35,66.47,2326.45
2464,22,3,2023-12-06,Sale,27,65.09,1757.43
2465,94,8,2023-12-06,Purchase,43,99.93,4296.99
2466,37,2,2023-12-06,Sale,35,109.55,3834.25
2467,86,7,2023-12-06,Sale,14,40.76,570.64
2468,28,4,2023-12-06,Purchase,34,69.33,2357.22
2469,133,3,2023-12-07,Sale,40,128.15,5126.0
2470,123,4,2023-12-07,Sale,40,126.67,5066.8
2471,86,8,2023-12-07,Sale,4,40.76,163.04
2472,135,1,2023-12-07,Sale,28,136.77,3829.56
2473,28,8,2023-12-07,Sale,50,69.33,3466.5
2474,75,1,2023-12-07,Sale,32,139.16,4453.12
2475,109,6,2023-12-07,Purchase,26,62.94,1636.44
2476,82,6,2023-12-08,Purchase,17,52.12,886.04
2477,89,4,2023-12-08,Sale,49,103.43,5068.07
2478,83,1,2023-12-08,Return,37,149.84,5544.08
2479,35,3,2023-12-08,Sale,32,96.77,3096.64
2480,101,1,2023-12-08,Adjustment,19,193.9,3684.1
2481,71,5,2023-12-08,Sale,36,176.88,6367.68
2482,31,6,2023-12-08,Purchase,5,31.41,157.05
2483,87,2,2023-12-09,Sale,45,5.86,263.7
2484,47,3,2023-12-09,Return,17,17.95,305.15
2485,38,1,2023-12-09,Purchase,40,195.74,7829.6
2486,95,2,2023-12-09,Sale,30,160.32,4809.6
2487,25,7,2023-12-10,Adjustment,5,159.98,799.9
2488,119,3,2023-12-10,Sale,10,2.21,22.1
2489,13,3,2023-12-10,Purchase,45,25.18,1133.1
2490,69,6,2023-12-10,Sale,50,124.58,6229.0
2491,23,6,2023-12-10,Return,42,190.14,7985.88
2492,118,7,2023-12-11,Purchase,17,193.2,3284.4
2493,34,3,2023-12-11,Adjustment,7,19.01,133.07
2494,44,1,2023-12-11,Purchase,1,197.94,197.94
2495,125,2,2023-12-11,Sale,43,79.12,3402.16
2496,122,3,2023-12-11,Purchase,2,118.19,236.38
2497,142,2,2023-12-11,Sale,9,124.16,1117.44
2498,38,8,2023-12-11,Sale,44,195.74,8612.56
2499,21,7,2023-12-11,Return,13,30.84,400.92
2500,125,6,2023-12-12,Sale,18,79.12,1424.16
2501,135,2,2023-12-12,Sale,20,136.77,2735.4
2502,65,1,2023-12-12,Adjustment,-14,117.5,1645.0
2503,105,7,2023-12-12,Sale,40,5.04,201.6
2504,114,2,2023-12-12,Sale,46,174.37,8021.02
2505,5,4,2023-12-12,Purchase,20,32.09,641.8
2506,37,2,2023-12-12,Sale,26,109.55,2848.3
2507,58,7,2023-12-12,Sale,15,32.87,493.05
2508,56,3,2023-12-12,Sale,4,181.16,724.64
2509,74,5,2023-12-13,Purchase,49,66.47,3257.03
2510,120,3,2023-12-13,Sale,27,101.55,2741.85
2511,73,4,2023-12-13,Sale,29,7.52,218.08
2512,110,3,2023-12-13,Purchase,46,41.33,1901.18
2513,46,1,2023-12-14,Purchase,37,162.1,5997.7
2514,60,1,2023-12-14,Sale,31,150.4,4662.4
2515,94,3,2023-12-14,Purchase,46,99.93,4596.78
2516,17,2,2023-12-14,Purchase,15,57.13,856.95
2517,140,4,2023-12-15,Purchase,41,195.2,8003.2
2518,82,4,2023-12-15,Sale,21,52.12,1094.52
2519,19,7,2023-12-15,Adjustment,2,31.96,63.92
2520,119,4,2023-12-15,Purchase,45,2.21,99.45
2521,78,8,2023-12-15,Purchase,22,29.15,641.3
2522,130,6,2023-12-15,Sale,8,167.32,1338.56
2523,122,8,2023-12-15,Sale,20,118.19,2363.8
2524,48,7,2023-12-15,Sale,34,68.87,2341.58
2525,123,2,2023-12-15,Return,27,126.67,3420.09
2526,88,8,2023-12-15,Sale,17,5.58,94.86
2527,126,4,2023-12-15,Sale,2,31.59,63.18
2528,7,5,2023-12-15,Sale,30,69.34,2080.2
2529,130,5,2023-12-16,Return,1,167.32,167.32
2530,103,1,2023-12-16,Sale,29,59.41,1722.89
2531,11,5,2023-12-16,Adjustment,-14,58.35,816.9
2532,133,5,2023-12-16,Sale,30,128.15,3844.5
2533,113,2,2023-12-16,Purchase,43,87.29,3753.47
2534,109,1,2023-12-17,Purchase,15,62.94,944.1
2535,1,6,2023-12-18,Sale,32,51.19,1638.08
2536,26,5,2023-12-18,Purchase,6,22.5,135.0
2537,139,7,2023-12-18,Sale,29,146.41,4245.89
2538,26,4,2023-12-18,Sale,5,22.5,112.5
2539,92,7,2023-12-18,Purchase,19,164.32,3122.08
2540,101,1,2023-12-18,Sale,7,193.9,1357.3
2541,33,4,2023-12-18,Sale,8,198.63,1589.04
2542,107,5,2023-12-18,Sale,21,132.35,2779.35
2543,136,7,2023-12-19,Purchase,44,159.94,7037.36
2544,101,8,2023-12-19,Sale,16,193.9,3102.4
2545,86,6,2023-12-19,Purchase,33,40.76,1345.08
2546,134,7,2023-12-19,Adjustment,-9,112.59,1013.31
2547,115,6,2023-12-20,Purchase,50,49.96,2498.0
2548,131,7,2023-12-20,Return,37,117.64,4352.68
2549,88,4,2023-12-20,Purchase,6,5.58,33.48
2550,58,3,2023-12-20,Sale,40,32.87,1314.8
2551,36,1,2023-12-20,Purchase,42,42.63,1790.46
2552,78,6,2023-12-20,Sale,15,29.15,437.25
2553,95,2,2023-12-20,Return,50,160.32,8016.0
2554,13,7,2023-12-20,Sale,1,25.18,25.18
2555,112,1,2023-12-20,Sale,20,4.82,96.4
2556,95,8,2023-12-20,Adjustment,18,160.32,2885.76
2557,109,8,2023-12-20,Sale,2,62.94,125.88
2558,103,6,2023-12-20,Return,28,59.41,1663.48
2559,104,3,2023-12-21,Sale,8,70.71,565.68
2560,4,8,2023-12-21,Sale,31,25.38,786.78
2561,114,1,2023-12-21,Purchase,7,174.37,1220.59
2562,123,6,2023-12-21,Adjustment,11,126.67,1393.37
2563,122,4,2023-12-21,Purchase,34,118.19,4018.46
2564,77,2,2023-12-21,Sale,28,184.71,5171.88
2565,76,5,2023-12-21,Sale,28,102.53,2870.84
2566,60,5,2023-12-21,Purchase,2,150.4,300.8
2567,121,1,2023-12-22,Sale,49,19.99,979.51
2568,14,7,2023-12-22,Adjustment,18,27.61,496.98
2569,28,2,2023-12-22,Sale,35,69.33,2426.55
2570,91,8,2023-12-22,Purchase,50,9.84,492.0
2571,48,8,2023-12-22,Return,6,68.87,413.22
2572,8,7,2023-12-22,Purchase,26,159.78,4154.28
2573,119,8,2023-12-22,Purchase,33,2.21,72.93
2574,137,1,2023-12-22,Sale,10,20.2,202.0
2575,43,5,2023-12-23,Adjustment,13,41.58,540.54
2576,29,6,2023-12-23,Sale,3,31.95,95.85
2577,140,2,2023-12-24,Sale,45,195.2,8784.0
2578,59,2,2023-12-24,Sale,29,160.27,4647.83
2579,28,6,2023-12-25,Sale,10,69.33,693.3
2580,86,3,2023-12-25,Sale,15,40.76,611.4
2581,68,8,2023-12-25,Purchase,38,155.66,5915.08
2582,62,4,2023-12-25,Purchase,8,60.01,480.08
2583,18,2,2023-12-25,Purchase,4,177.07,708.28
2584,21,7,2023-12-25,Purchase,18,30.84,555.12
2585,16,4,2023-12-25,Sale,42,176.91,7430.22
2586,75,2,2023-12-25,Sale,30,139.16,4174.8
2587,117,1,2023-12-25,Purchase,25,192.43,4810.75
2588,36,5,2023-12-25,Sale,49,42.63,2088.87
2589,140,8,2023-12-25,Sale,10,195.2,1952.0
2590,126,5,2023-12-26,Sale,19,31.59,600.21
2591,112,4,2023-12-26,Return,14,4.82,67.48
2592,73,4,2023-12-26,Sale,41,7.52,308.32
2593,79,7,2023-12-26,Sale,18,16.36,294.48
2594,92,6,2023-12-26,Sale,16,164.32,2629.12
2595,96,8,2023-12-26,Return,11,55.25,607.75
2596,113,4,2023-12-27,Sale,36,87.29,3142.44
2597,67,2,2023-12-27,Sale,16,174.82,2797.12
2598,101,6,2023-12-27,Sale,23,193.9,4459.7
2599,48,2,2023-12-27,Return,30,68.87,2066.1
2600,111,7,2023-12-28,Purchase,10,29.66,296.6
2601,133,5,2023-12-28,Sale,9,128.15,1153.35
2602,115,5,2023-12-28,Return,7,49.96,349.72
2603,134,6,2023-12-28,Sale,42,112.59,4728.78
2604,35,6,2023-12-28,Sale,27,96.77,2612.79
2605,143,7,2023-12-28,Sale,48,31.19,1497.12
2606,50,8,2023-12-28,Purchase,24,160.33,3847.92
2607,84,8,2023-12-28,Sale,30,34.23,1026.9
2608,135,1,2023-12-28,Return,13,136.77,1778.01
2609,18,1,2023-12-28,Sale,37,177.07,6551.59
2610,115,4,2023-12-28,Sale,21,49.96,1049.16
2611,105,7,2023-12-28,Sale,34,5.04,171.36
2612,94,1,2023-12-28,Sale,30,99.93,2997.9
2613,132,8,2023-12-29,Sale,35,129.29,4525.15
2614,60,2,2023-12-29,Sale,37,150.4,5564.8
2615,63,5,2023-12-29,Sale,15,53.35,800.25
2616,73,1,2023-12-29,Purchase,34,7.52,255.68
2617,6,4,2023-12-29,Sale,34,17.37,590.58
2618,80,3,2023-12-29,Purchase,36,134.56,4844.16
2619,130,3,2023-12-29,Purchase,5,167.32,836.6
2620,60,7,2023-12-29,Sale,23,150.4,3459.2
2621,23,6,2023-12-29,Sale,47,190.14,8936.58
2622,48,4,2023-12-30,Purchase,39,68.87,2685.93
2623,77,4,2023-12-30,Purchase,43,184.71,7942.53
2624,36,3,2023-12-30,Purchase,36,42.63,1534.68
2625,129,4,2023-12-30,Sale,14,29.58,414.12
2626,54,2,2023-12-30,Sale,25,93.71,2342.75
2627,56,7,2023-12-31,Sale,21,181.16,3804.36
2628,28,6,2023-12-31,Return,34,69.33,2357.22
2629,126,3,2023-12-31,Purchase,16,31.59,505.44
2630,126,4,2023-12-31,Sale,19,31.59,600.21
2631,8,7,2023-12-31,Sale,2,159.78,319.56
2632,55,7,2024-01-01,Sale,46,35.66,1640.36
2633,67,4,2024-01-01,Sale,31,174.82,5419.42
2634,37,6,2024-01-01,Purchase,21,109.55,2300.55
2635,76,6,2024-01-01,Return,28,102.53,2870.84
2636,103,2,2024-01-01,Sale,9,59.41,534.69
2637,106,5,2024-01-01,Sale,45,103.82,4671.9
2638,107,4,2024-01-01,Return,15,132.35,1985.25
2639,14,6,2024-01-01,Purchase,26,27.61,717.86
2640,59,8,2024-01-01,Sale,15,160.27,2404.05
2641,107,3,2024-01-01,Purchase,41,132.35,5426.35
2642,48,7,2024-01-01,Sale,11,68.87,757.57
2643,117,3,2024-01-01,Purchase,39,192.43,7504.77
2644,82,1,2024-01-01,Sale,24,52.12,1250.88
2645,11,7,2024-01-02,Sale,18,58.35,1050.3
2646,42,7,2024-01-02,Purchase,27,161.6,4363.2
2647,40,6,2024-01-02,Purchase,10,107.45,1074.5
2648,59,8,2024-01-02,Purchase,36,160.27,5769.72
2649,33,7,2024-01-02,Purchase,46,198.63,9136.98
2650,108,2,2024-01-02,Sale,22,110.09,2421.98
2651,44,5,2024-01-02,Purchase,14,197.94,2771.16
2652,72,3,2024-01-02,Return,41,10.36,424.76
2653,109,5,2024-01-02,Purchase,49,62.94,3084.06
2654,69,2,2024-01-02,Purchase,2,124.58,249.16
2655,55,5,2024-01-02,Sale,41,35.66,1462.06
2656,45,6,2024-01-02,Purchase,31,40.34,1250.54
2657,108,5,2024-01-02,Sale,32,110.09,3522.88
2658,22,7,2024-01-03,Sale,36,65.09,2343.24
2659,70,7,2024-01-03,Sale,42,137.1,5758.2
2660,20,4,2024-01-03,Sale,38,166.56,6329.28
2661,120,5,2024-01-03,Return,3,101.55,304.65
2662,25,2,2024-01-03,Sale,3,159.98,479.94
2663,107,8,2024-01-04,Sale,46,132.35,6088.1
2664,75,2,2024-01-04,Adjustment,6,139.16,834.96
2665,31,7,2024-01-04,Adjustment,17,31.41,533.97
2666,68,3,2024-01-04,Sale,28,155.66,4358.48
2667,124,6,2024-01-04,Purchase,27,170.94,4615.38
2668,96,7,2024-01-04,Sale,37,55.25,2044.25
2669,139,1,2024-01-04,Sale,15,146.41,2196.15
2670,111,3,2024-01-04,Sale,13,29.66,385.58
2671,84,4,2024-01-04,Purchase,34,34.23,1163.82
2672,106,4,2024-01-04,Purchase,10,103.82,1038.2
2673,98,1,2024-01-05,Sale,13,172.83,2246.79
2674,89,7,2024-01-05,Sale,23,103.43,2378.89
2675,102,5,2024-01-05,Return,23,186.58,4291.34
2676,93,5,2024-01-05,Purchase,32,82.38,2636.16
2677,121,8,2024-01-05,Purchase,13,19.99,259.87
2678,4,2,2024-01-05,Sale,8,25.38,203.04
2679,136,1,2024-01-05,Purchase,36,159.94,5757.84
2680,1,5,2024-01-05,Purchase,22,51.19,1126.18
2681,130,7,2024-01-05,Purchase,15,167.32,2509.8
2682,122,8,2024-01-05,Sale,20,118.19,2363.8
2683,24,1,2024-01-05,Return,1,92.42,92.42
2684,115,6,2024-01-05,Sale,24,49.96,1199.04
2685,64,5,2024-01-05,Return,8,182.18,1457.44
2686,55,6,2024-01-06,Return,30,35.66,1069.8
2687,111,3,2024-01-06,Purchase,18,29.66,533.88
2688,71,5,2024-01-07,Sale,18,176.88,3183.84
2689,45,7,2024-01-07,Adjustment,16,40.34,645.44
2690,78,2,2024-01-07,Purchase,35,29.15,1020.25
2691,116,5,2024-01-08,Return,2,33.19,66.38
2692,113,5,2024-01-08,Sale,44,87.29,3840.76
2693,77,6,2024-01-08,Purchase,7,184.71,1292.97
2694,47,4,2024-01-08,Purchase,46,17.95,825.7
2695,103,6,2024-01-08,Purchase,14,59.41,831.74
2696,139,1,2024-01-08,Purchase,1,146.41,146.41
2697,47,4,2024-01-08,Sale,2,17.95,35.9
2698,121,8,2024-01-08,Purchase,1,19.99,19.99
2699,56,3,2024-01-08,Sale,30,181.16,5434.8
2700,11,6,2024-01-08,Return,31,58.35,1808.85
2701,22,2,2024-01-08,Sale,27,65.09,1757.43
2702,44,8,2024-01-08,Sale,21,197.94,4156.74
2703,140,6,2024-01-08,Purchase,22,195.2,4294.4
2704,100,2,2024-01-09,Sale,45,10.55,474.75
2705,133,6,2024-01-09,Purchase,18,128.15,2306.7
2706,137,7,2024-01-09,Sale,10,20.2,202.0
2707,87,6,2024-01-09,Sale,21,5.86,123.06
2708,110,2,2024-01-10,Sale,25,41.33,1033.25
2709,109,2,2024-01-10,Sale,15,62.94,944.1
2710,19,6,2024-01-10,Sale,11,31.96,351.56
2711,73,6,2024-01-10,Purchase,5,7.52,37.6
2712,137,7,2024-01-10,Sale,32,20.2,646.4
2713,3,6,2024-01-10,Sale,43,146.43,6296.49
2714,25,3,2024-01-10,Purchase,14,159.98,2239.72
2715,23,1,2024-01-10,Purchase,3,190.14,570.42
2716,140,2,2024-01-10,Sale,37,195.2,7222.4
2717,62,5,2024-01-10,Sale,29,60.01,1740.29
2718,6,2,2024-01-10,Sale,20,17.37,347.4
2719,141,7,2024-01-10,Sale,9,96.84,871.56
2720,95,1,2024-01-10,Return,24,160.32,3847.68
2721,115,7,2024-01-10,Purchase,17,49.96,849.32
2722,106,4,2024-01-11,Purchase,21,103.82,2180.22
2723,124,4,2024-01-11,Purchase,6,170.94,1025.64
2724,56,5,2024-01-11,Purchase,34,181.16,6159.44
2725,38,5,2024-01-11,Adjustment,-5,195.74,978.7
2726,106,3,2024-01-12,Sale,5,103.82,519.1
2727,15,1,2024-01-12,Sale,40,17.96,718.4
2728,129,1,2024-01-12,Sale,39,29.58,1153.62
2729,74,6,2024-01-12,Purchase,27,66.47,1794.69
2730,125,2,2024-01-12,Sale,22,79.12,1740.64
2731,65,2,2024-01-12,Sale,36,117.5,4230.0
2732,123,8,2024-01-12,Sale,31,126.67,3926.77
2733,61,6,2024-01-12,Return,20,165.58,3311.6
2734,127,5,2024-01-12,Sale,15,10.67,160.05
2735,46,3,2024-01-13,Sale,28,162.1,4538.8
2736,111,2,2024-01-13,Purchase,31,29.66,919.46
2737,27,4,2024-01-13,Return,46,15.33,705.18
2738,15,1,2024-01-14,Purchase,31,17.96,556.76
2739,129,2,2024-01-14,Sale,38,29.58,1124.04
2740,12,6,2024-01-15,Purchase,33,6.47,213.51
2741,115,3,2024-01-15,Sale,22,49.96,1099.12
2742,135,7,2024-01-15,Sale,49,136.77,6701.73
2743,86,4,2024-01-15,Purchase,18,40.76,733.68
2744,108,4,2024-01-15,Sale,26,110.09,2862.34
2745,68,2,2024-01-15,Sale,2,155.66,311.32
2746,53,4,2024-01-15,Sale,35,67.84,2374.4
2747,23,8,2024-01-15,Sale,26,190.14,4943.64
2748,88,7,2024-01-15,Purchase,11,5.58,61.38
2749,68,1,2024-01-15,Purchase,15,155.66,2334.9
2750,46,7,2024-01-15,Purchase,38,162.1,6159.8
2751,56,6,2024-01-15,Sale,11,181.16,1992.76
2752,77,3,2024-01-15,Purchase,45,184.71,8311.95
2753,32,2,2024-01-16,Purchase,50,74.1,3705.0
2754,80,4,2024-01-16,Sale,33,134.56,4440.48
2755,83,8,2024-01-16,Sale,28,149.84,4195.52
2756,130,2,2024-01-16,Sale,28,167.32,4684.96
2757,73,3,2024-01-17,Sale,45,7.52,338.4
2758,56,2,2024-01-17,Purchase,13,181.16,2355.08
2759,28,6,2024-01-17,Sale,19,69.33,1317.27
2760,130,8,2024-01-17,Purchase,41,167.32,6860.12
2761,127,6,2024-01-17,Sale,9,10.67,96.03
2762,62,6,2024-01-17,Return,9,60.01,540.09
2763,80,7,2024-01-17,Purchase,16,134.56,2152.96
2764,19,4,2024-01-17,Return,50,31.96,1598.0
2765,125,4,2024-01-18,Adjustment,-16,79.12,1265.92
2766,124,4,2024-01-18,Sale,1,170.94,170.94
2767,104,8,2024-01-18,Sale,43,70.71,3040.53
2768,71,6,2024-01-18,Sale,34,176.88,6013.92
2769,57,7,2024-01-18,Purchase,48,165.65,7951.2
2770,78,3,2024-01-18,Sale,50,29.15,1457.5
2771,122,1,2024-01-18,Sale,15,118.19,1772.85
2772,116,2,2024-01-19,Return,37,33.19,1228.03
2773,23,6,2024-01-19,Sale,22,190.14,4183.08
2774,62,6,2024-01-19,Sale,18,60.01,1080.18
2775,77,2,2024-01-19,Sale,12,184.71,2216.52
2776,77,8,2024-01-19,Sale,30,184.71,5541.3
2777,114,5,2024-01-19,Sale,37,174.37,6451.69
2778,36,2,2024-01-19,Purchase,34,42.63,1449.42
2779,136,4,2024-01-20,Sale,26,159.94,4158.44
2780,1,5,2024-01-20,Sale,25,51.19,1279.75
2781,12,7,2024-01-20,Return,22,6.47,142.34
2782,101,8,2024-01-21,Purchase,34,193.9,6592.6
2783,71,7,2024-01-22,Purchase,21,176.88,3714.48
2784,42,8,2024-01-22,Purchase,44,161.6,7110.4
2785,91,2,2024-01-22,Purchase,8,9.84,78.72
2786,88,3,2024-01-22,Purchase,27,5.58,150.66
2787,49,4,2024-01-23,Sale,30,168.41,5052.3
2788,121,7,2024-01-23,Adjustment,6,19.99,119.94
2789,99,4,2024-01-23,Sale,30,84.72,2541.6
2790,74,4,2024-01-23,Sale,20,66.47,1329.4
2791,27,8,2024-01-23,Sale,44,15.33,674.52
2792,103,7,2024-01-24,Sale,26,59.41,1544.66
2793,87,4,2024-01-24,Sale,26,5.86,152.36
2794,58,8,2024-01-24,Sale,30,32.87,986.1
2795,57,8,2024-01-24,Sale,7,165.65,1159.55
2796,29,6,2024-01-24,Purchase,39,31.95,1246.05
2797,67,7,2024-01-24,Sale,40,174.82,6992.8
2798,85,8,2024-01-24,Sale,6,141.85,851.1
2799,55,3,2024-01-24,Return,22,35.66,784.52
2800,105,7,2024-01-25,Return,24,5.04,120.96
2801,139,6,2024-01-25,Sale,35,146.41,5124.35
2802,94,8,2024-01-25,Return,30,99.93,2997.9
2803,112,2,2024-01-25,Sale,29,4.82,139.78
2804,4,3,2024-01-25,Sale,19,25.38,482.22
2805,21,8,2024-01-25,Sale,45,30.84,1387.8
2806,123,4,2024-01-25,Sale,27,126.67,3420.09
2807,58,7,2024-01-25,Purchase,37,32.87,1216.19
2808,93,4,2024-01-25,Sale,22,82.38,1812.36
2809,63,1,2024-01-25,Purchase,22,53.35,1173.7
2810,72,8,2024-01-25,Sale,28,10.36,290.08
2811,3,5,2024-01-25,Purchase,47,146.43,6882.21
2812,83,6,2024-01-25,Return,17,149.84,2547.28
2813,84,3,2024-01-26,Sale,7,34.23,239.61
2814,101,2,2024-01-26,Sale,4,193.9,775.6
2815,26,8,2024-01-26,Adjustment,-7,22.5,157.5
2816,58,7,2024-01-26,Purchase,8,32.87,262.96
2817,23,4,2024-01-26,Sale,21,190.14,3992.94
2818,78,5,2024-01-27,Sale,13,29.15,378.95
2819,76,1,2024-01-27,Sale,36,102.53,3691.08
2820,41,8,2024-01-27,Return,34,46.16,1569.44
2821,40,1,2024-01-28,Sale,2,107.45,214.9
2822,97,1,2024-01-28,Sale,10,18.58,185.8
2823,17,6,2024-01-28,Return,22,57.13,1256.86
2824,1,2,2024-01-29,Adjustment,-15,51.19,767.85
2825,128,2,2024-01-29,Return,43,126.21,5427.03
2826,113,1,2024-01-29,Sale,15,87.29,1309.35
2827,63,7,2024-01-29,Sale,34,53.35,1813.9
2828,5,5,2024-01-29,Sale,15,32.09,481.35
2829,36,8,2024-01-29,Purchase,29,42.63,1236.27
2830,99,1,2024-01-29,Purchase,35,84.72,2965.2
2831,17,7,2024-01-29,Adjustment,20,57.13,1142.6
2832,36,3,2024-01-29,Return,33,42.63,1406.79
2833,73,4,2024-01-29,Purchase,6,7.52,45.12
2834,21,5,2024-01-29,Adjustment,17,30.84,524.28
2835,75,6,2024-01-29,Purchase,33,139.16,4592.28
2836,86,2,2024-01-29,Purchase,28,40.76,1141.28
2837,1,7,2024-01-30,Sale,14,51.19,716.66
2838,142,8,2024-01-30,Purchase,34,124.16,4221.44
2839,2,4,2024-01-30,Purchase,42,18.21,764.82
2840,32,8,2024-01-30,Sale,8,74.1,592.8
2841,141,5,2024-01-30,Sale,33,96.84,3195.72
2842,131,7,2024-01-30,Sale,4,117.64,470.56
2843,83,5,2024-01-30,Purchase,29,149.84,4345.36
2844,21,4,2024-01-30,Sale,20,30.84,616.8
2845,115,2,2024-01-30,Sale,7,49.96,349.72
2846,61,1,2024-01-30,Purchase,26,165.58,4305.08
2847,10,4,2024-01-30,Sale,47,63.3,2975.1
2848,88,7,2024-01-30,Return,28,5.58,156.24
2849,44,6,2024-01-30,Purchase,33,197.94,6532.02
2850,33,1,2024-01-31,Purchase,15,198.63,2979.45
2851,15,2,2024-01-31,Sale,7,17.96,125.72
2852,69,2,2024-01-31,Purchase,44,124.58,5481.52
2853,71,2,2024-01-31,Adjustment,4,176.88,707.52
2854,57,7,2024-01-31,Sale,36,165.65,5963.4
2855,60,7,2024-01-31,Sale,11,150.4,1654.4
2856,96,3,2024-01-31,Purchase,47,55.25,2596.75
2857,120,5,2024-01-31,Sale,15,101.55,1523.25
2858,88,6,2024-01-31,Purchase,9,5.58,50.22
2859,7,5,2024-01-31,Purchase,22,69.34,1525.48
2860,75,4,2024-01-31,Purchase,28,139.16,3896.48
2861,64,4,2024-01-31,Purchase,27,182.18,4918.86
2862,37,4,2024-01-31,Sale,40,109.55,4382.0
2863,110,6,2024-02-01,Purchase,24,41.33,991.92
2864,55,4,2024-02-01,Purchase,34,35.66,1212.44
2865,25,8,2024-02-01,Sale,19,159.98,3039.62
2866,48,1,2024-02-01,Return,50,68.87,3443.5
2867,31,4,2024-02-01,Sale,9,31.41,282.69
2868,35,3,2024-02-01,Sale,37,96.77,3580.49
2869,3,2,2024-02-01,Sale,45,146.43,6589.35
2870,71,3,2024-02-02,Sale,9,176.88,1591.92
2871,75,8,2024-02-02,Sale,49,139.16,6818.84
2872,137,3,2024-02-02,Purchase,31,20.2,626.2
2873,52,2,2024-02-02,Sale,39,96.65,3769.35
2874,87,5,2024-02-02,Sale,30,5.86,175.8
2875,139,4,2024-02-03,Sale,42,146.41,6149.22
2876,126,7,2024-02-03,Sale,5,31.59,157.95
2877,126,4,2024-02-03,Purchase,25,31.59,789.75
2878,5,3,2024-02-04,Sale,28,32.09,898.52
2879,109,1,2024-02-04,Purchase,49,62.94,3084.06
2880,39,5,2024-02-05,Sale,29,104.64,3034.56
2881,123,7,2024-02-05,Purchase,14,126.67,1773.38
2882,118,3,2024-02-05,Purchase,7,193.2,1352.4
2883,90,2,2024-02-05,Sale,20,194.4,3888.0
2884,86,4,2024-02-05,Sale,33,40.76,1345.08
2885,22,7,2024-02-05,Purchase,25,65.09,1627.25
2886,34,2,2024-02-05,Sale,32,19.01,608.32
2887,22,5,2024-02-05,Purchase,1,65.09,65.09
2888,136,5,2024-02-05,Sale,23,159.94,3678.62
2889,31,3,2024-02-06,Return,13,31.41,408.33
2890,56,4,2024-02-06,Sale,29,181.16,5253.64
2891,17,2,2024-02-06,Purchase,23,57.13,1313.99
2892,23,8,2024-02-06,Sale,10,190.14,1901.4
2893,83,6,2024-02-06,Purchase,31,149.84,4645.04
2894,24,5,2024-02-06,Purchase,29,92.42,2680.18
2895,142,3,2024-02-06,Return,26,124.16,3228.16
2896,49,8,2024-02-06,Return,48,168.41,8083.68
2897,37,6,2024-02-06,Purchase,43,109.55,4710.65
2898,44,2,2024-02-06,Purchase,34,197.94,6729.96
2899,139,7,2024-02-06,Sale,18,146.41,2635.38
2900,33,1,2024-02-06,Sale,4,198.63,794.52
2901,5,1,2024-02-06,Return,40,32.09,1283.6
2902,29,2,2024-02-06,Purchase,2,31.95,63.9
2903,99,4,2024-02-07,Purchase,29,84.72,2456.88
2904,96,2,2024-02-07,Sale,9,55.25,497.25
2905,52,8,2024-02-07,Sale,29,96.65,2802.85
2906,65,6,2024-02-07,Adjustment,6,117.5,705.0
2907,50,3,2024-02-07,Sale,28,160.33,4489.24
2908,106,7,2024-02-07,Adjustment,15,103.82,1557.3
2909,30,4,2024-02-07,Sale,3,7.05,21.15
2910,71,3,2024-02-07,Sale,15,176.88,2653.2
2911,131,3,2024-02-07,Sale,1,117.64,117.64
2912,53,4,2024-02-07,Sale,29,67.84,1967.36
2913,74,6,2024-02-07,Sale,33,66.47,2193.51
2914,63,3,2024-02-07,Purchase,25,53.35,1333.75
2915,47,2,2024-02-08,Sale,21,17.95,376.95
2916,16,4,2024-02-08,Sale,41,176.91,7253.31
2917,133,6,2024-02-08,Purchase,17,128.15,2178.55
2918,11,4,2024-02-08,Sale,4,58.35,233.4
2919,47,4,2024-02-08,Sale,26,17.95,466.7
2920,88,3,2024-02-08,Sale,22,5.58,122.76
2921,71,2,2024-02-08,Purchase,28,176.88,4952.64
2922,60,6,2024-02-08,Sale,17,150.4,2556.8
2923,8,5,2024-02-09,Purchase,37,159.78,5911.86
2924,16,7,2024-02-09,Sale,29,176.91,5130.39
2925,52,1,2024-02-09,Purchase,43,96.65,4155.95
2926,90,7,2024-02-09,Purchase,42,194.4,8164.8
2927,16,3,2024-02-09,Adjustment,-17,176.91,3007.47
2928,35,3,2024-02-09,Sale,18,96.77,1741.86
2929,65,3,2024-02-09,Purchase,43,117.5,5052.5
2930,127,3,2024-02-09,Sale,9,10.67,96.03
2931,65,1,2024-02-09,Purchase,17,117.5,1997.5
2932,82,1,2024-02-09,Sale,34,52.12,1772.08
2933,88,7,2024-02-09,Purchase,2,5.58,11.16
2934,101,7,2024-02-09,Sale,49,193.9,9501.1
2935,126,1,2024-02-10,Return,42,31.59,1326.78
2936,13,3,2024-02-10,Return,45,25.18,1133.1
2937,11,7,2024-02-11,Purchase,14,58.35,816.9
2938,127,2,2024-02-11,Purchase,13,10.67,138.71
2939,34,8,2024-02-11,Sale,9,19.01,171.09
2940,142,6,2024-02-12,Return,13,124.16,1614.08
2941,124,2,2024-02-12,Sale,22,170.94,3760.68
2942,87,5,2024-02-12,Sale,12,5.86,70.32
2943,6,7,2024-02-12,Sale,19,17.37,330.03
2944,27,3,2024-02-13,Sale,9,15.33,137.97
2945,55,2,2024-02-13,Sale,39,35.66,1390.74
2946,60,1,2024-02-13,Return,48,150.4,7219.2
2947,91,6,2024-02-13,Sale,17,9.84,167.28
2948,55,1,2024-02-13,Sale,20,35.66,713.2
2949,57,7,2024-02-13,Sale,38,165.65,6294.7
2950,13,2,2024-02-13,Sale,10,25.18,251.8
2951,31,5,2024-02-13,Sale,5,31.41,157.05
2952,137,4,2024-02-13,Return,21,20.2,424.2
2953,22,7,2024-02-13,Sale,36,65.09,2343.24
2954,75,5,2024-02-13,Return,28,139.16,3896.48
2955,69,5,2024-02-13,Sale,41,124.58,5107.78
2956,50,8,2024-02-13,Adjustment,-8,160.33,1282.64
2957,71,1,2024-02-14,Purchase,14,176.88,2476.32
2958,128,2,2024-02-14,Purchase,23,126.21,2902.83
2959,16,6,2024-02-14,Purchase,14,176.91,2476.74
2960,89,2,2024-02-14,Purchase,14,103.43,1448.02
2961,85,2,2024-02-14,Purchase,20,141.85,2837.0
2962,10,6,2024-02-15,Purchase,40,63.3,2532.0
2963,69,8,2024-02-15,Purchase,21,124.58,2616.18
2964,68,7,2024-02-15,Sale,45,155.66,7004.7
2965,47,6,2024-02-15,Sale,9,17.95,161.55
2966,12,5,2024-02-15,Return,33,6.47,213.51
2967,77,8,2024-02-15,Return,33,184.71,6095.43
2968,136,4,2024-02-15,Sale,40,159.94,6397.6
2969,91,3,2024-02-16,Sale,29,9.84,285.36
2970,63,7,2024-02-16,Sale,45,53.35,2400.75
2971,143,8,2024-02-16,Purchase,25,31.19,779.75
2972,134,2,2024-02-16,Purchase,43,112.59,4841.37
2973,108,1,2024-02-16,Sale,10,110.09,1100.9
2974,124,7,2024-02-16,Sale,37,170.94,6324.78
2975,52,5,2024-02-16,Purchase,4,96.65,386.6
2976,66,6,2024-02-16,Purchase,39,27.89,1087.71
2977,58,2,2024-02-16,Sale,20,32.87,657.4
2978,30,2,2024-02-16,Return,11,7.05,77.55
2979,1,4,2024-02-16,Sale,12,51.19,614.28
2980,129,3,2024-02-16,Purchase,22,29.58,650.76
2981,15,5,2024-02-17,Purchase,2,17.96,35.92
2982,65,5,2024-02-17,Purchase,45,117.5,5287.5
2983,64,6,2024-02-17,Return,18,182.18,3279.24
2984,64,6,2024-02-17,Sale,26,182.18,4736.68
2985,27,3,2024-02-18,Purchase,37,15.33,567.21
2986,47,4,2024-02-19,Purchase,19,17.95,341.05
2987,54,5,2024-02-19,Sale,14,93.71,1311.94
2988,70,5,2024-02-19,Purchase,35,137.1,4798.5
2989,73,4,2024-02-19,Sale,17,7.52,127.84
2990,120,7,2024-02-19,Purchase,33,101.55,3351.15
2991,115,2,2024-02-19,Return,11,49.96,549.56
2992,8,2,2024-02-19,Sale,45,159.78,7190.1
2993,51,8,2024-02-19,Purchase,35,182.14,6374.9
2994,111,7,2024-02-19,Purchase,25,29.66,741.5
2995,114,1,2024-02-19,Sale,8,174.37,1394.96
2996,70,5,2024-02-19,Purchase,30,137.1,4113.0
2997,102,7,2024-02-20,Sale,25,186.58,4664.5
2998,24,7,2024-02-20,Adjustment,-20,92.42,1848.4
2999,136,3,2024-02-20,Sale,17,159.94,2718.98
3000,134,4,2024-02-20,Purchase,26,112.59,2927.34
3001,10,8,2024-02-21,Purchase,20,63.3,1266.0
3002,83,7,2024-02-21,Sale,6,149.84,899.04
3003,64,3,2024-02-21,Sale,13,182.18,2368.34
3004,43,5,2024-02-21,Purchase,17,41.58,706.86
3005,106,8,2024-02-21,Sale,25,103.82,2595.5
3006,10,2,2024-02-21,Sale,21,63.3,1329.3
3007,14,8,2024-02-21,Sale,44,27.61,1214.84
3008,123,1,2024-02-21,Sale,2,126.67,253.34
3009,94,5,2024-02-21,Sale,22,99.93,2198.46
3010,34,5,2024-02-21,Sale,44,19.01,836.44
3011,120,3,2024-02-21,Sale,39,101.55,3960.45
3012,15,8,2024-02-21,Return,5,17.96,89.8
3013,83,5,2024-02-21,Sale,23,149.84,3446.32
3014,113,8,2024-02-21,Sale,50,87.29,4364.5
3015,38,1,2024-02-22,Purchase,34,195.74,6655.16
3016,98,3,2024-02-22,Purchase,1,172.83,172.83
3017,140,1,2024-02-22,Purchase,42,195.2,8198.4
3018,88,1,2024-02-22,Sale,25,5.58,139.5
3019,30,5,2024-02-22,Purchase,34,7.05,239.7
3020,42,4,2024-02-23,Sale,24,161.6,3878.4
3021,64,4,2024-02-23,Return,35,182.18,6376.3
3022,54,4,2024-02-23,Return,45,93.71,4216.95
3023,61,4,2024-02-23,Sale,41,165.58,6788.78
3024,62,1,2024-02-23,Purchase,27,60.01,1620.27
3025,61,4,2024-02-23,Sale,10,165.58,1655.8
3026,123,4,2024-02-23,Purchase,27,126.67,3420.09
3027,90,8,2024-02-24,Purchase,6,194.4,1166.4
3028,2,1,2024-02-24,Purchase,17,18.21,309.57
3029,123,5,2024-02-25,Purchase,49,126.67,6206.83
3030,103,6,2024-02-25,Sale,38,59.41,2257.58
3031,135,3,2024-02-25,Purchase,11,136.77,1504.47
3032,134,7,2024-02-26,Purchase,22,112.59,2476.98
3033,27,4,2024-02-26,Return,11,15.33,168.63
3034,24,8,2024-02-26,Sale,45,92.42,4158.9
3035,70,5,2024-02-26,Sale,14,137.1,1919.4
3036,11,6,2024-02-26,Purchase,24,58.35,1400.4
3037,75,3,2024-02-26,Purchase,13,139.16,1809.08
3038,65,8,2024-02-27,Sale,3,117.5,352.5
3039,64,4,2024-02-27,Purchase,11,182.18,2003.98
3040,9,5,2024-02-27,Sale,30,95.87,2876.1
3041,109,5,2024-02-27,Purchase,27,62.94,1699.38
3042,58,1,2024-02-27,Sale,25,32.87,821.75
3043,54,3,2024-02-27,Return,35,93.71,3279.85
3044,61,5,2024-02-27,Sale,26,165.58,4305.08
3045,46,6,2024-02-27,Sale,16,162.1,2593.6
3046,124,8,2024-02-27,Sale,12,170.94,2051.28
3047,140,3,2024-02-27,Sale,15,195.2,2928.0
3048,118,4,2024-02-27,Adjustment,12,193.2,2318.4
3049,58,5,2024-02-27,Sale,24,32.87,788.88
3050,114,8,2024-02-27,Sale,25,174.37,4359.25
3051,130,7,2024-02-28,Sale,46,167.32,7696.72
3052,65,4,2024-02-28,Sale,44,117.5,5170.0
3053,100,4,2024-02-28,Sale,17,10.55,179.35
3054,71,5,2024-02-28,Sale,1,176.88,176.88
3055,28,5,2024-02-28,Sale,38,69.33,2634.54
3056,89,7,2024-02-28,Purchase,25,103.43,2585.75
3057,19,6,2024-02-28,Sale,18,31.96,575.28
3058,78,7,2024-02-28,Purchase,44,29.15,1282.6
3059,103,4,2024-02-28,Sale,36,59.41,2138.76
3060,76,1,2024-02-28,Purchase,43,102.53,4408.79
3061,116,5,2024-02-28,Return,10,33.19,331.9
3062,26,7,2024-02-29,Purchase,1,22.5,22.5
3063,126,7,2024-02-29,Sale,10,31.59,315.9
3064,37,3,2024-02-29,Return,3,109.55,328.65
3065,71,7,2024-02-29,Sale,41,176.88,7252.08
3066,83,6,2024-02-29,Return,7,149.84,1048.88
3067,4,4,2024-02-29,Purchase,19,25.38,482.22
3068,13,1,2024-02-29,Sale,47,25.18,1183.46
3069,48,5,2024-02-29,Return,38,68.87,2617.06
3070,103,7,2024-03-01,Return,30,59.41,1782.3
3071,139,5,2024-03-01,Adjustment,-9,146.41,1317.69
3072,63,2,2024-03-01,Sale,14,53.35,746.9
3073,139,5,2024-03-01,Purchase,20,146.41,2928.2
3074,7,2,2024-03-01,Purchase,12,69.34,832.08
3075,91,1,2024-03-01,Purchase,5,9.84,49.2
3076,79,6,2024-03-01,Purchase,22,16.36,359.92
3077,62,8,2024-03-01,Return,29,60.01,1740.29
3078,96,1,2024-03-02,Purchase,19,55.25,1049.75
3079,24,2,2024-03-02,Sale,39,92.42,3604.38
3080,114,3,2024-03-02,Purchase,10,174.37,1743.7
3081,17,4,2024-03-02,Sale,6,57.13,342.78
3082,141,5,2024-03-02,Return,4,96.84,387.36
3083,46,8,2024-03-03,Purchase,10,162.1,1621.0
3084,18,8,2024-03-03,Sale,39,177.07,6905.73
3085,112,2,2024-03-04,Sale,22,4.82,106.04
3086,43,5,2024-03-04,Sale,35,41.58,1455.3
3087,1,8,2024-03-04,Purchase,5,51.19,255.95
3088,142,6,2024-03-04,Purchase,44,124.16,5463.04
3089,115,4,2024-03-04,Return,42,49.96,2098.32
3090,85,2,2024-03-04,Return,6,141.85,851.1
3091,52,3,2024-03-05,Purchase,23,96.65,2222.95
3092,134,4,2024-03-05,Purchase,33,112.59,3715.47
3093,82,1,2024-03-05,Sale,42,52.12,2189.04
3094,110,3,2024-03-05,Purchase,20,41.33,826.6
3095,26,6,2024-03-05,Sale,31,22.5,697.5
3096,143,4,2024-03-05,Purchase,22,31.19,686.18
3097,46,3,2024-03-05,Sale,39,162.1,6321.9
3098,130,3,2024-03-05,Sale,8,167.32,1338.56
3099,29,6,2024-03-05,Purchase,24,31.95,766.8
3100,123,3,2024-03-06,Sale,28,126.67,3546.76
3101,65,5,2024-03-06,Sale,25,117.5,2937.5
3102,64,5,2024-03-06,Purchase,17,182.18,3097.06
3103,22,4,2024-03-06,Sale,27,65.09,1757.43
3104,63,7,2024-03-06,Sale,38,53.35,2027.3
3105,98,7,2024-03-06,Sale,32,172.83,5530.56
3106,76,7,2024-03-06,Return,3,102.53,307.59
3107,104,6,2024-03-06,Purchase,30,70.71,2121.3
3108,57,8,2024-03-06,Sale,9,165.65,1490.85
3109,124,8,2024-03-06,Sale,35,170.94,5982.9
3110,118,3,2024-03-07,Adjustment,-11,193.2,2125.2
3111,128,5,2024-03-07,Sale,42,126.21,5300.82
3112,11,2,2024-03-07,Purchase,21,58.35,1225.35
3113,90,3,2024-03-07,Adjustment,18,194.4,3499.2
3114,57,2,2024-03-07,Purchase,18,165.65,2981.7
3115,4,7,2024-03-07,Sale,24,25.38,609.12
3116,62,8,2024-03-07,Sale,15,60.01,900.15
3117,66,4,2024-03-07,Sale,4,27.89,111.56
3118,92,3,2024-03-07,Sale,36,164.32,5915.52
3119,127,1,2024-03-07,Purchase,41,10.67,437.47
3120,24,8,2024-03-07,Return,15,92.42,1386.3
3121,110,5,2024-03-07,Sale,33,41.33,1363.89
3122,70,4,2024-03-07,Sale,8,137.1,1096.8
3123,100,5,2024-03-07,Sale,38,10.55,400.9
3124,5,8,2024-03-08,Sale,14,32.09,449.26
3125,12,6,2024-03-08,Sale,16,6.47,103.52
3126,117,6,2024-03-08,Sale,16,192.43,3078.88
3127,128,6,2024-03-08,Adjustment,6,126.21,757.26
3128,90,5,2024-03-08,Sale,11,194.4,2138.4
3129,100,2,2024-03-08,Sale,39,10.55,411.45
3130,64,1,2024-03-08,Sale,42,182.18,7651.56
3131,94,1,2024-03-08,Sale,8,99.93,799.44
3132,26,3,2024-03-08,Sale,9,22.5,202.5
3133,67,1,2024-03-08,Sale,40,174.82,6992.8
3134,68,6,2024-03-08,Sale,26,155.66,4047.16
3135,82,4,2024-03-08,Purchase,13,52.12,677.56
3136,100,3,2024-03-09,Return,22,10.55,232.1
3137,21,6,2024-03-09,Purchase,34,30.84,1048.56
3138,65,6,2024-03-09,Purchase,9,117.5,1057.5
3139,94,8,2024-03-09,Return,26,99.93,2598.18
3140,88,4,2024-03-10,Sale,19,5.58,106.02
3141,122,6,2024-03-10,Purchase,26,118.19,3072.94
3142,9,8,2024-03-11,Sale,14,95.87,1342.18
3143,103,3,2024-03-11,Purchase,15,59.41,891.15
3144,45,7,2024-03-11,Purchase,36,40.34,1452.24
3145,76,2,2024-03-11,Sale,17,102.53,1743.01
3146,2,5,2024-03-11,Sale,11,18.21,200.31
3147,42,7,2024-03-11,Purchase,36,161.6,5817.6
3148,131,3,2024-03-11,Purchase,49,117.64,5764.36
3149,40,7,2024-03-11,Sale,29,107.45,3116.05
3150,48,4,2024-03-12,Purchase,8,68.87,550.96
3151,35,4,2024-03-12,Purchase,34,96.77,3290.18
3152,50,1,2024-03-12,Sale,23,160.33,3687.59
3153,133,2,2024-03-12,Sale,8,128.15,1025.2
3154,61,6,2024-03-12,Sale,40,165.58,6623.2
3155,17,8,2024-03-12,Sale,34,57.13,1942.42
3156,85,6,2024-03-12,Sale,15,141.85,2127.75
3157,45,7,2024-03-12,Sale,26,40.34,1048.84
3158,136,8,2024-03-12,Sale,34,159.94,5437.96
3159,123,1,2024-03-12,Purchase,49,126.67,6206.83
3160,54,5,2024-03-12,Return,45,93.71,4216.95
3161,120,2,2024-03-12,Sale,8,101.55,812.4
3162,108,2,2024-03-12,Sale,25,110.09,2752.25
3163,39,7,2024-03-13,Sale,50,104.64,5232.0
3164,40,6,2024-03-13,Purchase,33,107.45,3545.85
3165,34,5,2024-03-13,Adjustment,-17,19.01,323.17
3166,73,1,2024-03-13,Sale,50,7.52,376.0
3167,89,4,2024-03-13,Sale,10,103.43,1034.3
3168,140,5,2024-03-13,Return,15,195.2,2928.0
3169,28,4,2024-03-13,Return,28,69.33,1941.24
3170,139,8,2024-03-13,Return,15,146.41,2196.15
3171,86,6,2024-03-13,Purchase,44,40.76,1793.44
3172,83,2,2024-03-13,Purchase,39,149.84,5843.76
3173,15,8,2024-03-13,Purchase,8,17.96,143.68
3174,34,2,2024-03-13,Sale,21,19.01,399.21
3175,114,5,2024-03-13,Purchase,44,174.37,7672.28
3176,8,1,2024-03-14,Sale,3,159.78,479.34
3177,124,4,2024-03-14,Return,35,170.94,5982.9
3178,24,1,2024-03-14,Purchase,28,92.42,2587.76
3179,97,7,2024-03-14,Sale,33,18.58,613.14
3180,95,8,2024-03-14,Sale,18,160.32,2885.76
3181,41,4,2024-03-14,Sale,27,46.16,1246.32
3182,49,2,2024-03-14,Sale,11,168.41,1852.51
3183,78,3,2024-03-14,Purchase,2,29.15,58.3
3184,134,1,2024-03-15,Sale,6,112.59,675.54
3185,55,5,2024-03-15,Purchase,13,35.66,463.58
3186,91,1,2024-03-15,Purchase,41,9.84,403.44
3187,10,2,2024-03-15,Purchase,26,63.3,1645.8
3188,90,8,2024-03-15,Return,31,194.4,6026.4
3189,84,1,2024-03-15,Purchase,11,34.23,376.53
3190,140,2,2024-03-15,Sale,34,195.2,6636.8
3191,12,7,2024-03-15,Return,43,6.47,278.21
3192,33,4,2024-03-15,Purchase,48,198.63,9534.24
3193,144,8,2024-03-15,Sale,40,62.27,2490.8
3194,92,4,2024-03-15,Sale,45,164.32,7394.4
3195,69,1,2024-03-15,Purchase,6,124.58,747.48
3196,4,2,2024-03-15,Sale,5,25.38,126.9
3197,131,7,2024-03-15,Purchase,46,117.64,5411.44
3198,138,4,2024-03-16,Purchase,20,51.93,1038.6
3199,135,7,2024-03-16,Purchase,47,136.77,6428.19
3200,90,7,2024-03-16,Purchase,38,194.4,7387.2
3201,141,8,2024-03-16,Sale,2,96.84,193.68
3202,115,6,2024-03-16,Sale,13,49.96,649.48
3203,124,8,2024-03-17,Sale,43,170.94,7350.42
3204,71,5,2024-03-17,Purchase,18,176.88,3183.84
3205,30,1,2024-03-18,Purchase,32,7.05,225.6
3206,85,3,2024-03-18,Purchase,35,141.85,4964.75
3207,109,2,2024-03-18,Return,19,62.94,1195.86
3208,110,8,2024-03-18,Sale,13,41.33,537.29
3209,109,7,2024-03-18,Adjustment,13,62.94,818.22
3210,117,6,2024-03-18,Purchase,45,192.43,8659.35
3211,46,7,2024-03-18,Sale,47,162.1,7618.7
3212,90,8,2024-03-18,Purchase,4,194.4,777.6
3213,113,5,2024-03-18,Return,18,87.29,1571.22
3214,56,6,2024-03-18,Adjustment,-13,181.16,2355.08
3215,137,7,2024-03-18,Sale,46,20.2,929.2
3216,3,2,2024-03-18,Sale,41,146.43,6003.63
3217,52,4,2024-03-19,Return,43,96.65,4155.95
3218,90,3,2024-03-19,Purchase,34,194.4,6609.6
3219,129,8,2024-03-19,Adjustment,-20,29.58,591.6
3220,127,2,2024-03-19,Sale,35,10.67,373.45
3221,17,4,2024-03-19,Sale,22,57.13,1256.86
3222,60,3,2024-03-19,Purchase,32,150.4,4812.8
3223,76,6,2024-03-19,Sale,15,102.53,1537.95
3224,65,3,2024-03-19,Sale,28,117.5,3290.0
3225,93,1,2024-03-19,Purchase,33,82.38,2718.54
3226,73,3,2024-03-19,Purchase,46,7.52,345.92
3227,69,8,2024-03-19,Sale,28,124.58,3488.24
3228,3,4,2024-03-19,Sale,47,146.43,6882.21
3229,139,6,2024-03-19,Adjustment,-5,146.41,732.05
3230,35,3,2024-03-19,Sale,46,96.77,4451.42
3231,82,2,2024-03-20,Purchase,16,52.12,833.92
3232,7,1,2024-03-20,Purchase,21,69.34,1456.14
3233,62,3,2024-03-20,Sale,33,60.01,1980.33
3234,84,8,2024-03-20,Sale,14,34.23,479.22
3235,15,5,2024-03-20,Purchase,13,17.96,233.48
3236,25,3,2024-03-20,Purchase,14,159.98,2239.72
3237,81,7,2024-03-20,Sale,24,188.02,4512.48
3238,136,8,2024-03-20,Sale,5,159.94,799.7
3239,23,6,2024-03-20,Purchase,47,190.14,8936.58
3240,45,8,2024-03-21,Sale,48,40.34,1936.32
3241,103,8,2024-03-21,Sale,28,59.41,1663.48
3242,53,6,2024-03-21,Sale,20,67.84,1356.8
3243,65,2,2024-03-21,Sale,1,117.5,117.5
3244,52,2,2024-03-21,Sale,48,96.65,4639.2
3245,9,4,2024-03-21,Return,38,95.87,3643.06
3246,53,3,2024-03-21,Purchase,12,67.84,814.08
3247,4,4,2024-03-21,Sale,4,25.38,101.52
3248,20,2,2024-03-21,Purchase,43,166.56,7162.08
3249,62,3,2024-03-21,Sale,19,60.01,1140.19
3250,85,1,2024-03-21,Sale,48,141.85,6808.8
3251,84,2,2024-03-22,Purchase,25,34.23,855.75
3252,43,5,2024-03-22,Sale,15,41.58,623.7
3253,40,6,2024-03-22,Return,47,107.45,5050.15
3254,131,8,2024-03-22,Sale,22,117.64,2588.08
3255,19,8,2024-03-22,Sale,27,31.96,862.92
3256,66,7,2024-03-22,Adjustment,-1,27.89,27.89
3257,20,8,2024-03-22,Sale,50,166.56,8328.0
3258,23,7,2024-03-22,Sale,50,190.14,9507.0
3259,77,8,2024-03-22,Sale,32,184.71,5910.72
3260,30,6,2024-03-22,Purchase,28,7.05,197.4
3261,114,1,2024-03-22,Purchase,34,174.37,5928.58
3262,13,6,2024-03-22,Purchase,50,25.18,1259.0
3263,33,3,2024-03-23,Sale,47,198.63,9335.61
3264,1,6,2024-03-23,Adjustment,-8,51.19,409.52
3265,10,5,2024-03-24,Purchase,8,63.3,506.4
3266,15,8,2024-03-24,Return,17,17.96,305.32
3267,128,8,2024-03-24,Adjustment,7,126.21,883.47
3268,87,1,2024-03-24,Return,5,5.86,29.3
3269,12,4,2024-03-25,Sale,33,6.47,213.51
3270,40,1,2024-03-25,Purchase,30,107.45,3223.5
3271,109,7,2024-03-25,Sale,37,62.94,2328.78
3272,90,6,2024-03-25,Purchase,46,194.4,8942.4
3273,83,3,2024-03-25,Sale,26,149.84,3895.84
3274,37,2,2024-03-25,Sale,45,109.55,4929.75
3275,97,6,2024-03-25,Purchase,45,18.58,836.1
3276,4,2,2024-03-25,Purchase,27,25.38,685.26
3277,111,7,2024-03-25,Purchase,34,29.66,1008.44
3278,39,7,2024-03-25,Sale,4,104.64,418.56
3279,43,1,2024-03-25,Sale,33,41.58,1372.14
3280,46,2,2024-03-25,Sale,35,162.1,5673.5
3281,34,2,2024-03-25,Sale,16,19.01,304.16
3282,142,8,2024-03-25,Purchase,4,124.16,496.64
3283,34,8,2024-03-26,Adjustment,7,19.01,133.07
3284,38,1,2024-03-26,Purchase,32,195.74,6263.68
3285,95,4,2024-03-26,Sale,35,160.32,5611.2
3286,128,5,2024-03-26,Return,37,126.21,4669.77
3287,119,8,2024-03-26,Purchase,26,2.21,57.46
3288,56,6,2024-03-26,Purchase,32,181.16,5797.12
3289,45,3,2024-03-27,Sale,47,40.34,1895.98
3290,27,2,2024-03-27,Sale,46,15.33,705.18
3291,139,6,2024-03-27,Purchase,7,146.41,1024.87
3292,57,6,2024-03-27,Purchase,46,165.65,7619.9
3293,97,8,2024-03-27,Sale,10,18.58,185.8
3294,59,5,2024-03-27,Purchase,50,160.27,8013.5
3295,38,6,2024-03-27,Sale,48,195.74,9395.52
3296,91,3,2024-03-27,Purchase,36,9.84,354.24
3297,40,2,2024-03-27,Return,21,107.45,2256.45
3298,101,1,2024-03-28,Sale,40,193.9,7756.0
3299,110,8,2024-03-28,Sale,24,41.33,991.92
3300,39,4,2024-03-28,Purchase,25,104.64,2616.0
3301,83,6,2024-03-28,Purchase,24,149.84,3596.16
3302,6,8,2024-03-28,Adjustment,-1,17.37,17.37
3303,30,7,2024-03-28,Return,3,7.05,21.15
3304,140,5,2024-03-28,Purchase,49,195.2,9564.8
3305,70,4,2024-03-29,Sale,2,137.1,274.2
3306,85,1,2024-03-29,Sale,28,141.85,3971.8
3307,55,2,2024-03-29,Return,8,35.66,285.28
3308,88,3,2024-03-29,Purchase,36,5.58,200.88
3309,136,8,2024-03-29,Purchase,21,159.94,3358.74
3310,91,2,2024-03-29,Sale,13,9.84,127.92
3311,138,4,2024-03-29,Sale,42,51.93,2181.06
3312,13,3,2024-03-29,Sale,6,25.18,151.08
3313,137,5,2024-03-29,Purchase,35,20.2,707.0
3314,70,7,2024-03-29,Sale,11,137.1,1508.1
3315,126,8,2024-03-29,Purchase,23,31.59,726.57
3316,9,5,2024-03-30,Sale,25,95.87,2396.75
3317,36,5,2024-03-30,Purchase,20,42.63,852.6
3318,111,5,2024-03-30,Purchase,41,29.66,1216.06
3319,42,8,2024-03-30,Return,8,161.6,1292.8
3320,92,5,2024-03-31,Sale,25,164.32,4108.0
3321,33,8,2024-03-31,Sale,14,198.63,2780.82
3322,20,8,2024-03-31,Sale,38,166.56,6329.28
3323,28,7,2024-04-01,Purchase,18,69.33,1247.94
3324,124,1,2024-04-01,Sale,3,170.94,512.82
3325,29,2,2024-04-01,Purchase,15,31.95,479.25
3326,93,3,2024-04-01,Purchase,43,82.38,3542.34
3327,64,8,2024-04-01,Sale,38,182.18,6922.84
3328,22,1,2024-04-01,Sale,7,65.09,455.63
3329,75,6,2024-04-01,Return,49,139.16,6818.84
3330,82,4,2024-04-02,Sale,5,52.12,260.6
3331,134,7,2024-04-02,Sale,50,112.59,5629.5
3332,49,6,2024-04-02,Sale,23,168.41,3873.43
3333,42,4,2024-04-02,Sale,3,161.6,484.8
3334,48,4,2024-04-02,Sale,13,68.87,895.31
3335,19,1,2024-04-02,Purchase,8,31.96,255.68
3336,36,2,2024-04-02,Sale,44,42.63,1875.72
3337,28,1,2024-04-02,Purchase,4,69.33,277.32
3338,6,1,2024-04-02,Sale,43,17.37,746.91
3339,4,1,2024-04-02,Sale,6,25.38,152.28
3340,105,3,2024-04-02,Purchase,13,5.04,65.52
3341,27,3,2024-04-02,Purchase,24,15.33,367.92
3342,15,5,2024-04-03,Purchase,13,17.96,233.48
3343,116,2,2024-04-03,Purchase,2,33.19,66.38
3344,111,7,2024-04-03,Sale,25,29.66,741.5
3345,17,6,2024-04-03,Purchase,35,57.13,1999.55
3346,62,8,2024-04-03,Purchase,38,60.01,2280.38
3347,98,8,2024-04-03,Purchase,45,172.83,7777.35
3348,117,1,2024-04-03,Sale,10,192.43,1924.3
3349,16,2,2024-04-03,Purchase,37,176.91,6545.67
3350,73,5,2024-04-03,Sale,38,7.52,285.76
3351,28,4,2024-04-03,Sale,50,69.33,3466.5
3352,132,4,2024-04-03,Purchase,27,129.29,3490.83
3353,69,3,2024-04-03,Return,16,124.58,1993.28
3354,28,7,2024-04-03,Sale,7,69.33,485.31
3355,119,4,2024-04-03,Return,13,2.21,28.73
3356,104,8,2024-04-04,Adjustment,12,70.71,848.52
3357,96,4,2024-04-04,Sale,4,55.25,221.0
3358,126,4,2024-04-04,Return,13,31.59,410.67
3359,128,8,2024-04-04,Purchase,25,126.21,3155.25
3360,48,2,2024-04-05,Purchase,20,68.87,1377.4
3361,95,2,2024-04-05,Sale,21,160.32,3366.72
3362,121,7,2024-04-05,Sale,42,19.99,839.58
3363,12,4,2024-04-05,Sale,9,6.47,58.23
3364,107,5,2024-04-05,Sale,4,132.35,529.4
3365,47,8,2024-04-05,Purchase,40,17.95,718.0
3366,108,1,2024-04-06,Purchase,11,110.09,1210.99
3367,106,7,2024-04-06,Purchase,25,103.82,2595.5
3368,88,8,2024-04-06,Sale,16,5.58,89.28
3369,107,3,2024-04-07,Sale,17,132.35,2249.95
3370,58,5,2024-04-07,Sale,11,32.87,361.57
3371,91,7,2024-04-07,Adjustment,13,9.84,127.92
3372,125,3,2024-04-07,Sale,50,79.12,3956.0
3373,104,8,2024-04-08,Purchase,30,70.71,2121.3
3374,125,7,2024-04-08,Purchase,44,79.12,3481.28
3375,52,7,2024-04-08,Purchase,9,96.65,869.85
3376,135,1,2024-04-08,Sale,4,136.77,547.08
3377,28,8,2024-04-08,Sale,4,69.33,277.32
3378,121,4,2024-04-08,Sale,42,19.99,839.58
3379,58,7,2024-04-09,Return,33,32.87,1084.71
3380,30,1,2024-04-09,Sale,16,7.05,112.8
3381,69,8,2024-04-09,Purchase,20,124.58,2491.6
3382,34,4,2024-04-09,Purchase,19,19.01,361.19
3383,24,4,2024-04-09,Return,32,92.42,2957.44
3384,144,3,2024-04-09,Purchase,36,62.27,2241.72
3385,87,1,2024-04-09,Sale,16,5.86,93.76
3386,65,1,2024-04-09,Purchase,47,117.5,5522.5
3387,131,7,2024-04-09,Sale,13,117.64,1529.32
3388,7,1,2024-04-09,Return,30,69.34,2080.2
3389,117,7,2024-04-09,Sale,13,192.43,2501.59
3390,52,1,2024-04-09,Sale,20,96.65,1933.0
3391,40,8,2024-04-09,Sale,3,107.45,322.35
3392,43,4,2024-04-10,Sale,10,41.58,415.8
3393,43,3,2024-04-10,Sale,29,41.58,1205.82
3394,31,1,2024-04-10,Sale,11,31.41,345.51
3395,139,4,2024-04-10,Purchase,11,146.41,1610.51
3396,30,3,2024-04-10,Return,33,7.05,232.65
3397,5,2,2024-04-10,Sale,7,32.09,224.63
3398,83,4,2024-04-10,Sale,43,149.84,6443.12
3399,78,8,2024-04-10,Return,12,29.15,349.8
3400,94,3,2024-04-11,Purchase,4,99.93,399.72
3401,81,5,2024-04-11,Return,15,188.02,2820.3
3402,13,4,2024-04-11,Purchase,46,25.18,1158.28
3403,22,7,2024-04-11,Return,43,65.09,2798.87
3404,98,1,2024-04-11,Sale,36,172.83,6221.88
3405,70,8,2024-04-11,Sale,29,137.1,3975.9
3406,7,1,2024-04-11,Sale,40,69.34,2773.6
3407,66,1,2024-04-12,Sale,26,27.89,725.14
3408,38,4,2024-04-12,Purchase,4,195.74,782.96
3409,142,6,2024-04-12,Sale,45,124.16,5587.2
3410,86,3,2024-04-12,Sale,41,40.76,1671.16
3411,104,2,2024-04-12,Sale,38,70.71,2686.98
3412,50,8,2024-04-12,Return,1,160.33,160.33
3413,89,5,2024-04-12,Sale,12,103.43,1241.16
3414,7,7,2024-04-13,Sale,22,69.34,1525.48
3415,113,6,2024-04-14,Adjustment,10,87.29,872.9
3416,50,8,2024-04-14,Sale,37,160.33,5932.21
3417,13,7,2024-04-14,Sale,15,25.18,377.7
3418,24,7,2024-04-14,Return,47,92.42,4343.74
3419,76,2,2024-04-15,Purchase,50,102.53,5126.5
3420,56,3,2024-04-15,Return,39,181.16,7065.24
3421,60,4,2024-04-15,Sale,21,150.4,3158.4
3422,60,4,2024-04-15,Purchase,17,150.4,2556.8
3423,129,1,2024-04-15,Return,26,29.58,769.08
3424,83,5,2024-04-15,Sale,41,149.84,6143.44
3425,2,5,2024-04-15,Sale,9,18.21,163.89
3426,122,7,2024-04-15,Purchase,13,118.19,1536.47
3427,20,1,2024-04-15,Sale,31,166.56,5163.36
3428,61,2,2024-04-16,Return,4,165.58,662.32
3429,117,1,2024-04-16,Purchase,21,192.43,4041.03
3430,76,4,2024-04-16,Return,25,102.53,2563.25
3431,131,1,2024-04-16,Purchase,43,117.64,5058.52
3432,140,3,2024-04-16,Sale,32,195.2,6246.4
3433,30,8,2024-04-16,Purchase,42,7.05,296.1
3434,55,3,2024-04-16,Purchase,21,35.66,748.86
3435,9,5,2024-04-16,Sale,46,95.87,4410.02
3436,16,2,2024-04-16,Purchase,26,176.91,4599.66
3437,137,8,2024-04-16,Sale,11,20.2,222.2
3438,42,1,2024-04-17,Purchase,20,161.6,3232.0
3439,77,2,2024-04-17,Return,48,184.71,8866.08
3440,8,4,2024-04-17,Purchase,17,159.78,2716.26
3441,15,7,2024-04-17,Purchase,22,17.96,395.12
3442,43,2,2024-04-17,Return,6,41.58,249.48
3443,9,4,2024-04-17,Sale,36,95.87,3451.32
3444,52,8,2024-04-17,Purchase,8,96.65,773.2
3445,121,3,2024-04-17,Sale,43,19.99,859.57
3446,77,6,2024-04-17,Sale,21,184.71,3878.91
3447,24,6,2024-04-17,Sale,18,92.42,1663.56
3448,49,7,2024-04-17,Return,31,168.41,5220.71
3449,134,6,2024-04-17,Sale,42,112.59,4728.78
3450,106,3,2024-04-17,Sale,33,103.82,3426.06
3451,51,1,2024-04-17,Sale,31,182.14,5646.34
3452,5,6,2024-04-18,Sale,39,32.09,1251.51
3453,91,7,2024-04-18,Sale,6,9.84,59.04
3454,2,4,2024-04-18,Return,30,18.21,546.3
3455,47,5,2024-04-18,Adjustment,13,17.95,233.35
3456,143,2,2024-04-18,Sale,7,31.19,218.33
3457,80,1,2024-04-18,Sale,30,134.56,4036.8
3458,69,4,2024-04-19,Sale,19,124.58,2367.02
3459,127,6,2024-04-19,Sale,18,10.67,192.06
3460,82,6,2024-04-19,Purchase,13,52.12,677.56
3461,84,1,2024-04-19,Purchase,35,34.23,1198.05
3462,49,4,2024-04-19,Sale,19,168.41,3199.79
3463,15,8,2024-04-19,Sale,29,17.96,520.84
3464,44,6,2024-04-19,Purchase,25,197.94,4948.5
3465,16,6,2024-04-19,Sale,29,176.91,5130.39
3466,55,4,2024-04-19,Sale,39,35.66,1390.74
3467,124,8,2024-04-19,Adjustment,18,170.94,3076.92
3468,21,4,2024-04-20,Purchase,16,30.84,493.44
3469,82,4,2024-04-21,Purchase,20,52.12,1042.4
3470,50,5,2024-04-21,Return,29,160.33,4649.57
3471,80,7,2024-04-21,Sale,32,134.56,4305.92
3472,16,5,2024-04-21,Sale,37,176.91,6545.67
3473,77,4,2024-04-21,Sale,10,184.71,1847.1
3474,5,6,2024-04-22,Sale,5,32.09,160.45
3475,108,3,2024-04-22,Purchase,12,110.09,1321.08
3476,96,5,2024-04-22,Sale,41,55.25,2265.25
3477,62,6,2024-04-22,Purchase,39,60.01,2340.39
3478,109,8,2024-04-22,Sale,45,62.94,2832.3
3479,38,1,2024-04-22,Sale,21,195.74,4110.54
3480,93,5,2024-04-23,Purchase,13,82.38,1070.94
3481,141,4,2024-04-23,Purchase,49,96.84,4745.16
3482,102,8,2024-04-23,Purchase,12,186.58,2238.96
3483,34,8,2024-04-23,Sale,15,19.01,285.15
3484,7,5,2024-04-23,Purchase,32,69.34,2218.88
3485,49,5,2024-04-23,Sale,28,168.41,4715.48
3486,99,1,2024-04-23,Sale,9,84.72,762.48
3487,79,1,2024-04-23,Sale,41,16.36,670.76
3488,9,2,2024-04-23,Purchase,31,95.87,2971.97
3489,2,5,2024-04-23,Purchase,6,18.21,109.26
3490,143,5,2024-04-23,Sale,46,31.19,1434.74
3491,74,5,2024-04-23,Purchase,43,66.47,2858.21
3492,53,8,2024-04-23,Sale,43,67.84,2917.12
3493,99,7,2024-04-23,Adjustment,17,84.72,1440.24
3494,113,5,2024-04-24,Sale,9,87.29,785.61
3495,93,4,2024-04-24,Sale,31,82.38,2553.78
3496,9,4,2024-04-24,Return,32,95.87,3067.84
3497,43,6,2024-04-24,Sale,3,41.58,124.74
3498,56,1,2024-04-25,Purchase,18,181.16,3260.88
3499,63,7,2024-04-25,Sale,1,53.35,53.35
3500,4,3,2024-04-25,Sale,22,25.38,558.36
3501,87,3,2024-04-25,Sale,35,5.86,205.1
3502,52,3,2024-04-25,Sale,26,96.65,2512.9
3503,39,1,2024-04-25,Sale,39,104.64,4080.96
3504,29,7,2024-04-25,Purchase,12,31.95,383.4
3505,8,1,2024-04-26,Return,12,159.78,1917.36
3506,17,5,2024-04-26,Return,19,57.13,1085.47
3507,90,3,2024-04-26,Sale,41,194.4,7970.4
3508,34,6,2024-04-26,Sale,24,19.01,456.24
3509,82,6,2024-04-26,Purchase,33,52.12,1719.96
3510,107,6,2024-04-26,Return,9,132.35,1191.15
3511,83,1,2024-04-26,Adjustment,-14,149.84,2097.76
3512,64,6,2024-04-26,Purchase,9,182.18,1639.62
3513,136,5,2024-04-26,Purchase,43,159.94,6877.42
3514,12,4,2024-04-27,Purchase,18,6.47,116.46
3515,20,4,2024-04-28,Sale,23,166.56,3830.88
3516,83,4,2024-04-28,Sale,47,149.84,7042.48
3517,51,6,2024-04-29,Sale,44,182.14,8014.16
3518,37,2,2024-04-29,Sale,35,109.55,3834.25
3519,22,7,2024-04-29,Purchase,43,65.09,2798.87
3520,110,5,2024-04-29,Purchase,38,41.33,1570.54
3521,127,3,2024-04-29,Sale,32,10.67,341.44
3522,141,5,2024-04-29,Sale,24,96.84,2324.16
3523,101,3,2024-04-29,Return,19,193.9,3684.1
3524,76,6,2024-04-29,Purchase,6,102.53,615.18
3525,24,1,2024-04-29,Return,41,92.42,3789.22
3526,66,6,2024-04-29,Sale,23,27.89,641.47
3527,12,6,2024-04-30,Purchase,30,6.47,194.1
3528,76,5,2024-04-30,Purchase,13,102.53,1332.89
3529,61,4,2024-04-30,Sale,42,165.58,6954.36
3530,121,7,2024-04-30,Sale,5,19.99,99.95
3531,116,2,2024-04-30,Sale,25,33.19,829.75
3532,29,1,2024-05-01,Sale,4,31.95,127.8
3533,45,4,2024-05-01,Adjustment,5,40.34,201.7
3534,67,8,2024-05-01,Purchase,26,174.82,4545.32
3535,78,2,2024-05-01,Sale,26,29.15,757.9
3536,48,1,2024-05-01,Sale,15,68.87,1033.05
3537,11,5,2024-05-01,Sale,45,58.35,2625.75
3538,95,2,2024-05-01,Sale,13,160.32,2084.16
3539,84,1,2024-05-01,Sale,25,34.23,855.75
3540,84,4,2024-05-01,Purchase,36,34.23,1232.28
3541,99,2,2024-05-01,Purchase,7,84.72,593.04
3542,143,7,2024-05-01,Adjustment,7,31.19,218.33
3543,61,4,2024-05-01,Sale,27,165.58,4470.66
3544,6,5,2024-05-01,Sale,18,17.37,312.66
3545,86,5,2024-05-01,Purchase,45,40.76,1834.2
3546,108,5,2024-05-02,Return,26,110.09,2862.34
3547,101,6,2024-05-02,Sale,27,193.9,5235.3
3548,142,2,2024-05-02,Sale,22,124.16,2731.52
3549,77,1,2024-05-02,Purchase,34,184.71,6280.14
3550,139,5,2024-05-02,Purchase,16,146.41,2342.56
3551,106,1,2024-05-02,Purchase,24,103.82,2491.68
3552,49,8,2024-05-02,Sale,42,168.41,7073.22
3553,7,5,2024-05-02,Sale,39,69.34,2704.26
3554,122,5,2024-05-03,Purchase,26,118.19,3072.94
3555,104,7,2024-05-03,Sale,37,70.71,2616.27
3556,54,4,2024-05-03,Sale,6,93.71,562.26
3557,73,3,2024-05-03,Sale,22,7.52,165.44
3558,17,7,2024-05-03,Purchase,21,57.13,1199.73
3559,104,5,2024-05-03,Purchase,37,70.71,2616.27
3560,67,8,2024-05-03,Purchase,3,174.82,524.46
3561,121,5,2024-05-03,Return,28,19.99,559.72
3562,78,4,2024-05-03,Return,30,29.15,874.5
3563,20,4,2024-05-03,Sale,39,166.56,6495.84
3564,135,6,2024-05-03,Return,31,136.77,4239.87
3565,13,1,2024-05-03,Sale,2,25.18,50.36
3566,119,7,2024-05-03,Purchase,26,2.21,57.46
3567,99,1,2024-05-04,Sale,2,84.72,169.44
3568,21,6,2024-05-04,Sale,3,30.84,92.52
3569,101,4,2024-05-05,Sale,11,193.9,2132.9
3570,2,2,2024-05-05,Purchase,24,18.21,437.04
3571,73,5,2024-05-06,Return,25,7.52,188.0
3572,32,6,2024-05-06,Sale,37,74.1,2741.7
3573,86,2,2024-05-06,Sale,20,40.76,815.2
3574,135,4,2024-05-06,Sale,49,136.77,6701.73
3575,3,1,2024-05-06,Sale,8,146.43,1171.44
3576,36,1,2024-05-06,Sale,11,42.63,468.93
3577,82,5,2024-05-07,Purchase,32,52.12,1667.84
3578,3,5,2024-05-07,Adjustment,-6,146.43,878.58
3579,96,6,2024-05-07,Return,4,55.25,221.0
3580,33,3,2024-05-07,Purchase,6,198.63,1191.78
3581,37,2,2024-05-07,Sale,37,109.55,4053.35
3582,55,8,2024-05-07,Purchase,19,35.66,677.54
3583,124,3,2024-05-07,Sale,46,170.94,7863.24
3584,4,3,2024-05-08,Sale,45,25.38,1142.1
3585,40,5,2024-05-08,Sale,25,107.45,2686.25
3586,36,2,2024-05-08,Sale,46,42.63,1960.98
3587,11,8,2024-05-08,Return,35,58.35,2042.25
3588,32,4,2024-05-08,Sale,10,74.1,741.0
3589,23,3,2024-05-08,Purchase,27,190.14,5133.78
3590,130,2,2024-05-08,Purchase,29,167.32,4852.28
3591,35,6,2024-05-08,Sale,40,96.77,3870.8
3592,104,4,2024-05-08,Sale,26,70.71,1838.46
3593,107,1,2024-05-08,Sale,31,132.35,4102.85
3594,53,8,2024-05-09,Sale,6,67.84,407.04
3595,26,3,2024-05-09,Return,37,22.5,832.5
3596,89,5,2024-05-09,Purchase,47,103.43,4861.21
3597,79,4,2024-05-09,Sale,8,16.36,130.88
3598,10,2,2024-05-09,Sale,33,63.3,2088.9
3599,52,2,2024-05-09,Sale,6,96.65,579.9
3600,1,1,2024-05-09,Purchase,27,51.19,1382.13
3601,108,8,2024-05-09,Purchase,24,110.09,2642.16
3602,97,2,2024-05-09,Purchase,20,18.58,371.6
3603,99,6,2024-05-09,Sale,35,84.72,2965.2
3604,1,8,2024-05-09,Purchase,18,51.19,921.42
3605,98,2,2024-05-10,Purchase,2,172.83,345.66
3606,57,4,2024-05-10,Purchase,1,165.65,165.65
3607,81,1,2024-05-10,Return,5,188.02,940.1
3608,140,4,2024-05-10,Sale,15,195.2,2928.0
3609,99,4,2024-05-10,Sale,48,84.72,4066.56
3610,115,7,2024-05-10,Return,49,49.96,2448.04
3611,74,5,2024-05-10,Sale,23,66.47,1528.81
3612,101,2,2024-05-10,Sale,42,193.9,8143.8
3613,33,6,2024-05-10,Return,6,198.63,1191.78
3614,51,8,2024-05-10,Adjustment,-7,182.14,1274.98
3615,74,2,2024-05-11,Sale,25,66.47,1661.75
3616,104,3,2024-05-11,Sale,18,70.71,1272.78
3617,125,1,2024-05-11,Sale,44,79.12,3481.28
3618,94,7,2024-05-11,Adjustment,-3,99.93,299.79
3619,3,8,2024-05-12,Sale,12,146.43,1757.16
3620,23,8,2024-05-12,Sale,30,190.14,5704.2
3621,134,7,2024-05-12,Adjustment,-6,112.59,675.54
3622,134,5,2024-05-12,Sale,7,112.59,788.13
3623,128,5,2024-05-13,Purchase,17,126.21,2145.57
3624,63,4,2024-05-13,Purchase,34,53.35,1813.9
3625,33,2,2024-05-13,Return,4,198.63,794.52
3626,80,1,2024-05-13,Purchase,16,134.56,2152.96
3627,134,4,2024-05-13,Sale,10,112.59,1125.9
3628,144,6,2024-05-13,Adjustment,-6,62.27,373.62
3629,78,4,2024-05-14,Sale,45,29.15,1311.75
3630,29,7,2024-05-14,Purchase,21,31.95,670.95
3631,121,1,2024-05-14,Purchase,15,19.99,299.85
3632,5,1,2024-05-14,Return,18,32.09,577.62
3633,76,2,2024-05-14,Purchase,47,102.53,4818.91
3634,139,2,2024-05-14,Return,38,146.41,5563.58
3635,67,1,2024-05-14,Purchase,45,174.82,7866.9
3636,58,7,2024-05-14,Adjustment,12,32.87,394.44
3637,144,1,2024-05-14,Purchase,49,62.27,3051.23
3638,93,5,2024-05-14,Sale,46,82.38,3789.48
3639,26,2,2024-05-14,Sale,13,22.5,292.5
3640,89,2,2024-05-14,Sale,13,103.43,1344.59
3641,80,6,2024-05-14,Sale,30,134.56,4036.8
3642,63,3,2024-05-15,Adjustment,-2,53.35,106.7
3643,116,7,2024-05-15,Purchase,49,33.19,1626.31
3644,24,7,2024-05-15,Purchase,6,92.42,554.52
3645,54,8,2024-05-15,Sale,6,93.71,562.26
3646,95,8,2024-05-15,Purchase,14,160.32,2244.48
3647,142,6,2024-05-15,Sale,10,124.16,1241.6
3648,57,4,2024-05-15,Purchase,4,165.65,662.6
3649,85,1,2024-05-15,Purchase,1,141.85,141.85
3650,30,8,2024-05-15,Purchase,21,7.05,148.05
3651,128,5,2024-05-15,Sale,6,126.21,757.26
3652,38,5,2024-05-15,Return,47,195.74,9199.78
3653,61,7,2024-05-15,Sale,50,165.58,8279.0
3654,83,1,2024-05-16,Purchase,10,149.84,1498.4
3655,109,7,2024-05-16,Adjustment,-9,62.94,566.46
3656,25,2,2024-05-16,Sale,14,159.98,2239.72
3657,136,3,2024-05-16,Purchase,22,159.94,3518.68
3658,136,8,2024-05-16,Purchase,42,159.94,6717.48
3659,139,8,2024-05-16,Return,8,146.41,1171.28
3660,137,3,2024-05-16,Sale,20,20.2,404.0
3661,33,8,2024-05-16,Sale,47,198.63,9335.61
3662,144,4,2024-05-16,Purchase,43,62.27,2677.61
3663,71,7,2024-05-16,Sale,10,176.88,1768.8
3664,97,4,2024-05-17,Return,39,18.58,724.62
3665,132,6,2024-05-17,Purchase,42,129.29,5430.18
3666,25,4,2024-05-17,Purchase,14,159.98,2239.72
3667,87,5,2024-05-17,Adjustment,-19,5.86,111.34
3668,71,8,2024-05-17,Sale,3,176.88,530.64
3669,128,5,2024-05-17,Purchase,49,126.21,6184.29
3670,24,8,2024-05-17,Sale,25,92.42,2310.5
3671,115,4,2024-05-17,Sale,7,49.96,349.72
3672,33,2,2024-05-17,Sale,2,198.63,397.26
3673,98,5,2024-05-17,Adjustment,6,172.83,1036.98
3674,64,8,2024-05-18,Purchase,49,182.18,8926.82
3675,131,8,2024-05-18,Return,13,117.64,1529.32
3676,2,2,2024-05-19,Sale,2,18.21,36.42
3677,92,4,2024-05-19,Sale,30,164.32,4929.6
3678,137,4,2024-05-19,Purchase,20,20.2,404.0
3679,83,1,2024-05-19,Purchase,47,149.84,7042.48
3680,13,5,2024-05-20,Return,23,25.18,579.14
3681,90,5,2024-05-20,Purchase,32,194.4,6220.8
3682,93,8,2024-05-20,Purchase,18,82.38,1482.84
3683,32,8,2024-05-20,Purchase,47,74.1,3482.7
3684,100,2,2024-05-20,Sale,45,10.55,474.75
3685,52,7,2024-05-20,Purchase,33,96.65,3189.45
3686,77,3,2024-05-20,Purchase,15,184.71,2770.65
3687,64,1,2024-05-20,Purchase,29,182.18,5283.22
3688,77,8,2024-05-20,Sale,7,184.71,1292.97
3689,89,4,2024-05-20,Purchase,20,103.43,2068.6
3690,85,6,2024-05-20,Sale,22,141.85,3120.7
3691,79,2,2024-05-21,Sale,18,16.36,294.48
3692,134,2,2024-05-21,Purchase,17,112.59,1914.03
3693,61,3,2024-05-21,Sale,3,165.58,496.74
3694,107,2,2024-05-21,Sale,35,132.35,4632.25
3695,142,8,2024-05-21,Purchase,10,124.16,1241.6
3696,66,1,2024-05-21,Purchase,18,27.89,502.02
3697,98,7,2024-05-21,Return,27,172.83,4666.41
3698,94,6,2024-05-22,Sale,9,99.93,899.37
3699,72,2,2024-05-22,Sale,30,10.36,310.8
3700,93,7,2024-05-22,Sale,17,82.38,1400.46
3701,106,6,2024-05-22,Return,27,103.82,2803.14
3702,128,2,2024-05-22,Sale,47,126.21,5931.87
3703,15,5,2024-05-22,Return,4,17.96,71.84
3704,35,8,2024-05-22,Sale,24,96.77,2322.48
3705,131,7,2024-05-22,Purchase,7,117.64,823.48
3706,95,8,2024-05-23,Sale,1,160.32,160.32
3707,107,5,2024-05-23,Sale,20,132.35,2647.0
3708,81,7,2024-05-23,Return,8,188.02,1504.16
3709,35,7,2024-05-23,Sale,37,96.77,3580.49
3710,99,7,2024-05-23,Sale,2,84.72,169.44
3711,90,1,2024-05-23,Return,35,194.4,6804.0
3712,88,3,2024-05-24,Purchase,45,5.58,251.1
3713,124,1,2024-05-24,Sale,29,170.94,4957.26
3714,112,6,2024-05-24,Sale,32,4.82,154.24
3715,9,4,2024-05-24,Sale,45,95.87,4314.15
3716,143,8,2024-05-24,Adjustment,7,31.19,218.33
3717,125,5,2024-05-24,Purchase,34,79.12,2690.08
3718,41,5,2024-05-25,Return,36,46.16,1661.76
3719,32,5,2024-05-26,Purchase,35,74.1,2593.5
3720,43,1,2024-05-26,Sale,2,41.58,83.16
3721,36,6,2024-05-26,Sale,44,42.63,1875.72
3722,103,2,2024-05-26,Return,32,59.41,1901.12
3723,79,2,2024-05-27,Sale,11,16.36,179.96
3724,8,1,2024-05-27,Sale,45,159.78,7190.1
3725,63,8,2024-05-27,Sale,12,53.35,640.2
3726,27,3,2024-05-27,Purchase,28,15.33,429.24
3727,86,1,2024-05-27,Sale,8,40.76,326.08
3728,8,7,2024-05-27,Adjustment,10,159.78,1597.8
3729,73,5,2024-05-27,Return,20,7.52,150.4
3730,135,6,2024-05-27,Return,36,136.77,4923.72
3731,103,3,2024-05-27,Sale,32,59.41,1901.12
3732,142,1,2024-05-28,Sale,4,124.16,496.64
3733,52,7,2024-05-28,Sale,49,96.65,4735.85
3734,130,3,2024-05-28,Sale,3,167.32,501.96
3735,98,2,2024-05-28,Sale,13,172.83,2246.79
3736,64,7,2024-05-28,Sale,26,182.18,4736.68
3737,139,4,2024-05-28,Purchase,18,146.41,2635.38
3738,15,6,2024-05-28,Sale,42,17.96,754.32
3739,134,4,2024-05-28,Purchase,26,112.59,2927.34
3740,67,3,2024-05-28,Sale,13,174.82,2272.66
3741,71,7,2024-05-29,Purchase,18,176.88,3183.84
3742,91,6,2024-05-29,Purchase,15,9.84,147.6
3743,99,7,2024-05-29,Purchase,37,84.72,3134.64
3744,51,6,2024-05-29,Purchase,1,182.14,182.14
3745,50,1,2024-05-29,Adjustment,9,160.33,1442.97
3746,5,8,2024-05-29,Purchase,23,32.09,738.07
3747,2,2,2024-05-29,Sale,42,18.21,764.82
3748,73,8,2024-05-29,Sale,45,7.52,338.4
3749,34,3,2024-05-30,Purchase,6,19.01,114.06
3750,51,5,2024-05-30,Sale,9,182.14,1639.26
3751,27,2,2024-05-30,Purchase,29,15.33,444.57
3752,137,7,2024-05-30,Sale,9,20.2,181.8
3753,96,7,2024-05-31,Purchase,41,55.25,2265.25
3754,10,5,2024-05-31,Sale,47,63.3,2975.1
3755,103,7,2024-05-31,Sale,4,59.41,237.64
3756,104,3,2024-05-31,Sale,25,70.71,1767.75
3757,25,4,2024-05-31,Sale,8,159.98,1279.84
3758,43,1,2024-05-31,Purchase,19,41.58,790.02
3759,99,3,2024-05-31,Purchase,44,84.72,3727.68
3760,38,1,2024-05-31,Sale,12,195.74,2348.88
3761,10,4,2024-05-31,Return,3,63.3,189.9
3762,99,5,2024-05-31,Purchase,49,84.72,4151.28
3763,111,8,2024-05-31,Purchase,40,29.66,1186.4
3764,64,8,2024-05-31,Purchase,25,182.18,4554.5
3765,3,4,2024-05-31,Sale,33,146.43,4832.19
3766,87,5,2024-05-31,Purchase,8,5.86,46.88
3767,38,4,2024-06-01,Sale,11,195.74,2153.14
3768,94,3,2024-06-01,Purchase,39,99.93,3897.27
3769,56,6,2024-06-01,Return,35,181.16,6340.6
3770,3,8,2024-06-02,Return,47,146.43,6882.21
3771,61,2,2024-06-02,Sale,14,165.58,2318.12
3772,19,6,2024-06-03,Sale,10,31.96,319.6
3773,131,5,2024-06-03,Purchase,38,117.64,4470.32
3774,47,6,2024-06-03,Return,11,17.95,197.45
3775,64,4,2024-06-03,Sale,20,182.18,3643.6
3776,89,6,2024-06-03,Sale,37,103.43,3826.91
3777,72,6,2024-06-03,Sale,37,10.36,383.32
3778,54,1,2024-06-04,Purchase,47,93.71,4404.37
3779,132,5,2024-06-04,Sale,45,129.29,5818.05
3780,112,1,2024-06-04,Sale,4,4.82,19.28
3781,22,7,2024-06-04,Sale,31,65.09,2017.79
3782,98,1,2024-06-04,Sale,6,172.83,1036.98
3783,31,3,2024-06-04,Purchase,11,31.41,345.51
3784,127,7,2024-06-04,Purchase,4,10.67,42.68
3785,24,1,2024-06-04,Purchase,39,92.42,3604.38
3786,76,6,2024-06-04,Purchase,20,102.53,2050.6
3787,63,5,2024-06-04,Sale,31,53.35,1653.85
3788,83,2,2024-06-04,Purchase,19,149.84,2846.96
3789,59,2,2024-06-04,Sale,29,160.27,4647.83
3790,58,3,2024-06-05,Sale,18,32.87,591.66
3791,129,1,2024-06-05,Purchase,11,29.58,325.38
3792,38,4,2024-06-05,Sale,33,195.74,6459.42
3793,131,5,2024-06-05,Sale,28,117.64,3293.92
3794,49,4,2024-06-06,Sale,49,168.41,8252.09
3795,50,5,2024-06-06,Sale,1,160.33,160.33
3796,7,1,2024-06-06,Sale,32,69.34,2218.88
3797,35,1,2024-06-06,Return,29,96.77,2806.33
3798,58,4,2024-06-06,Sale,15,32.87,493.05
3799,37,6,2024-06-06,Sale,34,109.55,3724.7
3800,6,5,2024-06-06,Purchase,24,17.37,416.88
3801,10,6,2024-06-06,Sale,27,63.3,1709.1
3802,53,4,2024-06-07,Purchase,49,67.84,3324.16
3803,46,6,2024-06-07,Purchase,44,162.1,7132.4
3804,71,4,2024-06-07,Purchase,27,176.88,4775.76
3805,41,5,2024-06-07,Return,31,46.16,1430.96
3806,32,4,2024-06-07,Sale,48,74.1,3556.8
3807,88,2,2024-06-07,Return,39,5.58,217.62
3808,106,6,2024-06-07,Purchase,49,103.82,5087.18
3809,82,3,2024-06-07,Sale,8,52.12,416.96
3810,124,4,2024-06-07,Purchase,24,170.94,4102.56
3811,55,6,2024-06-07,Sale,24,35.66,855.84
3812,51,6,2024-06-07,Sale,36,182.14,6557.04
3813,115,8,2024-06-07,Sale,24,49.96,1199.04
3814,120,2,2024-06-07,Purchase,1,101.55,101.55
3815,9,4,2024-06-08,Return,17,95.87,1629.79
3816,37,2,2024-06-08,Sale,2,109.55,219.1
3817,47,8,2024-06-08,Purchase,20,17.95,359.0
3818,51,6,2024-06-08,Purchase,33,182.14,6010.62
3819,122,6,2024-06-09,Sale,47,118.19,5554.93
3820,51,4,2024-06-09,Sale,9,182.14,1639.26
3821,17,4,2024-06-09,Sale,1,57.13,57.13
3822,30,3,2024-06-09,Return,12,7.05,84.6
3823,30,6,2024-06-09,Purchase,25,7.05,176.25
3824,124,3,2024-06-10,Sale,42,170.94,7179.48
3825,11,6,2024-06-10,Purchase,35,58.35,2042.25
3826,70,1,2024-06-10,Purchase,14,137.1,1919.4
3827,6,5,2024-06-10,Sale,12,17.37,208.44
3828,46,6,2024-06-10,Sale,39,162.1,6321.9
3829,133,8,2024-06-10,Adjustment,-4,128.15,512.6
3830,104,6,2024-06-10,Sale,12,70.71,848.52
3831,47,1,2024-06-10,Sale,5,17.95,89.75
3832,79,7,2024-06-10,Sale,39,16.36,638.04
3833,69,3,2024-06-10,Sale,22,124.58,2740.76
3834,111,2,2024-06-11,Purchase,24,29.66,711.84
3835,82,1,2024-06-11,Purchase,50,52.12,2606.0
3836,57,6,2024-06-11,Purchase,18,165.65,2981.7
3837,20,3,2024-06-11,Sale,37,166.56,6162.72
3838,57,7,2024-06-11,Sale,44,165.65,7288.6
3839,31,1,2024-06-11,Sale,10,31.41,314.1
3840,107,1,2024-06-12,Sale,38,132.35,5029.3
3841,11,4,2024-06-12,Purchase,42,58.35,2450.7
3842,50,6,2024-06-12,Sale,47,160.33,7535.51
3843,92,7,2024-06-12,Sale,1,164.32,164.32
3844,85,8,2024-06-12,Sale,48,141.85,6808.8
3845,112,3,2024-06-12,Purchase,32,4.82,154.24
3846,76,5,2024-06-12,Sale,4,102.53,410.12
3847,38,7,2024-06-13,Return,13,195.74,2544.62
3848,17,4,2024-06-13,Sale,36,57.13,2056.68
3849,20,6,2024-06-13,Sale,41,166.56,6828.96
3850,73,1,2024-06-13,Purchase,45,7.52,338.4
3851,5,1,2024-06-13,Purchase,12,32.09,385.08
3852,60,6,2024-06-13,Sale,4,150.4,601.6
3853,38,7,2024-06-13,Return,7,195.74,1370.18
3854,1,4,2024-06-14,Purchase,36,51.19,1842.84
3855,34,6,2024-06-14,Sale,33,19.01,627.33
3856,30,4,2024-06-14,Sale,29,7.05,204.45
3857,99,3,2024-06-14,Purchase,3,84.72,254.16
3858,29,8,2024-06-14,Sale,25,31.95,798.75
3859,128,3,2024-06-14,Purchase,9,126.21,1135.89
3860,12,1,2024-06-14,Purchase,9,6.47,58.23
3861,34,3,2024-06-14,Purchase,45,19.01,855.45
3862,89,6,2024-06-14,Sale,3,103.43,310.29
3863,108,3,2024-06-14,Purchase,4,110.09,440.36
3864,123,2,2024-06-14,Sale,30,126.67,3800.1
3865,91,7,2024-06-14,Sale,38,9.84,373.92
3866,143,5,2024-06-14,Purchase,18,31.19,561.42
3867,83,2,2024-06-14,Return,20,149.84,2996.8
3868,68,7,2024-06-15,Sale,50,155.66,7783.0
3869,128,3,2024-06-15,Purchase,35,126.21,4417.35
3870,129,7,2024-06-16,Adjustment,6,29.58,177.48
3871,88,3,2024-06-16,Sale,49,5.58,273.42
3872,31,3,2024-06-17,Purchase,32,31.41,1005.12
3873,5,4,2024-06-17,Purchase,9,32.09,288.81
3874,99,5,2024-06-17,Sale,17,84.72,1440.24
3875,131,8,2024-06-17,Purchase,23,117.64,2705.72
3876,80,1,2024-06-17,Sale,20,134.56,2691.2
3877,5,7,2024-06-17,Sale,41,32.09,1315.69
3878,114,4,2024-06-18,Purchase,28,174.37,4882.36
3879,140,8,2024-06-18,Sale,7,195.2,1366.4
3880,97,1,2024-06-18,Sale,2,18.58,37.16
3881,35,7,2024-06-18,Sale,39,96.77,3774.03
3882,94,7,2024-06-19,Sale,2,99.93,199.86
3883,2,8,2024-06-19,Adjustment,-14,18.21,254.94
3884,93,5,2024-06-19,Sale,39,82.38,3212.82
3885,103,3,2024-06-19,Purchase,17,59.41,1009.97
3886,22,8,2024-06-19,Purchase,10,65.09,650.9
3887,114,5,2024-06-19,Sale,9,174.37,1569.33
3888,27,2,2024-06-19,Purchase,43,15.33,659.19
3889,68,7,2024-06-19,Sale,15,155.66,2334.9
3890,102,3,2024-06-19,Sale,21,186.58,3918.18
3891,50,3,2024-06-19,Sale,50,160.33,8016.5
3892,33,1,2024-06-20,Return,44,198.63,8739.72
3893,96,4,2024-06-20,Purchase,29,55.25,1602.25
3894,85,6,2024-06-20,Return,34,141.85,4822.9
3895,48,3,2024-06-20,Sale,29,68.87,1997.23
3896,87,5,2024-06-20,Sale,22,5.86,128.92
3897,60,6,2024-06-20,Sale,47,150.4,7068.8
3898,93,6,2024-06-20,Sale,17,82.38,1400.46
3899,24,8,2024-06-20,Sale,12,92.42,1109.04
3900,85,8,2024-06-20,Sale,10,141.85,1418.5
3901,78,4,2024-06-21,Sale,3,29.15,87.45
3902,80,7,2024-06-21,Purchase,13,134.56,1749.28
3903,125,8,2024-06-21,Sale,37,79.12,2927.44
3904,88,6,2024-06-21,Purchase,9,5.58,50.22
3905,14,6,2024-06-21,Sale,26,27.61,717.86
3906,70,7,2024-06-21,Sale,28,137.1,3838.8
3907,89,3,2024-06-21,Purchase,41,103.43,4240.63
3908,57,7,2024-06-21,Sale,36,165.65,5963.4
3909,137,6,2024-06-21,Sale,16,20.2,323.2
3910,54,4,2024-06-21,Adjustment,-7,93.71,655.97
3911,21,8,2024-06-22,Sale,49,30.84,1511.16
3912,144,6,2024-06-22,Purchase,20,62.27,1245.4
3913,131,6,2024-06-22,Sale,48,117.64,5646.72
3914,131,2,2024-06-22,Sale,38,117.64,4470.32
3915,116,2,2024-06-22,Adjustment,16,33.19,531.04
3916,124,1,2024-06-23,Purchase,20,170.94,3418.8
3917,138,7,2024-06-23,Purchase,38,51.93,1973.34
3918,83,5,2024-06-23,Sale,36,149.84,5394.24
3919,28,1,2024-06-23,Sale,42,69.33,2911.86
3920,133,2,2024-06-24,Sale,13,128.15,1665.95
3921,84,3,2024-06-24,Sale,44,34.23,1506.12
3922,67,6,2024-06-24,Purchase,42,174.82,7342.44
3923,118,5,2024-06-24,Return,36,193.2,6955.2
3924,12,6,2024-06-24,Sale,40,6.47,258.8
3925,45,4,2024-06-25,Sale,18,40.34,726.12
3926,109,3,2024-06-25,Sale,24,62.94,1510.56
3927,129,5,2024-06-25,Purchase,41,29.58,1212.78
3928,92,5,2024-06-25,Sale,50,164.32,8216.0
3929,129,6,2024-06-25,Sale,41,29.58,1212.78
3930,90,7,2024-06-25,Sale,42,194.4,8164.8
3931,16,4,2024-06-26,Return,12,176.91,2122.92
3932,95,3,2024-06-26,Sale,11,160.32,1763.52
3933,45,5,2024-06-26,Sale,23,40.34,927.82
3934,128,8,2024-06-26,Purchase,26,126.21,3281.46
3935,78,7,2024-06-26,Sale,28,29.15,816.2
3936,138,8,2024-06-26,Purchase,18,51.93,934.74
3937,13,8,2024-06-26,Purchase,14,25.18,352.52
3938,126,1,2024-06-26,Sale,38,31.59,1200.42
3939,72,2,2024-06-27,Purchase,32,10.36,331.52
3940,79,3,2024-06-27,Sale,17,16.36,278.12
3941,30,3,2024-06-27,Sale,2,7.05,14.1
3942,50,5,2024-06-27,Sale,33,160.33,5290.89
3943,48,5,2024-06-27,Sale,44,68.87,3030.28
3944,23,2,2024-06-27,Purchase,23,190.14,4373.22
3945,115,7,2024-06-27,Sale,25,49.96,1249.0
3946,94,2,2024-06-27,Sale,45,99.93,4496.85
3947,107,7,2024-06-27,Purchase,22,132.35,2911.7
3948,101,6,2024-06-27,Sale,14,193.9,2714.6
3949,33,1,2024-06-28,Purchase,7,198.63,1390.41
3950,7,1,2024-06-28,Purchase,43,69.34,2981.62
3951,64,7,2024-06-28,Return,27,182.18,4918.86
3952,57,8,2024-06-28,Purchase,24,165.65,3975.6
3953,55,3,2024-06-28,Sale,20,35.66,713.2
3954,40,8,2024-06-28,Sale,25,107.45,2686.25
3955,28,5,2024-06-28,Purchase,41,69.33,2842.53
3956,107,7,2024-06-28,Sale,23,132.35,3044.05
3957,115,2,2024-06-28,Sale,26,49.96,1298.96
3958,1,2,2024-06-28,Purchase,18,51.19,921.42
3959,22,6,2024-06-28,Sale,31,65.09,2017.79
3960,23,6,2024-06-28,Sale,8,190.14,1521.12
3961,64,1,2024-06-29,Sale,1,182.18,182.18
3962,6,1,2024-06-29,Sale,44,17.37,764.28
3963,130,5,2024-06-29,Sale,2,167.32,334.64
3964,16,6,2024-06-29,Purchase,38,176.91,6722.58
3965,12,4,2024-06-29,Purchase,18,6.47,116.46
3966,98,1,2024-06-30,Purchase,22,172.83,3802.26
3967,124,3,2024-06-30,Purchase,40,170.94,6837.6
3968,115,7,2024-06-30,Sale,5,49.96,249.8
3969,49,4,2024-06-30,Purchase,4,168.41,673.64
3970,142,7,2024-06-30,Sale,44,124.16,5463.04
3971,12,2,2024-07-01,Purchase,10,6.47,64.7
3972,62,3,2024-07-01,Purchase,28,60.01,1680.28
3973,15,5,2024-07-01,Purchase,3,17.96,53.88
3974,8,3,2024-07-01,Return,30,159.78,4793.4
3975,70,3,2024-07-01,Purchase,22,137.1,3016.2
3976,78,5,2024-07-01,Sale,42,29.15,1224.3
3977,35,1,2024-07-01,Sale,25,96.77,2419.25
3978,79,5,2024-07-01,Sale,40,16.36,654.4
3979,66,3,2024-07-01,Purchase,26,27.89,725.14
3980,87,3,2024-07-01,Adjustment,12,5.86,70.32
3981,87,5,2024-07-01,Sale,39,5.86,228.54
3982,34,7,2024-07-01,Sale,41,19.01,779.41
3983,45,2,2024-07-02,Sale,35,40.34,1411.9
3984,142,4,2024-07-02,Sale,6,124.16,744.96
3985,99,3,2024-07-02,Sale,16,84.72,1355.52
3986,125,6,2024-07-02,Sale,44,79.12,3481.28
3987,113,8,2024-07-02,Purchase,44,87.29,3840.76
3988,58,4,2024-07-02,Sale,22,32.87,723.14
3989,33,5,2024-07-02,Purchase,31,198.63,6157.53
3990,88,8,2024-07-03,Purchase,12,5.58,66.96
3991,22,4,2024-07-03,Sale,8,65.09,520.72
3992,32,5,2024-07-03,Sale,23,74.1,1704.3
3993,46,1,2024-07-03,Sale,6,162.1,972.6
3994,135,3,2024-07-03,Sale,3,136.77,410.31
3995,115,8,2024-07-03,Sale,24,49.96,1199.04
3996,79,5,2024-07-03,Purchase,16,16.36,261.76
3997,33,8,2024-07-03,Sale,32,198.63,6356.16
3998,107,2,2024-07-03,Sale,48,132.35,6352.8
3999,80,2,2024-07-04,Adjustment,-17,134.56,2287.52
4000,108,3,2024-07-04,Purchase,44,110.09,4843.96
4001,86,4,2024-07-04,Purchase,28,40.76,1141.28
4002,65,8,2024-07-04,Sale,27,117.5,3172.5
4003,98,8,2024-07-04,Sale,21,172.83,3629.43
4004,130,6,2024-07-04,Purchase,44,167.32,7362.08
4005,1,6,2024-07-04,Sale,2,51.19,102.38
4006,55,3,2024-07-04,Sale,20,35.66,713.2
4007,137,3,2024-07-05,Sale,13,20.2,262.6
4008,39,1,2024-07-05,Purchase,34,104.64,3557.76
4009,129,2,2024-07-05,Purchase,41,29.58,1212.78
4010,39,4,2024-07-05,Adjustment,16,104.64,1674.24
4011,111,1,2024-07-05,Purchase,23,29.66,682.18
4012,74,1,2024-07-05,Sale,28,66.47,1861.16
4013,80,6,2024-07-05,Purchase,43,134.56,5786.08
4014,131,7,2024-07-05,Sale,15,117.64,1764.6
4015,139,6,2024-07-05,Sale,36,146.41,5270.76
4016,94,4,2024-07-06,Sale,41,99.93,4097.13
4017,118,1,2024-07-06,Sale,12,193.2,2318.4
4018,17,3,2024-07-06,Sale,16,57.13,914.08
4019,12,7,2024-07-07,Sale,13,6.47,84.11
4020,29,8,2024-07-07,Sale,15,31.95,479.25
4021,86,7,2024-07-07,Purchase,27,40.76,1100.52
4022,34,1,2024-07-08,Purchase,28,19.01,532.28
4023,94,2,2024-07-08,Purchase,29,99.93,2897.97
4024,144,5,2024-07-08,Sale,34,62.27,2117.18
4025,101,8,2024-07-08,Sale,45,193.9,8725.5
4026,72,8,2024-07-09,Sale,28,10.36,290.08
4027,133,3,2024-07-09,Purchase,48,128.15,6151.2
4028,134,3,2024-07-09,Sale,50,112.59,5629.5
4029,133,7,2024-07-09,Purchase,45,128.15,5766.75
4030,132,7,2024-07-09,Sale,48,129.29,6205.92
4031,133,3,2024-07-09,Sale,1,128.15,128.15
4032,97,2,2024-07-09,Return,4,18.58,74.32
4033,87,5,2024-07-09,Purchase,26,5.86,152.36
4034,52,7,2024-07-09,Sale,15,96.65,1449.75
4035,128,1,2024-07-10,Purchase,11,126.21,1388.31
4036,6,6,2024-07-10,Sale,14,17.37,243.18
4037,142,1,2024-07-10,Sale,30,124.16,3724.8
4038,12,1,2024-07-10,Sale,12,6.47,77.64
4039,100,3,2024-07-10,Sale,38,10.55,400.9
4040,111,1,2024-07-10,Sale,17,29.66,504.22
4041,111,4,2024-07-11,Purchase,31,29.66,919.46
4042,104,4,2024-07-11,Sale,21,70.71,1484.91
4043,111,7,2024-07-11,Purchase,32,29.66,949.12
4044,68,7,2024-07-11,Sale,27,155.66,4202.82
4045,128,4,2024-07-11,Purchase,43,126.21,5427.03
4046,130,4,2024-07-11,Sale,49,167.32,8198.68
4047,78,6,2024-07-11,Sale,8,29.15,233.2
4048,36,8,2024-07-11,Sale,39,42.63,1662.57
4049,56,2,2024-07-11,Sale,46,181.16,8333.36
4050,38,4,2024-07-11,Purchase,1,195.74,195.74
4051,41,2,2024-07-12,Sale,27,46.16,1246.32
4052,39,8,2024-07-12,Purchase,12,104.64,1255.68
4053,6,4,2024-07-12,Return,26,17.37,451.62
4054,29,5,2024-07-12,Sale,43,31.95,1373.85
4055,31,1,2024-07-12,Sale,16,31.41,502.56
4056,79,6,2024-07-12,Purchase,4,16.36,65.44
4057,33,7,2024-07-12,Purchase,6,198.63,1191.78
4058,31,8,2024-07-13,Purchase,8,31.41,251.28
4059,7,3,2024-07-13,Sale,16,69.34,1109.44
4060,112,4,2024-07-13,Adjustment,-16,4.82,77.12
4061,81,6,2024-07-14,Sale,7,188.02,1316.14
4062,99,4,2024-07-14,Purchase,30,84.72,2541.6
4063,14,7,2024-07-14,Purchase,22,27.61,607.42
4064,22,3,2024-07-14,Sale,32,65.09,2082.88
4065,77,5,2024-07-15,Sale,47,184.71,8681.37
4066,34,3,2024-07-15,Purchase,12,19.01,228.12
4067,58,6,2024-07-15,Purchase,25,32.87,821.75
4068,55,3,2024-07-15,Return,10,35.66,356.6
4069,85,7,2024-07-15,Sale,38,141.85,5390.3
4070,133,8,2024-07-15,Purchase,21,128.15,2691.15
4071,40,5,2024-07-15,Sale,2,107.45,214.9
4072,27,8,2024-07-15,Sale,1,15.33,15.33
4073,66,3,2024-07-15,Purchase,2,27.89,55.78
4074,43,3,2024-07-15,Return,8,41.58,332.64
4075,125,4,2024-07-16,Sale,26,79.12,2057.12
4076,93,2,2024-07-16,Sale,21,82.38,1729.98
4077,21,2,2024-07-16,Sale,5,30.84,154.2
4078,102,7,2024-07-16,Purchase,8,186.58,1492.64
4079,141,3,2024-07-16,Sale,39,96.84,3776.76
4080,14,7,2024-07-16,Sale,18,27.61,496.98
4081,106,3,2024-07-16,Sale,16,103.82,1661.12
4082,85,5,2024-07-17,Return,31,141.85,4397.35
4083,88,1,2024-07-17,Purchase,5,5.58,27.9
4084,139,3,2024-07-17,Return,41,146.41,6002.81
4085,35,6,2024-07-17,Sale,11,96.77,1064.47
4086,61,3,2024-07-17,Purchase,22,165.58,3642.76
4087,73,2,2024-07-17,Sale,45,7.52,338.4
4088,79,6,2024-07-17,Sale,45,16.36,736.2
4089,99,7,2024-07-17,Purchase,47,84.72,3981.84
4090,119,7,2024-07-17,Return,31,2.21,68.51
4091,96,2,2024-07-17,Purchase,36,55.25,1989.0
4092,100,4,2024-07-17,Sale,38,10.55,400.9
4093,2,1,2024-07-17,Purchase,34,18.21,619.14
4094,44,7,2024-07-17,Sale,44,197.94,8709.36
4095,77,6,2024-07-18,Sale,21,184.71,3878.91
4096,2,2,2024-07-18,Return,16,18.21,291.36
4097,102,4,2024-07-18,Sale,2,186.58,373.16
4098,136,3,2024-07-18,Purchase,3,159.94,479.82
4099,136,6,2024-07-18,Sale,46,159.94,7357.24
4100,24,5,2024-07-18,Sale,29,92.42,2680.18
4101,39,5,2024-07-18,Sale,24,104.64,2511.36
4102,27,7,2024-07-18,Purchase,1,15.33,15.33
4103,106,5,2024-07-18,Purchase,27,103.82,2803.14
4104,79,7,2024-07-18,Sale,33,16.36,539.88
4105,136,2,2024-07-18,Purchase,21,159.94,3358.74
4106,76,2,2024-07-18,Sale,32,102.53,3280.96
4107,2,4,2024-07-18,Return,10,18.21,182.1
4108,66,4,2024-07-18,Return,10,27.89,278.9
4109,131,6,2024-07-19,Sale,21,117.64,2470.44
4110,60,1,2024-07-19,Purchase,41,150.4,6166.4
4111,62,3,2024-07-19,Sale,10,60.01,600.1
4112,127,4,2024-07-19,Purchase,32,10.67,341.44
4113,55,8,2024-07-19,Purchase,35,35.66,1248.1
4114,109,4,2024-07-19,Return,45,62.94,2832.3
4115,37,4,2024-07-19,Sale,38,109.55,4162.9
4116,100,4,2024-07-19,Sale,7,10.55,73.85
4117,124,1,2024-07-19,Sale,18,170.94,3076.92
4118,59,3,2024-07-19,Sale,11,160.27,1762.97
4119,51,1,2024-07-19,Purchase,47,182.14,8560.58
4120,121,2,2024-07-19,Sale,37,19.99,739.63
4121,96,8,2024-07-19,Purchase,39,55.25,2154.75
4122,61,6,2024-07-19,Return,25,165.58,4139.5
4123,128,8,2024-07-20,Sale,10,126.21,1262.1
4124,14,3,2024-07-20,Purchase,47,27.61,1297.67
4125,86,3,2024-07-20,Return,20,40.76,815.2
4126,138,4,2024-07-21,Purchase,19,51.93,986.67
4127,47,8,2024-07-21,Sale,28,17.95,502.6
4128,60,1,2024-07-21,Sale,17,150.4,2556.8
4129,16,5,2024-07-21,Sale,31,176.91,5484.21
4130,137,1,2024-07-22,Purchase,50,20.2,1010.0
4131,102,2,2024-07-22,Purchase,19,186.58,3545.02
4132,108,4,2024-07-22,Return,25,110.09,2752.25
4133,57,7,2024-07-22,Purchase,32,165.65,5300.8
4134,14,1,2024-07-23,Return,43,27.61,1187.23
4135,23,6,2024-07-23,Purchase,41,190.14,7795.74
4136,45,5,2024-07-23,Purchase,18,40.34,726.12
4137,115,1,2024-07-23,Purchase,7,49.96,349.72
4138,52,6,2024-07-23,Sale,38,96.65,3672.7
4139,39,4,2024-07-23,Sale,29,104.64,3034.56
4140,28,2,2024-07-23,Sale,49,69.33,3397.17
4141,3,7,2024-07-24,Sale,19,146.43,2782.17
4142,50,1,2024-07-24,Return,41,160.33,6573.53
4143,132,8,2024-07-24,Return,21,129.29,2715.09
4144,77,5,2024-07-24,Sale,28,184.71,5171.88
4145,89,3,2024-07-24,Adjustment,-14,103.43,1448.02
4146,65,6,2024-07-24,Purchase,34,117.5,3995.0
4147,2,3,2024-07-24,Return,27,18.21,491.67
4148,83,7,2024-07-24,Purchase,4,149.84,599.36
4149,83,3,2024-07-24,Return,41,149.84,6143.44
4150,11,5,2024-07-24,Purchase,30,58.35,1750.5
4151,31,2,2024-07-25,Sale,30,31.41,942.3
4152,105,7,2024-07-25,Purchase,32,5.04,161.28
4153,76,3,2024-07-25,Sale,34,102.53,3486.02
4154,122,1,2024-07-25,Sale,21,118.19,2481.99
4155,90,7,2024-07-25,Purchase,32,194.4,6220.8
4156,61,2,2024-07-25,Return,29,165.58,4801.82
4157,27,5,2024-07-25,Sale,17,15.33,260.61
4158,61,7,2024-07-25,Sale,6,165.58,993.48
4159,95,4,2024-07-25,Return,50,160.32,8016.0
4160,47,7,2024-07-25,Purchase,18,17.95,323.1
4161,76,6,2024-07-25,Sale,3,102.53,307.59
4162,111,1,2024-07-26,Sale,36,29.66,1067.76
4163,18,4,2024-07-26,Return,43,177.07,7614.01
4164,28,5,2024-07-26,Sale,13,69.33,901.29
4165,59,6,2024-07-26,Sale,49,160.27,7853.23
4166,41,1,2024-07-26,Sale,14,46.16,646.24
4167,35,6,2024-07-26,Adjustment,8,96.77,774.16
4168,132,6,2024-07-26,Purchase,46,129.29,5947.34
4169,133,1,2024-07-26,Purchase,46,128.15,5894.9
4170,50,6,2024-07-26,Purchase,6,160.33,961.98
4171,54,7,2024-07-26,Return,49,93.71,4591.79
4172,30,6,2024-07-26,Sale,16,7.05,112.8
4173,65,1,2024-07-26,Sale,44,117.5,5170.0
4174,18,1,2024-07-26,Purchase,34,177.07,6020.38
4175,115,3,2024-07-27,Sale,13,49.96,649.48
4176,32,8,2024-07-28,Sale,22,74.1,1630.2
4177,83,3,2024-07-28,Purchase,12,149.84,1798.08
4178,126,6,2024-07-28,Purchase,3,31.59,94.77
4179,4,7,2024-07-29,Sale,36,25.38,913.68
4180,16,5,2024-07-29,Adjustment,6,176.91,1061.46
4181,15,2,2024-07-29,Sale,45,17.96,808.2
4182,132,1,2024-07-29,Sale,8,129.29,1034.32
4183,55,3,2024-07-29,Sale,10,35.66,356.6
4184,104,4,2024-07-29,Purchase,49,70.71,3464.79
4185,105,2,2024-07-29,Sale,35,5.04,176.4
4186,61,4,2024-07-29,Sale,46,165.58,7616.68
4187,51,4,2024-07-29,Sale,38,182.14,6921.32
4188,100,2,2024-07-29,Sale,36,10.55,379.8
4189,3,3,2024-07-30,Sale,11,146.43,1610.73
4190,40,6,2024-07-30,Sale,24,107.45,2578.8
4191,112,5,2024-07-30,Sale,15,4.82,72.3
4192,82,6,2024-07-30,Purchase,24,52.12,1250.88
4193,13,7,2024-07-30,Purchase,45,25.18,1133.1
4194,96,2,2024-07-30,Purchase,39,55.25,2154.75
4195,93,5,2024-07-30,Adjustment,14,82.38,1153.32
4196,45,8,2024-07-30,Purchase,13,40.34,524.42
4197,62,3,2024-07-30,Sale,8,60.01,480.08
4198,69,6,2024-07-30,Purchase,43,124.58,5356.94
4199,123,3,2024-07-30,Sale,17,126.67,2153.39
4200,2,3,2024-07-30,Return,38,18.21,691.98
4201,36,5,2024-07-30,Sale,38,42.63,1619.94
4202,85,6,2024-07-30,Return,40,141.85,5674.0
4203,130,8,2024-07-31,Sale,4,167.32,669.28
4204,46,6,2024-07-31,Purchase,35,162.1,5673.5
4205,16,3,2024-07-31,Sale,13,176.91,2299.83
4206,43,7,2024-07-31,Purchase,50,41.58,2079.0
4207,83,2,2024-07-31,Purchase,32,149.84,4794.88
4208,127,5,2024-08-01,Purchase,34,10.67,362.78
4209,82,8,2024-08-01,Sale,43,52.12,2241.16
4210,9,6,2024-08-01,Sale,45,95.87,4314.15
4211,76,4,2024-08-01,Sale,20,102.53,2050.6
4212,120,8,2024-08-01,Sale,27,101.55,2741.85
4213,2,3,2024-08-01,Sale,30,18.21,546.3
4214,73,6,2024-08-01,Sale,19,7.52,142.88
4215,110,2,2024-08-01,Purchase,29,41.33,1198.57
4216,7,4,2024-08-01,Purchase,31,69.34,2149.54
4217,122,3,2024-08-02,Sale,47,118.19,5554.93
4218,58,5,2024-08-02,Purchase,3,32.87,98.61
4219,86,5,2024-08-02,Return,40,40.76,1630.4
4220,130,6,2024-08-02,Sale,28,167.32,4684.96
4221,46,1,2024-08-02,Sale,35,162.1,5673.5
4222,78,8,2024-08-02,Purchase,6,29.15,174.9
4223,3,2,2024-08-02,Sale,14,146.43,2050.02
4224,135,7,2024-08-02,Sale,31,136.77,4239.87
4225,60,4,2024-08-03,Sale,44,150.4,6617.6
4226,12,1,2024-08-03,Purchase,1,6.47,6.47
4227,17,1,2024-08-03,Sale,29,57.13,1656.77
4228,78,2,2024-08-04,Sale,12,29.15,349.8
4229,119,3,2024-08-04,Adjustment,-10,2.21,22.1
4230,80,3,2024-08-04,Purchase,15,134.56,2018.4
4231,84,1,2024-08-04,Purchase,2,34.23,68.46
4232,120,1,2024-08-04,Sale,2,101.55,203.1
4233,69,8,2024-08-05,Sale,19,124.58,2367.02
4234,24,4,2024-08-05,Sale,8,92.42,739.36
4235,33,8,2024-08-05,Sale,43,198.63,8541.09
4236,133,4,2024-08-05,Sale,50,128.15,6407.5
4237,27,2,2024-08-05,Purchase,12,15.33,183.96
4238,118,1,2024-08-05,Sale,34,193.2,6568.8
4239,96,8,2024-08-05,Sale,5,55.25,276.25
4240,68,4,2024-08-05,Purchase,31,155.66,4825.46
4241,71,5,2024-08-06,Purchase,45,176.88,7959.6
4242,20,5,2024-08-06,Sale,8,166.56,1332.48
4243,130,5,2024-08-06,Purchase,48,167.32,8031.36
4244,138,8,2024-08-06,Adjustment,14,51.93,727.02
4245,92,7,2024-08-06,Sale,3,164.32,492.96
4246,106,5,2024-08-06,Purchase,49,103.82,5087.18
4247,86,3,2024-08-06,Sale,5,40.76,203.8
4248,9,6,2024-08-06,Sale,49,95.87,4697.63
4249,92,3,2024-08-06,Purchase,12,164.32,1971.84
4250,137,4,2024-08-06,Purchase,41,20.2,828.2
4251,136,1,2024-08-06,Sale,12,159.94,1919.28
4252,71,3,2024-08-06,Purchase,27,176.88,4775.76
4253,4,6,2024-08-06,Purchase,44,25.38,1116.72
4254,105,7,2024-08-07,Sale,21,5.04,105.84
4255,102,2,2024-08-07,Sale,44,186.58,8209.52
4256,113,2,2024-08-07,Adjustment,15,87.29,1309.35
4257,62,7,2024-08-07,Sale,44,60.01,2640.44
4258,56,8,2024-08-08,Sale,24,181.16,4347.84
4259,68,1,2024-08-08,Purchase,13,155.66,2023.58
4260,77,1,2024-08-08,Sale,9,184.71,1662.39
4261,71,6,2024-08-08,Adjustment,-15,176.88,2653.2
4262,50,1,2024-08-08,Sale,15,160.33,2404.95
4263,22,6,2024-08-08,Adjustment,7,65.09,455.63
4264,39,2,2024-08-08,Return,39,104.64,4080.96
4265,9,7,2024-08-08,Purchase,21,95.87,2013.27
4266,37,8,2024-08-08,Sale,44,109.55,4820.2
4267,68,4,2024-08-08,Sale,19,155.66,2957.54
4268,60,6,2024-08-08,Adjustment,-16,150.4,2406.4
4269,137,3,2024-08-08,Purchase,22,20.2,444.4
4270,64,7,2024-08-08,Sale,23,182.18,4190.14
4271,94,7,2024-08-09,Purchase,50,99.93,4996.5
4272,78,7,2024-08-09,Purchase,14,29.15,408.1
4273,98,5,2024-08-09,Purchase,44,172.83,7604.52
4274,28,8,2024-08-09,Sale,14,69.33,970.62
4275,74,4,2024-08-09,Sale,25,66.47,1661.75
4276,135,6,2024-08-09,Purchase,38,136.77,5197.26
4277,93,2,2024-08-09,Sale,13,82.38,1070.94
4278,123,5,2024-08-10,Purchase,50,126.67,6333.5
4279,60,1,2024-08-10,Purchase,14,150.4,2105.6
4280,100,6,2024-08-10,Sale,20,10.55,211.0
4281,38,5,2024-08-10,Adjustment,2,195.74,391.48
4282,82,3,2024-08-10,Purchase,40,52.12,2084.8
4283,93,7,2024-08-11,Sale,26,82.38,2141.88
4284,56,7,2024-08-12,Purchase,47,181.16,8514.52
4285,47,6,2024-08-12,Purchase,22,17.95,394.9
4286,125,3,2024-08-12,Sale,36,79.12,2848.32
4287,103,2,2024-08-12,Purchase,3,59.41,178.23
4288,9,6,2024-08-12,Return,41,95.87,3930.67
4289,130,6,2024-08-12,Return,23,167.32,3848.36
4290,15,4,2024-08-12,Sale,2,17.96,35.92
4291,120,2,2024-08-12,Adjustment,-6,101.55,609.3
4292,17,2,2024-08-12,Purchase,49,57.13,2799.37
4293,135,5,2024-08-12,Purchase,42,136.77,5744.34
4294,86,6,2024-08-12,Sale,38,40.76,1548.88
4295,61,5,2024-08-13,Return,50,165.58,8279.0
4296,99,2,2024-08-13,Sale,42,84.72,3558.24
4297,67,2,2024-08-13,Purchase,18,174.82,3146.76
4298,86,7,2024-08-13,Sale,32,40.76,1304.32
4299,68,5,2024-08-13,Sale,27,155.66,4202.82
4300,15,2,2024-08-13,Sale,9,17.96,161.64
4301,49,6,2024-08-13,Adjustment,11,168.41,1852.51
4302,88,3,2024-08-14,Purchase,44,5.58,245.52
4303,60,6,2024-08-14,Purchase,44,150.4,6617.6
4304,70,4,2024-08-14,Purchase,3,137.1,411.3
4305,11,1,2024-08-14,Sale,32,58.35,1867.2
4306,110,4,2024-08-14,Sale,35,41.33,1446.55
4307,42,6,2024-08-14,Purchase,43,161.6,6948.8
4308,17,4,2024-08-14,Sale,43,57.13,2456.59
4309,35,2,2024-08-14,Sale,20,96.77,1935.4
4310,88,5,2024-08-14,Return,26,5.58,145.08
4311,73,7,2024-08-14,Purchase,34,7.52,255.68
4312,33,3,2024-08-14,Return,5,198.63,993.15
4313,6,8,2024-08-14,Sale,50,17.37,868.5
4314,118,6,2024-08-14,Purchase,32,193.2,6182.4
4315,95,4,2024-08-14,Return,3,160.32,480.96
4316,57,7,2024-08-15,Return,10,165.65,1656.5
4317,31,8,2024-08-15,Adjustment,1,31.41,31.41
4318,128,1,2024-08-15,Sale,28,126.21,3533.88
4319,142,4,2024-08-15,Purchase,25,124.16,3104.0
4320,105,4,2024-08-15,Return,8,5.04,40.32
4321,81,3,2024-08-15,Purchase,32,188.02,6016.64
4322,43,2,2024-08-15,Sale,47,41.58,1954.26
4323,15,3,2024-08-15,Sale,19,17.96,341.24
4324,124,2,2024-08-15,Sale,22,170.94,3760.68
4325,25,8,2024-08-15,Sale,19,159.98,3039.62
4326,137,5,2024-08-15,Sale,24,20.2,484.8
4327,75,3,2024-08-15,Purchase,47,139.16,6540.52
4328,105,1,2024-08-16,Sale,17,5.04,85.68
4329,20,6,2024-08-16,Sale,49,166.56,8161.44
4330,111,1,2024-08-16,Sale,34,29.66,1008.44
4331,13,3,2024-08-16,Sale,26,25.18,654.68
4332,139,7,2024-08-16,Purchase,32,146.41,4685.12
4333,107,3,2024-08-16,Sale,3,132.35,397.05
4334,82,2,2024-08-16,Return,44,52.12,2293.28
4335,97,1,2024-08-16,Purchase,19,18.58,353.02
4336,62,1,2024-08-16,Sale,16,60.01,960.16
4337,44,8,2024-08-16,Purchase,18,197.94,3562.92
4338,5,6,2024-08-16,Purchase,1,32.09,32.09
4339,49,7,2024-08-16,Sale,25,168.41,4210.25
4340,67,1,2024-08-17,Sale,12,174.82,2097.84
4341,116,1,2024-08-18,Sale,6,33.19,199.14
4342,89,1,2024-08-18,Return,6,103.43,620.58
4343,80,5,2024-08-18,Sale,40,134.56,5382.4
4344,49,2,2024-08-18,Sale,31,168.41,5220.71
4345,114,6,2024-08-19,Sale,35,174.37,6102.95
4346,7,4,2024-08-19,Sale,31,69.34,2149.54
4347,10,8,2024-08-19,Adjustment,-20,63.3,1266.0
4348,11,1,2024-08-19,Adjustment,-4,58.35,233.4
4349,67,4,2024-08-19,Sale,49,174.82,8566.18
4350,143,1,2024-08-19,Purchase,6,31.19,187.14
4351,47,4,2024-08-19,Adjustment,-14,17.95,251.3
4352,43,2,2024-08-19,Purchase,30,41.58,1247.4
4353,133,6,2024-08-19,Sale,6,128.15,768.9
4354,8,7,2024-08-19,Purchase,2,159.78,319.56
4355,85,8,2024-08-19,Sale,36,141.85,5106.6
4356,133,7,2024-08-19,Sale,31,128.15,3972.65
4357,101,2,2024-08-19,Sale,49,193.9,9501.1
4358,76,1,2024-08-19,Sale,36,102.53,3691.08
4359,140,3,2024-08-20,Sale,21,195.2,4099.2
4360,25,3,2024-08-20,Purchase,13,159.98,2079.74
4361,107,7,2024-08-20,Purchase,48,132.35,6352.8
4362,118,5,2024-08-20,Sale,5,193.2,966.0
4363,13,1,2024-08-20,Adjustment,-12,25.18,302.16
4364,58,4,2024-08-21,Sale,13,32.87,427.31
4365,56,6,2024-08-21,Sale,48,181.16,8695.68
4366,61,3,2024-08-21,Sale,48,165.58,7947.84
4367,50,3,2024-08-21,Sale,48,160.33,7695.84
4368,142,2,2024-08-21,Return,11,124.16,1365.76
4369,33,3,2024-08-21,Purchase,6,198.63,1191.78
4370,130,3,2024-08-22,Sale,40,167.32,6692.8
4371,82,4,2024-08-22,Sale,47,52.12,2449.64
4372,51,5,2024-08-22,Return,48,182.14,8742.72
4373,52,1,2024-08-22,Sale,48,96.65,4639.2
4374,91,4,2024-08-22,Sale,30,9.84,295.2
4375,58,8,2024-08-23,Purchase,33,32.87,1084.71
4376,108,3,2024-08-23,Sale,34,110.09,3743.06
4377,54,6,2024-08-23,Sale,14,93.71,1311.94
4378,104,2,2024-08-23,Purchase,20,70.71,1414.2
4379,124,6,2024-08-23,Adjustment,2,170.94,341.88
4380,138,1,2024-08-23,Sale,17,51.93,882.81
4381,64,6,2024-08-23,Sale,6,182.18,1093.08
4382,61,4,2024-08-23,Purchase,19,165.58,3146.02
4383,81,4,2024-08-23,Purchase,9,188.02,1692.18
4384,80,2,2024-08-23,Purchase,36,134.56,4844.16
4385,30,8,2024-08-23,Sale,34,7.05,239.7
4386,21,7,2024-08-23,Purchase,11,30.84,339.24
4387,141,7,2024-08-23,Return,21,96.84,2033.64
4388,60,6,2024-08-24,Sale,35,150.4,5264.0
4389,69,6,2024-08-25,Return,45,124.58,5606.1
4390,47,3,2024-08-25,Sale,21,17.95,376.95
4391,72,5,2024-08-25,Sale,20,10.36,207.2
4392,118,5,2024-08-25,Sale,42,193.2,8114.4
4393,55,1,2024-08-25,Sale,50,35.66,1783.0
4394,72,2,2024-08-26,Purchase,30,10.36,310.8
4395,75,1,2024-08-26,Purchase,31,139.16,4313.96
4396,105,5,2024-08-26,Sale,23,5.04,115.92
4397,62,2,2024-08-26,Sale,49,60.01,2940.49
4398,77,4,2024-08-26,Sale,39,184.71,7203.69
4399,108,3,2024-08-26,Sale,15,110.09,1651.35
4400,90,1,2024-08-26,Purchase,12,194.4,2332.8
4401,136,4,2024-08-27,Adjustment,-17,159.94,2718.98
4402,12,7,2024-08-27,Sale,25,6.47,161.75
4403,138,5,2024-08-27,Adjustment,2,51.93,103.86
4404,32,2,2024-08-27,Sale,2,74.1,148.2
4405,99,4,2024-08-27,Sale,36,84.72,3049.92
4406,43,8,2024-08-27,Sale,50,41.58,2079.0
4407,125,7,2024-08-27,Adjustment,-14,79.12,1107.68
4408,110,6,2024-08-27,Purchase,23,41.33,950.59
4409,45,1,2024-08-27,Purchase,24,40.34,968.16
4410,9,8,2024-08-27,Purchase,6,95.87,575.22
4411,8,4,2024-08-27,Sale,11,159.78,1757.58
4412,5,7,2024-08-27,Purchase,13,32.09,417.17
4413,88,8,2024-08-28,Sale,21,5.58,117.18
4414,81,2,2024-08-28,Purchase,39,188.02,7332.78
4415,69,3,2024-08-28,Sale,11,124.58,1370.38
4416,105,3,2024-08-28,Return,18,5.04,90.72
4417,48,1,2024-08-28,Purchase,38,68.87,2617.06
4418,58,4,2024-08-28,Sale,8,32.87,262.96
4419,55,5,2024-08-28,Sale,34,35.66,1212.44
4420,140,5,2024-08-28,Purchase,38,195.2,7417.6
4421,46,5,2024-08-28,Sale,8,162.1,1296.8
4422,117,3,2024-08-28,Sale,23,192.43,4425.89
4423,127,8,2024-08-28,Return,43,10.67,458.81
4424,113,1,2024-08-28,Purchase,23,87.29,2007.67
4425,18,8,2024-08-28,Sale,25,177.07,4426.75
4426,108,1,2024-08-28,Purchase,19,110.09,2091.71
4427,109,5,2024-08-29,Purchase,5,62.94,314.7
4428,13,2,2024-08-29,Sale,43,25.18,1082.74
4429,56,7,2024-08-29,Return,39,181.16,7065.24
4430,78,1,2024-08-29,Purchase,9,29.15,262.35
4431,140,6,2024-08-29,Sale,48,195.2,9369.6
4432,103,5,2024-08-29,Sale,30,59.41,1782.3
4433,139,3,2024-08-29,Sale,16,146.41,2342.56
4434,101,6,2024-08-30,Adjustment,9,193.9,1745.1
4435,89,2,2024-08-30,Return,26,103.43,2689.18
4436,46,8,2024-08-30,Sale,26,162.1,4214.6
4437,35,7,2024-08-30,Sale,15,96.77,1451.55
4438,68,4,2024-08-31,Sale,45,155.66,7004.7
4439,55,5,2024-09-01,Sale,41,35.66,1462.06
4440,110,6,2024-09-01,Purchase,36,41.33,1487.88
4441,95,8,2024-09-02,Sale,32,160.32,5130.24
4442,25,6,2024-09-02,Purchase,49,159.98,7839.02
4443,68,6,2024-09-02,Sale,29,155.66,4514.14
4444,43,3,2024-09-02,Sale,35,41.58,1455.3
4445,82,5,2024-09-03,Sale,20,52.12,1042.4
4446,92,6,2024-09-03,Purchase,13,164.32,2136.16
4447,72,7,2024-09-03,Sale,15,10.36,155.4
4448,95,6,2024-09-03,Purchase,19,160.32,3046.08
4449,79,2,2024-09-04,Sale,46,16.36,752.56
4450,97,3,2024-09-04,Sale,15,18.58,278.7
4451,48,2,2024-09-04,Purchase,37,68.87,2548.19
4452,20,1,2024-09-04,Purchase,19,166.56,3164.64
4453,139,1,2024-09-04,Sale,34,146.41,4977.94
4454,65,2,2024-09-04,Sale,49,117.5,5757.5
4455,133,3,2024-09-04,Purchase,6,128.15,768.9
4456,89,8,2024-09-04,Purchase,12,103.43,1241.16
4457,56,6,2024-09-04,Purchase,34,181.16,6159.44
4458,93,3,2024-09-04,Purchase,42,82.38,3459.96
4459,123,4,2024-09-05,Purchase,45,126.67,5700.15
4460,57,5,2024-09-05,Sale,19,165.65,3147.35
4461,82,8,2024-09-05,Sale,34,52.12,1772.08
4462,109,7,2024-09-05,Sale,36,62.94,2265.84
4463,114,5,2024-09-05,Sale,9,174.37,1569.33
4464,38,2,2024-09-05,Sale,23,195.74,4502.02
4465,98,6,2024-09-05,Sale,42,172.83,7258.86
4466,33,1,2024-09-06,Sale,48,198.63,9534.24
4467,38,3,2024-09-06,Purchase,13,195.74,2544.62
4468,17,3,2024-09-06,Return,8,57.13,457.04
4469,44,5,2024-09-06,Sale,18,197.94,3562.92
4470,50,6,2024-09-06,Purchase,33,160.33,5290.89
4471,104,3,2024-09-06,Adjustment,-8,70.71,565.68
4472,97,4,2024-09-06,Sale,26,18.58,483.08
4473,124,8,2024-09-06,Purchase,50,170.94,8547.0
4474,68,8,2024-09-07,Sale,20,155.66,3113.2
4475,106,5,2024-09-07,Return,8,103.82,830.56
4476,30,7,2024-09-08,Sale,37,7.05,260.85
4477,79,6,2024-09-08,Adjustment,16,16.36,261.76
4478,100,2,2024-09-08,Sale,11,10.55,116.05
4479,36,4,2024-09-08,Purchase,35,42.63,1492.05
4480,10,8,2024-09-08,Sale,16,63.3,1012.8
4481,43,2,2024-09-09,Sale,9,41.58,374.22
4482,133,4,2024-09-09,Purchase,49,128.15,6279.35
4483,60,5,2024-09-09,Return,11,150.4,1654.4
4484,7,6,2024-09-09,Sale,47,69.34,3258.98
4485,73,1,2024-09-09,Purchase,36,7.52,270.72
4486,75,1,2024-09-09,Sale,34,139.16,4731.44
4487,101,8,2024-09-09,Purchase,31,193.9,6010.9
4488,87,2,2024-09-09,Sale,34,5.86,199.24
4489,54,2,2024-09-09,Purchase,11,93.71,1030.81
4490,50,4,2024-09-09,Return,43,160.33,6894.19
4491,80,8,2024-09-10,Purchase,17,134.56,2287.52
4492,101,8,2024-09-10,Sale,24,193.9,4653.6
4493,9,1,2024-09-10,Purchase,26,95.87,2492.62
4494,74,5,2024-09-10,Sale,31,66.47,2060.57
4495,67,7,2024-09-10,Purchase,26,174.82,4545.32
4496,93,4,2024-09-11,Purchase,9,82.38,741.42
4497,57,7,2024-09-11,Purchase,14,165.65,2319.1
4498,72,4,2024-09-11,Sale,37,10.36,383.32
4499,50,7,2024-09-11,Sale,35,160.33,5611.55
4500,73,2,2024-09-11,Sale,15,7.52,112.8
4501,33,1,2024-09-11,Purchase,15,198.63,2979.45
4502,12,2,2024-09-11,Sale,3,6.47,19.41
4503,93,5,2024-09-11,Purchase,45,82.38,3707.1
4504,116,7,2024-09-11,Purchase,44,33.19,1460.36
4505,133,4,2024-09-11,Sale,3,128.15,384.45
4506,124,1,2024-09-11,Purchase,49,170.94,8376.06
4507,73,2,2024-09-11,Adjustment,17,7.52,127.84
4508,99,2,2024-09-11,Purchase,30,84.72,2541.6
4509,142,2,2024-09-11,Sale,34,124.16,4221.44
4510,51,5,2024-09-12,Purchase,23,182.14,4189.22
4511,4,6,2024-09-12,Sale,47,25.38,1192.86
4512,79,7,2024-09-12,Purchase,31,16.36,507.16
4513,72,3,2024-09-12,Purchase,1,10.36,10.36
4514,114,2,2024-09-12,Purchase,41,174.37,7149.17
4515,46,4,2024-09-12,Sale,7,162.1,1134.7
4516,27,8,2024-09-12,Purchase,20,15.33,306.6
4517,4,4,2024-09-12,Purchase,34,25.38,862.92
4518,84,1,2024-09-13,Sale,14,34.23,479.22
4519,136,1,2024-09-13,Sale,16,159.94,2559.04
4520,136,5,2024-09-13,Adjustment,2,159.94,319.88
4521,39,6,2024-09-13,Purchase,15,104.64,1569.6
4522,71,1,2024-09-13,Purchase,17,176.88,3006.96
4523,136,6,2024-09-13,Sale,50,159.94,7997.0
4524,89,5,2024-09-13,Sale,27,103.43,2792.61
4525,49,6,2024-09-13,Purchase,35,168.41,5894.35
4526,73,3,2024-09-13,Return,10,7.52,75.2
4527,44,1,2024-09-13,Sale,23,197.94,4552.62
4528,117,4,2024-09-13,Sale,11,192.43,2116.73
4529,100,2,2024-09-13,Purchase,29,10.55,305.95
4530,56,1,2024-09-13,Purchase,29,181.16,5253.64
4531,87,8,2024-09-13,Return,20,5.86,117.2
4532,78,7,2024-09-14,Adjustment,-6,29.15,174.9
4533,104,4,2024-09-14,Purchase,12,70.71,848.52
4534,133,6,2024-09-14,Return,46,128.15,5894.9
4535,86,8,2024-09-15,Sale,27,40.76,1100.52
4536,93,2,2024-09-15,Return,39,82.38,3212.82
4537,106,4,2024-09-16,Sale,35,103.82,3633.7
4538,100,5,2024-09-16,Sale,36,10.55,379.8
4539,45,2,2024-09-16,Sale,21,40.34,847.14
4540,15,1,2024-09-16,Purchase,3,17.96,53.88
4541,104,4,2024-09-17,Purchase,47,70.71,3323.37
4542,46,3,2024-09-17,Return,50,162.1,8105.0
4543,49,1,2024-09-17,Sale,14,168.41,2357.74
4544,78,2,2024-09-17,Sale,23,29.15,670.45
4545,128,3,2024-09-18,Sale,45,126.21,5679.45
4546,51,4,2024-09-18,Sale,3,182.14,546.42
4547,135,8,2024-09-18,Purchase,48,136.77,6564.96
4548,114,8,2024-09-18,Sale,35,174.37,6102.95
4549,95,3,2024-09-18,Purchase,28,160.32,4488.96
4550,116,7,2024-09-18,Sale,12,33.19,398.28
4551,11,8,2024-09-18,Purchase,12,58.35,700.2
4552,91,6,2024-09-18,Sale,47,9.84,462.48
4553,134,6,2024-09-18,Purchase,25,112.59,2814.75
4554,27,7,2024-09-18,Purchase,43,15.33,659.19
4555,67,8,2024-09-18,Return,7,174.82,1223.74
4556,30,5,2024-09-18,Sale,24,7.05,169.2
4557,8,7,2024-09-18,Sale,35,159.78,5592.3
4558,7,1,2024-09-19,Sale,7,69.34,485.38
4559,78,8,2024-09-19,Sale,12,29.15,349.8
4560,119,6,2024-09-19,Sale,31,2.21,68.51
4561,106,8,2024-09-19,Purchase,35,103.82,3633.7
4562,35,4,2024-09-19,Purchase,40,96.77,3870.8
4563,116,1,2024-09-19,Sale,43,33.19,1427.17
4564,127,8,2024-09-19,Sale,41,10.67,437.47
4565,3,7,2024-09-19,Return,33,146.43,4832.19
4566,41,4,2024-09-19,Sale,26,46.16,1200.16
4567,45,3,2024-09-20,Sale,21,40.34,847.14
4568,14,1,2024-09-20,Return,30,27.61,828.3
4569,105,1,2024-09-20,Sale,1,5.04,5.04
4570,72,7,2024-09-20,Purchase,22,10.36,227.92
4571,16,3,2024-09-20,Purchase,40,176.91,7076.4
4572,138,2,2024-09-20,Sale,31,51.93,1609.83
4573,114,4,2024-09-20,Sale,6,174.37,1046.22
4574,61,1,2024-09-20,Purchase,39,165.58,6457.62
4575,29,5,2024-09-20,Return,42,31.95,1341.9
4576,31,5,2024-09-20,Purchase,47,31.41,1476.27
4577,103,5,2024-09-20,Return,46,59.41,2732.86
4578,137,1,2024-09-21,Return,21,20.2,424.2
4579,123,5,2024-09-21,Sale,3,126.67,380.01
4580,138,1,2024-09-22,Adjustment,14,51.93,727.02
4581,112,2,2024-09-23,Return,47,4.82,226.54
4582,46,5,2024-09-23,Sale,25,162.1,4052.5
4583,6,8,2024-09-23,Sale,8,17.37,138.96
4584,1,5,2024-09-23,Sale,35,51.19,1791.65
4585,48,4,2024-09-23,Purchase,20,68.87,1377.4
4586,103,5,2024-09-24,Purchase,14,59.41,831.74
4587,12,7,2024-09-24,Purchase,3,6.47,19.41
4588,95,1,2024-09-24,Sale,43,160.32,6893.76
4589,58,8,2024-09-24,Sale,15,32.87,493.05
4590,117,7,2024-09-24,Sale,8,192.43,1539.44
4591,130,2,2024-09-24,Sale,41,167.32,6860.12
4592,20,3,2024-09-24,Sale,7,166.56,1165.92
4593,6,8,2024-09-24,Purchase,33,17.37,573.21
4594,142,3,2024-09-25,Sale,25,124.16,3104.0
4595,113,2,2024-09-25,Return,44,87.29,3840.76
4596,74,4,2024-09-25,Sale,19,66.47,1262.93
4597,7,2,2024-09-25,Return,26,69.34,1802.84
4598,94,5,2024-09-25,Return,24,99.93,2398.32
4599,131,5,2024-09-25,Sale,9,117.64,1058.76
4600,53,7,2024-09-25,Sale,12,67.84,814.08
4601,138,7,2024-09-26,Sale,10,51.93,519.3
4602,36,6,2024-09-26,Adjustment,-16,42.63,682.08
4603,70,2,2024-09-26,Return,25,137.1,3427.5
4604,141,7,2024-09-26,Sale,18,96.84,1743.12
4605,113,7,2024-09-26,Sale,39,87.29,3404.31
4606,42,2,2024-09-26,Sale,41,161.6,6625.6
4607,139,6,2024-09-26,Purchase,33,146.41,4831.53
4608,15,6,2024-09-26,Sale,3,17.96,53.88
4609,143,2,2024-09-26,Purchase,3,31.19,93.57
4610,36,6,2024-09-26,Sale,36,42.63,1534.68
4611,112,5,2024-09-26,Purchase,35,4.82,168.7
4612,131,2,2024-09-26,Sale,45,117.64,5293.8
4613,2,1,2024-09-26,Sale,40,18.21,728.4
4614,26,3,2024-09-27,Sale,34,22.5,765.0
4615,52,4,2024-09-27,Purchase,21,96.65,2029.65
4616,111,3,2024-09-27,Sale,20,29.66,593.2
4617,94,6,2024-09-27,Sale,3,99.93,299.79
4618,86,7,2024-09-27,Purchase,28,40.76,1141.28
4619,86,1,2024-09-27,Return,16,40.76,652.16
4620,132,6,2024-09-27,Sale,45,129.29,5818.05
4621,79,5,2024-09-27,Return,13,16.36,212.68
4622,99,3,2024-09-27,Sale,27,84.72,2287.44
4623,129,3,2024-09-27,Return,32,29.58,946.56
4624,15,8,2024-09-27,Sale,46,17.96,826.16
4625,105,4,2024-09-27,Adjustment,17,5.04,85.68
4626,38,2,2024-09-28,Sale,32,195.74,6263.68
4627,47,6,2024-09-28,Sale,28,17.95,502.6
4628,29,8,2024-09-28,Sale,35,31.95,1118.25
4629,85,7,2024-09-28,Sale,26,141.85,3688.1
4630,109,6,2024-09-29,Sale,38,62.94,2391.72
4631,96,6,2024-09-29,Sale,47,55.25,2596.75
4632,125,1,2024-09-29,Purchase,29,79.12,2294.48
4633,27,3,2024-09-29,Sale,11,15.33,168.63
4634,71,7,2024-09-30,Purchase,45,176.88,7959.6
4635,38,8,2024-09-30,Purchase,35,195.74,6850.9
4636,93,4,2024-09-30,Sale,46,82.38,3789.48
4637,89,1,2024-09-30,Purchase,37,103.43,3826.91
4638,67,2,2024-09-30,Sale,48,174.82,8391.36
4639,74,7,2024-09-30,Sale,33,66.47,2193.51
4640,132,5,2024-09-30,Purchase,20,129.29,2585.8
4641,7,4,2024-09-30,Sale,8,69.34,554.72
4642,97,8,2024-09-30,Sale,42,18.58,780.36
4643,133,5,2024-09-30,Purchase,42,128.15,5382.3
4644,139,6,2024-09-30,Sale,41,146.41,6002.81
4645,30,5,2024-09-30,Purchase,44,7.05,310.2
4646,101,7,2024-10-01,Return,30,193.9,5817.0
4647,118,3,2024-10-01,Sale,34,193.2,6568.8
4648,89,2,2024-10-01,Sale,37,103.43,3826.91
4649,92,5,2024-10-01,Adjustment,-15,164.32,2464.8
4650,66,4,2024-10-01,Sale,45,27.89,1255.05
4651,96,7,2024-10-02,Sale,31,55.25,1712.75
4652,6,3,2024-10-02,Purchase,4,17.37,69.48
4653,128,3,2024-10-02,Adjustment,6,126.21,757.26
4654,25,8,2024-10-02,Sale,7,159.98,1119.86
4655,111,8,2024-10-02,Sale,42,29.66,1245.72
4656,87,7,2024-10-02,Purchase,5,5.86,29.3
4657,57,4,2024-10-03,Return,36,165.65,5963.4
4658,64,8,2024-10-03,Sale,34,182.18,6194.12
4659,73,6,2024-10-03,Sale,46,7.52,345.92
4660,103,2,2024-10-03,Purchase,5,59.41,297.05
4661,143,5,2024-10-03,Sale,30,31.19,935.7
4662,41,1,2024-10-03,Sale,17,46.16,784.72
4663,12,6,2024-10-03,Return,26,6.47,168.22
4664,2,8,2024-10-03,Sale,45,18.21,819.45
4665,11,8,2024-10-03,Purchase,15,58.35,875.25
4666,106,3,2024-10-03,Sale,10,103.82,1038.2
4667,8,3,2024-10-03,Sale,11,159.78,1757.58
4668,50,2,2024-10-03,Purchase,8,160.33,1282.64
4669,81,6,2024-10-04,Sale,35,188.02,6580.7
4670,93,5,2024-10-04,Sale,9,82.38,741.42
4671,95,7,2024-10-04,Sale,35,160.32,5611.2
4672,22,5,2024-10-04,Purchase,15,65.09,976.35
4673,80,6,2024-10-05,Return,32,134.56,4305.92
4674,27,2,2024-10-05,Purchase,37,15.33,567.21
4675,108,2,2024-10-05,Sale,8,110.09,880.72
4676,91,5,2024-10-05,Purchase,16,9.84,157.44
4677,89,7,2024-10-05,Sale,24,103.43,2482.32
4678,57,5,2024-10-06,Return,30,165.65,4969.5
4679,132,6,2024-10-06,Purchase,18,129.29,2327.22
4680,60,8,2024-10-06,Purchase,45,150.4,6768.0
4681,123,7,2024-10-07,Sale,45,126.67,5700.15
4682,117,1,2024-10-07,Sale,12,192.43,2309.16
4683,78,2,2024-10-07,Sale,50,29.15,1457.5
4684,29,1,2024-10-07,Sale,23,31.95,734.85
4685,133,8,2024-10-07,Purchase,50,128.15,6407.5
4686,84,8,2024-10-07,Sale,50,34.23,1711.5
4687,122,7,2024-10-07,Purchase,30,118.19,3545.7
4688,52,1,2024-10-07,Sale,7,96.65,676.55
4689,48,2,2024-10-08,Purchase,20,68.87,1377.4
4690,108,5,2024-10-08,Sale,48,110.09,5284.32
4691,132,8,2024-10-08,Sale,11,129.29,1422.19
4692,126,5,2024-10-08,Sale,41,31.59,1295.19
4693,49,3,2024-10-08,Sale,11,168.41,1852.51
4694,144,3,2024-10-08,Sale,14,62.27,871.78
4695,136,3,2024-10-08,Sale,8,159.94,1279.52
4696,35,2,2024-10-08,Sale,12,96.77,1161.24
4697,115,3,2024-10-08,Purchase,11,49.96,549.56
4698,141,7,2024-10-08,Purchase,42,96.84,4067.28
4699,80,3,2024-10-08,Purchase,19,134.56,2556.64
4700,55,2,2024-10-08,Sale,9,35.66,320.94
4701,40,3,2024-10-09,Return,40,107.45,4298.0
4702,103,5,2024-10-09,Purchase,16,59.41,950.56
4703,4,1,2024-10-09,Purchase,48,25.38,1218.24
4704,34,3,2024-10-09,Sale,47,19.01,893.47
4705,4,6,2024-10-09,Sale,46,25.38,1167.48
4706,104,8,2024-10-09,Return,12,70.71,848.52
4707,122,1,2024-10-10,Return,33,118.19,3900.27
4708,65,8,2024-10-10,Sale,44,117.5,5170.0
4709,20,2,2024-10-10,Sale,25,166.56,4164.0
4710,141,3,2024-10-10,Sale,31,96.84,3002.04
4711,133,2,2024-10-10,Sale,6,128.15,768.9
4712,36,7,2024-10-10,Sale,50,42.63,2131.5
4713,48,7,2024-10-10,Return,21,68.87,1446.27
4714,46,5,2024-10-10,Purchase,40,162.1,6484.0
4715,102,5,2024-10-10,Purchase,16,186.58,2985.28
4716,105,3,2024-10-11,Purchase,38,5.04,191.52
4717,120,4,2024-10-11,Sale,19,101.55,1929.45
4718,3,2,2024-10-11,Purchase,15,146.43,2196.45
4719,96,5,2024-10-11,Purchase,6,55.25,331.5
4720,114,6,2024-10-11,Sale,18,174.37,3138.66
4721,54,6,2024-10-11,Purchase,5,93.71,468.55
4722,13,5,2024-10-11,Sale,8,25.18,201.44
4723,48,7,2024-10-11,Return,27,68.87,1859.49
4724,144,7,2024-10-11,Sale,17,62.27,1058.59
4725,81,3,2024-10-11,Return,25,188.02,4700.5
4726,36,7,2024-10-12,Purchase,27,42.63,1151.01
4727,73,3,2024-10-12,Purchase,44,7.52,330.88
4728,76,5,2024-10-12,Sale,13,102.53,1332.89
4729,1,8,2024-10-12,Return,44,51.19,2252.36
4730,46,2,2024-10-13,Purchase,49,162.1,7942.9
4731,79,2,2024-10-13,Purchase,28,16.36,458.08
4732,24,4,2024-10-13,Sale,8,92.42,739.36
4733,29,6,2024-10-13,Purchase,11,31.95,351.45
4734,32,5,2024-10-14,Sale,28,74.1,2074.8
4735,53,2,2024-10-14,Purchase,25,67.84,1696.0
4736,24,2,2024-10-14,Sale,36,92.42,3327.12
4737,110,5,2024-10-14,Sale,20,41.33,826.6
4738,21,7,2024-10-14,Sale,11,30.84,339.24
4739,55,8,2024-10-14,Sale,20,35.66,713.2
4740,44,3,2024-10-14,Sale,6,197.94,1187.64
4741,119,4,2024-10-14,Return,28,2.21,61.88
4742,13,6,2024-10-15,Return,37,25.18,931.66
4743,129,4,2024-10-15,Sale,41,29.58,1212.78
4744,78,2,2024-10-15,Adjustment,-11,29.15,320.65
4745,72,7,2024-10-15,Sale,37,10.36,383.32
4746,123,3,2024-10-16,Sale,31,126.67,3926.77
4747,31,3,2024-10-16,Return,22,31.41,691.02
4748,75,3,2024-10-16,Sale,29,139.16,4035.64
4749,43,6,2024-10-16,Sale,48,41.58,1995.84
4750,35,8,2024-10-16,Purchase,44,96.77,4257.88
4751,17,8,2024-10-16,Sale,9,57.13,514.17
4752,95,6,2024-10-16,Sale,31,160.32,4969.92
4753,142,2,2024-10-16,Return,24,124.16,2979.84
4754,14,2,2024-10-17,Sale,45,27.61,1242.45
4755,80,4,2024-10-17,Purchase,48,134.56,6458.88
4756,2,7,2024-10-17,Sale,14,18.21,254.94
4757,55,1,2024-10-17,Return,6,35.66,213.96
4758,100,6,2024-10-17,Return,13,10.55,137.15
4759,67,1,2024-10-17,Sale,44,174.82,7692.08
4760,47,1,2024-10-17,Sale,22,17.95,394.9
4761,35,1,2024-10-17,Sale,11,96.77,1064.47
4762,53,1,2024-10-17,Sale,27,67.84,1831.68
4763,31,7,2024-10-17,Sale,8,31.41,251.28
4764,76,1,2024-10-17,Sale,46,102.53,4716.38
4765,131,3,2024-10-17,Sale,14,117.64,1646.96
4766,97,8,2024-10-18,Sale,8,18.58,148.64
4767,93,2,2024-10-18,Return,46,82.38,3789.48
4768,118,7,2024-10-18,Sale,5,193.2,966.0
4769,57,8,2024-10-18,Sale,47,165.65,7785.55
4770,117,6,2024-10-18,Purchase,19,192.43,3656.17
4771,11,8,2024-10-18,Sale,31,58.35,1808.85
4772,40,1,2024-10-18,Sale,37,107.45,3975.65
4773,134,8,2024-10-19,Sale,38,112.59,4278.42
4774,77,5,2024-10-19,Purchase,31,184.71,5726.01
4775,46,1,2024-10-19,Purchase,28,162.1,4538.8
4776,88,6,2024-10-19,Purchase,40,5.58,223.2
4777,13,4,2024-10-20,Purchase,7,25.18,176.26
4778,119,6,2024-10-20,Sale,47,2.21,103.87
4779,1,3,2024-10-20,Sale,40,51.19,2047.6
4780,87,2,2024-10-20,Sale,17,5.86,99.62
4781,60,7,2024-10-20,Sale,43,150.4,6467.2
4782,106,5,2024-10-21,Sale,50,103.82,5191.0
4783,130,5,2024-10-21,Sale,9,167.32,1505.88
4784,106,3,2024-10-21,Return,10,103.82,1038.2
4785,85,3,2024-10-21,Purchase,38,141.85,5390.3
4786,24,3,2024-10-21,Purchase,15,92.42,1386.3
4787,117,4,2024-10-21,Purchase,36,192.43,6927.48
4788,118,7,2024-10-21,Sale,15,193.2,2898.0
4789,85,2,2024-10-22,Sale,50,141.85,7092.5
4790,124,2,2024-10-22,Sale,27,170.94,4615.38
4791,87,3,2024-10-22,Sale,44,5.86,257.84
4792,83,6,2024-10-22,Adjustment,-19,149.84,2846.96
4793,50,1,2024-10-22,Sale,50,160.33,8016.5
4794,136,1,2024-10-22,Sale,10,159.94,1599.4
4795,141,1,2024-10-22,Purchase,49,96.84,4745.16
4796,97,3,2024-10-22,Sale,44,18.58,817.52
4797,29,4,2024-10-22,Sale,49,31.95,1565.55
4798,92,5,2024-10-22,Return,41,164.32,6737.12
4799,44,2,2024-10-22,Sale,49,197.94,9699.06
4800,75,4,2024-10-23,Purchase,10,139.16,1391.6
4801,138,1,2024-10-23,Return,42,51.93,2181.06
4802,141,2,2024-10-23,Purchase,46,96.84,4454.64
4803,41,6,2024-10-23,Sale,8,46.16,369.28
4804,61,1,2024-10-23,Purchase,31,165.58,5132.98
4805,24,4,2024-10-23,Adjustment,-12,92.42,1109.04
4806,63,1,2024-10-23,Sale,44,53.35,2347.4
4807,142,7,2024-10-23,Sale,47,124.16,5835.52
4808,68,2,2024-10-23,Sale,11,155.66,1712.26
4809,31,7,2024-10-23,Adjustment,-19,31.41,596.79
4810,90,2,2024-10-23,Return,22,194.4,4276.8
4811,90,4,2024-10-24,Purchase,41,194.4,7970.4
4812,33,2,2024-10-24,Sale,19,198.63,3773.97
4813,17,2,2024-10-24,Purchase,36,57.13,2056.68
4814,110,7,2024-10-24,Sale,3,41.33,123.99
4815,89,3,2024-10-24,Purchase,35,103.43,3620.05
4816,20,3,2024-10-25,Adjustment,-3,166.56,499.68
4817,113,6,2024-10-25,Purchase,48,87.29,4189.92
4818,134,3,2024-10-25,Purchase,26,112.59,2927.34
4819,11,8,2024-10-25,Sale,45,58.35,2625.75
4820,137,1,2024-10-25,Sale,44,20.2,888.8
4821,116,6,2024-10-25,Sale,42,33.19,1393.98
4822,14,2,2024-10-25,Purchase,48,27.61,1325.28
4823,138,3,2024-10-25,Purchase,43,51.93,2232.99
4824,98,1,2024-10-25,Purchase,36,172.83,6221.88
4825,64,1,2024-10-26,Sale,5,182.18,910.9
4826,110,3,2024-10-26,Sale,49,41.33,2025.17
4827,11,6,2024-10-27,Purchase,1,58.35,58.35
4828,101,2,2024-10-27,Sale,48,193.9,9307.2
4829,58,6,2024-10-27,Sale,4,32.87,131.48
4830,28,2,2024-10-27,Sale,30,69.33,2079.9
4831,33,3,2024-10-28,Sale,18,198.63,3575.34
4832,1,3,2024-10-28,Purchase,20,51.19,1023.8
4833,29,8,2024-10-28,Purchase,42,31.95,1341.9
4834,82,2,2024-10-28,Sale,48,52.12,2501.76
4835,48,2,2024-10-28,Sale,16,68.87,1101.92
4836,38,6,2024-10-28,Sale,3,195.74,587.22
4837,72,4,2024-10-28,Purchase,3,10.36,31.08
4838,74,7,2024-10-28,Sale,14,66.47,930.58
4839,6,8,2024-10-28,Return,17,17.37,295.29
4840,85,5,2024-10-28,Sale,32,141.85,4539.2
4841,139,4,2024-10-28,Purchase,14,146.41,2049.74
4842,35,2,2024-10-28,Return,13,96.77,1258.01
4843,82,3,2024-10-28,Sale,37,52.12,1928.44
4844,132,1,2024-10-28,Return,33,129.29,4266.57
4845,55,5,2024-10-29,Purchase,19,35.66,677.54
4846,84,3,2024-10-29,Return,24,34.23,821.52
4847,102,3,2024-10-29,Sale,2,186.58,373.16
4848,118,8,2024-10-29,Purchase,40,193.2,7728.0
4849,127,5,2024-10-29,Return,45,10.67,480.15
4850,45,2,2024-10-29,Sale,16,40.34,645.44
4851,102,5,2024-10-29,Purchase,25,186.58,4664.5
4852,30,7,2024-10-29,Sale,41,7.05,289.05
4853,18,5,2024-10-30,Sale,5,177.07,885.35
4854,113,1,2024-10-30,Purchase,41,87.29,3578.89
4855,21,3,2024-10-30,Purchase,21,30.84,647.64
4856,66,7,2024-10-30,Adjustment,17,27.89,474.13
4857,51,5,2024-10-31,Sale,37,182.14,6739.18
4858,17,1,2024-10-31,Sale,42,57.13,2399.46
4859,1,3,2024-10-31,Purchase,17,51.19,870.23
4860,133,3,2024-10-31,Sale,31,128.15,3972.65
4861,128,8,2024-10-31,Return,38,126.21,4795.98
4862,83,6,2024-10-31,Sale,49,149.84,7342.16
4863,122,3,2024-10-31,Return,49,118.19,5791.31
4864,22,8,2024-10-31,Return,37,65.09,2408.33
4865,7,2,2024-10-31,Purchase,21,69.34,1456.14
4866,116,4,2024-11-01,Sale,19,33.19,630.61
4867,138,1,2024-11-01,Adjustment,14,51.93,727.02
4868,5,1,2024-11-01,Return,43,32.09,1379.87
4869,58,8,2024-11-01,Sale,34,32.87,1117.58
4870,80,5,2024-11-01,Sale,7,134.56,941.92
4871,49,1,2024-11-01,Purchase,2,168.41,336.82
4872,48,6,2024-11-01,Purchase,29,68.87,1997.23
4873,69,3,2024-11-01,Purchase,7,124.58,872.06
4874,80,4,2024-11-01,Purchase,46,134.56,6189.76
4875,52,5,2024-11-01,Sale,50,96.65,4832.5
4876,64,7,2024-11-01,Sale,9,182.18,1639.62
4877,33,6,2024-11-01,Purchase,36,198.63,7150.68
4878,22,2,2024-11-02,Sale,19,65.09,1236.71
4879,81,5,2024-11-02,Sale,19,188.02,3572.38
4880,77,5,2024-11-02,Sale,49,184.71,9050.79
4881,17,2,2024-11-03,Adjustment,14,57.13,799.82
4882,103,6,2024-11-03,Return,32,59.41,1901.12
4883,84,3,2024-11-04,Return,27,34.23,924.21
4884,9,8,2024-11-04,Return,29,95.87,2780.23
4885,88,3,2024-11-04,Purchase,46,5.58,256.68
4886,93,3,2024-11-04,Sale,27,82.38,2224.26
4887,110,8,2024-11-05,Sale,25,41.33,1033.25
4888,37,2,2024-11-05,Return,9,109.55,985.95
4889,4,6,2024-11-05,Adjustment,1,25.38,25.38
4890,82,4,2024-11-05,Sale,25,52.12,1303.0
4891,86,6,2024-11-05,Return,5,40.76,203.8
4892,61,7,2024-11-05,Sale,4,165.58,662.32
4893,105,1,2024-11-05,Sale,10,5.04,50.4
4894,129,6,2024-11-05,Sale,3,29.58,88.74
4895,53,4,2024-11-05,Return,49,67.84,3324.16
4896,116,5,2024-11-05,Purchase,11,33.19,365.09
4897,122,4,2024-11-05,Purchase,37,118.19,4373.03
4898,120,1,2024-11-05,Sale,47,101.55,4772.85
4899,81,6,2024-11-06,Purchase,11,188.02,2068.22
4900,105,1,2024-11-06,Sale,38,5.04,191.52
4901,104,4,2024-11-06,Sale,29,70.71,2050.59
4902,100,1,2024-11-06,Sale,17,10.55,179.35
4903,122,7,2024-11-06,Sale,7,118.19,827.33
4904,30,3,2024-11-07,Sale,11,7.05,77.55
4905,10,5,2024-11-07,Sale,2,63.3,126.6
4906,89,7,2024-11-07,Purchase,11,103.43,1137.73
4907,117,6,2024-11-07,Sale,5,192.43,962.15
4908,49,4,2024-11-07,Sale,37,168.41,6231.17
4909,91,4,2024-11-08,Adjustment,10,9.84,98.4
4910,74,2,2024-11-08,Sale,12,66.47,797.64
4911,91,8,2024-11-08,Sale,42,9.84,413.28
4912,2,4,2024-11-08,Sale,28,18.21,509.88
4913,103,1,2024-11-08,Purchase,18,59.41,1069.38
4914,39,5,2024-11-08,Return,27,104.64,2825.28
4915,3,1,2024-11-08,Sale,1,146.43,146.43
4916,117,6,2024-11-08,Purchase,8,192.43,1539.44
4917,123,2,2024-11-09,Purchase,47,126.67,5953.49
4918,73,8,2024-11-09,Purchase,19,7.52,142.88
4919,101,1,2024-11-09,Purchase,8,193.9,1551.2
4920,6,8,2024-11-09,Purchase,30,17.37,521.1
4921,92,4,2024-11-10,Return,50,164.32,8216.0
4922,99,2,2024-11-10,Purchase,6,84.72,508.32
4923,101,8,2024-11-11,Purchase,31,193.9,6010.9
4924,133,6,2024-11-11,Adjustment,-16,128.15,2050.4
4925,26,2,2024-11-11,Purchase,5,22.5,112.5
4926,120,7,2024-11-11,Sale,35,101.55,3554.25
4927,63,7,2024-11-11,Purchase,5,53.35,266.75
4928,57,8,2024-11-11,Return,35,165.65,5797.75
4929,33,8,2024-11-11,Purchase,10,198.63,1986.3
4930,45,4,2024-11-11,Sale,34,40.34,1371.56
4931,3,8,2024-11-11,Sale,44,146.43,6442.92
4932,125,5,2024-11-11,Return,6,79.12,474.72
4933,50,4,2024-11-11,Purchase,38,160.33,6092.54
4934,95,1,2024-11-11,Purchase,25,160.32,4008.0
4935,73,8,2024-11-12,Adjustment,-9,7.52,67.68
4936,32,1,2024-11-12,Sale,36,74.1,2667.6
4937,138,5,2024-11-12,Purchase,36,51.93,1869.48
4938,60,4,2024-11-12,Purchase,17,150.4,2556.8
4939,138,3,2024-11-12,Return,18,51.93,934.74
4940,108,2,2024-11-12,Sale,2,110.09,220.18
4941,88,2,2024-11-12,Sale,10,5.58,55.8
4942,52,2,2024-11-12,Sale,5,96.65,483.25
4943,66,7,2024-11-12,Purchase,31,27.89,864.59
4944,123,2,2024-11-12,Sale,13,126.67,1646.71
4945,16,2,2024-11-13,Sale,34,176.91,6014.94
4946,139,6,2024-11-13,Sale,46,146.41,6734.86
4947,114,2,2024-11-13,Sale,28,174.37,4882.36
4948,127,6,2024-11-13,Sale,8,10.67,85.36
4949,105,7,2024-11-13,Sale,37,5.04,186.48
4950,77,3,2024-11-13,Sale,45,184.71,8311.95
4951,86,6,2024-11-13,Purchase,49,40.76,1997.24
4952,48,1,2024-11-13,Return,36,68.87,2479.32
4953,48,6,2024-11-13,Sale,19,68.87,1308.53
4954,25,3,2024-11-14,Purchase,31,159.98,4959.38
4955,82,2,2024-11-14,Sale,12,52.12,625.44
4956,10,2,2024-11-14,Purchase,24,63.3,1519.2
4957,88,7,2024-11-14,Purchase,12,5.58,66.96
4958,42,3,2024-11-14,Purchase,38,161.6,6140.8
4959,34,3,2024-11-14,Sale,6,19.01,114.06
4960,84,8,2024-11-15,Purchase,21,34.23,718.83
4961,82,1,2024-11-15,Sale,26,52.12,1355.12
4962,106,6,2024-11-15,Sale,6,103.82,622.92
4963,22,2,2024-11-15,Purchase,10,65.09,650.9
4964,59,1,2024-11-15,Return,37,160.27,5929.99
4965,91,3,2024-11-15,Purchase,22,9.84,216.48
4966,48,4,2024-11-15,Purchase,18,68.87,1239.66
4967,76,6,2024-11-15,Sale,6,102.53,615.18
4968,37,5,2024-11-16,Sale,29,109.55,3176.95
4969,89,2,2024-11-16,Sale,26,103.43,2689.18
4970,35,8,2024-11-16,Sale,25,96.77,2419.25
4971,82,8,2024-11-16,Purchase,43,52.12,2241.16
4972,10,3,2024-11-16,Return,12,63.3,759.6
4973,99,5,2024-11-17,Purchase,7,84.72,593.04
4974,83,5,2024-11-18,Purchase,8,149.84,1198.72
4975,76,6,2024-11-18,Sale,10,102.53,1025.3
4976,140,8,2024-11-18,Purchase,2,195.2,390.4
4977,56,8,2024-11-18,Adjustment,-12,181.16,2173.92
4978,60,4,2024-11-18,Purchase,7,150.4,1052.8
4979,96,3,2024-11-18,Purchase,33,55.25,1823.25
4980,126,1,2024-11-18,Sale,33,31.59,1042.47
4981,57,8,2024-11-18,Adjustment,14,165.65,2319.1
4982,66,5,2024-11-18,Sale,44,27.89,1227.16
4983,107,5,2024-11-18,Sale,48,132.35,6352.8
4984,32,1,2024-11-18,Return,9,74.1,666.9
4985,42,1,2024-11-18,Sale,28,161.6,4524.8
4986,79,8,2024-11-19,Sale,1,16.36,16.36
4987,60,6,2024-11-19,Purchase,21,150.4,3158.4
4988,128,4,2024-11-19,Purchase,25,126.21,3155.25
4989,20,1,2024-11-19,Purchase,4,166.56,666.24
4990,132,5,2024-11-19,Return,13,129.29,1680.77
4991,129,3,2024-11-19,Sale,36,29.58,1064.88
4992,143,8,2024-11-19,Sale,11,31.19,343.09
4993,14,7,2024-11-19,Sale,44,27.61,1214.84
4994,84,4,2024-11-19,Sale,43,34.23,1471.89
4995,103,3,2024-11-20,Adjustment,15,59.41,891.15
4996,27,7,2024-11-20,Purchase,31,15.33,475.23
4997,3,5,2024-11-20,Purchase,18,146.43,2635.74
4998,107,4,2024-11-20,Sale,3,132.35,397.05
4999,17,3,2024-11-20,Purchase,1,57.13,57.13
5000,15,4,2024-11-20,Return,30,17.96,538.8
5001,96,7,2024-11-20,Sale,19,55.25,1049.75
5002,30,5,2024-11-20,Sale,19,7.05,133.95
5003,56,8,2024-11-20,Sale,35,181.16,6340.6
5004,88,1,2024-11-20,Sale,28,5.58,156.24
5005,60,2,2024-11-20,Sale,29,150.4,4361.6
5006,111,8,2024-11-20,Purchase,27,29.66,800.82
5007,48,5,2024-11-21,Purchase,11,68.87,757.57
5008,16,8,2024-11-21,Sale,41,176.91,7253.31
5009,28,2,2024-11-21,Sale,23,69.33,1594.59
5010,115,5,2024-11-21,Sale,19,49.96,949.24
5011,108,3,2024-11-21,Sale,30,110.09,3302.7
5012,10,6,2024-11-21,Sale,42,63.3,2658.6
5013,72,1,2024-11-21,Sale,25,10.36,259.0
5014,11,2,2024-11-22,Sale,2,58.35,116.7
5015,41,4,2024-11-22,Return,43,46.16,1984.88
5016,143,1,2024-11-22,Purchase,38,31.19,1185.22
5017,81,4,2024-11-22,Sale,25,188.02,4700.5
5018,112,2,2024-11-23,Purchase,35,4.82,168.7
5019,68,7,2024-11-23,Sale,19,155.66,2957.54
5020,41,6,2024-11-23,Return,37,46.16,1707.92
5021,28,2,2024-11-24,Purchase,2,69.33,138.66
5022,83,4,2024-11-25,Purchase,38,149.84,5693.92
5023,136,3,2024-11-25,Return,24,159.94,3838.56
5024,140,2,2024-11-25,Sale,14,195.2,2732.8
5025,38,5,2024-11-25,Sale,4,195.74,782.96
5026,32,1,2024-11-25,Sale,12,74.1,889.2
5027,36,5,2024-11-25,Sale,13,42.63,554.19
5028,83,3,2024-11-25,Purchase,32,149.84,4794.88
5029,137,1,2024-11-25,Return,45,20.2,909.0
5030,86,5,2024-11-25,Purchase,48,40.76,1956.48
5031,61,5,2024-11-26,Return,44,165.58,7285.52
5032,32,7,2024-11-26,Purchase,25,74.1,1852.5
5033,96,7,2024-11-26,Sale,19,55.25,1049.75
5034,89,6,2024-11-26,Sale,49,103.43,5068.07
5035,113,4,2024-11-27,Sale,34,87.29,2967.86
5036,87,6,2024-11-27,Adjustment,-20,5.86,117.2
5037,25,1,2024-11-27,Sale,9,159.98,1439.82
5038,104,2,2024-11-27,Sale,33,70.71,2333.43
5039,135,5,2024-11-27,Purchase,4,136.77,547.08
5040,129,2,2024-11-27,Sale,1,29.58,29.58
5041,36,2,2024-11-27,Sale,9,42.63,383.67
5042,10,7,2024-11-28,Purchase,16,63.3,1012.8
5043,39,4,2024-11-28,Purchase,4,104.64,418.56
5044,142,2,2024-11-28,Sale,34,124.16,4221.44
5045,22,1,2024-11-28,Sale,21,65.09,1366.89
5046,112,1,2024-11-28,Sale,32,4.82,154.24
5047,116,3,2024-11-28,Purchase,11,33.19,365.09
5048,121,6,2024-11-28,Sale,15,19.99,299.85
5049,111,8,2024-11-28,Sale,28,29.66,830.48
5050,59,3,2024-11-28,Return,4,160.27,641.08
5051,23,3,2024-11-28,Adjustment,11,190.14,2091.54
5052,144,8,2024-11-29,Purchase,33,62.27,2054.91
5053,3,3,2024-11-29,Sale,13,146.43,1903.59
5054,17,7,2024-11-29,Purchase,34,57.13,1942.42
5055,96,6,2024-11-29,Return,18,55.25,994.5
5056,61,1,2024-11-29,Sale,43,165.58,7119.94
5057,1,5,2024-11-29,Purchase,15,51.19,767.85
5058,8,4,2024-11-29,Sale,46,159.78,7349.88
5059,141,4,2024-11-29,Sale,46,96.84,4454.64
5060,120,2,2024-11-29,Return,28,101.55,2843.4
5061,10,5,2024-11-29,Sale,10,63.3,633.0
5062,76,4,2024-11-29,Sale,15,102.53,1537.95
5063,111,7,2024-11-29,Adjustment,7,29.66,207.62
5064,124,7,2024-11-29,Purchase,13,170.94,2222.22
5065,43,3,2024-11-30,Sale,38,41.58,1580.04
5066,11,2,2024-11-30,Sale,17,58.35,991.95
5067,98,2,2024-11-30,Sale,16,172.83,2765.28
5068,116,7,2024-12-01,Sale,30,33.19,995.7
5069,138,4,2024-12-01,Sale,10,51.93,519.3
5070,21,7,2024-12-01,Sale,28,30.84,863.52
5071,15,7,2024-12-01,Purchase,9,17.96,161.64
5072,102,7,2024-12-01,Purchase,40,186.58,7463.2
5073,117,1,2024-12-02,Sale,41,192.43,7889.63
5074,16,4,2024-12-02,Sale,27,176.91,4776.57
5075,80,2,2024-12-02,Sale,31,134.56,4171.36
5076,116,5,2024-12-02,Purchase,2,33.19,66.38
5077,131,1,2024-12-02,Sale,5,117.64,588.2
5078,61,1,2024-12-02,Sale,6,165.58,993.48
5079,102,3,2024-12-02,Return,24,186.58,4477.92
5080,123,1,2024-12-02,Sale,4,126.67,506.68
5081,123,1,2024-12-02,Sale,24,126.67,3040.08
5082,117,5,2024-12-02,Purchase,31,192.43,5965.33
5083,122,1,2024-12-03,Purchase,10,118.19,1181.9
5084,31,5,2024-12-03,Sale,36,31.41,1130.76
5085,10,7,2024-12-03,Purchase,13,63.3,822.9
5086,118,8,2024-12-03,Purchase,45,193.2,8694.0
5087,53,8,2024-12-03,Sale,19,67.84,1288.96
5088,111,2,2024-12-03,Sale,10,29.66,296.6
5089,68,5,2024-12-03,Sale,35,155.66,5448.1
5090,38,3,2024-12-03,Return,3,195.74,587.22
5091,3,4,2024-12-04,Purchase,3,146.43,439.29
5092,144,1,2024-12-04,Adjustment,16,62.27,996.32
5093,86,4,2024-12-04,Sale,15,40.76,611.4
5094,61,2,2024-12-04,Return,35,165.58,5795.3
5095,50,1,2024-12-04,Sale,12,160.33,1923.96
5096,104,6,2024-12-04,Adjustment,-5,70.71,353.55
5097,133,8,2024-12-04,Sale,27,128.15,3460.05
5098,43,8,2024-12-04,Purchase,1,41.58,41.58
5099,52,5,2024-12-04,Purchase,31,96.65,2996.15
5100,66,8,2024-12-05,Sale,15,27.89,418.35
5101,108,2,2024-12-05,Purchase,33,110.09,3632.97
5102,79,3,2024-12-05,Sale,28,16.36,458.08
5103,135,4,2024-12-05,Return,16,136.77,2188.32
5104,8,6,2024-12-05,Sale,30,159.78,4793.4
5105,63,3,2024-12-05,Sale,50,53.35,2667.5
5106,78,4,2024-12-05,Purchase,21,29.15,612.15
5107,72,1,2024-12-05,Return,37,10.36,383.32
5108,144,2,2024-12-05,Purchase,13,62.27,809.51
5109,78,5,2024-12-05,Sale,12,29.15,349.8
5110,24,6,2024-12-05,Sale,40,92.42,3696.8
5111,105,8,2024-12-05,Purchase,18,5.04,90.72
5112,119,4,2024-12-06,Purchase,33,2.21,72.93
5113,102,3,2024-12-06,Sale,8,186.58,1492.64
5114,115,8,2024-12-06,Sale,4,49.96,199.84
5115,14,4,2024-12-06,Adjustment,9,27.61,248.49
5116,56,3,2024-12-07,Sale,38,181.16,6884.08
5117,144,8,2024-12-07,Sale,32,62.27,1992.64
5118,1,7,2024-12-07,Adjustment,5,51.19,255.95
5119,130,4,2024-12-07,Purchase,6,167.32,1003.92
5120,13,7,2024-12-08,Purchase,7,25.18,176.26
5121,143,6,2024-12-08,Sale,6,31.19,187.14
5122,7,6,2024-12-08,Purchase,41,69.34,2842.94
5123,34,8,2024-12-08,Purchase,17,19.01,323.17
5124,38,7,2024-12-09,Return,18,195.74,3523.32
5125,42,4,2024-12-09,Purchase,48,161.6,7756.8
5126,123,6,2024-12-09,Purchase,21,126.67,2660.07
5127,11,7,2024-12-09,Purchase,23,58.35,1342.05
5128,142,2,2024-12-09,Sale,32,124.16,3973.12
5129,2,3,2024-12-09,Purchase,22,18.21,400.62
5130,81,4,2024-12-09,Sale,31,188.02,5828.62
5131,86,2,2024-12-09,Purchase,2,40.76,81.52
5132,138,2,2024-12-09,Purchase,2,51.93,103.86
5133,87,8,2024-12-09,Purchase,37,5.86,216.82
5134,88,1,2024-12-10,Return,35,5.58,195.3
5135,60,5,2024-12-10,Sale,30,150.4,4512.0
5136,89,3,2024-12-10,Adjustment,10,103.43,1034.3
5137,43,5,2024-12-10,Purchase,45,41.58,1871.1
5138,23,4,2024-12-10,Sale,49,190.14,9316.86
5139,53,6,2024-12-11,Sale,24,67.84,1628.16
5140,94,7,2024-12-11,Return,36,99.93,3597.48
5141,88,1,2024-12-11,Adjustment,-13,5.58,72.54
5142,122,8,2024-12-11,Purchase,7,118.19,827.33
5143,119,6,2024-12-11,Purchase,31,2.21,68.51
5144,34,1,2024-12-11,Purchase,46,19.01,874.46
5145,130,3,2024-12-11,Sale,11,167.32,1840.52
5146,18,3,2024-12-11,Purchase,37,177.07,6551.59
5147,74,3,2024-12-11,Return,35,66.47,2326.45
5148,95,5,2024-12-11,Purchase,37,160.32,5931.84
5149,66,1,2024-12-11,Sale,10,27.89,278.9
5150,17,3,2024-12-11,Purchase,32,57.13,1828.16
5151,144,3,2024-12-12,Purchase,42,62.27,2615.34
5152,125,1,2024-12-12,Sale,8,79.12,632.96
5153,64,8,2024-12-12,Sale,24,182.18,4372.32
5154,28,2,2024-12-12,Sale,49,69.33,3397.17
5155,81,3,2024-12-12,Sale,35,188.02,6580.7
5156,139,5,2024-12-12,Sale,14,146.41,2049.74
5157,22,3,2024-12-12,Sale,30,65.09,1952.7
5158,111,8,2024-12-13,Purchase,7,29.66,207.62
5159,114,7,2024-12-13,Purchase,1,174.37,174.37
5160,108,2,2024-12-13,Sale,14,110.09,1541.26
5161,39,2,2024-12-13,Sale,13,104.64,1360.32
5162,21,5,2024-12-13,Purchase,41,30.84,1264.44
5163,50,4,2024-12-13,Purchase,29,160.33,4649.57
5164,45,5,2024-12-13,Sale,14,40.34,564.76
5165,9,4,2024-12-13,Sale,24,95.87,2300.88
5166,38,2,2024-12-13,Sale,11,195.74,2153.14
5167,25,7,2024-12-13,Purchase,16,159.98,2559.68
5168,34,1,2024-12-13,Purchase,30,19.01,570.3
5169,115,4,2024-12-13,Sale,34,49.96,1698.64
5170,71,7,2024-12-14,Sale,39,176.88,6898.32
5171,107,6,2024-12-14,Return,33,132.35,4367.55
5172,87,5,2024-12-14,Adjustment,7,5.86,41.02
5173,54,1,2024-12-15,Sale,30,93.71,2811.3
5174,108,8,2024-12-15,Sale,32,110.09,3522.88
5175,129,5,2024-12-15,Sale,26,29.58,769.08
5176,35,2,2024-12-16,Sale,44,96.77,4257.88
5177,113,2,2024-12-16,Sale,37,87.29,3229.73
5178,92,7,2024-12-16,Sale,20,164.32,3286.4
5179,57,4,2024-12-16,Sale,6,165.65,993.9
5180,3,1,2024-12-16,Return,19,146.43,2782.17
5181,140,1,2024-12-16,Purchase,24,195.2,4684.8
5182,49,1,2024-12-16,Sale,4,168.41,673.64
5183,123,1,2024-12-17,Sale,10,126.67,1266.7
5184,3,8,2024-12-17,Sale,29,146.43,4246.47
5185,55,2,2024-12-17,Adjustment,-3,35.66,106.98
5186,117,2,2024-12-17,Purchase,44,192.43,8466.92
5187,77,6,2024-12-17,Purchase,47,184.71,8681.37
5188,126,7,2024-12-18,Purchase,43,31.59,1358.37
5189,115,1,2024-12-18,Purchase,44,49.96,2198.24
5190,135,7,2024-12-18,Sale,40,136.77,5470.8
5191,44,8,2024-12-18,Sale,49,197.94,9699.06
5192,109,2,2024-12-18,Return,25,62.94,1573.5
5193,122,2,2024-12-18,Purchase,43,118.19,5082.17
5194,90,3,2024-12-18,Purchase,33,194.4,6415.2
5195,76,5,2024-12-18,Sale,33,102.53,3383.49
5196,72,3,2024-12-18,Sale,34,10.36,352.24
5197,53,7,2024-12-18,Purchase,8,67.84,542.72
5198,82,3,2024-12-18,Sale,22,52.12,1146.64
5199,122,8,2024-12-18,Purchase,12,118.19,1418.28
5200,5,7,2024-12-19,Sale,8,32.09,256.72
5201,56,1,2024-12-19,Purchase,9,181.16,1630.44
5202,122,1,2024-12-19,Sale,21,118.19,2481.99
5203,55,6,2024-12-19,Sale,46,35.66,1640.36
5204,52,4,2024-12-20,Purchase,3,96.65,289.95
5205,135,2,2024-12-20,Sale,24,136.77,3282.48
5206,75,2,2024-12-20,Sale,25,139.16,3479.0
5207,60,1,2024-12-20,Purchase,16,150.4,2406.4
5208,129,2,2024-12-20,Sale,29,29.58,857.82
5209,117,7,2024-12-20,Purchase,15,192.43,2886.45
5210,114,8,2024-12-20,Purchase,24,174.37,4184.88
5211,82,7,2024-12-20,Adjustment,9,52.12,469.08
5212,15,2,2024-12-20,Purchase,32,17.96,574.72
5213,26,7,2024-12-21,Purchase,39,22.5,877.5
5214,10,1,2024-12-22,Sale,43,63.3,2721.9
5215,122,1,2024-12-23,Purchase,10,118.19,1181.9
5216,1,6,2024-12-23,Sale,34,51.19,1740.46
5217,84,7,2024-12-23,Sale,34,34.23,1163.82
5218,100,3,2024-12-23,Sale,44,10.55,464.2
5219,15,2,2024-12-23,Purchase,7,17.96,125.72
5220,58,3,2024-12-23,Purchase,47,32.87,1544.89
5221,51,5,2024-12-23,Purchase,45,182.14,8196.3
5222,65,8,2024-12-23,Purchase,17,117.5,1997.5
5223,109,7,2024-12-23,Sale,22,62.94,1384.68
5224,135,6,2024-12-24,Return,12,136.77,1641.24
5225,47,3,2024-12-24,Sale,32,17.95,574.4
5226,125,2,2024-12-24,Sale,50,79.12,3956.0
5227,6,8,2024-12-24,Adjustment,12,17.37,208.44
5228,26,7,2024-12-24,Sale,8,22.5,180.0
5229,37,2,2024-12-24,Purchase,50,109.55,5477.5
5230,8,6,2024-12-25,Sale,18,159.78,2876.04
5231,99,4,2024-12-25,Sale,1,84.72,84.72
5232,15,1,2024-12-25,Sale,43,17.96,772.28
5233,108,4,2024-12-25,Sale,14,110.09,1541.26
5234,120,7,2024-12-25,Sale,43,101.55,4366.65
5235,82,4,2024-12-25,Sale,6,52.12,312.72
5236,119,4,2024-12-25,Purchase,4,2.21,8.84
5237,26,7,2024-12-25,Sale,45,22.5,1012.5
5238,47,7,2024-12-25,Adjustment,5,17.95,89.75
5239,125,1,2024-12-25,Sale,21,79.12,1661.52
5240,25,6,2024-12-25,Adjustment,-16,159.98,2559.68
5241,123,3,2024-12-26,Adjustment,5,126.67,633.35
5242,80,2,2024-12-26,Sale,6,134.56,807.36
5243,99,1,2024-12-26,Purchase,21,84.72,1779.12
5244,136,1,2024-12-26,Purchase,19,159.94,3038.86
5245,68,4,2024-12-26,Sale,43,155.66,6693.38
5246,21,3,2024-12-26,Return,10,30.84,308.4
5247,131,2,2024-12-26,Sale,10,117.64,1176.4
5248,4,1,2024-12-26,Purchase,18,25.38,456.84
5249,144,1,2024-12-26,Purchase,20,62.27,1245.4
5250,67,7,2024-12-26,Purchase,21,174.82,3671.22
5251,109,3,2024-12-26,Sale,23,62.94,1447.62
5252,44,8,2024-12-26,Sale,44,197.94,8709.36
5253,14,2,2024-12-27,Sale,41,27.61,1132.01
5254,93,2,2024-12-27,Purchase,44,82.38,3624.72
5255,45,7,2024-12-27,Return,30,40.34,1210.2
5256,125,7,2024-12-27,Sale,4,79.12,316.48
5257,76,8,2024-12-27,Sale,40,102.53,4101.2
5258,11,1,2024-12-27,Return,19,58.35,1108.65
5259,91,1,2024-12-27,Purchase,43,9.84,423.12
5260,74,1,2024-12-27,Purchase,49,66.47,3257.03
5261,73,5,2024-12-27,Purchase,17,7.52,127.84
5262,56,8,2024-12-27,Return,38,181.16,6884.08
5263,8,2,2024-12-27,Purchase,33,159.78,5272.74
5264,122,3,2024-12-27,Purchase,5,118.19,590.95
5265,103,3,2024-12-27,Purchase,21,59.41,1247.61
5266,139,1,2024-12-28,Sale,14,146.41,2049.74
5267,96,6,2024-12-28,Sale,9,55.25,497.25
5268,77,6,2024-12-28,Purchase,15,184.71,2770.65
5269,11,2,2024-12-28,Return,4,58.35,233.4
5270,34,1,2024-12-29,Sale,29,19.01,551.29
5271,38,7,2024-12-30,Sale,40,195.74,7829.6
5272,24,5,2024-12-30,Sale,26,92.42,2402.92
5273,23,7,2024-12-30,Sale,4,190.14,760.56
5274,17,2,2024-12-30,Sale,15,57.13,856.95
5275,105,7,2024-12-30,Sale,47,5.04,236.88
5276,55,7,2024-12-30,Purchase,13,35.66,463.58
5277,65,4,2024-12-31,Sale,3,117.5,352.5
5278,39,4,2024-12-31,Return,44,104.64,4604.16
5279,108,3,2024-12-31,Sale,25,110.09,2752.25
5280,139,4,2024-12-31,Return,10,146.41,1464.1
