OrderID,CustomerID,ProductID,OrderDate,Quantity,Amount,Cost,Status
1,274,7,2023-01-01,4,92.0,42.28,Completed
2,14,22,2023-01-01,4,486.68,236.92,Completed
3,237,47,2023-01-01,1,398.12,209.67,Completed
4,168,55,2023-01-01,4,929.28,637.64,Completed
5,195,72,2023-01-01,4,559.52,370.24,Completed
6,42,121,2023-01-01,1,215.42,123.89,Processing
7,180,58,2023-01-02,1,457.19,302.27,Processing
8,21,194,2023-01-02,1,72.37,38.08,Shipped
9,103,215,2023-01-02,1,377.97,238.5,Processing
10,123,33,2023-01-02,4,1692.0,1070.68,Processing
11,289,243,2023-01-02,2,856.38,587.5,Completed
12,132,197,2023-01-02,3,472.41,266.61,Completed
13,84,247,2023-01-03,3,670.68,274.11,Completed
14,14,238,2023-01-03,3,647.61,434.85,Completed
15,193,102,2023-01-03,2,851.72,383.18,Completed
16,125,27,2023-01-03,3,422.46,287.7,Shipped
17,62,204,2023-01-03,5,257.75,142.95,Processing
18,178,137,2023-01-03,4,1340.24,913.6,Processing
19,36,130,2023-01-03,3,419.85,285.48,Completed
20,216,211,2023-01-03,4,852.32,501.96,Completed
21,236,182,2023-01-04,2,614.08,339.84,Completed
22,268,248,2023-01-04,3,524.1,316.41,Processing
23,276,199,2023-01-04,4,882.6,506.6,Completed
24,138,83,2023-01-04,2,862.44,363.3,Shipped
25,45,72,2023-01-04,4,559.52,370.24,Completed
26,238,146,2023-01-04,5,58.7,37.05,Processing
27,173,8,2023-01-04,4,1313.76,740.28,Shipped
28,94,125,2023-01-04,2,678.26,332.34,Completed
29,133,88,2023-01-04,3,1217.01,556.32,Shipped
30,142,143,2023-01-04,1,249.38,167.48,Completed
31,98,22,2023-01-04,2,243.34,118.46,Processing
32,251,143,2023-01-04,2,498.76,334.96,Processing
33,252,115,2023-01-04,1,87.14,59.97,Completed
34,114,104,2023-01-04,2,413.02,172.48,Completed
35,298,95,2023-01-04,4,412.8,220.68,Completed
36,177,109,2023-01-04,5,1411.65,868.9,Completed
37,139,79,2023-01-05,3,526.98,303.81,Completed
38,99,81,2023-01-05,1,44.79,26.4,Processing
39,95,50,2023-01-05,2,971.66,639.58,Processing
40,142,186,2023-01-05,5,1369.2,843.2,Cancelled
41,269,153,2023-01-05,3,247.71,108.54,Cancelled
42,100,76,2023-01-05,2,995.24,592.14,Completed
43,155,4,2023-01-05,5,2235.85,952.65,Completed
44,24,250,2023-01-05,1,239.02,104.76,Completed
45,65,164,2023-01-05,4,691.08,469.4,Completed
46,7,147,2023-01-05,3,966.57,462.6,Completed
47,226,88,2023-01-05,2,811.34,370.88,Cancelled
48,130,241,2023-01-05,4,785.56,315.6,Completed
49,34,103,2023-01-05,4,991.84,460.32,Completed
50,28,39,2023-01-05,2,916.26,492.64,Shipped
51,156,22,2023-01-05,2,243.34,118.46,Completed
52,214,156,2023-01-05,5,2252.35,1042.9,Processing
53,116,199,2023-01-05,5,1103.25,633.25,Completed
54,227,77,2023-01-05,5,1123.35,623.75,Cancelled
55,157,146,2023-01-05,5,58.7,37.05,Completed
56,107,161,2023-01-06,2,867.32,600.94,Completed
57,42,41,2023-01-06,2,570.14,273.0,Completed
58,39,41,2023-01-06,1,285.07,136.5,Completed
59,241,75,2023-01-06,1,108.56,53.58,Completed
60,145,180,2023-01-06,4,252.48,133.92,Completed
61,120,237,2023-01-06,3,641.19,296.25,Processing
62,102,109,2023-01-06,1,282.33,173.78,Completed
63,77,233,2023-01-06,3,824.01,363.81,Shipped
64,31,43,2023-01-07,3,617.13,287.46,Completed
65,292,236,2023-01-07,3,629.16,354.09,Completed
66,156,180,2023-01-08,4,252.48,133.92,Shipped
67,257,139,2023-01-08,4,249.8,141.36,Completed
68,21,228,2023-01-08,4,524.6,310.2,Processing
69,129,7,2023-01-08,1,23.0,10.57,Completed
70,295,151,2023-01-08,1,452.93,255.31,Cancelled
71,296,11,2023-01-09,2,809.7,493.46,Completed
72,227,235,2023-01-09,3,1068.45,447.96,Completed
73,300,112,2023-01-09,4,1102.72,688.52,Cancelled
74,241,90,2023-01-09,4,870.2,470.0,Completed
75,54,220,2023-01-09,2,467.34,299.3,Completed
76,254,74,2023-01-09,4,1097.04,679.04,Shipped
77,282,10,2023-01-09,4,1626.48,653.76,Completed
78,130,83,2023-01-09,1,431.22,181.65,Cancelled
79,207,222,2023-01-09,5,1508.85,1033.6,Shipped
80,1,169,2023-01-09,5,594.95,383.75,Completed
81,28,49,2023-01-09,5,2490.5,1391.55,Completed
82,256,161,2023-01-09,4,1734.64,1201.88,Processing
83,105,69,2023-01-09,5,219.55,137.9,Completed
84,225,226,2023-01-10,4,1798.52,1120.64,Completed
85,123,182,2023-01-10,2,614.08,339.84,Completed
86,8,142,2023-01-10,4,1283.12,614.88,Completed
87,59,119,2023-01-10,1,446.24,211.46,Processing
88,79,128,2023-01-10,3,1497.72,1046.64,Completed
89,140,107,2023-01-10,4,931.8,490.96,Cancelled
90,125,117,2023-01-10,5,1507.85,908.6,Completed
91,98,236,2023-01-10,5,1048.6,590.15,Completed
92,70,222,2023-01-10,1,301.77,206.72,Completed
93,213,88,2023-01-10,5,2028.35,927.2,Completed
94,2,73,2023-01-10,3,652.02,302.25,Shipped
95,297,169,2023-01-10,4,475.96,307.0,Shipped
96,229,138,2023-01-10,4,303.2,131.76,Completed
97,283,196,2023-01-10,5,2261.85,1322.4,Completed
98,97,179,2023-01-11,2,963.28,462.02,Completed
99,120,220,2023-01-11,4,934.68,598.6,Completed
100,243,181,2023-01-11,4,1467.96,725.32,Completed
101,78,127,2023-01-11,1,45.55,24.48,Completed
102,170,223,2023-01-11,1,446.8,260.84,Shipped
103,226,26,2023-01-11,5,956.95,442.95,Shipped
104,8,185,2023-01-11,2,21.66,14.68,Completed
105,80,20,2023-01-11,4,1728.96,991.04,Processing
106,136,87,2023-01-11,5,1208.05,767.6,Processing
107,42,219,2023-01-11,3,396.33,259.41,Shipped
108,274,98,2023-01-11,3,681.39,448.62,Processing
109,250,224,2023-01-11,5,1812.2,999.3,Completed
110,36,61,2023-01-11,3,1150.89,646.59,Cancelled
111,47,112,2023-01-11,1,275.68,172.13,Processing
112,52,114,2023-01-11,2,512.8,336.3,Processing
113,24,84,2023-01-12,1,126.62,76.06,Completed
114,192,111,2023-01-12,2,969.34,556.16,Completed
115,211,145,2023-01-12,2,435.1,210.16,Completed
116,41,157,2023-01-12,4,529.08,227.96,Processing
117,124,128,2023-01-12,5,2496.2,1744.4,Completed
118,131,118,2023-01-13,3,375.75,163.8,Processing
119,239,231,2023-01-13,3,143.91,69.9,Processing
120,81,19,2023-01-13,4,1665.64,975.32,Shipped
121,154,164,2023-01-13,4,691.08,469.4,Processing
122,234,217,2023-01-13,3,288.54,198.33,Completed
123,197,219,2023-01-13,4,528.44,345.88,Completed
124,196,147,2023-01-13,3,966.57,462.6,Completed
125,152,6,2023-01-13,4,468.52,258.44,Completed
126,290,222,2023-01-13,1,301.77,206.72,Shipped
127,255,214,2023-01-13,3,994.41,399.42,Processing
128,118,156,2023-01-13,3,1351.41,625.74,Completed
129,98,159,2023-01-13,3,627.36,367.77,Processing
130,71,161,2023-01-13,1,433.66,300.47,Shipped
131,21,80,2023-01-13,4,491.04,228.84,Completed
132,187,188,2023-01-13,2,376.94,158.68,Completed
133,152,84,2023-01-13,4,506.48,304.24,Completed
134,68,202,2023-01-13,5,1209.3,810.65,Shipped
135,188,136,2023-01-13,5,2051.9,1005.05,Shipped
136,85,66,2023-01-13,4,642.72,268.24,Cancelled
137,174,206,2023-01-14,1,411.03,257.03,Completed
138,39,37,2023-01-14,2,878.84,434.5,Shipped
139,204,248,2023-01-14,5,873.5,527.35,Completed
140,203,4,2023-01-14,3,1341.51,571.59,Completed
141,189,173,2023-01-15,3,512.55,337.92,Completed
142,191,28,2023-01-15,2,655.08,381.74,Completed
143,288,84,2023-01-15,5,633.1,380.3,Completed
144,33,163,2023-01-15,4,88.6,55.0,Shipped
145,155,167,2023-01-15,4,1583.24,684.64,Completed
146,20,78,2023-01-16,4,277.16,129.56,Completed
147,121,228,2023-01-16,5,655.75,387.75,Completed
148,233,95,2023-01-16,5,516.0,275.85,Completed
149,80,227,2023-01-16,4,970.36,463.6,Processing
150,251,158,2023-01-16,4,1569.04,1043.8,Shipped
151,144,9,2023-01-16,3,354.06,204.21,Completed
152,121,219,2023-01-17,3,396.33,259.41,Completed
153,189,140,2023-01-17,3,430.35,250.23,Completed
154,142,49,2023-01-17,1,498.1,278.31,Shipped
155,233,24,2023-01-17,2,118.98,57.52,Processing
156,11,13,2023-01-17,3,1437.09,719.94,Completed
157,65,202,2023-01-17,5,1209.3,810.65,Completed
158,284,54,2023-01-17,5,323.3,171.5,Completed
159,120,85,2023-01-17,2,229.96,101.12,Processing
160,2,71,2023-01-17,2,485.78,274.44,Cancelled
161,277,65,2023-01-17,2,881.14,572.3,Completed
162,14,34,2023-01-17,1,122.23,50.07,Completed
163,122,151,2023-01-17,3,1358.79,765.93,Completed
164,136,14,2023-01-17,2,110.9,47.58,Processing
165,270,30,2023-01-17,1,90.07,46.28,Completed
166,186,132,2023-01-17,5,955.35,427.35,Completed
167,258,57,2023-01-17,5,1276.45,579.0,Completed
168,267,78,2023-01-17,4,277.16,129.56,Processing
169,16,16,2023-01-17,4,1621.96,1003.88,Shipped
170,219,176,2023-01-17,1,490.76,275.25,Completed
171,38,231,2023-01-18,1,47.97,23.3,Completed
172,76,17,2023-01-18,2,545.5,377.46,Completed
173,300,141,2023-01-18,3,1084.89,500.22,Completed
174,272,76,2023-01-18,4,1990.48,1184.28,Completed
175,221,26,2023-01-18,1,191.39,88.59,Shipped
176,283,185,2023-01-18,2,21.66,14.68,Completed
177,117,106,2023-01-18,3,419.85,266.7,Shipped
178,205,107,2023-01-18,1,232.95,122.74,Completed
179,161,171,2023-01-18,3,1199.16,561.54,Completed
180,79,176,2023-01-18,4,1963.04,1101.0,Completed
181,44,24,2023-01-18,4,237.96,115.04,Completed
182,191,208,2023-01-18,2,215.14,87.64,Completed
183,288,144,2023-01-18,3,1273.77,544.77,Processing
184,211,91,2023-01-18,4,1469.0,884.36,Shipped
185,27,248,2023-01-18,3,524.1,316.41,Processing
186,181,27,2023-01-18,5,704.1,479.5,Completed
187,80,169,2023-01-18,4,475.96,307.0,Completed
188,56,90,2023-01-18,5,1087.75,587.5,Completed
189,143,147,2023-01-18,2,644.38,308.4,Shipped
190,137,8,2023-01-19,2,656.88,370.14,Completed
191,159,236,2023-01-19,3,629.16,354.09,Completed
192,93,223,2023-01-19,2,893.6,521.68,Completed
193,206,18,2023-01-19,2,390.96,221.14,Processing
194,16,24,2023-01-19,5,297.45,143.8,Completed
195,233,88,2023-01-20,2,811.34,370.88,Completed
196,167,199,2023-01-20,5,1103.25,633.25,Completed
197,27,40,2023-01-20,2,279.58,132.52,Processing
198,26,173,2023-01-20,1,170.85,112.64,Completed
199,218,125,2023-01-20,5,1695.65,830.85,Completed
200,140,56,2023-01-20,5,2195.85,1051.85,Completed
201,221,29,2023-01-20,3,281.58,174.21,Processing
202,250,135,2023-01-20,3,991.35,398.88,Completed
203,203,154,2023-01-20,1,161.05,107.85,Completed
204,155,243,2023-01-20,2,856.38,587.5,Processing
205,131,75,2023-01-20,3,325.68,160.74,Completed
206,255,192,2023-01-20,4,646.2,337.64,Completed
207,195,137,2023-01-20,2,670.12,456.8,Completed
208,182,19,2023-01-20,4,1665.64,975.32,Shipped
209,22,112,2023-01-20,1,275.68,172.13,Completed
210,40,221,2023-01-20,3,1011.33,704.25,Completed
211,294,104,2023-01-20,4,826.04,344.96,Completed
212,208,6,2023-01-20,3,351.39,193.83,Completed
213,236,213,2023-01-21,3,756.72,358.08,Completed
214,55,63,2023-01-21,4,41.12,20.44,Completed
215,269,21,2023-01-21,4,1420.96,587.92,Shipped
216,174,57,2023-01-21,3,765.87,347.4,Processing
217,40,131,2023-01-21,1,441.62,293.14,Completed
218,100,232,2023-01-21,3,429.42,212.94,Completed
219,76,61,2023-01-22,1,383.63,215.53,Completed
220,102,45,2023-01-22,5,272.75,112.95,Completed
221,39,46,2023-01-22,4,254.92,149.96,Completed
222,289,195,2023-01-22,5,2353.9,1419.85,Completed
223,290,165,2023-01-22,5,2015.5,1328.65,Completed
224,162,39,2023-01-22,4,1832.52,985.28,Completed
225,227,162,2023-01-22,3,1221.84,811.83,Processing
226,29,91,2023-01-22,5,1836.25,1105.45,Completed
227,232,10,2023-01-23,1,406.62,163.44,Completed
228,147,20,2023-01-23,1,432.24,247.76,Processing
229,260,99,2023-01-23,4,1118.64,464.44,Completed
230,22,116,2023-01-23,5,246.25,112.25,Processing
231,165,155,2023-01-23,4,1600.4,1053.4,Completed
232,32,116,2023-01-23,1,49.25,22.45,Shipped
233,176,183,2023-01-23,1,198.75,113.88,Completed
234,89,11,2023-01-23,2,809.7,493.46,Processing
235,225,135,2023-01-23,5,1652.25,664.8,Processing
236,187,96,2023-01-23,3,650.16,314.4,Completed
237,174,174,2023-01-23,5,2418.9,1170.1,Completed
238,172,17,2023-01-23,3,818.25,566.19,Completed
239,198,73,2023-01-23,3,652.02,302.25,Processing
240,77,86,2023-01-23,1,468.4,267.6,Completed
241,73,235,2023-01-23,3,1068.45,447.96,Completed
242,201,34,2023-01-23,5,611.15,250.35,Processing
243,44,80,2023-01-23,5,613.8,286.05,Completed
244,169,209,2023-01-23,2,259.94,141.02,Processing
245,270,24,2023-01-23,4,237.96,115.04,Completed
246,186,80,2023-01-24,2,245.52,114.42,Cancelled
247,175,243,2023-01-24,4,1712.76,1175.0,Completed
248,71,40,2023-01-24,1,139.79,66.26,Completed
249,52,130,2023-01-24,5,699.75,475.8,Shipped
250,270,10,2023-01-24,3,1219.86,490.32,Shipped
251,193,40,2023-01-25,2,279.58,132.52,Completed
252,85,185,2023-01-25,4,43.32,29.36,Completed
253,187,174,2023-01-25,2,967.56,468.04,Cancelled
254,146,193,2023-01-25,4,828.72,405.0,Completed
255,123,80,2023-01-25,4,491.04,228.84,Shipped
256,100,95,2023-01-25,5,516.0,275.85,Cancelled
257,237,197,2023-01-25,3,472.41,266.61,Processing
258,258,136,2023-01-25,4,1641.52,804.04,Cancelled
259,103,206,2023-01-25,5,2055.15,1285.15,Completed
260,27,165,2023-01-26,4,1612.4,1062.92,Shipped
261,284,240,2023-01-26,1,429.8,270.64,Processing
262,265,218,2023-01-26,1,263.8,109.49,Completed
263,83,70,2023-01-26,4,1541.04,675.76,Shipped
264,76,213,2023-01-26,4,1008.96,477.44,Completed
265,114,210,2023-01-26,4,1705.48,719.44,Shipped
266,14,107,2023-01-26,1,232.95,122.74,Completed
267,192,61,2023-01-26,4,1534.52,862.12,Cancelled
268,192,58,2023-01-26,1,457.19,302.27,Completed
269,51,215,2023-01-26,3,1133.91,715.5,Processing
270,71,10,2023-01-26,3,1219.86,490.32,Shipped
271,242,179,2023-01-26,2,963.28,462.02,Processing
272,241,115,2023-01-26,5,435.7,299.85,Completed
273,10,66,2023-01-27,2,321.36,134.12,Shipped
274,281,241,2023-01-27,5,981.95,394.5,Completed
275,57,199,2023-01-27,3,661.95,379.95,Completed
276,63,13,2023-01-27,2,958.06,479.96,Completed
277,235,17,2023-01-27,1,272.75,188.73,Shipped
278,256,153,2023-01-27,5,412.85,180.9,Completed
279,264,148,2023-01-27,2,746.4,422.1,Processing
280,220,1,2023-01-28,5,1616.6,658.75,Completed
281,293,107,2023-01-28,2,465.9,245.48,Processing
282,44,135,2023-01-28,3,991.35,398.88,Completed
283,270,140,2023-01-28,5,717.25,417.05,Processing
284,284,6,2023-01-29,4,468.52,258.44,Shipped
285,23,163,2023-01-29,4,88.6,55.0,Cancelled
286,130,192,2023-01-29,1,161.55,84.41,Completed
287,35,89,2023-01-29,2,115.0,60.88,Processing
288,54,198,2023-01-29,5,51.0,24.8,Processing
289,171,35,2023-01-29,1,164.57,79.05,Completed
290,90,213,2023-01-30,4,1008.96,477.44,Cancelled
291,246,162,2023-01-30,2,814.56,541.22,Shipped
292,33,184,2023-01-30,4,539.24,330.36,Completed
293,104,12,2023-01-30,2,353.44,157.86,Shipped
294,162,239,2023-01-30,3,888.6,540.84,Completed
295,279,122,2023-01-30,3,798.48,543.3,Completed
296,98,74,2023-01-30,3,822.78,509.28,Shipped
297,25,222,2023-01-30,3,905.31,620.16,Completed
298,189,112,2023-01-30,4,1102.72,688.52,Processing
299,198,87,2023-01-30,2,483.22,307.04,Completed
300,255,95,2023-01-30,5,516.0,275.85,Completed
301,43,187,2023-01-30,4,1494.24,898.32,Completed
302,93,140,2023-01-30,3,430.35,250.23,Completed
303,41,84,2023-01-30,3,379.86,228.18,Completed
304,219,43,2023-01-30,4,822.84,383.28,Completed
305,181,158,2023-01-31,4,1569.04,1043.8,Completed
306,30,20,2023-01-31,4,1728.96,991.04,Completed
307,82,244,2023-01-31,1,215.32,134.41,Completed
308,225,9,2023-01-31,2,236.04,136.14,Completed
309,188,93,2023-01-31,4,829.12,416.04,Shipped
310,17,155,2023-01-31,2,800.2,526.7,Processing
311,191,114,2023-02-01,1,256.4,168.15,Completed
312,272,94,2023-02-01,4,1728.88,820.52,Completed
313,143,64,2023-02-01,1,19.54,13.26,Completed
314,96,128,2023-02-01,5,2496.2,1744.4,Completed
315,288,31,2023-02-01,3,1484.61,878.88,Processing
316,229,55,2023-02-01,5,1161.6,797.05,Completed
317,252,52,2023-02-01,1,344.04,193.04,Completed
318,38,116,2023-02-01,2,98.5,44.9,Shipped
319,228,23,2023-02-01,3,147.3,69.21,Processing
320,34,141,2023-02-01,5,1808.15,833.7,Completed
321,154,218,2023-02-01,2,527.6,218.98,Processing
322,90,204,2023-02-01,3,154.65,85.77,Completed
323,63,52,2023-02-01,2,688.08,386.08,Completed
324,253,7,2023-02-01,3,69.0,31.71,Completed
325,189,120,2023-02-01,5,1506.55,882.55,Completed
326,45,17,2023-02-01,3,818.25,566.19,Completed
327,270,106,2023-02-02,4,559.8,355.6,Shipped
328,38,33,2023-02-02,3,1269.0,803.01,Processing
329,231,120,2023-02-02,5,1506.55,882.55,Completed
330,283,164,2023-02-02,5,863.85,586.75,Completed
331,67,111,2023-02-02,5,2423.35,1390.4,Shipped
332,29,213,2023-02-02,1,252.24,119.36,Completed
333,156,43,2023-02-02,2,411.42,191.64,Completed
334,116,89,2023-02-02,5,287.5,152.2,Shipped
335,41,65,2023-02-02,2,881.14,572.3,Processing
336,283,71,2023-02-02,2,485.78,274.44,Processing
337,274,24,2023-02-02,5,297.45,143.8,Processing
338,298,40,2023-02-02,2,279.58,132.52,Processing
339,173,216,2023-02-02,5,311.15,164.15,Completed
340,15,21,2023-02-02,1,355.24,146.98,Shipped
341,296,68,2023-02-02,2,103.94,56.74,Processing
342,214,159,2023-02-02,1,209.12,122.59,Completed
343,280,75,2023-02-02,3,325.68,160.74,Completed
344,208,77,2023-02-02,4,898.68,499.0,Completed
345,31,41,2023-02-02,4,1140.28,546.0,Completed
346,238,53,2023-02-02,3,422.22,250.08,Processing
347,164,188,2023-02-03,3,565.41,238.02,Cancelled
348,67,195,2023-02-03,3,1412.34,851.91,Completed
349,55,82,2023-02-03,2,244.36,164.12,Completed
350,137,116,2023-02-03,2,98.5,44.9,Completed
351,26,75,2023-02-03,4,434.24,214.32,Shipped
352,215,64,2023-02-03,2,39.08,26.52,Shipped
353,296,185,2023-02-03,3,32.49,22.02,Completed
354,82,128,2023-02-03,5,2496.2,1744.4,Completed
355,158,128,2023-02-03,1,499.24,348.88,Completed
356,202,130,2023-02-03,4,559.8,380.64,Cancelled
357,111,150,2023-02-03,3,140.61,93.51,Completed
358,145,127,2023-02-03,5,227.75,122.4,Shipped
359,241,74,2023-02-03,5,1371.3,848.8,Completed
360,56,111,2023-02-03,2,969.34,556.16,Shipped
361,188,196,2023-02-03,4,1809.48,1057.92,Completed
362,27,146,2023-02-04,5,58.7,37.05,Completed
363,284,74,2023-02-04,1,274.26,169.76,Completed
364,231,196,2023-02-04,5,2261.85,1322.4,Completed
365,61,33,2023-02-04,1,423.0,267.67,Completed
366,174,143,2023-02-04,3,748.14,502.44,Processing
367,261,103,2023-02-05,5,1239.8,575.4,Completed
368,20,36,2023-02-05,3,340.14,232.26,Shipped
369,266,117,2023-02-05,2,603.14,363.44,Processing
370,168,239,2023-02-06,5,1481.0,901.4,Completed
371,202,158,2023-02-06,3,1176.78,782.85,Completed
372,260,213,2023-02-06,5,1261.2,596.8,Completed
373,289,77,2023-02-06,4,898.68,499.0,Shipped
374,189,85,2023-02-06,1,114.98,50.56,Cancelled
375,299,79,2023-02-06,1,175.66,101.27,Completed
376,136,248,2023-02-06,5,873.5,527.35,Completed
377,27,150,2023-02-06,4,187.48,124.68,Completed
378,195,38,2023-02-06,2,662.32,343.54,Completed
379,98,5,2023-02-07,4,866.96,354.52,Completed
380,78,106,2023-02-07,2,279.9,177.8,Completed
381,242,224,2023-02-07,1,362.44,199.86,Processing
382,266,54,2023-02-07,5,323.3,171.5,Completed
383,245,135,2023-02-07,4,1321.8,531.84,Completed
384,89,118,2023-02-07,5,626.25,273.0,Completed
385,182,174,2023-02-07,3,1451.34,702.06,Processing
386,99,246,2023-02-07,2,236.12,110.0,Completed
387,116,242,2023-02-08,3,547.08,342.51,Processing
388,107,177,2023-02-08,4,1880.92,817.44,Completed
389,179,144,2023-02-08,3,1273.77,544.77,Completed
390,294,174,2023-02-08,5,2418.9,1170.1,Completed
391,203,210,2023-02-08,3,1279.11,539.58,Cancelled
392,75,75,2023-02-08,1,108.56,53.58,Completed
393,41,89,2023-02-08,4,230.0,121.76,Processing
394,246,55,2023-02-08,2,464.64,318.82,Shipped
395,139,239,2023-02-08,5,1481.0,901.4,Processing
396,71,28,2023-02-08,5,1637.7,954.35,Processing
397,123,63,2023-02-08,1,10.28,5.11,Processing
398,272,58,2023-02-08,2,914.38,604.54,Completed
399,212,85,2023-02-08,4,459.92,202.24,Completed
400,71,2,2023-02-08,5,723.8,338.0,Cancelled
401,209,168,2023-02-09,4,1749.44,1150.4,Completed
402,103,194,2023-02-09,3,217.11,114.24,Completed
403,31,233,2023-02-09,1,274.67,121.27,Processing
404,119,137,2023-02-09,1,335.06,228.4,Shipped
405,90,107,2023-02-09,2,465.9,245.48,Shipped
406,19,215,2023-02-09,4,1511.88,954.0,Processing
407,96,240,2023-02-09,3,1289.4,811.92,Shipped
408,5,77,2023-02-09,5,1123.35,623.75,Processing
409,172,73,2023-02-09,4,869.36,403.0,Cancelled
410,279,135,2023-02-09,4,1321.8,531.84,Shipped
411,259,120,2023-02-10,3,903.93,529.53,Completed
412,58,85,2023-02-10,2,229.96,101.12,Processing
413,132,184,2023-02-10,2,269.62,165.18,Completed
414,173,203,2023-02-10,3,1200.15,541.17,Completed
415,99,45,2023-02-10,5,272.75,112.95,Shipped
416,208,212,2023-02-10,4,421.08,256.4,Completed
417,45,103,2023-02-10,1,247.96,115.08,Completed
418,72,123,2023-02-10,3,330.27,203.07,Shipped
419,4,67,2023-02-10,4,1760.88,1204.6,Completed
420,137,245,2023-02-11,3,832.8,483.84,Completed
421,294,3,2023-02-11,3,1112.61,670.92,Processing
422,121,16,2023-02-11,1,405.49,250.97,Completed
423,82,104,2023-02-11,5,1032.55,431.2,Shipped
424,160,177,2023-02-11,1,470.23,204.36,Processing
425,152,95,2023-02-11,5,516.0,275.85,Completed
426,69,123,2023-02-11,2,220.18,135.38,Completed
427,192,107,2023-02-11,5,1164.75,613.7,Shipped
428,276,206,2023-02-12,2,822.06,514.06,Processing
429,42,135,2023-02-12,4,1321.8,531.84,Completed
430,186,20,2023-02-12,5,2161.2,1238.8,Completed
431,281,232,2023-02-12,5,715.7,354.9,Completed
432,275,39,2023-02-12,2,916.26,492.64,Completed
433,267,114,2023-02-12,1,256.4,168.15,Processing
434,299,126,2023-02-12,1,164.93,103.17,Shipped
435,229,208,2023-02-12,1,107.57,43.82,Completed
436,234,145,2023-02-13,1,217.55,105.08,Completed
437,158,186,2023-02-13,1,273.84,168.64,Completed
438,2,191,2023-02-13,2,725.36,355.5,Completed
439,24,109,2023-02-13,3,846.99,521.34,Processing
440,278,16,2023-02-13,1,405.49,250.97,Cancelled
441,242,9,2023-02-13,3,354.06,204.21,Completed
442,70,197,2023-02-13,4,629.88,355.48,Completed
443,196,115,2023-02-13,4,348.56,239.88,Completed
444,277,35,2023-02-13,3,493.71,237.15,Completed
445,276,101,2023-02-13,5,2424.05,1643.3,Completed
446,115,214,2023-02-13,1,331.47,133.14,Processing
447,153,119,2023-02-13,5,2231.2,1057.3,Completed
448,195,211,2023-02-13,2,426.16,250.98,Completed
449,178,40,2023-02-13,3,419.37,198.78,Completed
450,58,9,2023-02-13,4,472.08,272.28,Processing
451,9,62,2023-02-13,2,783.06,437.82,Completed
452,18,115,2023-02-13,5,435.7,299.85,Processing
453,25,63,2023-02-13,1,10.28,5.11,Completed
454,277,56,2023-02-14,1,439.17,210.37,Completed
455,149,60,2023-02-14,5,1542.0,687.5,Completed
456,165,61,2023-02-14,3,1150.89,646.59,Shipped
457,267,57,2023-02-14,4,1021.16,463.2,Completed
458,32,143,2023-02-14,5,1246.9,837.4,Shipped
459,90,161,2023-02-14,4,1734.64,1201.88,Completed
460,25,249,2023-02-14,3,624.36,280.65,Shipped
461,196,202,2023-02-14,5,1209.3,810.65,Completed
462,214,105,2023-02-14,2,391.4,272.26,Completed
463,95,194,2023-02-14,5,361.85,190.4,Completed
464,116,77,2023-02-14,2,449.34,249.5,Shipped
465,30,144,2023-02-14,4,1698.36,726.36,Cancelled
466,199,63,2023-02-15,3,30.84,15.33,Completed
467,41,237,2023-02-15,4,854.92,395.0,Shipped
468,48,138,2023-02-15,2,151.6,65.88,Completed
469,194,173,2023-02-15,5,854.25,563.2,Processing
470,38,49,2023-02-15,5,2490.5,1391.55,Processing
471,287,56,2023-02-15,4,1756.68,841.48,Completed
472,171,78,2023-02-15,1,69.29,32.39,Completed
473,98,247,2023-02-15,1,223.56,91.37,Processing
474,246,235,2023-02-15,2,712.3,298.64,Processing
475,204,235,2023-02-16,2,712.3,298.64,Completed
476,145,98,2023-02-16,4,908.52,598.16,Completed
477,184,79,2023-02-16,3,526.98,303.81,Completed
478,255,120,2023-02-16,1,301.31,176.51,Shipped
479,241,195,2023-02-16,3,1412.34,851.91,Shipped
480,190,81,2023-02-16,4,179.16,105.6,Completed
481,114,190,2023-02-16,2,327.64,214.4,Completed
482,284,240,2023-02-16,5,2149.0,1353.2,Completed
483,214,76,2023-02-16,2,995.24,592.14,Completed
484,118,98,2023-02-16,5,1135.65,747.7,Shipped
485,256,141,2023-02-16,3,1084.89,500.22,Completed
486,252,118,2023-02-17,2,250.5,109.2,Processing
487,181,44,2023-02-17,2,997.58,551.52,Processing
488,251,48,2023-02-17,5,205.65,105.8,Cancelled
489,31,135,2023-02-17,1,330.45,132.96,Shipped
490,39,242,2023-02-17,1,182.36,114.17,Processing
491,212,36,2023-02-17,2,226.76,154.84,Completed
492,78,3,2023-02-17,2,741.74,447.28,Completed
493,192,16,2023-02-17,5,2027.45,1254.85,Processing
494,248,169,2023-02-17,4,475.96,307.0,Completed
495,273,142,2023-02-17,4,1283.12,614.88,Completed
496,272,185,2023-02-17,3,32.49,22.02,Completed
497,147,5,2023-02-17,5,1083.7,443.15,Shipped
498,221,207,2023-02-17,2,679.34,317.52,Completed
499,50,135,2023-02-17,2,660.9,265.92,Completed
500,270,65,2023-02-17,3,1321.71,858.45,Completed
501,204,21,2023-02-17,3,1065.72,440.94,Cancelled
502,236,145,2023-02-17,2,435.1,210.16,Cancelled
503,116,77,2023-02-17,1,224.67,124.75,Processing
504,17,24,2023-02-17,4,237.96,115.04,Completed
505,283,122,2023-02-17,1,266.16,181.1,Processing
506,88,22,2023-02-18,4,486.68,236.92,Shipped
507,170,145,2023-02-18,1,217.55,105.08,Shipped
508,22,59,2023-02-18,2,312.48,184.88,Shipped
509,291,122,2023-02-18,3,798.48,543.3,Completed
510,39,176,2023-02-18,3,1472.28,825.75,Shipped
511,289,169,2023-02-18,1,118.99,76.75,Completed
512,162,5,2023-02-18,2,433.48,177.26,Completed
513,204,238,2023-02-19,1,215.87,144.95,Completed
514,289,62,2023-02-19,5,1957.65,1094.55,Shipped
515,200,174,2023-02-19,5,2418.9,1170.1,Completed
516,72,203,2023-02-19,1,400.05,180.39,Completed
517,178,14,2023-02-19,1,55.45,23.79,Completed
518,39,88,2023-02-19,5,2028.35,927.2,Processing
519,204,249,2023-02-19,3,624.36,280.65,Completed
520,140,201,2023-02-19,4,906.64,420.8,Completed
521,284,241,2023-02-20,4,785.56,315.6,Completed
522,300,170,2023-02-20,4,942.2,463.16,Completed
523,152,205,2023-02-20,2,640.28,320.5,Processing
524,43,69,2023-02-20,2,87.82,55.16,Completed
525,79,190,2023-02-20,4,655.28,428.8,Completed
526,55,24,2023-02-20,1,59.49,28.76,Shipped
527,228,93,2023-02-20,3,621.84,312.03,Completed
528,45,48,2023-02-20,4,164.52,84.64,Completed
529,285,132,2023-02-20,4,764.28,341.88,Completed
530,46,91,2023-02-20,5,1836.25,1105.45,Completed
531,167,222,2023-02-20,4,1207.08,826.88,Completed
532,212,100,2023-02-20,1,499.65,325.18,Processing
533,287,232,2023-02-20,2,286.28,141.96,Completed
534,87,176,2023-02-20,4,1963.04,1101.0,Completed
535,138,78,2023-02-20,3,207.87,97.17,Completed
536,33,43,2023-02-20,4,822.84,383.28,Completed
537,248,201,2023-02-21,1,226.66,105.2,Completed
538,127,185,2023-02-21,4,43.32,29.36,Completed
539,101,118,2023-02-21,1,125.25,54.6,Completed
540,4,243,2023-02-21,4,1712.76,1175.0,Completed
541,195,206,2023-02-21,3,1233.09,771.09,Completed
542,221,209,2023-02-21,5,649.85,352.55,Completed
543,165,155,2023-02-21,2,800.2,526.7,Completed
544,91,247,2023-02-21,4,894.24,365.48,Cancelled
545,150,189,2023-02-21,4,1341.92,669.68,Cancelled
546,125,84,2023-02-21,4,506.48,304.24,Completed
547,202,94,2023-02-21,1,432.22,205.13,Shipped
548,103,152,2023-02-21,5,2094.75,1203.95,Completed
549,282,7,2023-02-21,4,92.0,42.28,Shipped
550,108,113,2023-02-21,3,114.03,65.61,Shipped
551,210,173,2023-02-22,4,683.4,450.56,Completed
552,156,62,2023-02-22,3,1174.59,656.73,Processing
553,217,203,2023-02-22,4,1600.2,721.56,Completed
554,246,150,2023-02-22,4,187.48,124.68,Completed
555,215,140,2023-02-22,1,143.45,83.41,Processing
556,185,180,2023-02-22,5,315.6,167.4,Completed
557,44,28,2023-02-22,2,655.08,381.74,Processing
558,86,166,2023-02-23,5,2036.35,977.55,Completed
559,205,248,2023-02-23,3,524.1,316.41,Cancelled
560,221,28,2023-02-23,1,327.54,190.87,Completed
561,114,131,2023-02-23,5,2208.1,1465.7,Completed
562,295,57,2023-02-23,4,1021.16,463.2,Completed
563,238,198,2023-02-23,5,51.0,24.8,Processing
564,78,89,2023-02-23,1,57.5,30.44,Completed
565,152,107,2023-02-23,1,232.95,122.74,Completed
566,73,90,2023-02-23,3,652.65,352.5,Completed
567,106,134,2023-02-23,4,1238.88,862.48,Completed
568,50,113,2023-02-23,4,152.04,87.48,Completed
569,154,12,2023-02-23,1,176.72,78.93,Completed
570,176,166,2023-02-23,1,407.27,195.51,Processing
571,85,239,2023-02-23,2,592.4,360.56,Completed
572,283,41,2023-02-23,3,855.21,409.5,Completed
573,237,60,2023-02-23,4,1233.6,550.0,Processing
574,222,102,2023-02-24,1,425.86,191.59,Processing
575,102,116,2023-02-24,5,246.25,112.25,Completed
576,3,181,2023-02-24,2,733.98,362.66,Completed
577,33,148,2023-02-24,1,373.2,211.05,Processing
578,275,48,2023-02-24,3,123.39,63.48,Completed
579,235,30,2023-02-24,3,270.21,138.84,Processing
580,251,136,2023-02-24,3,1231.14,603.03,Completed
581,201,151,2023-02-24,1,452.93,255.31,Completed
582,235,159,2023-02-24,2,418.24,245.18,Shipped
583,153,236,2023-02-24,5,1048.6,590.15,Completed
584,69,81,2023-02-25,1,44.79,26.4,Completed
585,60,47,2023-02-25,3,1194.36,629.01,Processing
586,262,100,2023-02-25,4,1998.6,1300.72,Completed
587,295,99,2023-02-25,4,1118.64,464.44,Completed
588,276,178,2023-02-25,2,971.0,440.42,Completed
589,251,74,2023-02-25,2,548.52,339.52,Completed
590,231,159,2023-02-25,1,209.12,122.59,Shipped
591,249,35,2023-02-26,2,329.14,158.1,Shipped
592,288,130,2023-02-26,4,559.8,380.64,Completed
593,213,182,2023-02-27,4,1228.16,679.68,Completed
594,43,145,2023-02-27,1,217.55,105.08,Processing
595,113,75,2023-02-27,1,108.56,53.58,Completed
596,276,74,2023-02-27,2,548.52,339.52,Processing
597,290,191,2023-02-27,4,1450.72,711.0,Completed
598,58,147,2023-02-27,1,322.19,154.2,Completed
599,279,211,2023-02-27,3,639.24,376.47,Completed
600,22,195,2023-02-27,4,1883.12,1135.88,Completed
601,218,27,2023-02-27,2,281.64,191.8,Completed
602,17,116,2023-02-27,3,147.75,67.35,Completed
603,45,113,2023-02-27,1,38.01,21.87,Processing
604,122,54,2023-02-27,5,323.3,171.5,Processing
605,220,43,2023-02-27,5,1028.55,479.1,Completed
606,106,209,2023-02-27,2,259.94,141.02,Shipped
607,292,90,2023-02-27,5,1087.75,587.5,Completed
608,276,44,2023-02-27,3,1496.37,827.28,Cancelled
609,150,75,2023-02-27,5,542.8,267.9,Completed
610,264,231,2023-02-27,1,47.97,23.3,Completed
611,211,236,2023-02-27,1,209.72,118.03,Cancelled
612,65,180,2023-02-27,2,126.24,66.96,Completed
613,127,195,2023-02-28,4,1883.12,1135.88,Completed
614,296,162,2023-02-28,3,1221.84,811.83,Processing
615,193,116,2023-02-28,1,49.25,22.45,Processing
616,48,104,2023-02-28,5,1032.55,431.2,Processing
617,189,117,2023-02-28,4,1206.28,726.88,Completed
618,2,223,2023-02-28,1,446.8,260.84,Processing
619,235,163,2023-02-28,3,66.45,41.25,Shipped
620,274,102,2023-02-28,2,851.72,383.18,Cancelled
621,109,127,2023-02-28,3,136.65,73.44,Completed
622,146,87,2023-02-28,5,1208.05,767.6,Completed
623,290,219,2023-02-28,4,528.44,345.88,Processing
624,25,12,2023-02-28,1,176.72,78.93,Processing
625,236,5,2023-02-28,1,216.74,88.63,Shipped
626,81,113,2023-02-28,4,152.04,87.48,Completed
627,220,52,2023-02-28,2,688.08,386.08,Shipped
628,82,224,2023-03-01,3,1087.32,599.58,Completed
629,185,65,2023-03-01,1,440.57,286.15,Completed
630,85,14,2023-03-01,4,221.8,95.16,Processing
631,120,110,2023-03-01,1,85.85,41.98,Processing
632,1,55,2023-03-01,4,929.28,637.64,Completed
633,116,133,2023-03-01,4,1674.16,1023.0,Completed
634,176,210,2023-03-01,1,426.37,179.86,Cancelled
635,217,178,2023-03-01,2,971.0,440.42,Completed
636,118,99,2023-03-01,1,279.66,116.11,Processing
637,53,27,2023-03-01,3,422.46,287.7,Completed
638,154,36,2023-03-01,4,453.52,309.68,Processing
639,69,165,2023-03-01,2,806.2,531.46,Completed
640,289,3,2023-03-01,5,1854.35,1118.2,Processing
641,226,90,2023-03-01,2,435.1,235.0,Processing
642,211,158,2023-03-02,4,1569.04,1043.8,Shipped
643,45,230,2023-03-02,1,317.11,152.97,Completed
644,64,151,2023-03-02,4,1811.72,1021.24,Completed
645,220,81,2023-03-02,2,89.58,52.8,Completed
646,44,64,2023-03-02,5,97.7,66.3,Processing
647,146,200,2023-03-02,1,330.81,178.47,Shipped
648,155,53,2023-03-02,5,703.7,416.8,Processing
649,97,192,2023-03-02,4,646.2,337.64,Completed
650,28,201,2023-03-02,2,453.32,210.4,Completed
651,124,128,2023-03-03,5,2496.2,1744.4,Completed
652,7,93,2023-03-03,3,621.84,312.03,Completed
653,292,108,2023-03-03,3,1437.27,1004.13,Completed
654,89,196,2023-03-03,4,1809.48,1057.92,Cancelled
655,38,5,2023-03-03,5,1083.7,443.15,Completed
656,135,56,2023-03-03,1,439.17,210.37,Shipped
657,204,130,2023-03-03,3,419.85,285.48,Processing
658,257,197,2023-03-03,4,629.88,355.48,Completed
659,43,164,2023-03-04,5,863.85,586.75,Completed
660,79,72,2023-03-04,1,139.88,92.56,Completed
661,262,236,2023-03-04,2,419.44,236.06,Cancelled
662,80,138,2023-03-04,3,227.4,98.82,Completed
663,34,80,2023-03-04,4,491.04,228.84,Processing
664,123,15,2023-03-05,2,850.54,494.26,Completed
665,223,30,2023-03-05,4,360.28,185.12,Processing
666,29,80,2023-03-05,2,245.52,114.42,Completed
667,71,180,2023-03-05,1,63.12,33.48,Completed
668,178,134,2023-03-05,5,1548.6,1078.1,Processing
669,133,43,2023-03-05,3,617.13,287.46,Completed
670,138,188,2023-03-05,1,188.47,79.34,Processing
671,16,86,2023-03-05,4,1873.6,1070.4,Completed
672,135,183,2023-03-06,5,993.75,569.4,Processing
673,255,117,2023-03-06,5,1507.85,908.6,Completed
674,256,220,2023-03-06,5,1168.35,748.25,Completed
675,81,66,2023-03-06,1,160.68,67.06,Shipped
676,60,59,2023-03-06,5,781.2,462.2,Completed
677,7,63,2023-03-06,1,10.28,5.11,Completed
678,197,236,2023-03-06,2,419.44,236.06,Completed
679,284,206,2023-03-07,4,1644.12,1028.12,Completed
680,128,107,2023-03-07,3,698.85,368.22,Completed
681,40,147,2023-03-07,3,966.57,462.6,Completed
682,27,46,2023-03-07,2,127.46,74.98,Shipped
683,24,245,2023-03-07,4,1110.4,645.12,Completed
684,239,222,2023-03-07,3,905.31,620.16,Processing
685,168,23,2023-03-08,5,245.5,115.35,Completed
686,189,52,2023-03-08,3,1032.12,579.12,Completed
687,156,190,2023-03-08,5,819.1,536.0,Completed
688,189,152,2023-03-08,4,1675.8,963.16,Cancelled
689,101,188,2023-03-08,5,942.35,396.7,Processing
690,126,39,2023-03-08,1,458.13,246.32,Shipped
691,13,60,2023-03-08,5,1542.0,687.5,Completed
692,5,244,2023-03-08,3,645.96,403.23,Completed
693,193,218,2023-03-08,3,791.4,328.47,Completed
694,272,61,2023-03-08,4,1534.52,862.12,Completed
695,31,249,2023-03-08,2,416.24,187.1,Processing
696,48,12,2023-03-08,2,353.44,157.86,Shipped
697,267,106,2023-03-08,3,419.85,266.7,Completed
698,44,149,2023-03-08,1,219.57,88.46,Completed
699,39,152,2023-03-09,5,2094.75,1203.95,Completed
700,67,61,2023-03-09,3,1150.89,646.59,Completed
701,162,238,2023-03-09,4,863.48,579.8,Processing
702,168,82,2023-03-09,4,488.72,328.24,Completed
703,39,242,2023-03-09,2,364.72,228.34,Completed
704,300,28,2023-03-09,2,655.08,381.74,Completed
705,231,120,2023-03-09,3,903.93,529.53,Completed
706,275,92,2023-03-09,2,984.48,422.86,Completed
707,238,68,2023-03-09,1,51.97,28.37,Completed
708,156,212,2023-03-09,5,526.35,320.5,Completed
709,168,38,2023-03-09,1,331.16,171.77,Processing
710,183,102,2023-03-09,5,2129.3,957.95,Completed
711,154,67,2023-03-09,2,880.44,602.3,Completed
712,208,219,2023-03-09,4,528.44,345.88,Completed
713,282,64,2023-03-09,1,19.54,13.26,Completed
714,72,32,2023-03-09,1,282.91,171.27,Completed
715,114,34,2023-03-09,2,244.46,100.14,Shipped
716,44,150,2023-03-10,5,234.35,155.85,Completed
717,39,6,2023-03-10,1,117.13,64.61,Completed
718,228,208,2023-03-10,2,215.14,87.64,Completed
719,170,32,2023-03-10,1,282.91,171.27,Shipped
720,26,44,2023-03-10,5,2493.95,1378.8,Completed
721,203,128,2023-03-10,1,499.24,348.88,Completed
722,219,45,2023-03-10,3,163.65,67.77,Completed
723,96,71,2023-03-10,3,728.67,411.66,Completed
724,77,9,2023-03-10,5,590.1,340.35,Processing
725,126,166,2023-03-10,3,1221.81,586.53,Completed
726,282,123,2023-03-10,1,110.09,67.69,Completed
727,197,36,2023-03-10,4,453.52,309.68,Completed
728,270,64,2023-03-10,5,97.7,66.3,Processing
729,196,201,2023-03-10,3,679.98,315.6,Completed
730,249,89,2023-03-10,5,287.5,152.2,Completed
731,199,70,2023-03-10,2,770.52,337.88,Completed
732,113,8,2023-03-11,3,985.32,555.21,Completed
733,242,136,2023-03-11,3,1231.14,603.03,Processing
734,120,250,2023-03-11,2,478.04,209.52,Completed
735,124,69,2023-03-11,5,219.55,137.9,Shipped
736,29,196,2023-03-11,2,904.74,528.96,Completed
737,199,91,2023-03-11,2,734.5,442.18,Completed
738,163,207,2023-03-12,3,1019.01,476.28,Shipped
739,15,181,2023-03-12,3,1100.97,543.99,Shipped
740,289,37,2023-03-12,5,2197.1,1086.25,Shipped
741,253,139,2023-03-12,3,187.35,106.02,Completed
742,20,24,2023-03-12,1,59.49,28.76,Completed
743,113,6,2023-03-12,5,585.65,323.05,Completed
744,104,207,2023-03-13,2,679.34,317.52,Completed
745,91,236,2023-03-13,3,629.16,354.09,Completed
746,76,151,2023-03-13,2,905.86,510.62,Processing
747,270,221,2023-03-13,3,1011.33,704.25,Cancelled
748,192,181,2023-03-13,4,1467.96,725.32,Completed
749,173,78,2023-03-13,3,207.87,97.17,Completed
750,81,188,2023-03-13,4,753.88,317.36,Processing
751,250,167,2023-03-13,3,1187.43,513.48,Completed
752,288,178,2023-03-13,5,2427.5,1101.05,Processing
753,115,171,2023-03-13,5,1998.6,935.9,Shipped
754,194,79,2023-03-13,3,526.98,303.81,Completed
755,1,243,2023-03-13,5,2140.95,1468.75,Completed
756,291,9,2023-03-13,2,236.04,136.14,Processing
757,114,164,2023-03-13,5,863.85,586.75,Completed
758,255,37,2023-03-13,3,1318.26,651.75,Processing
759,178,82,2023-03-14,2,244.36,164.12,Processing
760,46,211,2023-03-14,3,639.24,376.47,Completed
761,136,54,2023-03-14,2,129.32,68.6,Processing
762,180,66,2023-03-14,1,160.68,67.06,Processing
763,25,99,2023-03-14,4,1118.64,464.44,Processing
764,86,227,2023-03-14,4,970.36,463.6,Completed
765,194,90,2023-03-14,5,1087.75,587.5,Completed
766,246,202,2023-03-14,5,1209.3,810.65,Processing
767,116,42,2023-03-14,4,1185.8,793.72,Completed
768,18,76,2023-03-14,1,497.62,296.07,Completed
769,54,19,2023-03-14,3,1249.23,731.49,Completed
770,193,42,2023-03-14,1,296.45,198.43,Completed
771,174,153,2023-03-15,5,412.85,180.9,Shipped
772,16,111,2023-03-15,2,969.34,556.16,Processing
773,223,41,2023-03-15,1,285.07,136.5,Completed
774,106,250,2023-03-15,2,478.04,209.52,Completed
775,284,185,2023-03-15,5,54.15,36.7,Completed
776,145,77,2023-03-15,2,449.34,249.5,Completed
777,202,147,2023-03-15,5,1610.95,771.0,Shipped
778,28,93,2023-03-16,1,207.28,104.01,Completed
779,151,211,2023-03-16,5,1065.4,627.45,Completed
780,50,7,2023-03-16,2,46.0,21.14,Completed
781,150,21,2023-03-16,4,1420.96,587.92,Shipped
782,158,201,2023-03-16,4,906.64,420.8,Completed
783,136,24,2023-03-16,5,297.45,143.8,Completed
784,190,227,2023-03-16,4,970.36,463.6,Completed
785,229,12,2023-03-16,3,530.16,236.79,Completed
786,135,58,2023-03-16,3,1371.57,906.81,Completed
787,50,22,2023-03-17,3,365.01,177.69,Shipped
788,212,249,2023-03-17,5,1040.6,467.75,Completed
789,32,216,2023-03-17,4,248.92,131.32,Shipped
790,215,248,2023-03-17,5,873.5,527.35,Processing
791,244,147,2023-03-17,2,644.38,308.4,Completed
792,41,102,2023-03-17,1,425.86,191.59,Completed
793,265,205,2023-03-17,5,1600.7,801.25,Processing
794,76,31,2023-03-17,4,1979.48,1171.84,Completed
795,86,249,2023-03-17,2,416.24,187.1,Shipped
796,22,109,2023-03-18,1,282.33,173.78,Cancelled
797,223,52,2023-03-18,2,688.08,386.08,Shipped
798,133,82,2023-03-18,1,122.18,82.06,Completed
799,204,142,2023-03-19,3,962.34,461.16,Shipped
800,267,118,2023-03-19,1,125.25,54.6,Processing
801,268,201,2023-03-19,4,906.64,420.8,Completed
802,77,38,2023-03-19,5,1655.8,858.85,Completed
803,52,237,2023-03-19,1,213.73,98.75,Completed
804,52,202,2023-03-19,3,725.58,486.39,Shipped
805,211,68,2023-03-20,4,207.88,113.48,Processing
806,293,156,2023-03-20,4,1801.88,834.32,Completed
807,142,104,2023-03-20,2,413.02,172.48,Processing
808,206,10,2023-03-20,4,1626.48,653.76,Shipped
809,170,177,2023-03-20,2,940.46,408.72,Completed
810,244,236,2023-03-20,3,629.16,354.09,Shipped
811,11,87,2023-03-20,3,724.83,460.56,Completed
812,252,220,2023-03-20,1,233.67,149.65,Cancelled
813,117,35,2023-03-20,3,493.71,237.15,Cancelled
814,227,199,2023-03-20,3,661.95,379.95,Completed
815,214,155,2023-03-20,1,400.1,263.35,Completed
816,109,234,2023-03-20,4,493.28,300.0,Processing
817,265,223,2023-03-20,3,1340.4,782.52,Shipped
818,264,203,2023-03-20,2,800.1,360.78,Completed
819,260,104,2023-03-20,2,413.02,172.48,Processing
820,269,226,2023-03-20,5,2248.15,1400.8,Completed
821,103,215,2023-03-21,1,377.97,238.5,Completed
822,234,13,2023-03-21,3,1437.09,719.94,Processing
823,141,95,2023-03-21,4,412.8,220.68,Completed
824,64,175,2023-03-21,1,324.33,168.62,Completed
825,251,153,2023-03-21,4,330.28,144.72,Completed
826,243,151,2023-03-21,5,2264.65,1276.55,Completed
827,84,215,2023-03-21,3,1133.91,715.5,Processing
828,47,73,2023-03-21,1,217.34,100.75,Completed
829,84,219,2023-03-21,5,660.55,432.35,Processing
830,110,220,2023-03-21,2,467.34,299.3,Processing
831,106,69,2023-03-21,4,175.64,110.32,Completed
832,243,234,2023-03-22,2,246.64,150.0,Processing
833,5,58,2023-03-22,3,1371.57,906.81,Processing
834,157,183,2023-03-22,3,596.25,341.64,Completed
835,193,219,2023-03-22,3,396.33,259.41,Completed
836,112,120,2023-03-22,3,903.93,529.53,Processing
837,300,27,2023-03-23,1,140.82,95.9,Completed
838,192,144,2023-03-23,5,2122.95,907.95,Processing
839,153,176,2023-03-23,1,490.76,275.25,Completed
840,173,71,2023-03-23,3,728.67,411.66,Shipped
841,134,168,2023-03-23,3,1312.08,862.8,Completed
842,265,196,2023-03-23,2,904.74,528.96,Shipped
843,207,170,2023-03-23,3,706.65,347.37,Processing
844,14,168,2023-03-23,4,1749.44,1150.4,Cancelled
845,133,233,2023-03-23,4,1098.68,485.08,Completed
846,19,150,2023-03-23,5,234.35,155.85,Shipped
847,176,186,2023-03-23,2,547.68,337.28,Processing
848,244,233,2023-03-23,3,824.01,363.81,Completed
849,88,216,2023-03-23,5,311.15,164.15,Completed
850,50,121,2023-03-23,2,430.84,247.78,Processing
851,287,196,2023-03-23,2,904.74,528.96,Shipped
852,172,168,2023-03-23,1,437.36,287.6,Completed
853,115,191,2023-03-23,3,1088.04,533.25,Completed
854,191,67,2023-03-24,5,2201.1,1505.75,Completed
855,61,121,2023-03-24,1,215.42,123.89,Shipped
856,299,149,2023-03-24,5,1097.85,442.3,Completed
857,100,129,2023-03-24,1,45.9,21.3,Shipped
858,196,136,2023-03-24,3,1231.14,603.03,Completed
859,78,36,2023-03-24,2,226.76,154.84,Completed
860,292,229,2023-03-24,4,1541.0,857.4,Completed
861,93,200,2023-03-24,1,330.81,178.47,Completed
862,91,81,2023-03-24,1,44.79,26.4,Completed
863,141,54,2023-03-24,2,129.32,68.6,Completed
864,82,126,2023-03-24,1,164.93,103.17,Completed
865,223,163,2023-03-24,4,88.6,55.0,Completed
866,245,99,2023-03-24,1,279.66,116.11,Completed
867,103,188,2023-03-24,3,565.41,238.02,Cancelled
868,165,194,2023-03-24,5,361.85,190.4,Completed
869,3,161,2023-03-25,2,867.32,600.94,Completed
870,177,80,2023-03-25,2,245.52,114.42,Completed
871,258,151,2023-03-25,3,1358.79,765.93,Completed
872,24,77,2023-03-25,3,674.01,374.25,Completed
873,267,153,2023-03-25,5,412.85,180.9,Completed
874,69,88,2023-03-25,4,1622.68,741.76,Completed
875,97,43,2023-03-25,4,822.84,383.28,Completed
876,68,55,2023-03-26,1,232.32,159.41,Completed
877,87,32,2023-03-26,3,848.73,513.81,Processing
878,20,97,2023-03-26,3,397.23,268.92,Processing
879,25,170,2023-03-27,1,235.55,115.79,Processing
880,11,13,2023-03-27,1,479.03,239.98,Completed
881,195,32,2023-03-27,5,1414.55,856.35,Completed
882,79,53,2023-03-27,1,140.74,83.36,Completed
883,52,170,2023-03-27,5,1177.75,578.95,Completed
884,71,108,2023-03-27,1,479.09,334.71,Completed
885,145,30,2023-03-28,1,90.07,46.28,Completed
886,103,200,2023-03-28,3,992.43,535.41,Shipped
887,104,92,2023-03-28,4,1968.96,845.72,Completed
888,21,141,2023-03-28,4,1446.52,666.96,Shipped
889,247,85,2023-03-28,2,229.96,101.12,Completed
890,46,233,2023-03-28,1,274.67,121.27,Shipped
891,253,39,2023-03-28,1,458.13,246.32,Processing
892,39,186,2023-03-28,1,273.84,168.64,Shipped
893,234,76,2023-03-29,3,1492.86,888.21,Completed
894,52,209,2023-03-29,2,259.94,141.02,Shipped
895,149,93,2023-03-29,3,621.84,312.03,Completed
896,60,25,2023-03-29,1,321.49,163.78,Completed
897,71,170,2023-03-29,2,471.1,231.58,Completed
898,225,245,2023-03-29,5,1388.0,806.4,Completed
899,48,96,2023-03-29,3,650.16,314.4,Completed
900,206,103,2023-03-29,4,991.84,460.32,Completed
901,198,177,2023-03-29,4,1880.92,817.44,Processing
902,86,29,2023-03-29,2,187.72,116.14,Processing
903,31,242,2023-03-29,2,364.72,228.34,Completed
904,248,206,2023-03-29,5,2055.15,1285.15,Processing
905,195,200,2023-03-30,3,992.43,535.41,Processing
906,67,124,2023-03-30,4,507.84,263.44,Completed
907,211,113,2023-03-30,1,38.01,21.87,Completed
908,161,4,2023-03-30,5,2235.85,952.65,Processing
909,296,186,2023-03-30,5,1369.2,843.2,Completed
910,174,133,2023-03-30,5,2092.7,1278.75,Processing
911,49,111,2023-03-30,2,969.34,556.16,Completed
912,198,39,2023-03-30,5,2290.65,1231.6,Shipped
913,28,3,2023-03-30,2,741.74,447.28,Completed
914,241,219,2023-03-30,4,528.44,345.88,Shipped
915,252,83,2023-03-31,2,862.44,363.3,Completed
916,143,13,2023-03-31,5,2395.15,1199.9,Completed
917,194,104,2023-03-31,2,413.02,172.48,Completed
918,228,206,2023-03-31,5,2055.15,1285.15,Completed
919,256,115,2023-03-31,3,261.42,179.91,Completed
920,255,191,2023-03-31,1,362.68,177.75,Completed
921,212,10,2023-03-31,5,2033.1,817.2,Completed
922,47,203,2023-04-01,5,2000.25,901.95,Cancelled
923,156,228,2023-04-01,5,655.75,387.75,Completed
924,234,244,2023-04-01,3,645.96,403.23,Completed
925,28,210,2023-04-01,2,852.74,359.72,Shipped
926,170,144,2023-04-01,5,2122.95,907.95,Completed
927,187,184,2023-04-01,4,539.24,330.36,Completed
928,114,1,2023-04-01,3,969.96,395.25,Completed
929,150,141,2023-04-01,5,1808.15,833.7,Completed
930,24,230,2023-04-02,2,634.22,305.94,Completed
931,210,28,2023-04-02,3,982.62,572.61,Processing
932,62,239,2023-04-03,4,1184.8,721.12,Completed
933,98,184,2023-04-03,3,404.43,247.77,Completed
934,213,12,2023-04-03,5,883.6,394.65,Completed
935,231,118,2023-04-03,5,626.25,273.0,Cancelled
936,69,247,2023-04-03,4,894.24,365.48,Completed
937,25,142,2023-04-03,4,1283.12,614.88,Shipped
938,248,237,2023-04-03,5,1068.65,493.75,Processing
939,91,178,2023-04-03,5,2427.5,1101.05,Completed
940,66,27,2023-04-03,4,563.28,383.6,Processing
941,165,130,2023-04-03,4,559.8,380.64,Completed
942,128,71,2023-04-03,4,971.56,548.88,Cancelled
943,232,207,2023-04-04,2,679.34,317.52,Completed
944,263,77,2023-04-04,5,1123.35,623.75,Shipped
945,284,162,2023-04-04,2,814.56,541.22,Completed
946,149,176,2023-04-04,3,1472.28,825.75,Shipped
947,68,182,2023-04-04,2,614.08,339.84,Completed
948,166,182,2023-04-04,1,307.04,169.92,Processing
949,288,123,2023-04-04,5,550.45,338.45,Completed
950,214,173,2023-04-04,5,854.25,563.2,Completed
951,217,207,2023-04-04,1,339.67,158.76,Completed
952,13,98,2023-04-04,2,454.26,299.08,Completed
953,29,52,2023-04-04,3,1032.12,579.12,Processing
954,83,74,2023-04-04,3,822.78,509.28,Completed
955,32,177,2023-04-04,3,1410.69,613.08,Completed
956,278,9,2023-04-04,3,354.06,204.21,Shipped
957,288,222,2023-04-05,2,603.54,413.44,Processing
958,288,100,2023-04-05,2,999.3,650.36,Completed
959,148,178,2023-04-05,1,485.5,220.21,Shipped
960,199,107,2023-04-05,3,698.85,368.22,Cancelled
961,28,4,2023-04-05,3,1341.51,571.59,Completed
962,227,213,2023-04-05,2,504.48,238.72,Shipped
963,189,194,2023-04-05,5,361.85,190.4,Completed
964,101,199,2023-04-05,2,441.3,253.3,Completed
965,39,48,2023-04-06,2,82.26,42.32,Processing
966,62,97,2023-04-06,1,132.41,89.64,Completed
967,285,68,2023-04-06,2,103.94,56.74,Completed
968,131,2,2023-04-06,3,434.28,202.8,Completed
969,80,11,2023-04-06,2,809.7,493.46,Shipped
970,27,199,2023-04-06,5,1103.25,633.25,Shipped
971,155,126,2023-04-06,5,824.65,515.85,Completed
972,38,201,2023-04-06,3,679.98,315.6,Completed
973,95,134,2023-04-06,1,309.72,215.62,Processing
974,82,107,2023-04-06,5,1164.75,613.7,Completed
975,179,57,2023-04-07,2,510.58,231.6,Processing
976,170,93,2023-04-07,3,621.84,312.03,Completed
977,272,122,2023-04-07,5,1330.8,905.5,Shipped
978,5,30,2023-04-07,3,270.21,138.84,Completed
979,125,246,2023-04-07,1,118.06,55.0,Processing
980,165,98,2023-04-07,1,227.13,149.54,Completed
981,277,186,2023-04-07,3,821.52,505.92,Completed
982,192,132,2023-04-08,5,955.35,427.35,Completed
983,23,76,2023-04-08,2,995.24,592.14,Completed
984,43,243,2023-04-08,1,428.19,293.75,Completed
985,276,137,2023-04-08,1,335.06,228.4,Processing
986,108,172,2023-04-08,2,43.2,19.78,Shipped
987,218,214,2023-04-08,1,331.47,133.14,Completed
988,223,166,2023-04-09,1,407.27,195.51,Processing
989,79,7,2023-04-09,4,92.0,42.28,Processing
990,20,23,2023-04-09,1,49.1,23.07,Completed
991,129,143,2023-04-09,1,249.38,167.48,Completed
992,117,234,2023-04-09,3,369.96,225.0,Completed
993,231,162,2023-04-09,4,1629.12,1082.44,Completed
994,9,100,2023-04-09,1,499.65,325.18,Completed
995,33,194,2023-04-09,5,361.85,190.4,Completed
996,184,238,2023-04-10,5,1079.35,724.75,Completed
997,155,156,2023-04-10,1,450.47,208.58,Completed
998,225,98,2023-04-10,4,908.52,598.16,Shipped
999,16,122,2023-04-10,2,532.32,362.2,Completed
1000,70,192,2023-04-10,4,646.2,337.64,Processing
1001,280,76,2023-04-10,2,995.24,592.14,Completed
1002,192,246,2023-04-10,1,118.06,55.0,Completed
1003,64,11,2023-04-11,1,404.85,246.73,Completed
1004,202,138,2023-04-11,5,379.0,164.7,Shipped
1005,157,54,2023-04-11,3,193.98,102.9,Completed
1006,263,37,2023-04-11,2,878.84,434.5,Completed
1007,130,50,2023-04-11,1,485.83,319.79,Completed
1008,291,219,2023-04-11,1,132.11,86.47,Shipped
1009,282,119,2023-04-11,5,2231.2,1057.3,Completed
1010,35,65,2023-04-11,1,440.57,286.15,Completed
1011,298,125,2023-04-11,3,1017.39,498.51,Completed
1012,52,73,2023-04-12,5,1086.7,503.75,Completed
1013,100,82,2023-04-12,4,488.72,328.24,Completed
1014,157,178,2023-04-12,5,2427.5,1101.05,Completed
1015,291,94,2023-04-12,3,1296.66,615.39,Cancelled
1016,87,2,2023-04-12,3,434.28,202.8,Completed
1017,114,183,2023-04-12,4,795.0,455.52,Completed
1018,185,35,2023-04-12,3,493.71,237.15,Shipped
1019,237,115,2023-04-12,3,261.42,179.91,Processing
1020,250,142,2023-04-12,1,320.78,153.72,Completed
1021,42,216,2023-04-12,3,186.69,98.49,Shipped
1022,72,229,2023-04-12,5,1926.25,1071.75,Completed
1023,40,187,2023-04-12,1,373.56,224.58,Shipped
1024,298,149,2023-04-13,4,878.28,353.84,Processing
1025,109,233,2023-04-13,1,274.67,121.27,Completed
1026,279,229,2023-04-13,5,1926.25,1071.75,Completed
1027,77,94,2023-04-13,4,1728.88,820.52,Completed
1028,149,35,2023-04-13,4,658.28,316.2,Completed
1029,204,94,2023-04-14,5,2161.1,1025.65,Completed
1030,123,218,2023-04-14,5,1319.0,547.45,Processing
1031,264,36,2023-04-14,4,453.52,309.68,Completed
1032,290,243,2023-04-14,5,2140.95,1468.75,Processing
1033,75,189,2023-04-14,4,1341.92,669.68,Shipped
1034,21,57,2023-04-14,4,1021.16,463.2,Completed
1035,136,95,2023-04-14,2,206.4,110.34,Completed
1036,266,233,2023-04-15,3,824.01,363.81,Completed
1037,233,226,2023-04-15,1,449.63,280.16,Completed
1038,166,27,2023-04-15,5,704.1,479.5,Processing
1039,135,149,2023-04-16,5,1097.85,442.3,Completed
1040,193,168,2023-04-16,4,1749.44,1150.4,Completed
1041,40,133,2023-04-16,3,1255.62,767.25,Completed
1042,115,133,2023-04-16,4,1674.16,1023.0,Completed
1043,250,203,2023-04-17,4,1600.2,721.56,Shipped
1044,4,129,2023-04-17,2,91.8,42.6,Completed
1045,118,20,2023-04-17,5,2161.2,1238.8,Processing
1046,109,39,2023-04-17,2,916.26,492.64,Completed
1047,61,170,2023-04-17,2,471.1,231.58,Completed
1048,170,185,2023-04-17,1,10.83,7.34,Completed
1049,246,123,2023-04-17,2,220.18,135.38,Completed
1050,211,6,2023-04-17,2,234.26,129.22,Completed
1051,294,152,2023-04-17,2,837.9,481.58,Completed
1052,263,11,2023-04-17,5,2024.25,1233.65,Completed
1053,86,67,2023-04-17,2,880.44,602.3,Completed
1054,208,154,2023-04-17,5,805.25,539.25,Processing
1055,146,243,2023-04-17,1,428.19,293.75,Completed
1056,242,223,2023-04-17,4,1787.2,1043.36,Completed
1057,211,154,2023-04-17,2,322.1,215.7,Processing
1058,94,160,2023-04-17,5,428.65,291.05,Completed
1059,233,153,2023-04-18,5,412.85,180.9,Completed
1060,194,99,2023-04-18,2,559.32,232.22,Completed
1061,104,134,2023-04-18,5,1548.6,1078.1,Processing
1062,77,156,2023-04-18,1,450.47,208.58,Completed
1063,20,225,2023-04-18,5,2084.9,1176.65,Completed
1064,61,24,2023-04-18,4,237.96,115.04,Processing
1065,277,212,2023-04-18,1,105.27,64.1,Shipped
1066,221,134,2023-04-18,4,1238.88,862.48,Completed
1067,23,179,2023-04-18,5,2408.2,1155.05,Completed
1068,247,203,2023-04-18,4,1600.2,721.56,Completed
1069,295,26,2023-04-18,4,765.56,354.36,Completed
1070,245,197,2023-04-18,2,314.94,177.74,Shipped
1071,43,73,2023-04-18,5,1086.7,503.75,Shipped
1072,210,66,2023-04-18,2,321.36,134.12,Completed
1073,4,148,2023-04-18,5,1866.0,1055.25,Completed
1074,193,168,2023-04-19,2,874.72,575.2,Processing
1075,162,105,2023-04-19,3,587.1,408.39,Completed
1076,219,167,2023-04-19,5,1979.05,855.8,Completed
1077,275,109,2023-04-19,5,1411.65,868.9,Completed
1078,142,175,2023-04-19,4,1297.32,674.48,Processing
1079,283,201,2023-04-20,5,1133.3,526.0,Completed
1080,190,144,2023-04-20,5,2122.95,907.95,Completed
1081,158,148,2023-04-20,3,1119.6,633.15,Processing
1082,204,189,2023-04-20,2,670.96,334.84,Shipped
1083,61,192,2023-04-20,2,323.1,168.82,Completed
1084,83,26,2023-04-20,2,382.78,177.18,Completed
1085,174,206,2023-04-20,5,2055.15,1285.15,Processing
1086,27,42,2023-04-20,4,1185.8,793.72,Cancelled
1087,3,206,2023-04-20,1,411.03,257.03,Shipped
1088,242,238,2023-04-20,5,1079.35,724.75,Completed
1089,33,68,2023-04-20,2,103.94,56.74,Completed
1090,20,186,2023-04-20,4,1095.36,674.56,Shipped
1091,206,158,2023-04-20,5,1961.3,1304.75,Completed
1092,30,243,2023-04-20,2,856.38,587.5,Processing
1093,225,3,2023-04-20,2,741.74,447.28,Shipped
1094,266,74,2023-04-20,2,548.52,339.52,Completed
1095,262,133,2023-04-20,2,837.08,511.5,Processing
1096,19,93,2023-04-20,2,414.56,208.02,Processing
1097,45,71,2023-04-21,4,971.56,548.88,Completed
1098,203,104,2023-04-21,5,1032.55,431.2,Completed
1099,8,189,2023-04-21,1,335.48,167.42,Shipped
1100,282,73,2023-04-21,5,1086.7,503.75,Shipped
1101,179,89,2023-04-21,3,172.5,91.32,Completed
1102,100,117,2023-04-21,4,1206.28,726.88,Completed
1103,134,45,2023-04-21,4,218.2,90.36,Completed
1104,287,19,2023-04-21,5,2082.05,1219.15,Completed
1105,60,206,2023-04-21,5,2055.15,1285.15,Cancelled
1106,276,209,2023-04-21,5,649.85,352.55,Completed
1107,194,145,2023-04-22,4,870.2,420.32,Processing
1108,174,247,2023-04-22,4,894.24,365.48,Processing
1109,15,124,2023-04-22,1,126.96,65.86,Completed
1110,196,163,2023-04-22,2,44.3,27.5,Processing
1111,118,205,2023-04-22,3,960.42,480.75,Completed
1112,265,138,2023-04-23,1,75.8,32.94,Processing
1113,135,64,2023-04-23,3,58.62,39.78,Completed
1114,176,20,2023-04-23,5,2161.2,1238.8,Shipped
1115,244,81,2023-04-23,3,134.37,79.2,Completed
1116,94,243,2023-04-24,2,856.38,587.5,Completed
1117,103,61,2023-04-24,2,767.26,431.06,Shipped
1118,106,59,2023-04-24,2,312.48,184.88,Shipped
1119,183,40,2023-04-24,1,139.79,66.26,Completed
1120,41,174,2023-04-24,4,1935.12,936.08,Processing
1121,278,246,2023-04-24,1,118.06,55.0,Shipped
1122,191,159,2023-04-24,3,627.36,367.77,Completed
1123,295,223,2023-04-24,3,1340.4,782.52,Completed
1124,262,72,2023-04-24,4,559.52,370.24,Completed
1125,296,33,2023-04-24,1,423.0,267.67,Completed
1126,217,123,2023-04-24,5,550.45,338.45,Completed
1127,178,101,2023-04-24,2,969.62,657.32,Completed
1128,62,179,2023-04-24,5,2408.2,1155.05,Completed
1129,7,173,2023-04-25,2,341.7,225.28,Completed
1130,52,84,2023-04-25,3,379.86,228.18,Processing
1131,133,48,2023-04-25,5,205.65,105.8,Completed
1132,138,121,2023-04-25,5,1077.1,619.45,Completed
1133,95,128,2023-04-25,4,1996.96,1395.52,Completed
1134,187,219,2023-04-26,4,528.44,345.88,Completed
1135,93,147,2023-04-26,2,644.38,308.4,Cancelled
1136,118,209,2023-04-26,1,129.97,70.51,Processing
1137,121,143,2023-04-26,4,997.52,669.92,Shipped
1138,101,38,2023-04-26,2,662.32,343.54,Completed
1139,5,46,2023-04-26,4,254.92,149.96,Completed
1140,265,137,2023-04-26,3,1005.18,685.2,Processing
1141,154,65,2023-04-26,5,2202.85,1430.75,Shipped
1142,25,102,2023-04-26,1,425.86,191.59,Processing
1143,31,56,2023-04-26,3,1317.51,631.11,Completed
1144,50,116,2023-04-26,3,147.75,67.35,Completed
1145,185,144,2023-04-26,5,2122.95,907.95,Shipped
1146,132,89,2023-04-26,1,57.5,30.44,Completed
1147,180,223,2023-04-26,5,2234.0,1304.2,Completed
1148,295,167,2023-04-26,5,1979.05,855.8,Completed
1149,146,91,2023-04-26,3,1101.75,663.27,Processing
1150,229,228,2023-04-27,1,131.15,77.55,Completed
1151,147,119,2023-04-27,2,892.48,422.92,Shipped
1152,173,108,2023-04-27,5,2395.45,1673.55,Completed
1153,37,21,2023-04-27,2,710.48,293.96,Completed
1154,161,82,2023-04-27,3,366.54,246.18,Processing
1155,203,70,2023-04-27,4,1541.04,675.76,Processing
1156,186,192,2023-04-27,5,807.75,422.05,Completed
1157,231,106,2023-04-27,2,279.9,177.8,Completed
1158,12,33,2023-04-27,2,846.0,535.34,Processing
1159,41,54,2023-04-27,2,129.32,68.6,Completed
1160,49,17,2023-04-27,4,1091.0,754.92,Completed
1161,14,198,2023-04-27,4,40.8,19.84,Completed
1162,43,27,2023-04-27,3,422.46,287.7,Processing
1163,44,168,2023-04-27,4,1749.44,1150.4,Completed
1164,127,189,2023-04-27,3,1006.44,502.26,Completed
1165,65,34,2023-04-27,5,611.15,250.35,Shipped
1166,15,9,2023-04-27,3,354.06,204.21,Shipped
1167,167,222,2023-04-27,4,1207.08,826.88,Completed
1168,277,240,2023-04-27,3,1289.4,811.92,Completed
1169,70,249,2023-04-27,5,1040.6,467.75,Completed
1170,289,112,2023-04-28,5,1378.4,860.65,Processing
1171,274,80,2023-04-28,3,368.28,171.63,Completed
1172,117,207,2023-04-28,1,339.67,158.76,Completed
1173,188,106,2023-04-28,3,419.85,266.7,Completed
1174,6,1,2023-04-28,5,1616.6,658.75,Shipped
1175,70,89,2023-04-28,3,172.5,91.32,Completed
1176,5,177,2023-04-28,4,1880.92,817.44,Shipped
1177,245,77,2023-04-28,1,224.67,124.75,Processing
1178,150,153,2023-04-28,2,165.14,72.36,Processing
1179,281,96,2023-04-28,2,433.44,209.6,Completed
1180,288,112,2023-04-28,4,1102.72,688.52,Completed
1181,200,213,2023-04-28,4,1008.96,477.44,Completed
1182,41,109,2023-04-28,2,564.66,347.56,Completed
1183,140,73,2023-04-28,5,1086.7,503.75,Shipped
1184,212,49,2023-04-28,1,498.1,278.31,Completed
1185,149,29,2023-04-28,4,375.44,232.28,Processing
1186,140,180,2023-04-28,5,315.6,167.4,Completed
1187,165,5,2023-04-28,2,433.48,177.26,Completed
1188,274,6,2023-04-28,2,234.26,129.22,Cancelled
1189,138,33,2023-04-29,4,1692.0,1070.68,Processing
1190,120,24,2023-04-29,2,118.98,57.52,Completed
1191,112,88,2023-04-29,4,1622.68,741.76,Completed
1192,256,96,2023-04-29,4,866.88,419.2,Processing
1193,170,21,2023-04-30,2,710.48,293.96,Completed
1194,201,19,2023-04-30,5,2082.05,1219.15,Completed
1195,129,210,2023-05-01,4,1705.48,719.44,Shipped
1196,63,250,2023-05-01,2,478.04,209.52,Completed
1197,227,64,2023-05-01,1,19.54,13.26,Completed
1198,49,134,2023-05-01,2,619.44,431.24,Completed
1199,160,240,2023-05-01,3,1289.4,811.92,Completed
1200,22,191,2023-05-01,5,1813.4,888.75,Completed
1201,130,124,2023-05-01,3,380.88,197.58,Completed
1202,27,222,2023-05-01,2,603.54,413.44,Cancelled
1203,121,163,2023-05-01,4,88.6,55.0,Completed
1204,86,204,2023-05-01,3,154.65,85.77,Completed
1205,203,203,2023-05-01,2,800.1,360.78,Completed
1206,298,201,2023-05-02,4,906.64,420.8,Processing
1207,80,96,2023-05-02,1,216.72,104.8,Completed
1208,256,24,2023-05-02,5,297.45,143.8,Completed
1209,31,16,2023-05-02,3,1216.47,752.91,Processing
1210,275,203,2023-05-02,1,400.05,180.39,Completed
1211,120,82,2023-05-02,5,610.9,410.3,Processing
1212,225,188,2023-05-03,2,376.94,158.68,Completed
1213,194,92,2023-05-03,2,984.48,422.86,Completed
1214,21,125,2023-05-03,4,1356.52,664.68,Completed
1215,278,179,2023-05-03,4,1926.56,924.04,Completed
1216,96,140,2023-05-03,3,430.35,250.23,Completed
1217,240,71,2023-05-03,5,1214.45,686.1,Shipped
1218,284,42,2023-05-03,1,296.45,198.43,Completed
1219,231,76,2023-05-03,3,1492.86,888.21,Completed
1220,233,1,2023-05-03,5,1616.6,658.75,Completed
1221,95,227,2023-05-03,1,242.59,115.9,Processing
1222,187,199,2023-05-03,5,1103.25,633.25,Completed
1223,33,169,2023-05-03,5,594.95,383.75,Shipped
1224,98,135,2023-05-03,4,1321.8,531.84,Processing
1225,79,157,2023-05-03,3,396.81,170.97,Completed
1226,165,29,2023-05-03,1,93.86,58.07,Completed
1227,35,12,2023-05-03,2,353.44,157.86,Completed
1228,104,28,2023-05-04,4,1310.16,763.48,Completed
1229,17,147,2023-05-04,4,1288.76,616.8,Processing
1230,270,160,2023-05-04,5,428.65,291.05,Completed
1231,188,57,2023-05-04,5,1276.45,579.0,Processing
1232,7,239,2023-05-04,2,592.4,360.56,Processing
1233,41,120,2023-05-04,1,301.31,176.51,Completed
1234,189,204,2023-05-05,1,51.55,28.59,Shipped
1235,137,136,2023-05-05,1,410.38,201.01,Processing
1236,156,20,2023-05-05,2,864.48,495.52,Cancelled
1237,50,26,2023-05-05,2,382.78,177.18,Completed
1238,98,50,2023-05-05,5,2429.15,1598.95,Processing
1239,292,161,2023-05-05,2,867.32,600.94,Completed
1240,286,107,2023-05-05,1,232.95,122.74,Processing
1241,296,92,2023-05-05,4,1968.96,845.72,Processing
1242,219,227,2023-05-05,1,242.59,115.9,Completed
1243,93,141,2023-05-05,4,1446.52,666.96,Completed
1244,81,137,2023-05-05,5,1675.3,1142.0,Completed
1245,181,232,2023-05-05,3,429.42,212.94,Completed
1246,167,217,2023-05-05,3,288.54,198.33,Completed
1247,221,212,2023-05-05,3,315.81,192.3,Processing
1248,289,140,2023-05-05,2,286.9,166.82,Completed
1249,282,238,2023-05-05,3,647.61,434.85,Completed
1250,232,115,2023-05-05,4,348.56,239.88,Completed
1251,18,73,2023-05-05,5,1086.7,503.75,Completed
1252,155,2,2023-05-06,3,434.28,202.8,Cancelled
1253,110,220,2023-05-06,3,701.01,448.95,Completed
1254,142,236,2023-05-06,5,1048.6,590.15,Completed
1255,293,40,2023-05-07,1,139.79,66.26,Completed
1256,183,40,2023-05-07,2,279.58,132.52,Completed
1257,299,64,2023-05-07,2,39.08,26.52,Completed
1258,154,24,2023-05-07,5,297.45,143.8,Completed
1259,112,188,2023-05-07,1,188.47,79.34,Processing
1260,248,45,2023-05-07,4,218.2,90.36,Shipped
1261,154,10,2023-05-08,5,2033.1,817.2,Completed
1262,29,236,2023-05-08,3,629.16,354.09,Completed
1263,223,107,2023-05-08,1,232.95,122.74,Shipped
1264,117,192,2023-05-08,5,807.75,422.05,Shipped
1265,196,14,2023-05-08,3,166.35,71.37,Completed
1266,164,139,2023-05-08,5,312.25,176.7,Completed
1267,258,179,2023-05-08,2,963.28,462.02,Completed
1268,202,249,2023-05-08,4,832.48,374.2,Processing
1269,114,111,2023-05-09,3,1454.01,834.24,Processing
1270,76,34,2023-05-09,3,366.69,150.21,Completed
1271,293,191,2023-05-09,1,362.68,177.75,Completed
1272,135,22,2023-05-09,4,486.68,236.92,Completed
1273,67,196,2023-05-09,2,904.74,528.96,Completed
1274,102,125,2023-05-09,4,1356.52,664.68,Processing
1275,101,144,2023-05-09,5,2122.95,907.95,Cancelled
1276,125,19,2023-05-10,3,1249.23,731.49,Processing
1277,166,176,2023-05-10,5,2453.8,1376.25,Completed
1278,212,109,2023-05-10,3,846.99,521.34,Completed
1279,165,89,2023-05-10,5,287.5,152.2,Processing
1280,157,44,2023-05-10,3,1496.37,827.28,Processing
1281,227,160,2023-05-10,2,171.46,116.42,Completed
1282,120,52,2023-05-10,3,1032.12,579.12,Completed
1283,44,29,2023-05-10,1,93.86,58.07,Completed
1284,76,223,2023-05-10,3,1340.4,782.52,Completed
1285,57,79,2023-05-10,4,702.64,405.08,Completed
1286,170,54,2023-05-10,5,323.3,171.5,Completed
1287,280,134,2023-05-10,3,929.16,646.86,Completed
1288,10,97,2023-05-11,5,662.05,448.2,Shipped
1289,270,12,2023-05-11,3,530.16,236.79,Completed
1290,146,52,2023-05-11,5,1720.2,965.2,Completed
1291,239,168,2023-05-11,1,437.36,287.6,Completed
1292,139,170,2023-05-11,3,706.65,347.37,Shipped
1293,10,75,2023-05-11,4,434.24,214.32,Completed
1294,195,131,2023-05-11,1,441.62,293.14,Shipped
1295,249,222,2023-05-11,5,1508.85,1033.6,Completed
1296,96,51,2023-05-11,5,78.15,48.15,Cancelled
1297,21,64,2023-05-12,5,97.7,66.3,Completed
1298,251,101,2023-05-12,2,969.62,657.32,Completed
1299,181,91,2023-05-12,3,1101.75,663.27,Completed
1300,257,71,2023-05-12,1,242.89,137.22,Processing
1301,199,228,2023-05-12,1,131.15,77.55,Shipped
1302,116,39,2023-05-13,3,1374.39,738.96,Shipped
1303,71,23,2023-05-13,4,196.4,92.28,Completed
1304,117,107,2023-05-13,2,465.9,245.48,Completed
1305,219,249,2023-05-13,3,624.36,280.65,Shipped
1306,230,139,2023-05-14,2,124.9,70.68,Completed
1307,71,149,2023-05-14,5,1097.85,442.3,Processing
1308,104,221,2023-05-14,2,674.22,469.5,Completed
1309,269,233,2023-05-14,2,549.34,242.54,Completed
1310,290,235,2023-05-15,2,712.3,298.64,Completed
1311,286,137,2023-05-15,1,335.06,228.4,Completed
1312,75,187,2023-05-15,1,373.56,224.58,Processing
1313,212,247,2023-05-15,4,894.24,365.48,Completed
1314,141,39,2023-05-15,2,916.26,492.64,Completed
1315,95,7,2023-05-15,5,115.0,52.85,Processing
1316,291,157,2023-05-15,2,264.54,113.98,Completed
1317,119,176,2023-05-15,1,490.76,275.25,Completed
1318,245,35,2023-05-15,5,822.85,395.25,Shipped
1319,192,48,2023-05-16,4,164.52,84.64,Completed
1320,71,42,2023-05-16,2,592.9,396.86,Completed
1321,210,196,2023-05-16,1,452.37,264.48,Shipped
1322,212,57,2023-05-16,2,510.58,231.6,Processing
1323,34,46,2023-05-16,4,254.92,149.96,Shipped
1324,251,177,2023-05-16,3,1410.69,613.08,Shipped
1325,127,110,2023-05-16,4,343.4,167.92,Processing
1326,195,185,2023-05-16,3,32.49,22.02,Completed
1327,293,153,2023-05-16,5,412.85,180.9,Completed
1328,20,134,2023-05-16,1,309.72,215.62,Completed
1329,22,225,2023-05-16,2,833.96,470.66,Completed
1330,203,189,2023-05-16,1,335.48,167.42,Completed
1331,265,196,2023-05-16,1,452.37,264.48,Completed
1332,226,102,2023-05-16,3,1277.58,574.77,Processing
1333,147,119,2023-05-16,2,892.48,422.92,Completed
1334,28,177,2023-05-16,5,2351.15,1021.8,Shipped
1335,238,213,2023-05-16,4,1008.96,477.44,Completed
1336,257,29,2023-05-16,2,187.72,116.14,Processing
1337,280,35,2023-05-16,4,658.28,316.2,Completed
1338,231,7,2023-05-16,2,46.0,21.14,Completed
1339,233,24,2023-05-17,3,178.47,86.28,Completed
1340,84,184,2023-05-17,1,134.81,82.59,Completed
1341,231,163,2023-05-17,3,66.45,41.25,Completed
1342,197,187,2023-05-17,5,1867.8,1122.9,Processing
1343,82,97,2023-05-17,5,662.05,448.2,Completed
1344,88,234,2023-05-17,3,369.96,225.0,Completed
1345,77,42,2023-05-17,2,592.9,396.86,Completed
1346,27,108,2023-05-17,3,1437.27,1004.13,Completed
1347,229,74,2023-05-17,2,548.52,339.52,Completed
1348,68,246,2023-05-17,2,236.12,110.0,Completed
1349,130,4,2023-05-17,4,1788.68,762.12,Completed
1350,279,207,2023-05-18,1,339.67,158.76,Processing
1351,253,61,2023-05-18,2,767.26,431.06,Completed
1352,244,117,2023-05-18,4,1206.28,726.88,Completed
1353,4,63,2023-05-18,5,51.4,25.55,Completed
1354,286,210,2023-05-18,2,852.74,359.72,Completed
1355,76,15,2023-05-18,3,1275.81,741.39,Completed
1356,17,171,2023-05-18,5,1998.6,935.9,Shipped
1357,153,85,2023-05-18,1,114.98,50.56,Completed
1358,214,46,2023-05-18,2,127.46,74.98,Processing
1359,294,202,2023-05-18,5,1209.3,810.65,Completed
1360,234,192,2023-05-18,5,807.75,422.05,Completed
1361,19,24,2023-05-18,3,178.47,86.28,Completed
1362,195,210,2023-05-18,1,426.37,179.86,Processing
1363,282,17,2023-05-18,3,818.25,566.19,Completed
1364,63,178,2023-05-18,3,1456.5,660.63,Completed
1365,212,135,2023-05-18,2,660.9,265.92,Processing
1366,30,28,2023-05-18,5,1637.7,954.35,Processing
1367,271,23,2023-05-18,4,196.4,92.28,Processing
1368,148,110,2023-05-18,5,429.25,209.9,Shipped
1369,133,135,2023-05-18,5,1652.25,664.8,Cancelled
1370,67,158,2023-05-19,5,1961.3,1304.75,Completed
1371,255,127,2023-05-19,2,91.1,48.96,Shipped
1372,120,182,2023-05-19,3,921.12,509.76,Cancelled
1373,1,31,2023-05-19,1,494.87,292.96,Completed
1374,61,189,2023-05-19,2,670.96,334.84,Processing
1375,213,106,2023-05-19,1,139.95,88.9,Completed
1376,287,207,2023-05-19,2,679.34,317.52,Completed
1377,104,177,2023-05-19,3,1410.69,613.08,Completed
1378,35,79,2023-05-19,3,526.98,303.81,Completed
1379,166,197,2023-05-19,1,157.47,88.87,Completed
1380,171,88,2023-05-19,4,1622.68,741.76,Processing
1381,15,214,2023-05-19,2,662.94,266.28,Completed
1382,174,237,2023-05-19,4,854.92,395.0,Shipped
1383,19,166,2023-05-19,2,814.54,391.02,Completed
1384,236,229,2023-05-19,5,1926.25,1071.75,Shipped
1385,237,201,2023-05-19,4,906.64,420.8,Shipped
1386,267,77,2023-05-20,5,1123.35,623.75,Processing
1387,162,143,2023-05-20,5,1246.9,837.4,Completed
1388,170,205,2023-05-21,3,960.42,480.75,Completed
1389,77,72,2023-05-21,1,139.88,92.56,Completed
1390,193,161,2023-05-21,5,2168.3,1502.35,Shipped
1391,293,156,2023-05-21,4,1801.88,834.32,Completed
1392,60,222,2023-05-21,3,905.31,620.16,Processing
1393,162,182,2023-05-21,1,307.04,169.92,Completed
1394,255,225,2023-05-22,2,833.96,470.66,Completed
1395,155,56,2023-05-22,5,2195.85,1051.85,Completed
1396,58,96,2023-05-22,1,216.72,104.8,Processing
1397,48,114,2023-05-22,5,1282.0,840.75,Completed
1398,248,232,2023-05-22,5,715.7,354.9,Completed
1399,175,237,2023-05-22,4,854.92,395.0,Processing
1400,269,80,2023-05-22,3,368.28,171.63,Completed
1401,265,174,2023-05-23,2,967.56,468.04,Completed
1402,19,118,2023-05-23,4,501.0,218.4,Processing
1403,268,30,2023-05-23,1,90.07,46.28,Completed
1404,23,176,2023-05-23,5,2453.8,1376.25,Shipped
1405,171,120,2023-05-23,1,301.31,176.51,Completed
1406,160,6,2023-05-23,5,585.65,323.05,Processing
1407,108,83,2023-05-23,2,862.44,363.3,Completed
1408,142,137,2023-05-23,3,1005.18,685.2,Processing
1409,140,39,2023-05-24,2,916.26,492.64,Completed
1410,8,246,2023-05-24,5,590.3,275.0,Completed
1411,53,53,2023-05-24,5,703.7,416.8,Completed
1412,164,70,2023-05-24,2,770.52,337.88,Shipped
1413,146,147,2023-05-24,2,644.38,308.4,Completed
1414,160,157,2023-05-24,3,396.81,170.97,Completed
1415,26,34,2023-05-24,1,122.23,50.07,Completed
1416,26,28,2023-05-24,4,1310.16,763.48,Completed
1417,201,46,2023-05-25,5,318.65,187.45,Shipped
1418,229,158,2023-05-25,3,1176.78,782.85,Completed
1419,102,183,2023-05-25,5,993.75,569.4,Completed
1420,239,146,2023-05-25,2,23.48,14.82,Completed
1421,240,25,2023-05-25,4,1285.96,655.12,Completed
1422,239,121,2023-05-25,2,430.84,247.78,Shipped
1423,74,221,2023-05-25,5,1685.55,1173.75,Completed
1424,187,101,2023-05-25,2,969.62,657.32,Processing
1425,170,202,2023-05-25,3,725.58,486.39,Completed
1426,16,17,2023-05-25,4,1091.0,754.92,Completed
1427,246,119,2023-05-25,2,892.48,422.92,Completed
1428,179,155,2023-05-25,5,2000.5,1316.75,Completed
1429,53,104,2023-05-25,1,206.51,86.24,Completed
1430,37,203,2023-05-25,3,1200.15,541.17,Completed
1431,206,152,2023-05-25,4,1675.8,963.16,Completed
1432,125,141,2023-05-25,2,723.26,333.48,Cancelled
1433,197,17,2023-05-25,3,818.25,566.19,Completed
1434,221,201,2023-05-25,4,906.64,420.8,Completed
1435,279,178,2023-05-26,2,971.0,440.42,Completed
1436,40,190,2023-05-26,5,819.1,536.0,Shipped
1437,59,152,2023-05-26,5,2094.75,1203.95,Completed
1438,285,25,2023-05-26,4,1285.96,655.12,Completed
1439,208,18,2023-05-26,5,977.4,552.85,Completed
1440,195,84,2023-05-26,4,506.48,304.24,Processing
1441,32,24,2023-05-26,2,118.98,57.52,Shipped
1442,298,232,2023-05-26,1,143.14,70.98,Processing
1443,77,116,2023-05-26,5,246.25,112.25,Completed
1444,296,115,2023-05-26,2,174.28,119.94,Completed
1445,163,77,2023-05-26,5,1123.35,623.75,Processing
1446,156,236,2023-05-26,4,838.88,472.12,Processing
1447,177,23,2023-05-26,5,245.5,115.35,Completed
1448,262,104,2023-05-26,2,413.02,172.48,Shipped
1449,32,95,2023-05-26,5,516.0,275.85,Cancelled
1450,287,211,2023-05-27,3,639.24,376.47,Completed
1451,145,222,2023-05-27,1,301.77,206.72,Completed
1452,202,161,2023-05-28,3,1300.98,901.41,Processing
1453,208,98,2023-05-28,4,908.52,598.16,Completed
1454,89,122,2023-05-28,2,532.32,362.2,Completed
1455,197,216,2023-05-28,3,186.69,98.49,Shipped
1456,79,74,2023-05-28,2,548.52,339.52,Completed
1457,37,166,2023-05-28,1,407.27,195.51,Completed
1458,250,169,2023-05-28,4,475.96,307.0,Cancelled
1459,44,36,2023-05-29,4,453.52,309.68,Shipped
1460,218,160,2023-05-29,2,171.46,116.42,Completed
1461,218,142,2023-05-29,4,1283.12,614.88,Completed
1462,116,48,2023-05-29,4,164.52,84.64,Processing
1463,296,128,2023-05-29,2,998.48,697.76,Processing
1464,138,106,2023-05-29,5,699.75,444.5,Completed
1465,18,10,2023-05-29,5,2033.1,817.2,Completed
1466,189,29,2023-05-29,5,469.3,290.35,Completed
1467,41,37,2023-05-29,5,2197.1,1086.25,Cancelled
1468,239,133,2023-05-30,1,418.54,255.75,Completed
1469,46,63,2023-05-30,4,41.12,20.44,Processing
1470,40,176,2023-05-30,5,2453.8,1376.25,Processing
1471,160,157,2023-05-30,1,132.27,56.99,Shipped
1472,274,200,2023-05-30,1,330.81,178.47,Completed
1473,263,232,2023-05-30,4,572.56,283.92,Completed
1474,170,108,2023-05-30,3,1437.27,1004.13,Cancelled
1475,151,75,2023-05-30,2,217.12,107.16,Completed
1476,156,187,2023-05-30,5,1867.8,1122.9,Completed
1477,243,149,2023-05-30,2,439.14,176.92,Completed
1478,150,208,2023-05-30,5,537.85,219.1,Completed
1479,249,22,2023-05-30,2,243.34,118.46,Completed
1480,143,65,2023-05-30,2,881.14,572.3,Processing
1481,132,4,2023-05-31,1,447.17,190.53,Processing
1482,78,169,2023-05-31,4,475.96,307.0,Completed
1483,90,67,2023-05-31,2,880.44,602.3,Completed
1484,271,221,2023-05-31,1,337.11,234.75,Completed
1485,44,248,2023-05-31,2,349.4,210.94,Completed
1486,79,215,2023-05-31,4,1511.88,954.0,Processing
1487,212,198,2023-05-31,4,40.8,19.84,Completed
1488,226,186,2023-05-31,2,547.68,337.28,Completed
1489,177,14,2023-05-31,3,166.35,71.37,Processing
1490,60,14,2023-05-31,2,110.9,47.58,Completed
1491,244,78,2023-05-31,4,277.16,129.56,Processing
1492,273,60,2023-05-31,4,1233.6,550.0,Processing
1493,200,122,2023-05-31,3,798.48,543.3,Completed
1494,7,74,2023-06-01,4,1097.04,679.04,Completed
1495,162,247,2023-06-01,5,1117.8,456.85,Processing
1496,22,25,2023-06-01,5,1607.45,818.9,Processing
1497,222,157,2023-06-01,3,396.81,170.97,Completed
1498,137,206,2023-06-01,1,411.03,257.03,Completed
1499,300,101,2023-06-01,4,1939.24,1314.64,Processing
1500,124,188,2023-06-01,5,942.35,396.7,Processing
1501,267,87,2023-06-01,2,483.22,307.04,Completed
1502,6,173,2023-06-01,1,170.85,112.64,Shipped
1503,7,106,2023-06-01,1,139.95,88.9,Completed
1504,229,90,2023-06-01,2,435.1,235.0,Processing
1505,129,50,2023-06-01,1,485.83,319.79,Completed
1506,48,15,2023-06-01,5,2126.35,1235.65,Processing
1507,112,244,2023-06-01,5,1076.6,672.05,Processing
1508,62,23,2023-06-01,5,245.5,115.35,Completed
1509,290,206,2023-06-01,2,822.06,514.06,Shipped
1510,95,65,2023-06-01,3,1321.71,858.45,Completed
1511,39,164,2023-06-01,4,691.08,469.4,Shipped
1512,219,178,2023-06-02,3,1456.5,660.63,Completed
1513,38,71,2023-06-02,1,242.89,137.22,Completed
1514,171,16,2023-06-02,3,1216.47,752.91,Cancelled
1515,136,46,2023-06-02,4,254.92,149.96,Completed
1516,103,157,2023-06-02,4,529.08,227.96,Completed
1517,252,28,2023-06-02,2,655.08,381.74,Completed
1518,221,56,2023-06-02,5,2195.85,1051.85,Processing
1519,227,184,2023-06-02,3,404.43,247.77,Completed
1520,38,19,2023-06-02,5,2082.05,1219.15,Processing
1521,229,5,2023-06-02,4,866.96,354.52,Completed
1522,1,239,2023-06-02,1,296.2,180.28,Processing
1523,137,39,2023-06-02,3,1374.39,738.96,Shipped
1524,295,1,2023-06-02,5,1616.6,658.75,Processing
1525,252,123,2023-06-03,4,440.36,270.76,Completed
1526,36,139,2023-06-03,2,124.9,70.68,Completed
1527,247,32,2023-06-03,5,1414.55,856.35,Completed
1528,184,86,2023-06-03,3,1405.2,802.8,Completed
1529,47,94,2023-06-03,5,2161.1,1025.65,Shipped
1530,175,21,2023-06-03,4,1420.96,587.92,Processing
1531,149,166,2023-06-03,2,814.54,391.02,Completed
1532,21,248,2023-06-03,4,698.8,421.88,Processing
1533,200,230,2023-06-04,1,317.11,152.97,Processing
1534,184,125,2023-06-04,1,339.13,166.17,Shipped
1535,225,189,2023-06-04,2,670.96,334.84,Completed
1536,99,7,2023-06-04,5,115.0,52.85,Completed
1537,33,203,2023-06-05,5,2000.25,901.95,Processing
1538,256,137,2023-06-05,4,1340.24,913.6,Cancelled
1539,9,10,2023-06-05,3,1219.86,490.32,Completed
1540,22,104,2023-06-05,1,206.51,86.24,Completed
1541,268,118,2023-06-05,5,626.25,273.0,Completed
1542,297,60,2023-06-05,1,308.4,137.5,Completed
1543,73,126,2023-06-05,1,164.93,103.17,Completed
1544,24,63,2023-06-05,2,20.56,10.22,Completed
1545,26,232,2023-06-05,3,429.42,212.94,Shipped
1546,50,117,2023-06-05,5,1507.85,908.6,Completed
1547,33,210,2023-06-05,1,426.37,179.86,Completed
1548,113,17,2023-06-05,2,545.5,377.46,Completed
1549,206,84,2023-06-05,1,126.62,76.06,Cancelled
1550,295,140,2023-06-05,2,286.9,166.82,Completed
1551,110,196,2023-06-05,1,452.37,264.48,Completed
1552,172,17,2023-06-05,1,272.75,188.73,Completed
1553,213,44,2023-06-05,3,1496.37,827.28,Completed
1554,125,237,2023-06-06,5,1068.65,493.75,Completed
1555,52,203,2023-06-06,5,2000.25,901.95,Completed
1556,81,5,2023-06-06,4,866.96,354.52,Completed
1557,4,46,2023-06-06,1,63.73,37.49,Processing
1558,146,107,2023-06-06,4,931.8,490.96,Processing
1559,106,37,2023-06-06,3,1318.26,651.75,Completed
1560,211,62,2023-06-06,2,783.06,437.82,Processing
1561,20,153,2023-06-06,2,165.14,72.36,Processing
1562,46,161,2023-06-06,3,1300.98,901.41,Completed
1563,3,143,2023-06-06,2,498.76,334.96,Completed
1564,272,25,2023-06-06,5,1607.45,818.9,Completed
1565,277,130,2023-06-06,2,279.9,190.32,Completed
1566,107,71,2023-06-06,1,242.89,137.22,Completed
1567,77,176,2023-06-06,4,1963.04,1101.0,Completed
1568,82,172,2023-06-06,1,21.6,9.89,Completed
1569,187,73,2023-06-06,2,434.68,201.5,Completed
1570,172,158,2023-06-06,4,1569.04,1043.8,Completed
1571,27,237,2023-06-06,5,1068.65,493.75,Completed
1572,15,125,2023-06-06,5,1695.65,830.85,Completed
1573,228,152,2023-06-07,5,2094.75,1203.95,Completed
1574,102,192,2023-06-07,3,484.65,253.23,Completed
1575,57,84,2023-06-07,2,253.24,152.12,Completed
1576,212,223,2023-06-07,2,893.6,521.68,Completed
1577,113,19,2023-06-07,4,1665.64,975.32,Completed
1578,28,228,2023-06-07,4,524.6,310.2,Completed
1579,233,46,2023-06-07,4,254.92,149.96,Completed
1580,235,185,2023-06-07,2,21.66,14.68,Processing
1581,139,52,2023-06-07,3,1032.12,579.12,Completed
1582,292,16,2023-06-07,3,1216.47,752.91,Completed
1583,239,118,2023-06-07,4,501.0,218.4,Completed
1584,176,57,2023-06-07,3,765.87,347.4,Processing
1585,296,249,2023-06-08,5,1040.6,467.75,Shipped
1586,45,106,2023-06-08,5,699.75,444.5,Completed
1587,111,152,2023-06-08,4,1675.8,963.16,Shipped
1588,143,4,2023-06-08,4,1788.68,762.12,Processing
1589,127,64,2023-06-08,3,58.62,39.78,Completed
1590,114,229,2023-06-08,5,1926.25,1071.75,Shipped
1591,294,230,2023-06-08,1,317.11,152.97,Completed
1592,23,11,2023-06-08,4,1619.4,986.92,Processing
1593,259,9,2023-06-08,4,472.08,272.28,Completed
1594,246,208,2023-06-08,1,107.57,43.82,Completed
1595,43,143,2023-06-09,1,249.38,167.48,Processing
1596,209,244,2023-06-09,2,430.64,268.82,Completed
1597,152,62,2023-06-09,1,391.53,218.91,Completed
1598,157,42,2023-06-09,4,1185.8,793.72,Shipped
1599,299,7,2023-06-09,4,92.0,42.28,Completed
1600,71,224,2023-06-09,4,1449.76,799.44,Completed
1601,190,161,2023-06-09,4,1734.64,1201.88,Processing
1602,1,221,2023-06-09,1,337.11,234.75,Completed
1603,171,136,2023-06-09,1,410.38,201.01,Completed
1604,139,179,2023-06-09,5,2408.2,1155.05,Completed
1605,107,202,2023-06-09,1,241.86,162.13,Processing
1606,172,189,2023-06-09,1,335.48,167.42,Completed
1607,187,228,2023-06-10,1,131.15,77.55,Completed
1608,188,120,2023-06-10,5,1506.55,882.55,Completed
1609,188,45,2023-06-10,5,272.75,112.95,Processing
1610,288,182,2023-06-10,2,614.08,339.84,Completed
1611,172,62,2023-06-10,5,1957.65,1094.55,Completed
1612,245,189,2023-06-10,5,1677.4,837.1,Shipped
1613,108,193,2023-06-10,2,414.36,202.5,Completed
1614,258,175,2023-06-11,4,1297.32,674.48,Completed
1615,33,96,2023-06-11,3,650.16,314.4,Completed
1616,257,135,2023-06-11,1,330.45,132.96,Completed
1617,273,174,2023-06-11,5,2418.9,1170.1,Shipped
1618,189,205,2023-06-12,1,320.14,160.25,Completed
1619,235,23,2023-06-12,1,49.1,23.07,Completed
1620,92,74,2023-06-12,1,274.26,169.76,Completed
1621,142,29,2023-06-12,2,187.72,116.14,Completed
1622,105,134,2023-06-12,1,309.72,215.62,Completed
1623,278,239,2023-06-12,2,592.4,360.56,Completed
1624,216,114,2023-06-12,1,256.4,168.15,Completed
1625,33,6,2023-06-12,2,234.26,129.22,Shipped
1626,267,166,2023-06-12,3,1221.81,586.53,Completed
1627,176,168,2023-06-12,3,1312.08,862.8,Completed
1628,272,216,2023-06-12,5,311.15,164.15,Completed
1629,156,146,2023-06-12,2,23.48,14.82,Shipped
1630,157,44,2023-06-12,3,1496.37,827.28,Completed
1631,191,249,2023-06-12,3,624.36,280.65,Processing
1632,25,38,2023-06-12,3,993.48,515.31,Completed
1633,86,159,2023-06-12,2,418.24,245.18,Processing
1634,147,47,2023-06-12,2,796.24,419.34,Shipped
1635,79,42,2023-06-12,2,592.9,396.86,Completed
1636,163,148,2023-06-12,2,746.4,422.1,Completed
1637,95,53,2023-06-13,5,703.7,416.8,Processing
1638,163,89,2023-06-13,2,115.0,60.88,Completed
1639,277,250,2023-06-13,2,478.04,209.52,Completed
1640,63,236,2023-06-13,1,209.72,118.03,Completed
1641,256,197,2023-06-13,2,314.94,177.74,Shipped
1642,164,40,2023-06-13,1,139.79,66.26,Cancelled
1643,280,250,2023-06-13,5,1195.1,523.8,Completed
1644,152,122,2023-06-13,3,798.48,543.3,Cancelled
1645,294,171,2023-06-13,2,799.44,374.36,Processing
1646,227,87,2023-06-13,1,241.61,153.52,Processing
1647,21,36,2023-06-13,5,566.9,387.1,Completed
1648,13,103,2023-06-13,5,1239.8,575.4,Shipped
1649,229,92,2023-06-13,1,492.24,211.43,Completed
1650,100,150,2023-06-13,5,234.35,155.85,Completed
1651,143,51,2023-06-13,1,15.63,9.63,Completed
1652,229,174,2023-06-13,1,483.78,234.02,Cancelled
1653,100,126,2023-06-14,3,494.79,309.51,Processing
1654,262,242,2023-06-14,1,182.36,114.17,Shipped
1655,185,102,2023-06-14,2,851.72,383.18,Processing
1656,219,95,2023-06-14,4,412.8,220.68,Completed
1657,146,89,2023-06-14,3,172.5,91.32,Completed
1658,229,224,2023-06-14,5,1812.2,999.3,Completed
1659,228,190,2023-06-14,4,655.28,428.8,Shipped
1660,148,42,2023-06-14,4,1185.8,793.72,Processing
1661,213,36,2023-06-14,5,566.9,387.1,Completed
1662,74,54,2023-06-14,3,193.98,102.9,Completed
1663,269,86,2023-06-14,1,468.4,267.6,Shipped
1664,193,23,2023-06-14,1,49.1,23.07,Completed
1665,140,107,2023-06-14,2,465.9,245.48,Completed
1666,291,194,2023-06-14,2,144.74,76.16,Completed
1667,196,75,2023-06-14,5,542.8,267.9,Completed
1668,155,214,2023-06-14,5,1657.35,665.7,Completed
1669,287,190,2023-06-14,4,655.28,428.8,Completed
1670,79,68,2023-06-15,3,155.91,85.11,Cancelled
1671,242,32,2023-06-15,3,848.73,513.81,Completed
1672,252,233,2023-06-15,2,549.34,242.54,Completed
1673,142,127,2023-06-15,1,45.55,24.48,Completed
1674,186,149,2023-06-15,4,878.28,353.84,Completed
1675,244,250,2023-06-16,1,239.02,104.76,Completed
1676,295,5,2023-06-16,3,650.22,265.89,Completed
1677,30,38,2023-06-16,3,993.48,515.31,Completed
1678,70,92,2023-06-16,2,984.48,422.86,Completed
1679,185,108,2023-06-16,3,1437.27,1004.13,Completed
1680,150,136,2023-06-16,1,410.38,201.01,Completed
1681,94,196,2023-06-16,1,452.37,264.48,Completed
1682,86,140,2023-06-16,3,430.35,250.23,Shipped
1683,155,70,2023-06-16,3,1155.78,506.82,Completed
1684,297,91,2023-06-16,2,734.5,442.18,Completed
1685,266,73,2023-06-16,3,652.02,302.25,Processing
1686,211,88,2023-06-16,2,811.34,370.88,Completed
1687,80,129,2023-06-16,2,91.8,42.6,Shipped
1688,287,158,2023-06-17,5,1961.3,1304.75,Shipped
1689,283,180,2023-06-17,1,63.12,33.48,Completed
1690,40,30,2023-06-17,2,180.14,92.56,Shipped
1691,246,90,2023-06-17,3,652.65,352.5,Processing
1692,72,210,2023-06-17,4,1705.48,719.44,Shipped
1693,268,196,2023-06-17,3,1357.11,793.44,Completed
1694,156,8,2023-06-17,1,328.44,185.07,Completed
1695,73,177,2023-06-17,2,940.46,408.72,Completed
1696,67,21,2023-06-18,4,1420.96,587.92,Processing
1697,58,20,2023-06-18,1,432.24,247.76,Processing
1698,221,11,2023-06-18,2,809.7,493.46,Completed
1699,241,31,2023-06-19,3,1484.61,878.88,Completed
1700,155,171,2023-06-19,1,399.72,187.18,Processing
1701,64,236,2023-06-19,5,1048.6,590.15,Completed
1702,103,48,2023-06-19,3,123.39,63.48,Completed
1703,75,217,2023-06-19,3,288.54,198.33,Shipped
1704,179,91,2023-06-19,2,734.5,442.18,Shipped
1705,259,146,2023-06-20,1,11.74,7.41,Completed
1706,297,196,2023-06-20,1,452.37,264.48,Completed
1707,99,247,2023-06-20,3,670.68,274.11,Completed
1708,276,2,2023-06-20,1,144.76,67.6,Shipped
1709,259,218,2023-06-20,4,1055.2,437.96,Completed
1710,95,113,2023-06-20,1,38.01,21.87,Completed
1711,182,98,2023-06-20,4,908.52,598.16,Completed
1712,117,105,2023-06-20,1,195.7,136.13,Processing
1713,161,32,2023-06-20,4,1131.64,685.08,Completed
1714,70,127,2023-06-20,3,136.65,73.44,Processing
1715,286,185,2023-06-20,1,10.83,7.34,Completed
1716,253,30,2023-06-20,4,360.28,185.12,Completed
1717,228,58,2023-06-21,5,2285.95,1511.35,Completed
1718,220,49,2023-06-21,1,498.1,278.31,Shipped
1719,244,241,2023-06-21,3,589.17,236.7,Completed
1720,252,173,2023-06-21,1,170.85,112.64,Completed
1721,268,169,2023-06-21,1,118.99,76.75,Completed
1722,203,103,2023-06-21,5,1239.8,575.4,Cancelled
1723,87,17,2023-06-21,3,818.25,566.19,Cancelled
1724,174,52,2023-06-21,5,1720.2,965.2,Shipped
1725,207,32,2023-06-21,2,565.82,342.54,Shipped
1726,256,72,2023-06-21,5,699.4,462.8,Completed
1727,205,92,2023-06-21,4,1968.96,845.72,Processing
1728,208,125,2023-06-21,5,1695.65,830.85,Completed
1729,233,28,2023-06-21,1,327.54,190.87,Completed
1730,255,60,2023-06-21,2,616.8,275.0,Completed
1731,35,128,2023-06-22,1,499.24,348.88,Cancelled
1732,196,155,2023-06-22,3,1200.3,790.05,Completed
1733,50,195,2023-06-22,1,470.78,283.97,Processing
1734,267,197,2023-06-22,4,629.88,355.48,Processing
1735,104,76,2023-06-22,4,1990.48,1184.28,Completed
1736,134,139,2023-06-22,3,187.35,106.02,Shipped
1737,17,111,2023-06-23,1,484.67,278.08,Completed
1738,162,219,2023-06-23,4,528.44,345.88,Completed
1739,19,9,2023-06-23,2,236.04,136.14,Completed
1740,156,227,2023-06-23,2,485.18,231.8,Completed
1741,69,80,2023-06-23,4,491.04,228.84,Completed
1742,292,173,2023-06-24,4,683.4,450.56,Processing
1743,277,147,2023-06-24,4,1288.76,616.8,Completed
1744,81,130,2023-06-25,1,139.95,95.16,Completed
1745,254,152,2023-06-25,4,1675.8,963.16,Processing
1746,181,197,2023-06-25,3,472.41,266.61,Completed
1747,15,152,2023-06-25,1,418.95,240.79,Completed
1748,188,90,2023-06-25,5,1087.75,587.5,Completed
1749,175,98,2023-06-25,1,227.13,149.54,Completed
1750,183,106,2023-06-25,3,419.85,266.7,Completed
1751,126,64,2023-06-25,2,39.08,26.52,Processing
1752,34,223,2023-06-26,3,1340.4,782.52,Completed
1753,87,6,2023-06-26,5,585.65,323.05,Completed
1754,236,169,2023-06-26,4,475.96,307.0,Completed
1755,216,69,2023-06-26,1,43.91,27.58,Processing
1756,12,82,2023-06-26,4,488.72,328.24,Completed
1757,166,147,2023-06-26,1,322.19,154.2,Shipped
1758,52,177,2023-06-26,2,940.46,408.72,Completed
1759,86,158,2023-06-27,3,1176.78,782.85,Completed
1760,224,52,2023-06-27,4,1376.16,772.16,Processing
1761,39,216,2023-06-27,5,311.15,164.15,Completed
1762,136,13,2023-06-27,3,1437.09,719.94,Cancelled
1763,206,206,2023-06-27,2,822.06,514.06,Processing
1764,48,184,2023-06-27,5,674.05,412.95,Completed
1765,173,70,2023-06-27,1,385.26,168.94,Completed
1766,272,122,2023-06-27,4,1064.64,724.4,Completed
1767,40,167,2023-06-27,3,1187.43,513.48,Completed
1768,154,111,2023-06-27,5,2423.35,1390.4,Completed
1769,213,103,2023-06-27,3,743.88,345.24,Processing
1770,233,172,2023-06-27,5,108.0,49.45,Completed
1771,10,161,2023-06-27,5,2168.3,1502.35,Shipped
1772,296,128,2023-06-27,2,998.48,697.76,Processing
1773,240,69,2023-06-27,5,219.55,137.9,Shipped
1774,290,187,2023-06-28,1,373.56,224.58,Completed
1775,187,119,2023-06-28,2,892.48,422.92,Completed
1776,154,217,2023-06-28,4,384.72,264.44,Completed
1777,33,163,2023-06-28,2,44.3,27.5,Shipped
1778,137,211,2023-06-28,3,639.24,376.47,Processing
1779,132,176,2023-06-28,5,2453.8,1376.25,Completed
1780,123,30,2023-06-28,2,180.14,92.56,Completed
1781,126,205,2023-06-28,3,960.42,480.75,Completed
1782,287,112,2023-06-28,4,1102.72,688.52,Processing
1783,19,52,2023-06-28,2,688.08,386.08,Completed
1784,15,67,2023-06-28,3,1320.66,903.45,Processing
1785,91,165,2023-06-28,1,403.1,265.73,Cancelled
1786,249,201,2023-06-28,1,226.66,105.2,Completed
1787,43,81,2023-06-28,5,223.95,132.0,Completed
1788,33,231,2023-06-28,4,191.88,93.2,Shipped
1789,47,102,2023-06-28,2,851.72,383.18,Completed
1790,293,189,2023-06-28,5,1677.4,837.1,Shipped
1791,268,171,2023-06-28,5,1998.6,935.9,Shipped
1792,255,227,2023-06-29,1,242.59,115.9,Completed
1793,63,198,2023-06-29,3,30.6,14.88,Completed
1794,300,189,2023-06-29,4,1341.92,669.68,Shipped
1795,121,240,2023-06-29,4,1719.2,1082.56,Completed
1796,55,45,2023-06-29,2,109.1,45.18,Cancelled
1797,226,105,2023-06-29,3,587.1,408.39,Shipped
1798,29,126,2023-06-29,5,824.65,515.85,Completed
1799,58,82,2023-06-29,5,610.9,410.3,Completed
1800,127,247,2023-06-29,3,670.68,274.11,Shipped
1801,75,93,2023-06-29,4,829.12,416.04,Processing
1802,158,6,2023-06-29,5,585.65,323.05,Completed
1803,28,177,2023-06-29,2,940.46,408.72,Completed
1804,197,80,2023-06-29,3,368.28,171.63,Shipped
1805,274,222,2023-06-30,2,603.54,413.44,Shipped
1806,199,3,2023-06-30,4,1483.48,894.56,Shipped
1807,131,78,2023-06-30,1,69.29,32.39,Shipped
1808,121,77,2023-06-30,2,449.34,249.5,Shipped
1809,83,235,2023-06-30,4,1424.6,597.28,Processing
1810,209,203,2023-06-30,1,400.05,180.39,Completed
1811,42,211,2023-06-30,4,852.32,501.96,Completed
1812,212,238,2023-06-30,3,647.61,434.85,Processing
1813,52,212,2023-07-01,2,210.54,128.2,Processing
1814,260,17,2023-07-01,3,818.25,566.19,Completed
1815,281,189,2023-07-01,3,1006.44,502.26,Completed
1816,15,196,2023-07-01,1,452.37,264.48,Processing
1817,95,162,2023-07-01,4,1629.12,1082.44,Processing
1818,70,1,2023-07-01,4,1293.28,527.0,Completed
1819,157,81,2023-07-01,5,223.95,132.0,Completed
1820,81,64,2023-07-01,5,97.7,66.3,Processing
1821,67,217,2023-07-02,5,480.9,330.55,Processing
1822,164,116,2023-07-02,4,197.0,89.8,Shipped
1823,69,67,2023-07-02,2,880.44,602.3,Processing
1824,168,205,2023-07-02,3,960.42,480.75,Completed
1825,213,95,2023-07-02,2,206.4,110.34,Completed
1826,194,242,2023-07-02,5,911.8,570.85,Completed
1827,12,237,2023-07-02,5,1068.65,493.75,Processing
1828,118,233,2023-07-02,1,274.67,121.27,Cancelled
1829,135,180,2023-07-03,2,126.24,66.96,Completed
1830,220,154,2023-07-03,3,483.15,323.55,Completed
1831,189,44,2023-07-03,5,2493.95,1378.8,Completed
1832,270,112,2023-07-03,4,1102.72,688.52,Shipped
1833,254,31,2023-07-03,2,989.74,585.92,Processing
1834,98,243,2023-07-03,3,1284.57,881.25,Completed
1835,254,98,2023-07-03,2,454.26,299.08,Completed
1836,106,154,2023-07-03,2,322.1,215.7,Cancelled
1837,145,187,2023-07-03,2,747.12,449.16,Completed
1838,210,203,2023-07-03,2,800.1,360.78,Completed
1839,135,61,2023-07-03,5,1918.15,1077.65,Completed
1840,190,150,2023-07-04,4,187.48,124.68,Completed
1841,241,35,2023-07-04,3,493.71,237.15,Cancelled
1842,204,176,2023-07-04,2,981.52,550.5,Processing
1843,217,189,2023-07-04,5,1677.4,837.1,Completed
1844,49,143,2023-07-04,1,249.38,167.48,Completed
1845,121,121,2023-07-04,3,646.26,371.67,Cancelled
1846,24,2,2023-07-04,3,434.28,202.8,Completed
1847,196,78,2023-07-04,4,277.16,129.56,Processing
1848,68,248,2023-07-04,5,873.5,527.35,Completed
1849,92,67,2023-07-04,2,880.44,602.3,Completed
1850,174,225,2023-07-04,4,1667.92,941.32,Completed
1851,163,182,2023-07-04,5,1535.2,849.6,Completed
1852,60,81,2023-07-05,1,44.79,26.4,Cancelled
1853,256,224,2023-07-05,3,1087.32,599.58,Processing
1854,221,73,2023-07-05,3,652.02,302.25,Processing
1855,136,133,2023-07-05,3,1255.62,767.25,Completed
1856,85,81,2023-07-05,4,179.16,105.6,Processing
1857,78,143,2023-07-05,4,997.52,669.92,Completed
1858,77,14,2023-07-05,2,110.9,47.58,Completed
1859,241,67,2023-07-05,2,880.44,602.3,Processing
1860,224,30,2023-07-05,4,360.28,185.12,Completed
1861,183,182,2023-07-05,5,1535.2,849.6,Completed
1862,253,29,2023-07-05,2,187.72,116.14,Completed
1863,48,53,2023-07-05,3,422.22,250.08,Completed
1864,87,192,2023-07-05,5,807.75,422.05,Shipped
1865,299,249,2023-07-06,1,208.12,93.55,Completed
1866,293,47,2023-07-06,4,1592.48,838.68,Shipped
1867,127,197,2023-07-06,4,629.88,355.48,Processing
1868,169,7,2023-07-06,3,69.0,31.71,Processing
1869,63,101,2023-07-06,3,1454.43,985.98,Completed
1870,55,215,2023-07-06,3,1133.91,715.5,Completed
1871,42,118,2023-07-06,4,501.0,218.4,Completed
1872,138,153,2023-07-06,1,82.57,36.18,Completed
1873,23,168,2023-07-06,5,2186.8,1438.0,Cancelled
1874,167,243,2023-07-06,5,2140.95,1468.75,Completed
1875,25,206,2023-07-06,3,1233.09,771.09,Completed
1876,37,141,2023-07-07,5,1808.15,833.7,Completed
1877,205,66,2023-07-07,2,321.36,134.12,Completed
1878,205,23,2023-07-07,1,49.1,23.07,Shipped
1879,84,100,2023-07-07,4,1998.6,1300.72,Completed
1880,79,31,2023-07-07,3,1484.61,878.88,Completed
1881,222,189,2023-07-07,3,1006.44,502.26,Shipped
1882,68,92,2023-07-08,1,492.24,211.43,Shipped
1883,263,52,2023-07-08,4,1376.16,772.16,Completed
1884,199,122,2023-07-08,3,798.48,543.3,Completed
1885,217,24,2023-07-08,4,237.96,115.04,Shipped
1886,96,112,2023-07-08,4,1102.72,688.52,Completed
1887,263,88,2023-07-08,4,1622.68,741.76,Processing
1888,80,239,2023-07-09,4,1184.8,721.12,Completed
1889,269,22,2023-07-09,3,365.01,177.69,Completed
1890,41,233,2023-07-09,4,1098.68,485.08,Completed
1891,66,176,2023-07-09,3,1472.28,825.75,Shipped
1892,268,110,2023-07-09,3,257.55,125.94,Completed
1893,283,20,2023-07-09,1,432.24,247.76,Completed
1894,262,109,2023-07-09,4,1129.32,695.12,Completed
1895,182,66,2023-07-10,5,803.4,335.3,Completed
1896,258,5,2023-07-10,1,216.74,88.63,Processing
1897,237,46,2023-07-10,2,127.46,74.98,Shipped
1898,24,22,2023-07-10,4,486.68,236.92,Shipped
1899,153,81,2023-07-10,5,223.95,132.0,Processing
1900,231,160,2023-07-10,3,257.19,174.63,Completed
1901,96,55,2023-07-10,2,464.64,318.82,Completed
1902,133,224,2023-07-10,1,362.44,199.86,Completed
1903,10,2,2023-07-10,4,579.04,270.4,Completed
1904,88,168,2023-07-10,4,1749.44,1150.4,Completed
1905,208,223,2023-07-10,5,2234.0,1304.2,Processing
1906,156,159,2023-07-10,5,1045.6,612.95,Completed
1907,203,206,2023-07-10,3,1233.09,771.09,Completed
1908,8,49,2023-07-11,1,498.1,278.31,Shipped
1909,97,220,2023-07-11,1,233.67,149.65,Completed
1910,75,167,2023-07-11,2,791.62,342.32,Completed
1911,276,49,2023-07-11,1,498.1,278.31,Completed
1912,238,38,2023-07-11,4,1324.64,687.08,Completed
1913,60,43,2023-07-11,2,411.42,191.64,Processing
1914,228,247,2023-07-11,4,894.24,365.48,Completed
1915,231,150,2023-07-11,2,93.74,62.34,Completed
1916,292,213,2023-07-11,4,1008.96,477.44,Completed
1917,53,162,2023-07-12,4,1629.12,1082.44,Cancelled
1918,254,189,2023-07-12,5,1677.4,837.1,Completed
1919,284,75,2023-07-12,1,108.56,53.58,Completed
1920,249,132,2023-07-12,5,955.35,427.35,Processing
1921,250,60,2023-07-12,1,308.4,137.5,Completed
1922,296,81,2023-07-13,5,223.95,132.0,Completed
1923,214,228,2023-07-13,4,524.6,310.2,Completed
1924,178,115,2023-07-13,4,348.56,239.88,Completed
1925,148,186,2023-07-13,2,547.68,337.28,Completed
1926,225,60,2023-07-13,5,1542.0,687.5,Completed
1927,174,236,2023-07-13,5,1048.6,590.15,Shipped
1928,240,34,2023-07-13,3,366.69,150.21,Processing
1929,200,246,2023-07-13,4,472.24,220.0,Shipped
1930,185,204,2023-07-13,4,206.2,114.36,Processing
1931,83,160,2023-07-13,2,171.46,116.42,Completed
1932,45,171,2023-07-13,4,1598.88,748.72,Completed
1933,103,41,2023-07-13,5,1425.35,682.5,Completed
1934,213,242,2023-07-13,4,729.44,456.68,Completed
1935,108,143,2023-07-13,1,249.38,167.48,Cancelled
1936,184,226,2023-07-13,3,1348.89,840.48,Completed
1937,82,45,2023-07-13,5,272.75,112.95,Completed
1938,33,87,2023-07-13,4,966.44,614.08,Completed
1939,117,31,2023-07-13,5,2474.35,1464.8,Completed
1940,175,201,2023-07-14,3,679.98,315.6,Processing
1941,286,69,2023-07-14,2,87.82,55.16,Shipped
1942,264,155,2023-07-14,1,400.1,263.35,Processing
1943,225,205,2023-07-14,4,1280.56,641.0,Cancelled
1944,57,250,2023-07-14,1,239.02,104.76,Processing
1945,53,211,2023-07-14,5,1065.4,627.45,Completed
1946,54,43,2023-07-14,1,205.71,95.82,Shipped
1947,186,41,2023-07-14,3,855.21,409.5,Processing
1948,260,128,2023-07-14,1,499.24,348.88,Completed
1949,187,86,2023-07-14,2,936.8,535.2,Completed
1950,104,113,2023-07-14,4,152.04,87.48,Processing
1951,4,63,2023-07-14,4,41.12,20.44,Completed
1952,259,44,2023-07-14,1,498.79,275.76,Completed
1953,213,93,2023-07-15,2,414.56,208.02,Completed
1954,272,108,2023-07-15,2,958.18,669.42,Completed
1955,220,106,2023-07-15,4,559.8,355.6,Shipped
1956,265,204,2023-07-15,3,154.65,85.77,Shipped
1957,227,38,2023-07-15,1,331.16,171.77,Processing
1958,265,242,2023-07-15,1,182.36,114.17,Completed
1959,162,103,2023-07-15,2,495.92,230.16,Completed
1960,19,170,2023-07-16,2,471.1,231.58,Shipped
1961,30,162,2023-07-16,5,2036.4,1353.05,Cancelled
1962,215,103,2023-07-16,5,1239.8,575.4,Shipped
1963,161,233,2023-07-16,3,824.01,363.81,Completed
1964,144,231,2023-07-16,5,239.85,116.5,Processing
1965,207,115,2023-07-17,2,174.28,119.94,Shipped
1966,227,179,2023-07-17,3,1444.92,693.03,Shipped
1967,208,199,2023-07-17,2,441.3,253.3,Shipped
1968,44,10,2023-07-17,5,2033.1,817.2,Completed
1969,65,134,2023-07-17,5,1548.6,1078.1,Completed
1970,48,131,2023-07-17,5,2208.1,1465.7,Completed
1971,175,194,2023-07-17,2,144.74,76.16,Completed
1972,277,152,2023-07-17,3,1256.85,722.37,Completed
1973,156,186,2023-07-17,4,1095.36,674.56,Cancelled
1974,31,216,2023-07-18,3,186.69,98.49,Completed
1975,260,91,2023-07-18,1,367.25,221.09,Completed
1976,64,115,2023-07-18,3,261.42,179.91,Completed
1977,3,117,2023-07-18,3,904.71,545.16,Cancelled
1978,298,145,2023-07-18,5,1087.75,525.4,Shipped
1979,120,90,2023-07-18,3,652.65,352.5,Completed
1980,294,173,2023-07-18,2,341.7,225.28,Processing
1981,267,189,2023-07-18,2,670.96,334.84,Completed
1982,185,117,2023-07-19,1,301.57,181.72,Completed
1983,218,213,2023-07-19,4,1008.96,477.44,Completed
1984,32,109,2023-07-19,2,564.66,347.56,Completed
1985,229,20,2023-07-19,3,1296.72,743.28,Processing
1986,207,151,2023-07-19,5,2264.65,1276.55,Completed
1987,203,224,2023-07-19,3,1087.32,599.58,Completed
1988,217,113,2023-07-19,4,152.04,87.48,Processing
1989,214,211,2023-07-19,2,426.16,250.98,Completed
1990,66,125,2023-07-19,4,1356.52,664.68,Completed
1991,263,221,2023-07-19,5,1685.55,1173.75,Completed
1992,109,117,2023-07-19,4,1206.28,726.88,Completed
1993,287,95,2023-07-20,1,103.2,55.17,Processing
1994,210,29,2023-07-20,1,93.86,58.07,Completed
1995,149,11,2023-07-20,5,2024.25,1233.65,Completed
1996,191,79,2023-07-20,3,526.98,303.81,Completed
1997,249,8,2023-07-20,2,656.88,370.14,Completed
1998,216,13,2023-07-20,3,1437.09,719.94,Shipped
1999,111,47,2023-07-20,4,1592.48,838.68,Completed
2000,281,90,2023-07-20,1,217.55,117.5,Shipped
2001,214,124,2023-07-20,5,634.8,329.3,Completed
2002,232,231,2023-07-20,3,143.91,69.9,Processing
2003,68,196,2023-07-21,2,904.74,528.96,Completed
2004,236,195,2023-07-21,4,1883.12,1135.88,Processing
2005,77,222,2023-07-21,3,905.31,620.16,Completed
2006,210,100,2023-07-21,2,999.3,650.36,Shipped
2007,174,139,2023-07-21,1,62.45,35.34,Cancelled
2008,227,189,2023-07-21,3,1006.44,502.26,Processing
2009,85,182,2023-07-21,1,307.04,169.92,Completed
2010,159,144,2023-07-21,1,424.59,181.59,Processing
2011,44,50,2023-07-21,5,2429.15,1598.95,Completed
2012,28,246,2023-07-21,5,590.3,275.0,Completed
2013,244,129,2023-07-21,1,45.9,21.3,Completed
2014,273,47,2023-07-21,1,398.12,209.67,Completed
2015,106,63,2023-07-21,5,51.4,25.55,Completed
2016,274,156,2023-07-21,3,1351.41,625.74,Completed
2017,24,126,2023-07-21,1,164.93,103.17,Completed
2018,93,107,2023-07-21,1,232.95,122.74,Shipped
2019,163,98,2023-07-21,3,681.39,448.62,Completed
2020,51,139,2023-07-21,2,124.9,70.68,Completed
2021,94,66,2023-07-21,1,160.68,67.06,Completed
2022,209,174,2023-07-21,2,967.56,468.04,Completed
2023,93,7,2023-07-22,1,23.0,10.57,Completed
2024,51,82,2023-07-22,2,244.36,164.12,Completed
2025,166,67,2023-07-22,4,1760.88,1204.6,Shipped
2026,62,14,2023-07-22,2,110.9,47.58,Completed
2027,122,127,2023-07-23,5,227.75,122.4,Processing
2028,198,244,2023-07-23,1,215.32,134.41,Completed
2029,163,119,2023-07-23,5,2231.2,1057.3,Completed
2030,248,8,2023-07-23,4,1313.76,740.28,Processing
2031,10,69,2023-07-23,5,219.55,137.9,Cancelled
2032,52,64,2023-07-23,5,97.7,66.3,Processing
2033,156,146,2023-07-24,4,46.96,29.64,Completed
2034,257,53,2023-07-24,2,281.48,166.72,Completed
2035,87,201,2023-07-24,2,453.32,210.4,Completed
2036,217,247,2023-07-24,5,1117.8,456.85,Completed
2037,1,209,2023-07-24,4,519.88,282.04,Cancelled
2038,149,168,2023-07-24,2,874.72,575.2,Completed
2039,247,70,2023-07-24,5,1926.3,844.7,Completed
2040,195,90,2023-07-24,2,435.1,235.0,Completed
2041,262,73,2023-07-24,1,217.34,100.75,Completed
2042,154,23,2023-07-25,4,196.4,92.28,Processing
2043,72,186,2023-07-25,5,1369.2,843.2,Cancelled
2044,222,54,2023-07-25,5,323.3,171.5,Completed
2045,163,227,2023-07-25,3,727.77,347.7,Processing
2046,232,70,2023-07-25,2,770.52,337.88,Processing
2047,165,88,2023-07-25,2,811.34,370.88,Completed
2048,169,5,2023-07-25,2,433.48,177.26,Processing
2049,244,2,2023-07-26,1,144.76,67.6,Processing
2050,212,143,2023-07-26,4,997.52,669.92,Processing
2051,276,21,2023-07-26,1,355.24,146.98,Completed
2052,228,173,2023-07-26,1,170.85,112.64,Completed
2053,193,212,2023-07-26,5,526.35,320.5,Completed
2054,5,32,2023-07-27,4,1131.64,685.08,Completed
2055,99,114,2023-07-27,1,256.4,168.15,Completed
2056,11,195,2023-07-27,3,1412.34,851.91,Processing
2057,184,50,2023-07-27,1,485.83,319.79,Shipped
2058,156,207,2023-07-27,2,679.34,317.52,Completed
2059,253,248,2023-07-27,3,524.1,316.41,Completed
2060,253,232,2023-07-27,5,715.7,354.9,Completed
2061,101,211,2023-07-27,4,852.32,501.96,Completed
2062,143,146,2023-07-27,5,58.7,37.05,Completed
2063,283,50,2023-07-27,5,2429.15,1598.95,Processing
2064,34,151,2023-07-28,2,905.86,510.62,Processing
2065,66,67,2023-07-28,5,2201.1,1505.75,Shipped
2066,268,187,2023-07-28,3,1120.68,673.74,Completed
2067,12,249,2023-07-28,5,1040.6,467.75,Processing
2068,287,227,2023-07-28,4,970.36,463.6,Completed
2069,219,165,2023-07-28,1,403.1,265.73,Shipped
2070,166,111,2023-07-28,4,1938.68,1112.32,Completed
2071,266,120,2023-07-28,4,1205.24,706.04,Completed
2072,23,227,2023-07-28,2,485.18,231.8,Completed
2073,216,137,2023-07-28,4,1340.24,913.6,Completed
2074,100,86,2023-07-29,1,468.4,267.6,Shipped
2075,13,189,2023-07-29,2,670.96,334.84,Cancelled
2076,217,246,2023-07-29,1,118.06,55.0,Shipped
2077,101,43,2023-07-29,3,617.13,287.46,Completed
2078,50,8,2023-07-29,4,1313.76,740.28,Completed
2079,172,216,2023-07-30,3,186.69,98.49,Completed
2080,243,62,2023-07-30,3,1174.59,656.73,Shipped
2081,267,204,2023-07-31,2,103.1,57.18,Shipped
2082,225,196,2023-07-31,1,452.37,264.48,Processing
2083,297,32,2023-07-31,1,282.91,171.27,Cancelled
2084,18,97,2023-07-31,3,397.23,268.92,Shipped
2085,34,201,2023-07-31,2,453.32,210.4,Completed
2086,227,15,2023-07-31,3,1275.81,741.39,Processing
2087,222,17,2023-07-31,1,272.75,188.73,Processing
2088,287,14,2023-07-31,3,166.35,71.37,Shipped
2089,206,25,2023-07-31,5,1607.45,818.9,Processing
2090,120,222,2023-07-31,5,1508.85,1033.6,Processing
2091,6,117,2023-07-31,4,1206.28,726.88,Completed
2092,220,226,2023-07-31,5,2248.15,1400.8,Processing
2093,174,167,2023-07-31,1,395.81,171.16,Completed
2094,169,151,2023-07-31,2,905.86,510.62,Completed
2095,7,153,2023-07-31,1,82.57,36.18,Completed
2096,294,33,2023-08-01,5,2115.0,1338.35,Completed
2097,216,124,2023-08-01,5,634.8,329.3,Completed
2098,125,36,2023-08-01,1,113.38,77.42,Completed
2099,160,150,2023-08-01,4,187.48,124.68,Completed
2100,184,80,2023-08-01,5,613.8,286.05,Shipped
2101,75,38,2023-08-01,4,1324.64,687.08,Completed
2102,176,75,2023-08-01,3,325.68,160.74,Cancelled
2103,266,151,2023-08-01,2,905.86,510.62,Completed
2104,260,210,2023-08-01,5,2131.85,899.3,Shipped
2105,217,89,2023-08-01,2,115.0,60.88,Cancelled
2106,104,202,2023-08-01,1,241.86,162.13,Completed
2107,240,154,2023-08-02,3,483.15,323.55,Shipped
2108,290,247,2023-08-02,3,670.68,274.11,Processing
2109,215,85,2023-08-02,2,229.96,101.12,Completed
2110,22,127,2023-08-02,2,91.1,48.96,Shipped
2111,115,178,2023-08-02,2,971.0,440.42,Completed
2112,110,62,2023-08-02,4,1566.12,875.64,Processing
2113,170,207,2023-08-02,4,1358.68,635.04,Completed
2114,95,212,2023-08-02,1,105.27,64.1,Completed
2115,38,92,2023-08-02,1,492.24,211.43,Completed
2116,73,75,2023-08-02,4,434.24,214.32,Completed
2117,300,234,2023-08-02,3,369.96,225.0,Completed
2118,16,51,2023-08-02,2,31.26,19.26,Completed
2119,113,227,2023-08-02,3,727.77,347.7,Processing
2120,174,217,2023-08-02,5,480.9,330.55,Completed
2121,101,6,2023-08-02,2,234.26,129.22,Shipped
2122,52,6,2023-08-02,2,234.26,129.22,Completed
2123,57,87,2023-08-02,2,483.22,307.04,Completed
2124,123,95,2023-08-02,3,309.6,165.51,Processing
2125,270,205,2023-08-02,5,1600.7,801.25,Shipped
2126,34,31,2023-08-02,2,989.74,585.92,Shipped
2127,98,50,2023-08-03,5,2429.15,1598.95,Completed
2128,192,82,2023-08-03,5,610.9,410.3,Completed
2129,126,236,2023-08-03,1,209.72,118.03,Processing
2130,97,219,2023-08-03,5,660.55,432.35,Completed
2131,77,84,2023-08-03,2,253.24,152.12,Completed
2132,144,224,2023-08-03,2,724.88,399.72,Shipped
2133,300,227,2023-08-03,4,970.36,463.6,Completed
2134,42,201,2023-08-03,4,906.64,420.8,Processing
2135,34,43,2023-08-03,5,1028.55,479.1,Completed
2136,256,133,2023-08-04,4,1674.16,1023.0,Completed
2137,192,135,2023-08-04,4,1321.8,531.84,Processing
2138,254,122,2023-08-04,3,798.48,543.3,Completed
2139,299,167,2023-08-04,1,395.81,171.16,Completed
2140,104,116,2023-08-04,2,98.5,44.9,Completed
2141,157,109,2023-08-04,4,1129.32,695.12,Completed
2142,192,66,2023-08-04,5,803.4,335.3,Completed
2143,44,76,2023-08-04,4,1990.48,1184.28,Completed
2144,118,150,2023-08-04,1,46.87,31.17,Completed
2145,173,110,2023-08-04,4,343.4,167.92,Completed
2146,210,95,2023-08-04,4,412.8,220.68,Completed
2147,196,7,2023-08-04,2,46.0,21.14,Completed
2148,136,166,2023-08-04,1,407.27,195.51,Completed
2149,43,76,2023-08-04,5,2488.1,1480.35,Completed
2150,41,202,2023-08-04,3,725.58,486.39,Shipped
2151,51,31,2023-08-04,1,494.87,292.96,Completed
2152,103,86,2023-08-05,2,936.8,535.2,Processing
2153,129,78,2023-08-05,3,207.87,97.17,Completed
2154,71,219,2023-08-05,5,660.55,432.35,Shipped
2155,5,198,2023-08-05,3,30.6,14.88,Completed
2156,178,201,2023-08-05,4,906.64,420.8,Shipped
2157,297,194,2023-08-05,1,72.37,38.08,Completed
2158,77,222,2023-08-06,4,1207.08,826.88,Completed
2159,108,122,2023-08-06,2,532.32,362.2,Completed
2160,283,194,2023-08-06,4,289.48,152.32,Processing
2161,237,88,2023-08-06,1,405.67,185.44,Completed
2162,97,110,2023-08-06,4,343.4,167.92,Completed
2163,231,219,2023-08-06,5,660.55,432.35,Completed
2164,296,224,2023-08-07,2,724.88,399.72,Completed
2165,5,128,2023-08-07,3,1497.72,1046.64,Completed
2166,215,109,2023-08-07,4,1129.32,695.12,Processing
2167,276,77,2023-08-07,3,674.01,374.25,Completed
2168,291,202,2023-08-07,1,241.86,162.13,Shipped
2169,79,244,2023-08-07,3,645.96,403.23,Completed
2170,294,222,2023-08-07,4,1207.08,826.88,Cancelled
2171,105,243,2023-08-07,4,1712.76,1175.0,Completed
2172,198,49,2023-08-07,4,1992.4,1113.24,Completed
2173,156,24,2023-08-08,2,118.98,57.52,Completed
2174,284,46,2023-08-08,1,63.73,37.49,Shipped
2175,251,7,2023-08-08,2,46.0,21.14,Completed
2176,198,73,2023-08-08,2,434.68,201.5,Completed
2177,269,18,2023-08-08,4,781.92,442.28,Completed
2178,266,3,2023-08-08,2,741.74,447.28,Completed
2179,211,101,2023-08-08,2,969.62,657.32,Cancelled
2180,67,138,2023-08-08,4,303.2,131.76,Completed
2181,36,100,2023-08-08,2,999.3,650.36,Completed
2182,106,80,2023-08-08,4,491.04,228.84,Shipped
2183,244,41,2023-08-08,5,1425.35,682.5,Completed
2184,159,151,2023-08-08,2,905.86,510.62,Completed
2185,235,71,2023-08-08,2,485.78,274.44,Completed
2186,74,115,2023-08-08,1,87.14,59.97,Shipped
2187,127,135,2023-08-08,3,991.35,398.88,Shipped
2188,252,118,2023-08-08,4,501.0,218.4,Completed
2189,47,74,2023-08-08,4,1097.04,679.04,Completed
2190,153,101,2023-08-08,5,2424.05,1643.3,Shipped
2191,90,107,2023-08-08,2,465.9,245.48,Completed
2192,235,99,2023-08-09,2,559.32,232.22,Processing
2193,49,101,2023-08-09,1,484.81,328.66,Completed
2194,81,71,2023-08-09,5,1214.45,686.1,Completed
2195,35,179,2023-08-09,2,963.28,462.02,Shipped
2196,211,196,2023-08-09,5,2261.85,1322.4,Completed
2197,189,20,2023-08-09,1,432.24,247.76,Completed
2198,167,105,2023-08-09,4,782.8,544.52,Completed
2199,107,130,2023-08-09,1,139.95,95.16,Completed
2200,38,164,2023-08-09,4,691.08,469.4,Completed
2201,205,220,2023-08-09,2,467.34,299.3,Completed
2202,6,65,2023-08-09,1,440.57,286.15,Processing
2203,70,84,2023-08-09,4,506.48,304.24,Completed
2204,35,22,2023-08-09,5,608.35,296.15,Processing
2205,225,36,2023-08-09,4,453.52,309.68,Shipped
2206,83,44,2023-08-09,1,498.79,275.76,Processing
2207,91,76,2023-08-09,1,497.62,296.07,Completed
2208,201,44,2023-08-09,1,498.79,275.76,Processing
2209,6,174,2023-08-09,3,1451.34,702.06,Completed
2210,92,56,2023-08-10,1,439.17,210.37,Shipped
2211,273,56,2023-08-10,4,1756.68,841.48,Processing
2212,268,165,2023-08-10,1,403.1,265.73,Completed
2213,158,114,2023-08-10,1,256.4,168.15,Completed
2214,25,198,2023-08-10,4,40.8,19.84,Processing
2215,128,96,2023-08-10,2,433.44,209.6,Completed
2216,9,108,2023-08-10,1,479.09,334.71,Cancelled
2217,173,211,2023-08-10,2,426.16,250.98,Processing
2218,33,57,2023-08-10,1,255.29,115.8,Processing
2219,86,186,2023-08-10,2,547.68,337.28,Completed
2220,263,28,2023-08-10,3,982.62,572.61,Completed
2221,98,160,2023-08-10,2,171.46,116.42,Shipped
2222,203,241,2023-08-10,4,785.56,315.6,Completed
2223,110,28,2023-08-10,3,982.62,572.61,Completed
2224,8,103,2023-08-10,3,743.88,345.24,Completed
2225,109,118,2023-08-10,2,250.5,109.2,Completed
2226,189,12,2023-08-11,1,176.72,78.93,Shipped
2227,211,78,2023-08-11,5,346.45,161.95,Completed
2228,53,183,2023-08-11,5,993.75,569.4,Processing
2229,292,44,2023-08-11,3,1496.37,827.28,Cancelled
2230,167,162,2023-08-11,4,1629.12,1082.44,Processing
2231,69,86,2023-08-11,2,936.8,535.2,Processing
2232,163,218,2023-08-11,4,1055.2,437.96,Completed
2233,10,156,2023-08-11,5,2252.35,1042.9,Completed
2234,262,164,2023-08-11,2,345.54,234.7,Completed
2235,7,60,2023-08-11,1,308.4,137.5,Processing
2236,64,80,2023-08-11,2,245.52,114.42,Processing
2237,125,159,2023-08-11,1,209.12,122.59,Completed
2238,192,128,2023-08-11,3,1497.72,1046.64,Completed
2239,105,165,2023-08-12,1,403.1,265.73,Completed
2240,228,190,2023-08-12,3,491.46,321.6,Completed
2241,163,165,2023-08-12,1,403.1,265.73,Completed
2242,213,166,2023-08-12,3,1221.81,586.53,Processing
2243,118,217,2023-08-12,3,288.54,198.33,Completed
2244,277,14,2023-08-13,2,110.9,47.58,Shipped
2245,114,156,2023-08-13,4,1801.88,834.32,Completed
2246,94,114,2023-08-13,1,256.4,168.15,Completed
2247,36,245,2023-08-14,2,555.2,322.56,Completed
2248,73,241,2023-08-14,2,392.78,157.8,Completed
2249,89,152,2023-08-14,5,2094.75,1203.95,Shipped
2250,105,61,2023-08-14,5,1918.15,1077.65,Completed
2251,240,80,2023-08-14,2,245.52,114.42,Processing
2252,126,109,2023-08-14,2,564.66,347.56,Processing
2253,156,74,2023-08-14,5,1371.3,848.8,Completed
2254,104,70,2023-08-14,4,1541.04,675.76,Completed
2255,185,102,2023-08-14,4,1703.44,766.36,Completed
2256,226,109,2023-08-14,5,1411.65,868.9,Processing
2257,222,195,2023-08-14,2,941.56,567.94,Shipped
2258,247,6,2023-08-14,4,468.52,258.44,Completed
2259,43,195,2023-08-14,3,1412.34,851.91,Completed
2260,79,142,2023-08-14,2,641.56,307.44,Completed
2261,238,79,2023-08-14,4,702.64,405.08,Completed
2262,288,156,2023-08-14,4,1801.88,834.32,Completed
2263,70,184,2023-08-14,4,539.24,330.36,Completed
2264,98,2,2023-08-14,1,144.76,67.6,Shipped
2265,192,126,2023-08-14,4,659.72,412.68,Shipped
2266,203,249,2023-08-14,3,624.36,280.65,Completed
2267,37,105,2023-08-15,1,195.7,136.13,Cancelled
2268,64,99,2023-08-15,5,1398.3,580.55,Completed
2269,224,246,2023-08-15,3,354.18,165.0,Processing
2270,179,131,2023-08-15,4,1766.48,1172.56,Processing
2271,189,179,2023-08-15,1,481.64,231.01,Processing
2272,218,189,2023-08-15,2,670.96,334.84,Completed
2273,18,236,2023-08-15,3,629.16,354.09,Processing
2274,15,179,2023-08-15,2,963.28,462.02,Completed
2275,234,242,2023-08-15,2,364.72,228.34,Completed
2276,297,244,2023-08-15,2,430.64,268.82,Completed
2277,48,165,2023-08-15,4,1612.4,1062.92,Completed
2278,42,133,2023-08-15,2,837.08,511.5,Shipped
2279,85,213,2023-08-15,4,1008.96,477.44,Completed
2280,155,129,2023-08-15,5,229.5,106.5,Processing
2281,158,188,2023-08-16,4,753.88,317.36,Processing
2282,46,28,2023-08-16,5,1637.7,954.35,Processing
2283,177,209,2023-08-16,2,259.94,141.02,Completed
2284,108,239,2023-08-16,4,1184.8,721.12,Processing
2285,4,44,2023-08-16,4,1995.16,1103.04,Completed
2286,36,199,2023-08-16,4,882.6,506.6,Completed
2287,148,188,2023-08-16,4,753.88,317.36,Completed
2288,192,48,2023-08-16,2,82.26,42.32,Completed
2289,94,129,2023-08-16,1,45.9,21.3,Completed
2290,109,48,2023-08-16,2,82.26,42.32,Completed
2291,94,208,2023-08-16,2,215.14,87.64,Completed
2292,210,113,2023-08-16,5,190.05,109.35,Completed
2293,86,21,2023-08-16,3,1065.72,440.94,Completed
2294,64,71,2023-08-16,1,242.89,137.22,Completed
2295,300,61,2023-08-16,4,1534.52,862.12,Completed
2296,52,3,2023-08-16,1,370.87,223.64,Completed
2297,4,171,2023-08-16,5,1998.6,935.9,Processing
2298,50,55,2023-08-17,5,1161.6,797.05,Processing
2299,193,155,2023-08-17,5,2000.5,1316.75,Cancelled
2300,137,239,2023-08-17,4,1184.8,721.12,Completed
2301,173,155,2023-08-17,4,1600.4,1053.4,Completed
2302,176,81,2023-08-17,2,89.58,52.8,Shipped
2303,205,97,2023-08-17,5,662.05,448.2,Completed
2304,170,207,2023-08-18,1,339.67,158.76,Completed
2305,206,186,2023-08-18,2,547.68,337.28,Completed
2306,63,223,2023-08-18,5,2234.0,1304.2,Completed
2307,128,95,2023-08-18,4,412.8,220.68,Processing
2308,244,132,2023-08-18,4,764.28,341.88,Processing
2309,2,164,2023-08-18,3,518.31,352.05,Completed
2310,185,224,2023-08-18,1,362.44,199.86,Cancelled
2311,167,174,2023-08-18,4,1935.12,936.08,Completed
2312,249,103,2023-08-18,5,1239.8,575.4,Processing
2313,179,110,2023-08-18,4,343.4,167.92,Cancelled
2314,52,188,2023-08-18,4,753.88,317.36,Completed
2315,100,183,2023-08-18,2,397.5,227.76,Shipped
2316,293,201,2023-08-18,5,1133.3,526.0,Completed
2317,255,204,2023-08-18,1,51.55,28.59,Completed
2318,281,224,2023-08-18,4,1449.76,799.44,Completed
2319,229,245,2023-08-18,1,277.6,161.28,Completed
2320,124,63,2023-08-19,2,20.56,10.22,Completed
2321,46,28,2023-08-19,4,1310.16,763.48,Cancelled
2322,15,42,2023-08-19,3,889.35,595.29,Shipped
2323,144,57,2023-08-19,3,765.87,347.4,Processing
2324,64,171,2023-08-19,2,799.44,374.36,Shipped
2325,252,24,2023-08-19,3,178.47,86.28,Shipped
2326,34,165,2023-08-20,3,1209.3,797.19,Completed
2327,196,168,2023-08-20,5,2186.8,1438.0,Cancelled
2328,224,207,2023-08-20,2,679.34,317.52,Completed
2329,60,75,2023-08-20,1,108.56,53.58,Completed
2330,175,190,2023-08-20,5,819.1,536.0,Shipped
2331,60,147,2023-08-20,3,966.57,462.6,Completed
2332,195,148,2023-08-21,1,373.2,211.05,Completed
2333,275,49,2023-08-21,4,1992.4,1113.24,Cancelled
2334,164,198,2023-08-21,3,30.6,14.88,Processing
2335,65,134,2023-08-21,5,1548.6,1078.1,Completed
2336,55,102,2023-08-21,1,425.86,191.59,Completed
2337,236,81,2023-08-21,2,89.58,52.8,Shipped
2338,152,215,2023-08-21,2,755.94,477.0,Completed
2339,234,38,2023-08-21,5,1655.8,858.85,Completed
2340,18,154,2023-08-21,3,483.15,323.55,Completed
2341,64,71,2023-08-21,5,1214.45,686.1,Completed
2342,111,127,2023-08-21,3,136.65,73.44,Processing
2343,193,16,2023-08-21,3,1216.47,752.91,Completed
2344,108,218,2023-08-21,2,527.6,218.98,Processing
2345,27,237,2023-08-21,2,427.46,197.5,Shipped
2346,201,77,2023-08-21,2,449.34,249.5,Cancelled
2347,173,109,2023-08-22,4,1129.32,695.12,Cancelled
2348,201,101,2023-08-22,1,484.81,328.66,Completed
2349,145,73,2023-08-22,2,434.68,201.5,Processing
2350,281,101,2023-08-22,1,484.81,328.66,Completed
2351,298,222,2023-08-22,1,301.77,206.72,Shipped
2352,156,118,2023-08-22,2,250.5,109.2,Completed
2353,227,179,2023-08-22,4,1926.56,924.04,Completed
2354,75,54,2023-08-22,2,129.32,68.6,Shipped
2355,101,189,2023-08-22,1,335.48,167.42,Completed
2356,295,27,2023-08-22,2,281.64,191.8,Completed
2357,219,174,2023-08-22,2,967.56,468.04,Shipped
2358,50,92,2023-08-22,4,1968.96,845.72,Completed
2359,27,31,2023-08-22,5,2474.35,1464.8,Processing
2360,223,249,2023-08-22,2,416.24,187.1,Processing
2361,207,63,2023-08-22,1,10.28,5.11,Completed
2362,204,126,2023-08-22,3,494.79,309.51,Processing
2363,89,168,2023-08-22,4,1749.44,1150.4,Processing
2364,238,222,2023-08-23,4,1207.08,826.88,Completed
2365,228,95,2023-08-23,1,103.2,55.17,Completed
2366,43,32,2023-08-23,4,1131.64,685.08,Processing
2367,261,58,2023-08-23,1,457.19,302.27,Completed
2368,294,123,2023-08-23,3,330.27,203.07,Processing
2369,49,204,2023-08-23,5,257.75,142.95,Completed
2370,248,166,2023-08-23,4,1629.08,782.04,Completed
2371,51,84,2023-08-24,1,126.62,76.06,Processing
2372,276,48,2023-08-24,4,164.52,84.64,Shipped
2373,11,101,2023-08-24,5,2424.05,1643.3,Shipped
2374,272,126,2023-08-24,1,164.93,103.17,Completed
2375,300,138,2023-08-24,1,75.8,32.94,Processing
2376,107,248,2023-08-24,1,174.7,105.47,Completed
2377,93,2,2023-08-24,5,723.8,338.0,Completed
2378,161,32,2023-08-24,1,282.91,171.27,Completed
2379,106,168,2023-08-24,2,874.72,575.2,Completed
2380,18,22,2023-08-25,1,121.67,59.23,Completed
2381,187,248,2023-08-25,5,873.5,527.35,Completed
2382,1,64,2023-08-25,3,58.62,39.78,Completed
2383,266,232,2023-08-25,3,429.42,212.94,Processing
2384,228,36,2023-08-25,5,566.9,387.1,Completed
2385,161,134,2023-08-25,3,929.16,646.86,Processing
2386,262,54,2023-08-25,1,64.66,34.3,Processing
2387,23,61,2023-08-25,1,383.63,215.53,Completed
2388,154,220,2023-08-25,2,467.34,299.3,Cancelled
2389,283,56,2023-08-25,5,2195.85,1051.85,Completed
2390,66,187,2023-08-25,5,1867.8,1122.9,Completed
2391,282,66,2023-08-25,3,482.04,201.18,Completed
2392,84,103,2023-08-25,4,991.84,460.32,Completed
2393,218,241,2023-08-26,2,392.78,157.8,Completed
2394,37,162,2023-08-26,3,1221.84,811.83,Cancelled
2395,99,183,2023-08-26,3,596.25,341.64,Completed
2396,262,155,2023-08-26,2,800.2,526.7,Completed
2397,162,202,2023-08-27,4,967.44,648.52,Completed
2398,127,20,2023-08-27,3,1296.72,743.28,Completed
2399,57,176,2023-08-27,5,2453.8,1376.25,Completed
2400,46,93,2023-08-28,3,621.84,312.03,Processing
2401,75,223,2023-08-28,2,893.6,521.68,Completed
2402,51,97,2023-08-28,2,264.82,179.28,Completed
2403,54,201,2023-08-28,1,226.66,105.2,Completed
2404,157,151,2023-08-28,4,1811.72,1021.24,Completed
2405,179,180,2023-08-28,5,315.6,167.4,Shipped
2406,283,70,2023-08-28,5,1926.3,844.7,Completed
2407,25,44,2023-08-28,3,1496.37,827.28,Shipped
2408,200,47,2023-08-28,3,1194.36,629.01,Shipped
2409,273,142,2023-08-28,5,1603.9,768.6,Shipped
2410,207,123,2023-08-28,5,550.45,338.45,Completed
2411,5,176,2023-08-28,5,2453.8,1376.25,Processing
2412,65,37,2023-08-28,4,1757.68,869.0,Completed
2413,137,14,2023-08-28,3,166.35,71.37,Processing
2414,128,174,2023-08-28,5,2418.9,1170.1,Completed
2415,94,113,2023-08-29,3,114.03,65.61,Processing
2416,258,74,2023-08-29,3,822.78,509.28,Cancelled
2417,267,242,2023-08-29,2,364.72,228.34,Completed
2418,45,243,2023-08-29,3,1284.57,881.25,Completed
2419,161,217,2023-08-29,1,96.18,66.11,Processing
2420,40,187,2023-08-29,2,747.12,449.16,Shipped
2421,85,148,2023-08-29,1,373.2,211.05,Completed
2422,147,142,2023-08-29,4,1283.12,614.88,Shipped
2423,6,247,2023-08-29,4,894.24,365.48,Processing
2424,70,123,2023-08-29,4,440.36,270.76,Completed
2425,273,179,2023-08-29,1,481.64,231.01,Completed
2426,98,234,2023-08-29,1,123.32,75.0,Processing
2427,274,192,2023-08-29,3,484.65,253.23,Completed
2428,271,176,2023-08-29,5,2453.8,1376.25,Completed
2429,230,247,2023-08-29,2,447.12,182.74,Processing
2430,269,232,2023-08-29,2,286.28,141.96,Completed
2431,188,215,2023-08-29,2,755.94,477.0,Completed
2432,27,109,2023-08-29,4,1129.32,695.12,Completed
2433,192,249,2023-08-29,1,208.12,93.55,Completed
2434,277,218,2023-08-30,1,263.8,109.49,Completed
2435,248,76,2023-08-30,3,1492.86,888.21,Completed
2436,292,101,2023-08-30,2,969.62,657.32,Shipped
2437,264,212,2023-08-30,1,105.27,64.1,Shipped
2438,250,15,2023-08-30,3,1275.81,741.39,Completed
2439,236,85,2023-08-30,3,344.94,151.68,Completed
2440,3,90,2023-08-30,2,435.1,235.0,Completed
2441,5,26,2023-08-30,4,765.56,354.36,Completed
2442,44,136,2023-08-30,5,2051.9,1005.05,Shipped
2443,211,32,2023-08-30,4,1131.64,685.08,Completed
2444,129,58,2023-08-30,4,1828.76,1209.08,Completed
2445,154,94,2023-08-30,4,1728.88,820.52,Shipped
2446,56,113,2023-08-31,4,152.04,87.48,Completed
2447,182,192,2023-08-31,4,646.2,337.64,Completed
2448,102,29,2023-08-31,2,187.72,116.14,Completed
2449,69,102,2023-08-31,4,1703.44,766.36,Processing
2450,17,42,2023-08-31,2,592.9,396.86,Shipped
2451,137,31,2023-08-31,4,1979.48,1171.84,Completed
2452,254,205,2023-08-31,2,640.28,320.5,Completed
2453,205,129,2023-08-31,4,183.6,85.2,Completed
2454,56,203,2023-08-31,1,400.05,180.39,Completed
2455,177,129,2023-08-31,1,45.9,21.3,Processing
2456,122,14,2023-08-31,3,166.35,71.37,Completed
2457,5,112,2023-08-31,4,1102.72,688.52,Completed
2458,249,22,2023-08-31,4,486.68,236.92,Completed
2459,262,48,2023-09-01,2,82.26,42.32,Completed
2460,59,222,2023-09-01,3,905.31,620.16,Cancelled
2461,127,171,2023-09-01,4,1598.88,748.72,Completed
2462,53,180,2023-09-01,5,315.6,167.4,Processing
2463,97,219,2023-09-01,5,660.55,432.35,Processing
2464,77,59,2023-09-01,1,156.24,92.44,Completed
2465,20,71,2023-09-01,2,485.78,274.44,Shipped
2466,219,5,2023-09-01,5,1083.7,443.15,Completed
2467,27,98,2023-09-01,4,908.52,598.16,Completed
2468,119,57,2023-09-02,3,765.87,347.4,Completed
2469,32,131,2023-09-02,4,1766.48,1172.56,Processing
2470,156,29,2023-09-02,3,281.58,174.21,Completed
2471,180,183,2023-09-02,4,795.0,455.52,Completed
2472,25,47,2023-09-02,1,398.12,209.67,Completed
2473,165,55,2023-09-02,3,696.96,478.23,Completed
2474,52,111,2023-09-02,2,969.34,556.16,Completed
2475,187,86,2023-09-03,3,1405.2,802.8,Completed
2476,7,175,2023-09-03,5,1621.65,843.1,Processing
2477,67,85,2023-09-03,3,344.94,151.68,Processing
2478,186,191,2023-09-03,5,1813.4,888.75,Completed
2479,191,61,2023-09-03,3,1150.89,646.59,Completed
2480,45,228,2023-09-04,1,131.15,77.55,Completed
2481,62,11,2023-09-04,5,2024.25,1233.65,Cancelled
2482,98,50,2023-09-04,4,1943.32,1279.16,Shipped
2483,39,242,2023-09-04,5,911.8,570.85,Processing
2484,155,186,2023-09-04,4,1095.36,674.56,Cancelled
2485,104,137,2023-09-04,2,670.12,456.8,Completed
2486,99,108,2023-09-04,5,2395.45,1673.55,Processing
2487,287,250,2023-09-04,3,717.06,314.28,Shipped
2488,230,162,2023-09-04,1,407.28,270.61,Shipped
2489,35,124,2023-09-04,4,507.84,263.44,Completed
2490,258,203,2023-09-04,1,400.05,180.39,Completed
2491,141,179,2023-09-04,2,963.28,462.02,Completed
2492,290,16,2023-09-04,2,810.98,501.94,Processing
2493,204,127,2023-09-04,5,227.75,122.4,Shipped
2494,39,43,2023-09-04,4,822.84,383.28,Processing
2495,197,144,2023-09-04,4,1698.36,726.36,Completed
2496,140,53,2023-09-04,2,281.48,166.72,Completed
2497,5,226,2023-09-05,5,2248.15,1400.8,Completed
2498,269,67,2023-09-05,3,1320.66,903.45,Shipped
2499,152,182,2023-09-05,3,921.12,509.76,Completed
2500,88,58,2023-09-05,1,457.19,302.27,Completed
2501,150,11,2023-09-05,2,809.7,493.46,Shipped
2502,143,238,2023-09-05,2,431.74,289.9,Completed
2503,27,165,2023-09-05,2,806.2,531.46,Cancelled
2504,108,137,2023-09-05,1,335.06,228.4,Completed
2505,178,162,2023-09-05,5,2036.4,1353.05,Cancelled
2506,167,22,2023-09-05,5,608.35,296.15,Completed
2507,69,105,2023-09-05,5,978.5,680.65,Completed
2508,6,211,2023-09-06,3,639.24,376.47,Completed
2509,144,46,2023-09-06,3,191.19,112.47,Cancelled
2510,276,169,2023-09-06,5,594.95,383.75,Completed
2511,196,243,2023-09-06,3,1284.57,881.25,Shipped
2512,283,53,2023-09-06,4,562.96,333.44,Completed
2513,138,53,2023-09-06,5,703.7,416.8,Processing
2514,80,115,2023-09-07,2,174.28,119.94,Processing
2515,223,95,2023-09-07,2,206.4,110.34,Shipped
2516,48,127,2023-09-07,2,91.1,48.96,Completed
2517,91,49,2023-09-07,5,2490.5,1391.55,Completed
2518,93,166,2023-09-07,3,1221.81,586.53,Completed
2519,84,227,2023-09-07,2,485.18,231.8,Shipped
2520,97,18,2023-09-07,2,390.96,221.14,Completed
2521,126,117,2023-09-07,4,1206.28,726.88,Completed
2522,270,36,2023-09-07,1,113.38,77.42,Processing
2523,194,99,2023-09-07,1,279.66,116.11,Completed
2524,7,196,2023-09-07,1,452.37,264.48,Completed
2525,43,69,2023-09-07,2,87.82,55.16,Shipped
2526,7,203,2023-09-07,1,400.05,180.39,Cancelled
2527,55,139,2023-09-07,3,187.35,106.02,Shipped
2528,44,52,2023-09-07,2,688.08,386.08,Completed
2529,289,229,2023-09-07,4,1541.0,857.4,Shipped
2530,158,85,2023-09-07,4,459.92,202.24,Completed
2531,279,178,2023-09-08,3,1456.5,660.63,Processing
2532,64,6,2023-09-08,1,117.13,64.61,Completed
2533,152,27,2023-09-08,5,704.1,479.5,Shipped
2534,213,37,2023-09-08,1,439.42,217.25,Shipped
2535,13,59,2023-09-08,4,624.96,369.76,Completed
2536,181,168,2023-09-08,3,1312.08,862.8,Completed
2537,197,176,2023-09-09,1,490.76,275.25,Completed
2538,57,58,2023-09-09,1,457.19,302.27,Cancelled
2539,145,92,2023-09-09,1,492.24,211.43,Processing
2540,61,93,2023-09-09,1,207.28,104.01,Shipped
2541,78,46,2023-09-09,4,254.92,149.96,Completed
2542,93,174,2023-09-09,4,1935.12,936.08,Completed
2543,155,160,2023-09-09,3,257.19,174.63,Completed
2544,139,235,2023-09-10,4,1424.6,597.28,Processing
2545,136,208,2023-09-10,1,107.57,43.82,Processing
2546,76,82,2023-09-11,2,244.36,164.12,Completed
2547,245,209,2023-09-11,1,129.97,70.51,Completed
2548,219,246,2023-09-11,3,354.18,165.0,Completed
2549,166,33,2023-09-11,2,846.0,535.34,Processing
2550,181,82,2023-09-11,4,488.72,328.24,Completed
2551,212,155,2023-09-11,3,1200.3,790.05,Completed
2552,126,99,2023-09-11,4,1118.64,464.44,Completed
2553,276,137,2023-09-11,4,1340.24,913.6,Completed
2554,118,99,2023-09-11,1,279.66,116.11,Completed
2555,270,148,2023-09-12,2,746.4,422.1,Processing
2556,121,93,2023-09-12,1,207.28,104.01,Completed
2557,9,93,2023-09-12,5,1036.4,520.05,Completed
2558,69,236,2023-09-12,1,209.72,118.03,Completed
2559,179,93,2023-09-12,2,414.56,208.02,Completed
2560,74,214,2023-09-12,5,1657.35,665.7,Cancelled
2561,216,63,2023-09-12,2,20.56,10.22,Shipped
2562,29,192,2023-09-12,2,323.1,168.82,Completed
2563,74,97,2023-09-12,1,132.41,89.64,Processing
2564,218,96,2023-09-12,1,216.72,104.8,Processing
2565,298,19,2023-09-12,4,1665.64,975.32,Shipped
2566,81,8,2023-09-12,2,656.88,370.14,Completed
2567,41,63,2023-09-12,1,10.28,5.11,Completed
2568,214,39,2023-09-12,2,916.26,492.64,Completed
2569,72,192,2023-09-12,5,807.75,422.05,Processing
2570,154,121,2023-09-12,4,861.68,495.56,Processing
2571,228,201,2023-09-12,1,226.66,105.2,Completed
2572,80,16,2023-09-12,1,405.49,250.97,Processing
2573,258,42,2023-09-13,1,296.45,198.43,Completed
2574,217,175,2023-09-13,4,1297.32,674.48,Completed
2575,133,236,2023-09-13,5,1048.6,590.15,Completed
2576,117,109,2023-09-13,2,564.66,347.56,Completed
2577,48,134,2023-09-13,4,1238.88,862.48,Cancelled
2578,65,191,2023-09-13,2,725.36,355.5,Completed
2579,29,57,2023-09-13,4,1021.16,463.2,Completed
2580,287,155,2023-09-13,1,400.1,263.35,Shipped
2581,240,123,2023-09-13,3,330.27,203.07,Processing
2582,208,212,2023-09-13,4,421.08,256.4,Completed
2583,218,50,2023-09-14,3,1457.49,959.37,Completed
2584,40,93,2023-09-14,5,1036.4,520.05,Processing
2585,172,8,2023-09-14,2,656.88,370.14,Completed
2586,278,28,2023-09-14,1,327.54,190.87,Completed
2587,6,194,2023-09-14,3,217.11,114.24,Completed
2588,104,164,2023-09-14,1,172.77,117.35,Completed
2589,44,146,2023-09-14,5,58.7,37.05,Completed
2590,248,12,2023-09-14,1,176.72,78.93,Completed
2591,159,3,2023-09-14,3,1112.61,670.92,Processing
2592,204,129,2023-09-14,2,91.8,42.6,Completed
2593,201,186,2023-09-14,3,821.52,505.92,Cancelled
2594,50,85,2023-09-14,4,459.92,202.24,Shipped
2595,258,26,2023-09-14,5,956.95,442.95,Shipped
2596,77,7,2023-09-14,5,115.0,52.85,Processing
2597,245,151,2023-09-14,1,452.93,255.31,Completed
2598,78,175,2023-09-14,4,1297.32,674.48,Completed
2599,119,227,2023-09-15,2,485.18,231.8,Shipped
2600,73,197,2023-09-15,2,314.94,177.74,Cancelled
2601,257,133,2023-09-15,5,2092.7,1278.75,Processing
2602,175,115,2023-09-15,2,174.28,119.94,Completed
2603,185,160,2023-09-15,4,342.92,232.84,Completed
2604,199,62,2023-09-15,2,783.06,437.82,Cancelled
2605,39,246,2023-09-15,2,236.12,110.0,Completed
2606,50,207,2023-09-16,1,339.67,158.76,Completed
2607,159,141,2023-09-16,1,361.63,166.74,Completed
2608,233,81,2023-09-16,2,89.58,52.8,Shipped
2609,83,18,2023-09-16,3,586.44,331.71,Completed
2610,181,23,2023-09-16,1,49.1,23.07,Completed
2611,236,67,2023-09-17,4,1760.88,1204.6,Cancelled
2612,227,167,2023-09-17,2,791.62,342.32,Shipped
2613,292,125,2023-09-17,1,339.13,166.17,Completed
2614,147,103,2023-09-17,4,991.84,460.32,Shipped
2615,67,113,2023-09-17,3,114.03,65.61,Completed
2616,161,96,2023-09-17,1,216.72,104.8,Processing
2617,260,116,2023-09-17,3,147.75,67.35,Shipped
2618,22,159,2023-09-17,1,209.12,122.59,Processing
2619,288,3,2023-09-18,2,741.74,447.28,Shipped
2620,149,97,2023-09-18,2,264.82,179.28,Completed
2621,38,58,2023-09-18,4,1828.76,1209.08,Shipped
2622,48,90,2023-09-18,4,870.2,470.0,Completed
2623,274,231,2023-09-18,4,191.88,93.2,Completed
2624,93,188,2023-09-18,1,188.47,79.34,Shipped
2625,204,197,2023-09-18,4,629.88,355.48,Completed
2626,169,17,2023-09-18,3,818.25,566.19,Completed
2627,249,55,2023-09-18,4,929.28,637.64,Completed
2628,233,10,2023-09-18,5,2033.1,817.2,Completed
2629,241,38,2023-09-18,2,662.32,343.54,Completed
2630,17,154,2023-09-18,4,644.2,431.4,Completed
2631,221,122,2023-09-19,2,532.32,362.2,Completed
2632,12,244,2023-09-19,4,861.28,537.64,Completed
2633,91,22,2023-09-19,2,243.34,118.46,Completed
2634,208,21,2023-09-19,3,1065.72,440.94,Shipped
2635,232,224,2023-09-19,4,1449.76,799.44,Completed
2636,133,48,2023-09-19,1,41.13,21.16,Completed
2637,220,88,2023-09-19,3,1217.01,556.32,Completed
2638,179,242,2023-09-19,4,729.44,456.68,Completed
2639,275,177,2023-09-19,2,940.46,408.72,Cancelled
2640,224,91,2023-09-19,5,1836.25,1105.45,Completed
2641,6,144,2023-09-19,5,2122.95,907.95,Completed
2642,297,158,2023-09-19,2,784.52,521.9,Completed
2643,163,4,2023-09-19,2,894.34,381.06,Shipped
2644,76,128,2023-09-19,3,1497.72,1046.64,Completed
2645,209,68,2023-09-19,5,259.85,141.85,Processing
2646,231,242,2023-09-19,2,364.72,228.34,Processing
2647,19,56,2023-09-20,2,878.34,420.74,Completed
2648,280,199,2023-09-20,2,441.3,253.3,Processing
2649,111,90,2023-09-20,2,435.1,235.0,Cancelled
2650,296,245,2023-09-20,1,277.6,161.28,Completed
2651,187,5,2023-09-20,3,650.22,265.89,Shipped
2652,258,210,2023-09-20,1,426.37,179.86,Processing
2653,234,106,2023-09-20,4,559.8,355.6,Completed
2654,278,110,2023-09-20,5,429.25,209.9,Cancelled
2655,59,238,2023-09-21,2,431.74,289.9,Completed
2656,192,46,2023-09-21,5,318.65,187.45,Completed
2657,278,112,2023-09-21,4,1102.72,688.52,Completed
2658,224,163,2023-09-21,3,66.45,41.25,Processing
2659,51,23,2023-09-21,1,49.1,23.07,Completed
2660,9,158,2023-09-21,4,1569.04,1043.8,Completed
2661,279,26,2023-09-21,4,765.56,354.36,Completed
2662,17,171,2023-09-21,3,1199.16,561.54,Shipped
2663,109,58,2023-09-21,4,1828.76,1209.08,Completed
2664,59,51,2023-09-21,4,62.52,38.52,Cancelled
2665,180,248,2023-09-21,4,698.8,421.88,Completed
2666,203,2,2023-09-21,3,434.28,202.8,Processing
2667,260,73,2023-09-21,3,652.02,302.25,Shipped
2668,136,79,2023-09-21,4,702.64,405.08,Processing
2669,3,231,2023-09-21,4,191.88,93.2,Completed
2670,79,203,2023-09-22,3,1200.15,541.17,Shipped
2671,266,210,2023-09-22,5,2131.85,899.3,Completed
2672,88,246,2023-09-22,5,590.3,275.0,Cancelled
2673,124,143,2023-09-22,4,997.52,669.92,Completed
2674,202,213,2023-09-22,1,252.24,119.36,Shipped
2675,220,33,2023-09-23,4,1692.0,1070.68,Cancelled
2676,89,104,2023-09-23,3,619.53,258.72,Completed
2677,224,60,2023-09-23,1,308.4,137.5,Processing
2678,65,130,2023-09-23,1,139.95,95.16,Processing
2679,201,216,2023-09-23,3,186.69,98.49,Shipped
2680,82,243,2023-09-23,3,1284.57,881.25,Completed
2681,14,112,2023-09-24,1,275.68,172.13,Processing
2682,79,8,2023-09-24,5,1642.2,925.35,Processing
2683,293,98,2023-09-25,1,227.13,149.54,Processing
2684,67,117,2023-09-25,3,904.71,545.16,Completed
2685,114,77,2023-09-25,2,449.34,249.5,Completed
2686,126,186,2023-09-25,4,1095.36,674.56,Processing
2687,27,71,2023-09-25,1,242.89,137.22,Shipped
2688,12,164,2023-09-25,5,863.85,586.75,Shipped
2689,57,118,2023-09-25,5,626.25,273.0,Completed
2690,145,68,2023-09-26,2,103.94,56.74,Completed
2691,254,217,2023-09-26,3,288.54,198.33,Shipped
2692,107,101,2023-09-26,1,484.81,328.66,Completed
2693,12,106,2023-09-26,1,139.95,88.9,Completed
2694,40,54,2023-09-26,4,258.64,137.2,Completed
2695,161,163,2023-09-26,4,88.6,55.0,Shipped
2696,93,77,2023-09-26,1,224.67,124.75,Shipped
2697,291,162,2023-09-26,5,2036.4,1353.05,Shipped
2698,61,250,2023-09-26,3,717.06,314.28,Cancelled
2699,280,2,2023-09-27,2,289.52,135.2,Completed
2700,131,238,2023-09-27,1,215.87,144.95,Completed
2701,16,138,2023-09-27,1,75.8,32.94,Completed
2702,79,56,2023-09-27,3,1317.51,631.11,Completed
2703,112,8,2023-09-27,3,985.32,555.21,Completed
2704,43,187,2023-09-27,2,747.12,449.16,Completed
2705,247,52,2023-09-27,1,344.04,193.04,Completed
2706,283,167,2023-09-27,3,1187.43,513.48,Completed
2707,254,112,2023-09-27,5,1378.4,860.65,Shipped
2708,99,65,2023-09-27,2,881.14,572.3,Completed
2709,144,247,2023-09-27,4,894.24,365.48,Completed
2710,160,43,2023-09-27,2,411.42,191.64,Cancelled
2711,250,111,2023-09-27,4,1938.68,1112.32,Completed
2712,140,209,2023-09-27,3,389.91,211.53,Processing
2713,197,110,2023-09-27,2,171.7,83.96,Completed
2714,192,230,2023-09-27,1,317.11,152.97,Completed
2715,18,246,2023-09-27,5,590.3,275.0,Completed
2716,210,76,2023-09-27,5,2488.1,1480.35,Shipped
2717,272,91,2023-09-27,4,1469.0,884.36,Completed
2718,93,208,2023-09-27,3,322.71,131.46,Completed
2719,184,63,2023-09-28,1,10.28,5.11,Completed
2720,191,96,2023-09-28,2,433.44,209.6,Processing
2721,63,3,2023-09-28,3,1112.61,670.92,Processing
2722,169,55,2023-09-28,4,929.28,637.64,Completed
2723,165,231,2023-09-28,2,95.94,46.6,Completed
2724,198,73,2023-09-28,5,1086.7,503.75,Completed
2725,112,27,2023-09-28,5,704.1,479.5,Completed
2726,39,147,2023-09-28,4,1288.76,616.8,Processing
2727,223,82,2023-09-28,3,366.54,246.18,Completed
2728,26,206,2023-09-28,4,1644.12,1028.12,Completed
2729,216,31,2023-09-29,1,494.87,292.96,Completed
2730,168,152,2023-09-29,4,1675.8,963.16,Completed
2731,11,73,2023-09-29,1,217.34,100.75,Processing
2732,295,2,2023-09-29,4,579.04,270.4,Completed
2733,207,10,2023-09-29,5,2033.1,817.2,Shipped
2734,21,87,2023-09-29,1,241.61,153.52,Completed
2735,49,213,2023-09-29,4,1008.96,477.44,Processing
2736,141,82,2023-09-29,3,366.54,246.18,Completed
2737,285,199,2023-09-29,3,661.95,379.95,Completed
2738,25,101,2023-09-29,3,1454.43,985.98,Processing
2739,233,127,2023-09-29,1,45.55,24.48,Shipped
2740,53,8,2023-09-29,2,656.88,370.14,Completed
2741,6,36,2023-09-29,1,113.38,77.42,Cancelled
2742,224,58,2023-09-30,2,914.38,604.54,Completed
2743,189,209,2023-09-30,5,649.85,352.55,Cancelled
2744,27,67,2023-09-30,1,440.22,301.15,Completed
2745,156,20,2023-09-30,3,1296.72,743.28,Completed
2746,195,70,2023-09-30,2,770.52,337.88,Shipped
2747,299,118,2023-09-30,1,125.25,54.6,Completed
2748,76,193,2023-09-30,5,1035.9,506.25,Shipped
2749,212,164,2023-09-30,4,691.08,469.4,Processing
2750,271,62,2023-10-01,5,1957.65,1094.55,Completed
2751,251,250,2023-10-01,3,717.06,314.28,Completed
2752,248,58,2023-10-01,1,457.19,302.27,Completed
2753,152,183,2023-10-01,1,198.75,113.88,Completed
2754,125,169,2023-10-01,2,237.98,153.5,Processing
2755,39,249,2023-10-01,4,832.48,374.2,Completed
2756,111,120,2023-10-02,4,1205.24,706.04,Completed
2757,54,88,2023-10-02,2,811.34,370.88,Shipped
2758,271,132,2023-10-02,3,573.21,256.41,Processing
2759,160,182,2023-10-02,4,1228.16,679.68,Processing
2760,259,28,2023-10-02,2,655.08,381.74,Completed
2761,198,250,2023-10-03,4,956.08,419.04,Shipped
2762,263,52,2023-10-03,4,1376.16,772.16,Completed
2763,143,109,2023-10-03,2,564.66,347.56,Processing
2764,296,166,2023-10-03,1,407.27,195.51,Completed
2765,55,191,2023-10-03,1,362.68,177.75,Completed
2766,236,48,2023-10-03,3,123.39,63.48,Completed
2767,272,116,2023-10-03,3,147.75,67.35,Completed
2768,282,22,2023-10-03,3,365.01,177.69,Completed
2769,78,102,2023-10-03,5,2129.3,957.95,Completed
2770,171,14,2023-10-03,4,221.8,95.16,Completed
2771,51,13,2023-10-03,4,1916.12,959.92,Processing
2772,217,50,2023-10-03,3,1457.49,959.37,Completed
2773,91,153,2023-10-03,3,247.71,108.54,Completed
2774,253,133,2023-10-03,4,1674.16,1023.0,Completed
2775,26,166,2023-10-03,2,814.54,391.02,Cancelled
2776,113,30,2023-10-03,1,90.07,46.28,Shipped
2777,123,17,2023-10-04,5,1363.75,943.65,Completed
2778,116,226,2023-10-04,5,2248.15,1400.8,Processing
2779,208,101,2023-10-04,4,1939.24,1314.64,Completed
2780,138,127,2023-10-04,2,91.1,48.96,Completed
2781,105,89,2023-10-04,3,172.5,91.32,Processing
2782,148,188,2023-10-04,1,188.47,79.34,Completed
2783,258,233,2023-10-04,5,1373.35,606.35,Completed
2784,157,219,2023-10-04,2,264.22,172.94,Completed
2785,36,43,2023-10-04,2,411.42,191.64,Completed
2786,234,37,2023-10-04,1,439.42,217.25,Processing
2787,220,86,2023-10-04,1,468.4,267.6,Completed
2788,136,226,2023-10-04,1,449.63,280.16,Completed
2789,5,153,2023-10-04,3,247.71,108.54,Cancelled
2790,251,224,2023-10-05,2,724.88,399.72,Completed
2791,24,210,2023-10-05,1,426.37,179.86,Completed
2792,149,214,2023-10-05,2,662.94,266.28,Completed
2793,86,194,2023-10-05,2,144.74,76.16,Processing
2794,52,78,2023-10-05,3,207.87,97.17,Completed
2795,280,66,2023-10-06,4,642.72,268.24,Completed
2796,235,4,2023-10-06,3,1341.51,571.59,Completed
2797,171,229,2023-10-06,5,1926.25,1071.75,Processing
2798,248,29,2023-10-06,3,281.58,174.21,Processing
2799,11,38,2023-10-06,4,1324.64,687.08,Shipped
2800,73,92,2023-10-06,4,1968.96,845.72,Completed
2801,296,190,2023-10-06,4,655.28,428.8,Completed
2802,46,50,2023-10-06,4,1943.32,1279.16,Processing
2803,141,225,2023-10-06,5,2084.9,1176.65,Shipped
2804,231,246,2023-10-06,5,590.3,275.0,Completed
2805,179,228,2023-10-06,3,393.45,232.65,Completed
2806,214,242,2023-10-06,3,547.08,342.51,Completed
2807,22,149,2023-10-06,5,1097.85,442.3,Processing
2808,63,111,2023-10-06,4,1938.68,1112.32,Completed
2809,178,74,2023-10-06,1,274.26,169.76,Cancelled
2810,256,238,2023-10-06,2,431.74,289.9,Completed
2811,268,248,2023-10-07,3,524.1,316.41,Processing
2812,84,78,2023-10-07,4,277.16,129.56,Completed
2813,151,4,2023-10-07,4,1788.68,762.12,Completed
2814,64,14,2023-10-08,4,221.8,95.16,Completed
2815,221,91,2023-10-08,1,367.25,221.09,Completed
2816,71,90,2023-10-08,3,652.65,352.5,Processing
2817,258,171,2023-10-08,5,1998.6,935.9,Completed
2818,139,37,2023-10-09,2,878.84,434.5,Completed
2819,42,75,2023-10-09,2,217.12,107.16,Completed
2820,182,64,2023-10-09,4,78.16,53.04,Completed
2821,51,229,2023-10-09,3,1155.75,643.05,Shipped
2822,160,45,2023-10-09,5,272.75,112.95,Completed
2823,166,206,2023-10-09,5,2055.15,1285.15,Completed
2824,103,65,2023-10-09,2,881.14,572.3,Completed
2825,155,79,2023-10-10,1,175.66,101.27,Completed
2826,237,140,2023-10-10,2,286.9,166.82,Completed
2827,224,25,2023-10-10,2,642.98,327.56,Completed
2828,161,129,2023-10-10,3,137.7,63.9,Completed
2829,219,120,2023-10-10,4,1205.24,706.04,Cancelled
2830,237,8,2023-10-10,5,1642.2,925.35,Completed
2831,216,23,2023-10-10,2,98.2,46.14,Processing
2832,155,202,2023-10-10,2,483.72,324.26,Completed
2833,192,33,2023-10-10,5,2115.0,1338.35,Completed
2834,290,225,2023-10-10,3,1250.94,705.99,Completed
2835,202,33,2023-10-10,4,1692.0,1070.68,Processing
2836,266,118,2023-10-11,1,125.25,54.6,Completed
2837,139,213,2023-10-11,1,252.24,119.36,Completed
2838,50,211,2023-10-11,3,639.24,376.47,Completed
2839,170,222,2023-10-11,1,301.77,206.72,Completed
2840,300,173,2023-10-11,5,854.25,563.2,Processing
2841,28,180,2023-10-11,2,126.24,66.96,Completed
2842,288,190,2023-10-11,4,655.28,428.8,Completed
2843,80,78,2023-10-11,3,207.87,97.17,Processing
2844,4,207,2023-10-11,4,1358.68,635.04,Processing
2845,103,30,2023-10-11,1,90.07,46.28,Completed
2846,62,134,2023-10-11,1,309.72,215.62,Completed
2847,54,122,2023-10-11,1,266.16,181.1,Shipped
2848,228,101,2023-10-11,1,484.81,328.66,Shipped
2849,154,104,2023-10-11,4,826.04,344.96,Cancelled
2850,121,216,2023-10-11,5,311.15,164.15,Completed
2851,225,220,2023-10-11,5,1168.35,748.25,Completed
2852,75,163,2023-10-11,1,22.15,13.75,Completed
2853,124,44,2023-10-11,5,2493.95,1378.8,Processing
2854,280,52,2023-10-11,4,1376.16,772.16,Completed
2855,52,246,2023-10-12,5,590.3,275.0,Completed
2856,141,101,2023-10-12,4,1939.24,1314.64,Processing
2857,55,119,2023-10-12,4,1784.96,845.84,Shipped
2858,76,8,2023-10-12,3,985.32,555.21,Completed
2859,289,100,2023-10-12,1,499.65,325.18,Completed
2860,18,166,2023-10-12,5,2036.35,977.55,Completed
2861,182,247,2023-10-12,2,447.12,182.74,Completed
2862,235,71,2023-10-12,1,242.89,137.22,Cancelled
2863,184,129,2023-10-12,5,229.5,106.5,Completed
2864,269,100,2023-10-12,5,2498.25,1625.9,Completed
2865,78,91,2023-10-12,5,1836.25,1105.45,Completed
2866,72,72,2023-10-12,3,419.64,277.68,Shipped
2867,35,235,2023-10-12,4,1424.6,597.28,Completed
2868,242,156,2023-10-12,2,900.94,417.16,Completed
2869,67,179,2023-10-13,3,1444.92,693.03,Completed
2870,298,90,2023-10-13,5,1087.75,587.5,Processing
2871,207,18,2023-10-13,1,195.48,110.57,Completed
2872,82,60,2023-10-13,1,308.4,137.5,Processing
2873,256,240,2023-10-13,4,1719.2,1082.56,Completed
2874,119,198,2023-10-13,2,20.4,9.92,Completed
2875,90,187,2023-10-13,4,1494.24,898.32,Processing
2876,216,237,2023-10-13,1,213.73,98.75,Completed
2877,129,30,2023-10-13,1,90.07,46.28,Shipped
2878,38,114,2023-10-13,3,769.2,504.45,Processing
2879,16,237,2023-10-13,2,427.46,197.5,Completed
2880,231,97,2023-10-13,2,264.82,179.28,Cancelled
2881,294,143,2023-10-13,2,498.76,334.96,Completed
2882,225,174,2023-10-14,3,1451.34,702.06,Completed
2883,83,112,2023-10-14,5,1378.4,860.65,Shipped
2884,99,23,2023-10-14,5,245.5,115.35,Completed
2885,50,53,2023-10-14,1,140.74,83.36,Shipped
2886,3,93,2023-10-14,4,829.12,416.04,Completed
2887,37,88,2023-10-15,2,811.34,370.88,Processing
2888,271,128,2023-10-15,2,998.48,697.76,Shipped
2889,293,212,2023-10-15,4,421.08,256.4,Completed
2890,183,159,2023-10-15,5,1045.6,612.95,Shipped
2891,35,113,2023-10-15,4,152.04,87.48,Processing
2892,37,146,2023-10-15,1,11.74,7.41,Completed
2893,265,77,2023-10-15,1,224.67,124.75,Completed
2894,119,14,2023-10-15,5,277.25,118.95,Completed
2895,115,211,2023-10-16,3,639.24,376.47,Shipped
2896,129,100,2023-10-16,3,1498.95,975.54,Completed
2897,81,248,2023-10-16,3,524.1,316.41,Completed
2898,295,62,2023-10-16,5,1957.65,1094.55,Shipped
2899,257,80,2023-10-16,4,491.04,228.84,Processing
2900,299,121,2023-10-17,3,646.26,371.67,Processing
2901,17,87,2023-10-17,4,966.44,614.08,Completed
2902,172,228,2023-10-17,1,131.15,77.55,Completed
2903,281,210,2023-10-17,3,1279.11,539.58,Shipped
2904,32,61,2023-10-17,4,1534.52,862.12,Completed
2905,289,232,2023-10-17,5,715.7,354.9,Processing
2906,19,89,2023-10-17,1,57.5,30.44,Shipped
2907,42,228,2023-10-17,5,655.75,387.75,Completed
2908,139,186,2023-10-18,1,273.84,168.64,Completed
2909,255,130,2023-10-18,2,279.9,190.32,Processing
2910,221,123,2023-10-18,3,330.27,203.07,Processing
2911,117,6,2023-10-18,1,117.13,64.61,Completed
2912,101,137,2023-10-18,5,1675.3,1142.0,Shipped
2913,10,142,2023-10-18,4,1283.12,614.88,Completed
2914,194,179,2023-10-18,2,963.28,462.02,Completed
2915,219,141,2023-10-18,2,723.26,333.48,Completed
2916,61,230,2023-10-18,5,1585.55,764.85,Cancelled
2917,181,50,2023-10-19,3,1457.49,959.37,Completed
2918,30,61,2023-10-19,2,767.26,431.06,Completed
2919,6,59,2023-10-19,4,624.96,369.76,Processing
2920,275,146,2023-10-19,1,11.74,7.41,Cancelled
2921,8,224,2023-10-19,2,724.88,399.72,Shipped
2922,40,15,2023-10-19,2,850.54,494.26,Completed
2923,145,12,2023-10-19,3,530.16,236.79,Completed
2924,126,75,2023-10-19,2,217.12,107.16,Processing
2925,246,169,2023-10-19,1,118.99,76.75,Processing
2926,40,65,2023-10-19,5,2202.85,1430.75,Completed
2927,183,230,2023-10-19,2,634.22,305.94,Completed
2928,155,242,2023-10-19,3,547.08,342.51,Processing
2929,150,223,2023-10-19,2,893.6,521.68,Completed
2930,137,82,2023-10-19,5,610.9,410.3,Completed
2931,28,89,2023-10-19,4,230.0,121.76,Processing
2932,249,72,2023-10-19,1,139.88,92.56,Completed
2933,267,60,2023-10-20,3,925.2,412.5,Processing
2934,108,32,2023-10-20,3,848.73,513.81,Processing
2935,73,10,2023-10-20,2,813.24,326.88,Processing
2936,233,244,2023-10-20,1,215.32,134.41,Completed
2937,18,70,2023-10-20,3,1155.78,506.82,Completed
2938,154,212,2023-10-20,1,105.27,64.1,Completed
2939,197,127,2023-10-20,1,45.55,24.48,Shipped
2940,197,114,2023-10-20,1,256.4,168.15,Completed
2941,195,48,2023-10-20,4,164.52,84.64,Completed
2942,157,9,2023-10-21,5,590.1,340.35,Processing
2943,14,233,2023-10-21,5,1373.35,606.35,Processing
2944,173,237,2023-10-21,3,641.19,296.25,Shipped
2945,111,194,2023-10-21,1,72.37,38.08,Completed
2946,223,222,2023-10-21,4,1207.08,826.88,Processing
2947,30,207,2023-10-21,1,339.67,158.76,Completed
2948,148,220,2023-10-21,5,1168.35,748.25,Completed
2949,291,197,2023-10-22,5,787.35,444.35,Completed
2950,196,120,2023-10-22,2,602.62,353.02,Completed
2951,8,72,2023-10-22,3,419.64,277.68,Completed
2952,128,198,2023-10-22,5,51.0,24.8,Completed
2953,293,102,2023-10-22,1,425.86,191.59,Processing
2954,186,69,2023-10-22,3,131.73,82.74,Processing
2955,64,79,2023-10-23,5,878.3,506.35,Processing
2956,136,217,2023-10-23,2,192.36,132.22,Completed
2957,9,113,2023-10-23,1,38.01,21.87,Completed
2958,184,123,2023-10-23,5,550.45,338.45,Completed
2959,30,149,2023-10-23,1,219.57,88.46,Completed
2960,33,113,2023-10-24,2,76.02,43.74,Completed
2961,142,67,2023-10-24,4,1760.88,1204.6,Completed
2962,90,38,2023-10-24,5,1655.8,858.85,Processing
2963,120,30,2023-10-24,1,90.07,46.28,Completed
2964,260,221,2023-10-24,4,1348.44,939.0,Completed
2965,22,142,2023-10-24,2,641.56,307.44,Completed
2966,133,250,2023-10-24,3,717.06,314.28,Completed
2967,181,139,2023-10-24,1,62.45,35.34,Processing
2968,180,28,2023-10-24,1,327.54,190.87,Completed
2969,58,131,2023-10-24,1,441.62,293.14,Completed
2970,167,147,2023-10-24,3,966.57,462.6,Shipped
2971,213,19,2023-10-24,4,1665.64,975.32,Shipped
2972,74,7,2023-10-24,3,69.0,31.71,Processing
2973,185,86,2023-10-24,4,1873.6,1070.4,Shipped
2974,192,121,2023-10-24,3,646.26,371.67,Processing
2975,189,12,2023-10-25,3,530.16,236.79,Shipped
2976,14,28,2023-10-25,5,1637.7,954.35,Completed
2977,161,131,2023-10-25,5,2208.1,1465.7,Processing
2978,177,241,2023-10-25,2,392.78,157.8,Completed
2979,299,9,2023-10-25,2,236.04,136.14,Completed
2980,41,245,2023-10-25,1,277.6,161.28,Cancelled
2981,115,145,2023-10-25,5,1087.75,525.4,Cancelled
2982,281,188,2023-10-25,4,753.88,317.36,Completed
2983,63,217,2023-10-25,5,480.9,330.55,Processing
2984,242,169,2023-10-25,5,594.95,383.75,Completed
2985,138,50,2023-10-26,5,2429.15,1598.95,Completed
2986,125,85,2023-10-26,2,229.96,101.12,Processing
2987,186,60,2023-10-26,4,1233.6,550.0,Completed
2988,60,178,2023-10-26,2,971.0,440.42,Completed
2989,210,93,2023-10-26,1,207.28,104.01,Completed
2990,259,20,2023-10-26,3,1296.72,743.28,Processing
2991,118,115,2023-10-26,4,348.56,239.88,Completed
2992,65,237,2023-10-26,5,1068.65,493.75,Completed
2993,209,173,2023-10-26,5,854.25,563.2,Processing
2994,134,204,2023-10-26,3,154.65,85.77,Completed
2995,61,21,2023-10-26,4,1420.96,587.92,Completed
2996,76,148,2023-10-26,4,1492.8,844.2,Processing
2997,102,231,2023-10-26,2,95.94,46.6,Shipped
2998,8,43,2023-10-26,1,205.71,95.82,Completed
2999,284,183,2023-10-26,4,795.0,455.52,Processing
3000,18,214,2023-10-27,4,1325.88,532.56,Completed
3001,86,19,2023-10-27,2,832.82,487.66,Completed
3002,272,236,2023-10-27,4,838.88,472.12,Shipped
3003,182,33,2023-10-27,4,1692.0,1070.68,Processing
3004,124,183,2023-10-27,3,596.25,341.64,Completed
3005,173,152,2023-10-27,5,2094.75,1203.95,Processing
3006,24,19,2023-10-27,3,1249.23,731.49,Shipped
3007,210,162,2023-10-27,4,1629.12,1082.44,Processing
3008,224,75,2023-10-27,4,434.24,214.32,Processing
3009,94,186,2023-10-28,5,1369.2,843.2,Shipped
3010,261,22,2023-10-28,2,243.34,118.46,Shipped
3011,190,173,2023-10-28,4,683.4,450.56,Completed
3012,225,46,2023-10-28,5,318.65,187.45,Processing
3013,144,242,2023-10-28,1,182.36,114.17,Completed
3014,253,88,2023-10-28,1,405.67,185.44,Completed
3015,269,149,2023-10-28,5,1097.85,442.3,Shipped
3016,147,83,2023-10-29,4,1724.88,726.6,Completed
3017,92,245,2023-10-29,2,555.2,322.56,Completed
3018,108,111,2023-10-29,5,2423.35,1390.4,Completed
3019,161,26,2023-10-29,3,574.17,265.77,Completed
3020,61,74,2023-10-29,3,822.78,509.28,Completed
3021,87,74,2023-10-30,3,822.78,509.28,Cancelled
3022,55,237,2023-10-30,2,427.46,197.5,Processing
3023,73,25,2023-10-30,2,642.98,327.56,Completed
3024,261,194,2023-10-30,2,144.74,76.16,Completed
3025,21,246,2023-10-30,5,590.3,275.0,Completed
3026,100,2,2023-10-30,4,579.04,270.4,Shipped
3027,14,95,2023-10-30,2,206.4,110.34,Completed
3028,293,110,2023-10-30,4,343.4,167.92,Completed
3029,233,76,2023-10-30,1,497.62,296.07,Processing
3030,62,114,2023-10-30,4,1025.6,672.6,Completed
3031,45,222,2023-10-30,2,603.54,413.44,Cancelled
3032,60,248,2023-10-30,3,524.1,316.41,Shipped
3033,39,84,2023-10-31,2,253.24,152.12,Completed
3034,142,117,2023-10-31,5,1507.85,908.6,Processing
3035,38,181,2023-10-31,3,1100.97,543.99,Shipped
3036,20,111,2023-10-31,1,484.67,278.08,Shipped
3037,267,82,2023-10-31,2,244.36,164.12,Shipped
3038,19,243,2023-10-31,1,428.19,293.75,Completed
3039,193,224,2023-10-31,2,724.88,399.72,Processing
3040,136,121,2023-10-31,2,430.84,247.78,Completed
3041,96,188,2023-10-31,4,753.88,317.36,Completed
3042,102,163,2023-10-31,1,22.15,13.75,Cancelled
3043,110,1,2023-10-31,4,1293.28,527.0,Completed
3044,286,157,2023-10-31,2,264.54,113.98,Processing
3045,215,177,2023-11-01,3,1410.69,613.08,Processing
3046,299,61,2023-11-01,3,1150.89,646.59,Completed
3047,93,225,2023-11-01,3,1250.94,705.99,Shipped
3048,150,172,2023-11-01,4,86.4,39.56,Completed
3049,201,154,2023-11-01,3,483.15,323.55,Completed
3050,152,25,2023-11-01,2,642.98,327.56,Completed
3051,215,249,2023-11-02,4,832.48,374.2,Completed
3052,218,30,2023-11-02,2,180.14,92.56,Completed
3053,164,170,2023-11-02,1,235.55,115.79,Completed
3054,204,181,2023-11-02,2,733.98,362.66,Processing
3055,248,216,2023-11-02,4,248.92,131.32,Processing
3056,121,8,2023-11-02,3,985.32,555.21,Completed
3057,111,228,2023-11-02,4,524.6,310.2,Completed
3058,166,67,2023-11-02,3,1320.66,903.45,Completed
3059,227,109,2023-11-02,4,1129.32,695.12,Completed
3060,28,69,2023-11-02,4,175.64,110.32,Processing
3061,174,163,2023-11-02,1,22.15,13.75,Completed
3062,210,57,2023-11-02,5,1276.45,579.0,Shipped
3063,275,53,2023-11-02,1,140.74,83.36,Shipped
3064,169,34,2023-11-02,5,611.15,250.35,Completed
3065,195,24,2023-11-03,3,178.47,86.28,Shipped
3066,284,17,2023-11-03,1,272.75,188.73,Completed
3067,186,138,2023-11-03,2,151.6,65.88,Cancelled
3068,275,102,2023-11-03,2,851.72,383.18,Completed
3069,83,234,2023-11-03,3,369.96,225.0,Completed
3070,284,188,2023-11-04,2,376.94,158.68,Shipped
3071,19,217,2023-11-04,1,96.18,66.11,Processing
3072,270,27,2023-11-04,5,704.1,479.5,Completed
3073,22,41,2023-11-05,3,855.21,409.5,Completed
3074,118,162,2023-11-05,2,814.56,541.22,Completed
3075,64,209,2023-11-05,4,519.88,282.04,Processing
3076,68,210,2023-11-05,3,1279.11,539.58,Shipped
3077,40,19,2023-11-05,5,2082.05,1219.15,Processing
3078,11,4,2023-11-06,5,2235.85,952.65,Processing
3079,78,25,2023-11-06,5,1607.45,818.9,Processing
3080,100,213,2023-11-06,5,1261.2,596.8,Shipped
3081,166,109,2023-11-06,5,1411.65,868.9,Processing
3082,155,71,2023-11-06,4,971.56,548.88,Completed
3083,136,249,2023-11-06,5,1040.6,467.75,Completed
3084,150,110,2023-11-06,1,85.85,41.98,Completed
3085,209,144,2023-11-06,3,1273.77,544.77,Completed
3086,274,130,2023-11-06,2,279.9,190.32,Completed
3087,255,187,2023-11-06,4,1494.24,898.32,Cancelled
3088,280,183,2023-11-06,1,198.75,113.88,Completed
3089,296,250,2023-11-06,1,239.02,104.76,Completed
3090,119,115,2023-11-06,3,261.42,179.91,Completed
3091,56,165,2023-11-06,3,1209.3,797.19,Completed
3092,43,25,2023-11-06,5,1607.45,818.9,Completed
3093,251,152,2023-11-06,2,837.9,481.58,Completed
3094,207,158,2023-11-06,4,1569.04,1043.8,Completed
3095,291,195,2023-11-06,2,941.56,567.94,Completed
3096,130,106,2023-11-07,3,419.85,266.7,Processing
3097,78,10,2023-11-07,3,1219.86,490.32,Processing
3098,209,224,2023-11-07,1,362.44,199.86,Completed
3099,108,194,2023-11-07,5,361.85,190.4,Processing
3100,280,128,2023-11-07,3,1497.72,1046.64,Cancelled
3101,121,83,2023-11-07,4,1724.88,726.6,Processing
3102,264,143,2023-11-07,1,249.38,167.48,Shipped
3103,218,180,2023-11-07,1,63.12,33.48,Completed
3104,7,42,2023-11-07,5,1482.25,992.15,Processing
3105,86,51,2023-11-07,4,62.52,38.52,Shipped
3106,59,10,2023-11-07,4,1626.48,653.76,Completed
3107,269,125,2023-11-07,2,678.26,332.34,Processing
3108,281,108,2023-11-07,4,1916.36,1338.84,Completed
3109,61,112,2023-11-07,3,827.04,516.39,Processing
3110,139,134,2023-11-07,3,929.16,646.86,Processing
3111,191,145,2023-11-07,2,435.1,210.16,Completed
3112,268,176,2023-11-07,2,981.52,550.5,Shipped
3113,191,133,2023-11-07,5,2092.7,1278.75,Completed
3114,237,54,2023-11-07,3,193.98,102.9,Shipped
3115,70,43,2023-11-07,5,1028.55,479.1,Processing
3116,6,82,2023-11-08,4,488.72,328.24,Completed
3117,241,18,2023-11-08,1,195.48,110.57,Completed
3118,97,52,2023-11-08,1,344.04,193.04,Completed
3119,170,25,2023-11-08,1,321.49,163.78,Processing
3120,81,18,2023-11-08,3,586.44,331.71,Processing
3121,116,89,2023-11-08,1,57.5,30.44,Shipped
3122,141,73,2023-11-08,4,869.36,403.0,Completed
3123,157,95,2023-11-08,5,516.0,275.85,Processing
3124,131,144,2023-11-08,5,2122.95,907.95,Processing
3125,104,20,2023-11-08,5,2161.2,1238.8,Completed
3126,111,72,2023-11-08,2,279.76,185.12,Completed
3127,53,33,2023-11-08,5,2115.0,1338.35,Completed
3128,197,85,2023-11-08,5,574.9,252.8,Processing
3129,142,248,2023-11-08,5,873.5,527.35,Processing
3130,243,54,2023-11-08,2,129.32,68.6,Completed
3131,119,56,2023-11-08,1,439.17,210.37,Shipped
3132,76,37,2023-11-08,2,878.84,434.5,Completed
3133,1,83,2023-11-08,1,431.22,181.65,Shipped
3134,27,36,2023-11-08,5,566.9,387.1,Shipped
3135,218,171,2023-11-08,4,1598.88,748.72,Completed
3136,124,144,2023-11-09,4,1698.36,726.36,Completed
3137,198,181,2023-11-09,4,1467.96,725.32,Completed
3138,268,82,2023-11-09,5,610.9,410.3,Completed
3139,110,245,2023-11-09,2,555.2,322.56,Shipped
3140,143,183,2023-11-09,2,397.5,227.76,Shipped
3141,287,114,2023-11-09,4,1025.6,672.6,Processing
3142,129,176,2023-11-09,1,490.76,275.25,Completed
3143,223,167,2023-11-09,3,1187.43,513.48,Completed
3144,239,198,2023-11-10,3,30.6,14.88,Processing
3145,110,158,2023-11-10,5,1961.3,1304.75,Shipped
3146,98,98,2023-11-10,3,681.39,448.62,Completed
3147,6,51,2023-11-10,4,62.52,38.52,Completed
3148,100,2,2023-11-10,5,723.8,338.0,Completed
3149,49,234,2023-11-10,3,369.96,225.0,Shipped
3150,258,236,2023-11-10,1,209.72,118.03,Processing
3151,18,166,2023-11-10,3,1221.81,586.53,Processing
3152,204,12,2023-11-10,3,530.16,236.79,Completed
3153,30,249,2023-11-10,5,1040.6,467.75,Shipped
3154,242,156,2023-11-10,4,1801.88,834.32,Completed
3155,243,192,2023-11-10,5,807.75,422.05,Shipped
3156,20,95,2023-11-10,1,103.2,55.17,Processing
3157,79,181,2023-11-10,2,733.98,362.66,Shipped
3158,68,22,2023-11-10,4,486.68,236.92,Shipped
3159,62,15,2023-11-10,4,1701.08,988.52,Processing
3160,161,25,2023-11-11,5,1607.45,818.9,Completed
3161,100,168,2023-11-11,5,2186.8,1438.0,Processing
3162,163,230,2023-11-12,2,634.22,305.94,Shipped
3163,188,133,2023-11-12,1,418.54,255.75,Shipped
3164,207,107,2023-11-12,1,232.95,122.74,Completed
3165,257,38,2023-11-12,3,993.48,515.31,Completed
3166,23,71,2023-11-13,5,1214.45,686.1,Completed
3167,259,105,2023-11-13,2,391.4,272.26,Processing
3168,2,80,2023-11-13,3,368.28,171.63,Completed
3169,61,88,2023-11-13,4,1622.68,741.76,Completed
3170,45,145,2023-11-13,4,870.2,420.32,Completed
3171,47,47,2023-11-13,1,398.12,209.67,Completed
3172,11,197,2023-11-13,2,314.94,177.74,Processing
3173,112,164,2023-11-13,3,518.31,352.05,Completed
3174,127,79,2023-11-13,2,351.32,202.54,Processing
3175,68,80,2023-11-13,1,122.76,57.21,Completed
3176,147,46,2023-11-13,3,191.19,112.47,Completed
3177,162,106,2023-11-13,2,279.9,177.8,Shipped
3178,140,227,2023-11-13,2,485.18,231.8,Completed
3179,152,67,2023-11-13,4,1760.88,1204.6,Completed
3180,251,91,2023-11-13,5,1836.25,1105.45,Completed
3181,268,116,2023-11-13,2,98.5,44.9,Completed
3182,300,99,2023-11-13,2,559.32,232.22,Completed
3183,108,180,2023-11-13,4,252.48,133.92,Completed
3184,148,54,2023-11-13,3,193.98,102.9,Processing
3185,47,132,2023-11-14,2,382.14,170.94,Completed
3186,240,67,2023-11-14,1,440.22,301.15,Shipped
3187,265,169,2023-11-14,2,237.98,153.5,Completed
3188,240,151,2023-11-14,3,1358.79,765.93,Completed
3189,194,169,2023-11-14,5,594.95,383.75,Shipped
3190,166,180,2023-11-14,1,63.12,33.48,Processing
3191,5,41,2023-11-14,4,1140.28,546.0,Completed
3192,173,166,2023-11-14,1,407.27,195.51,Completed
3193,184,79,2023-11-14,2,351.32,202.54,Completed
3194,96,193,2023-11-14,1,207.18,101.25,Completed
3195,234,152,2023-11-14,5,2094.75,1203.95,Processing
3196,205,122,2023-11-14,2,532.32,362.2,Completed
3197,192,154,2023-11-14,3,483.15,323.55,Completed
3198,154,11,2023-11-15,2,809.7,493.46,Processing
3199,260,28,2023-11-15,4,1310.16,763.48,Completed
3200,138,245,2023-11-15,5,1388.0,806.4,Completed
3201,15,42,2023-11-15,5,1482.25,992.15,Completed
3202,154,227,2023-11-15,5,1212.95,579.5,Cancelled
3203,269,51,2023-11-15,5,78.15,48.15,Processing
3204,67,170,2023-11-15,3,706.65,347.37,Processing
3205,28,249,2023-11-15,1,208.12,93.55,Completed
3206,73,206,2023-11-15,3,1233.09,771.09,Completed
3207,85,118,2023-11-15,1,125.25,54.6,Processing
3208,103,227,2023-11-15,2,485.18,231.8,Completed
3209,42,48,2023-11-15,2,82.26,42.32,Shipped
3210,224,24,2023-11-15,2,118.98,57.52,Completed
3211,285,217,2023-11-15,3,288.54,198.33,Completed
3212,82,89,2023-11-15,1,57.5,30.44,Completed
3213,202,179,2023-11-15,2,963.28,462.02,Shipped
3214,193,213,2023-11-15,4,1008.96,477.44,Processing
3215,199,33,2023-11-16,3,1269.0,803.01,Processing
3216,69,103,2023-11-16,3,743.88,345.24,Shipped
3217,218,153,2023-11-16,4,330.28,144.72,Completed
3218,178,126,2023-11-16,5,824.65,515.85,Completed
3219,92,197,2023-11-16,2,314.94,177.74,Completed
3220,175,129,2023-11-16,1,45.9,21.3,Processing
3221,204,235,2023-11-16,1,356.15,149.32,Processing
3222,71,128,2023-11-16,2,998.48,697.76,Completed
3223,223,24,2023-11-17,3,178.47,86.28,Completed
3224,93,109,2023-11-17,2,564.66,347.56,Completed
3225,199,173,2023-11-17,4,683.4,450.56,Completed
3226,216,46,2023-11-17,2,127.46,74.98,Completed
3227,265,214,2023-11-17,1,331.47,133.14,Completed
3228,43,89,2023-11-17,1,57.5,30.44,Processing
3229,208,206,2023-11-17,1,411.03,257.03,Completed
3230,66,148,2023-11-17,5,1866.0,1055.25,Completed
3231,233,3,2023-11-17,4,1483.48,894.56,Processing
3232,206,109,2023-11-17,1,282.33,173.78,Completed
3233,133,190,2023-11-17,1,163.82,107.2,Processing
3234,231,129,2023-11-17,3,137.7,63.9,Processing
3235,172,217,2023-11-17,5,480.9,330.55,Cancelled
3236,58,202,2023-11-17,2,483.72,324.26,Cancelled
3237,197,223,2023-11-18,1,446.8,260.84,Completed
3238,173,243,2023-11-18,5,2140.95,1468.75,Completed
3239,264,209,2023-11-18,5,649.85,352.55,Processing
3240,233,112,2023-11-18,1,275.68,172.13,Completed
3241,21,32,2023-11-18,4,1131.64,685.08,Completed
3242,26,228,2023-11-18,5,655.75,387.75,Processing
3243,218,87,2023-11-19,3,724.83,460.56,Processing
3244,13,139,2023-11-19,3,187.35,106.02,Completed
3245,183,107,2023-11-19,1,232.95,122.74,Completed
3246,153,163,2023-11-19,1,22.15,13.75,Completed
3247,19,137,2023-11-20,4,1340.24,913.6,Completed
3248,44,137,2023-11-20,1,335.06,228.4,Completed
3249,75,163,2023-11-20,4,88.6,55.0,Completed
3250,141,89,2023-11-20,4,230.0,121.76,Processing
3251,125,236,2023-11-20,5,1048.6,590.15,Completed
3252,21,20,2023-11-20,3,1296.72,743.28,Completed
3253,76,156,2023-11-20,1,450.47,208.58,Completed
3254,41,87,2023-11-20,3,724.83,460.56,Completed
3255,12,48,2023-11-20,3,123.39,63.48,Processing
3256,41,215,2023-11-20,4,1511.88,954.0,Cancelled
3257,99,147,2023-11-20,3,966.57,462.6,Cancelled
3258,264,139,2023-11-20,2,124.9,70.68,Processing
3259,26,96,2023-11-20,5,1083.6,524.0,Completed
3260,224,71,2023-11-20,2,485.78,274.44,Completed
3261,24,155,2023-11-20,4,1600.4,1053.4,Shipped
3262,146,70,2023-11-20,1,385.26,168.94,Completed
3263,213,169,2023-11-21,2,237.98,153.5,Completed
3264,237,154,2023-11-21,3,483.15,323.55,Completed
3265,116,5,2023-11-21,3,650.22,265.89,Completed
3266,148,187,2023-11-21,5,1867.8,1122.9,Shipped
3267,216,163,2023-11-21,5,110.75,68.75,Completed
3268,244,239,2023-11-22,5,1481.0,901.4,Completed
3269,175,82,2023-11-22,3,366.54,246.18,Shipped
3270,78,119,2023-11-22,4,1784.96,845.84,Completed
3271,88,173,2023-11-22,4,683.4,450.56,Completed
3272,17,170,2023-11-22,5,1177.75,578.95,Cancelled
3273,250,144,2023-11-22,3,1273.77,544.77,Completed
3274,272,95,2023-11-22,3,309.6,165.51,Completed
3275,162,116,2023-11-22,4,197.0,89.8,Completed
3276,300,43,2023-11-22,5,1028.55,479.1,Completed
3277,221,107,2023-11-22,1,232.95,122.74,Processing
3278,146,143,2023-11-22,4,997.52,669.92,Cancelled
3279,193,236,2023-11-22,5,1048.6,590.15,Completed
3280,64,25,2023-11-22,4,1285.96,655.12,Completed
3281,57,147,2023-11-22,3,966.57,462.6,Completed
3282,82,197,2023-11-22,4,629.88,355.48,Completed
3283,181,193,2023-11-22,2,414.36,202.5,Completed
3284,143,82,2023-11-22,3,366.54,246.18,Processing
3285,258,138,2023-11-23,5,379.0,164.7,Completed
3286,207,127,2023-11-23,4,182.2,97.92,Completed
3287,231,41,2023-11-23,2,570.14,273.0,Completed
3288,2,137,2023-11-23,3,1005.18,685.2,Processing
3289,89,175,2023-11-23,1,324.33,168.62,Completed
3290,215,250,2023-11-23,4,956.08,419.04,Completed
3291,15,159,2023-11-23,2,418.24,245.18,Completed
3292,258,21,2023-11-23,5,1776.2,734.9,Completed
3293,210,243,2023-11-23,1,428.19,293.75,Completed
3294,128,43,2023-11-23,5,1028.55,479.1,Processing
3295,47,244,2023-11-23,3,645.96,403.23,Completed
3296,200,142,2023-11-23,5,1603.9,768.6,Shipped
3297,83,118,2023-11-23,3,375.75,163.8,Processing
3298,123,45,2023-11-23,4,218.2,90.36,Shipped
3299,103,83,2023-11-23,2,862.44,363.3,Completed
3300,106,148,2023-11-24,4,1492.8,844.2,Completed
3301,228,62,2023-11-24,2,783.06,437.82,Cancelled
3302,257,165,2023-11-24,1,403.1,265.73,Shipped
3303,170,224,2023-11-24,2,724.88,399.72,Completed
3304,36,2,2023-11-24,1,144.76,67.6,Processing
3305,267,121,2023-11-25,4,861.68,495.56,Completed
3306,214,246,2023-11-25,3,354.18,165.0,Shipped
3307,276,31,2023-11-25,5,2474.35,1464.8,Processing
3308,274,183,2023-11-25,1,198.75,113.88,Completed
3309,31,75,2023-11-25,4,434.24,214.32,Shipped
3310,21,94,2023-11-26,4,1728.88,820.52,Processing
3311,262,162,2023-11-26,4,1629.12,1082.44,Completed
3312,64,27,2023-11-26,2,281.64,191.8,Shipped
3313,297,193,2023-11-26,1,207.18,101.25,Processing
3314,188,106,2023-11-26,3,419.85,266.7,Completed
3315,125,204,2023-11-26,4,206.2,114.36,Completed
3316,50,85,2023-11-26,1,114.98,50.56,Completed
3317,126,194,2023-11-27,3,217.11,114.24,Completed
3318,228,85,2023-11-27,4,459.92,202.24,Processing
3319,291,71,2023-11-27,5,1214.45,686.1,Completed
3320,72,38,2023-11-27,5,1655.8,858.85,Completed
3321,114,226,2023-11-27,3,1348.89,840.48,Completed
3322,150,79,2023-11-27,2,351.32,202.54,Completed
3323,157,122,2023-11-27,4,1064.64,724.4,Processing
3324,80,191,2023-11-27,2,725.36,355.5,Completed
3325,150,220,2023-11-27,4,934.68,598.6,Completed
3326,117,8,2023-11-27,2,656.88,370.14,Completed
3327,76,150,2023-11-27,1,46.87,31.17,Completed
3328,261,191,2023-11-27,5,1813.4,888.75,Completed
3329,88,249,2023-11-27,3,624.36,280.65,Processing
3330,257,81,2023-11-27,5,223.95,132.0,Completed
3331,249,166,2023-11-27,2,814.54,391.02,Shipped
3332,247,45,2023-11-27,4,218.2,90.36,Shipped
3333,8,172,2023-11-27,1,21.6,9.89,Completed
3334,159,53,2023-11-27,2,281.48,166.72,Completed
3335,62,167,2023-11-27,2,791.62,342.32,Completed
3336,236,146,2023-11-27,1,11.74,7.41,Shipped
3337,104,94,2023-11-28,1,432.22,205.13,Completed
3338,51,244,2023-11-28,3,645.96,403.23,Completed
3339,139,142,2023-11-28,5,1603.9,768.6,Shipped
3340,276,224,2023-11-28,1,362.44,199.86,Cancelled
3341,29,115,2023-11-28,5,435.7,299.85,Completed
3342,126,66,2023-11-28,2,321.36,134.12,Processing
3343,126,59,2023-11-28,4,624.96,369.76,Completed
3344,137,142,2023-11-28,3,962.34,461.16,Completed
3345,98,188,2023-11-28,1,188.47,79.34,Shipped
3346,68,134,2023-11-28,3,929.16,646.86,Completed
3347,117,63,2023-11-28,5,51.4,25.55,Processing
3348,245,119,2023-11-28,1,446.24,211.46,Completed
3349,164,203,2023-11-29,1,400.05,180.39,Completed
3350,60,114,2023-11-29,1,256.4,168.15,Completed
3351,52,139,2023-11-29,5,312.25,176.7,Completed
3352,250,77,2023-11-29,5,1123.35,623.75,Completed
3353,221,221,2023-11-29,1,337.11,234.75,Processing
3354,227,200,2023-11-29,2,661.62,356.94,Completed
3355,1,65,2023-11-30,4,1762.28,1144.6,Processing
3356,253,162,2023-11-30,2,814.56,541.22,Completed
3357,248,132,2023-11-30,3,573.21,256.41,Cancelled
3358,154,68,2023-11-30,5,259.85,141.85,Completed
3359,141,174,2023-11-30,5,2418.9,1170.1,Completed
3360,226,29,2023-11-30,2,187.72,116.14,Completed
3361,164,229,2023-11-30,5,1926.25,1071.75,Completed
3362,84,46,2023-11-30,1,63.73,37.49,Processing
3363,156,25,2023-11-30,4,1285.96,655.12,Completed
3364,276,211,2023-11-30,2,426.16,250.98,Completed
3365,56,196,2023-11-30,2,904.74,528.96,Completed
3366,257,79,2023-11-30,3,526.98,303.81,Processing
3367,242,27,2023-11-30,3,422.46,287.7,Shipped
3368,108,147,2023-11-30,2,644.38,308.4,Completed
3369,99,197,2023-11-30,4,629.88,355.48,Processing
3370,81,157,2023-11-30,2,264.54,113.98,Completed
3371,265,122,2023-11-30,5,1330.8,905.5,Processing
3372,138,59,2023-11-30,3,468.72,277.32,Completed
3373,156,95,2023-11-30,2,206.4,110.34,Completed
3374,162,116,2023-12-01,3,147.75,67.35,Completed
3375,202,196,2023-12-01,4,1809.48,1057.92,Completed
3376,207,15,2023-12-01,4,1701.08,988.52,Completed
3377,72,250,2023-12-01,4,956.08,419.04,Processing
3378,10,210,2023-12-01,2,852.74,359.72,Completed
3379,132,76,2023-12-01,3,1492.86,888.21,Completed
3380,219,203,2023-12-01,4,1600.2,721.56,Completed
3381,287,190,2023-12-01,2,327.64,214.4,Processing
3382,258,113,2023-12-01,3,114.03,65.61,Completed
3383,125,42,2023-12-01,3,889.35,595.29,Processing
3384,241,244,2023-12-01,1,215.32,134.41,Processing
3385,200,177,2023-12-01,4,1880.92,817.44,Completed
3386,193,16,2023-12-01,1,405.49,250.97,Completed
3387,176,71,2023-12-01,5,1214.45,686.1,Completed
3388,146,29,2023-12-01,4,375.44,232.28,Completed
3389,38,84,2023-12-01,4,506.48,304.24,Shipped
3390,78,151,2023-12-02,3,1358.79,765.93,Completed
3391,288,23,2023-12-02,4,196.4,92.28,Completed
3392,294,140,2023-12-02,3,430.35,250.23,Completed
3393,150,177,2023-12-02,1,470.23,204.36,Completed
3394,35,223,2023-12-02,3,1340.4,782.52,Cancelled
3395,185,232,2023-12-02,4,572.56,283.92,Processing
3396,110,48,2023-12-02,3,123.39,63.48,Completed
3397,236,93,2023-12-02,3,621.84,312.03,Completed
3398,133,66,2023-12-03,5,803.4,335.3,Processing
3399,12,36,2023-12-03,1,113.38,77.42,Processing
3400,219,102,2023-12-03,4,1703.44,766.36,Processing
3401,271,16,2023-12-03,5,2027.45,1254.85,Completed
3402,290,112,2023-12-03,1,275.68,172.13,Cancelled
3403,168,203,2023-12-03,5,2000.25,901.95,Completed
3404,295,86,2023-12-03,1,468.4,267.6,Processing
3405,286,200,2023-12-04,1,330.81,178.47,Completed
3406,263,217,2023-12-04,1,96.18,66.11,Completed
3407,240,157,2023-12-04,2,264.54,113.98,Processing
3408,221,210,2023-12-04,3,1279.11,539.58,Completed
3409,78,167,2023-12-04,3,1187.43,513.48,Completed
3410,295,87,2023-12-04,4,966.44,614.08,Completed
3411,222,228,2023-12-04,1,131.15,77.55,Completed
3412,4,160,2023-12-05,4,342.92,232.84,Completed
3413,116,83,2023-12-05,4,1724.88,726.6,Completed
3414,115,150,2023-12-05,3,140.61,93.51,Completed
3415,103,198,2023-12-05,5,51.0,24.8,Shipped
3416,296,40,2023-12-05,2,279.58,132.52,Processing
3417,106,79,2023-12-05,2,351.32,202.54,Completed
3418,274,155,2023-12-05,1,400.1,263.35,Processing
3419,277,90,2023-12-05,1,217.55,117.5,Completed
3420,162,238,2023-12-05,2,431.74,289.9,Processing
3421,104,78,2023-12-05,2,138.58,64.78,Completed
3422,139,60,2023-12-05,2,616.8,275.0,Processing
3423,14,36,2023-12-05,4,453.52,309.68,Completed
3424,193,7,2023-12-05,4,92.0,42.28,Shipped
3425,107,98,2023-12-05,1,227.13,149.54,Completed
3426,102,53,2023-12-06,4,562.96,333.44,Completed
3427,64,24,2023-12-06,2,118.98,57.52,Completed
3428,297,186,2023-12-06,5,1369.2,843.2,Completed
3429,108,31,2023-12-06,4,1979.48,1171.84,Processing
3430,184,192,2023-12-06,3,484.65,253.23,Completed
3431,108,24,2023-12-06,5,297.45,143.8,Completed
3432,131,131,2023-12-06,1,441.62,293.14,Shipped
3433,9,2,2023-12-06,4,579.04,270.4,Shipped
3434,205,247,2023-12-06,1,223.56,91.37,Completed
3435,159,215,2023-12-06,1,377.97,238.5,Completed
3436,154,59,2023-12-06,1,156.24,92.44,Processing
3437,200,225,2023-12-06,4,1667.92,941.32,Completed
3438,141,187,2023-12-06,3,1120.68,673.74,Completed
3439,128,46,2023-12-06,5,318.65,187.45,Completed
3440,266,40,2023-12-06,2,279.58,132.52,Processing
3441,20,16,2023-12-06,5,2027.45,1254.85,Shipped
3442,151,96,2023-12-06,5,1083.6,524.0,Completed
3443,215,45,2023-12-07,2,109.1,45.18,Shipped
3444,78,190,2023-12-07,2,327.64,214.4,Completed
3445,57,202,2023-12-07,2,483.72,324.26,Completed
3446,105,79,2023-12-07,4,702.64,405.08,Processing
3447,136,160,2023-12-07,3,257.19,174.63,Completed
3448,14,85,2023-12-07,1,114.98,50.56,Shipped
3449,18,189,2023-12-07,2,670.96,334.84,Shipped
3450,24,139,2023-12-07,4,249.8,141.36,Processing
3451,269,44,2023-12-07,2,997.58,551.52,Completed
3452,179,230,2023-12-07,2,634.22,305.94,Completed
3453,58,248,2023-12-08,4,698.8,421.88,Completed
3454,213,220,2023-12-08,5,1168.35,748.25,Completed
3455,1,80,2023-12-08,4,491.04,228.84,Completed
3456,132,33,2023-12-08,3,1269.0,803.01,Processing
3457,188,245,2023-12-08,5,1388.0,806.4,Processing
3458,50,123,2023-12-08,4,440.36,270.76,Processing
3459,293,51,2023-12-08,2,31.26,19.26,Completed
3460,74,58,2023-12-09,1,457.19,302.27,Processing
3461,207,73,2023-12-09,5,1086.7,503.75,Completed
3462,116,65,2023-12-09,2,881.14,572.3,Processing
3463,169,182,2023-12-10,4,1228.16,679.68,Processing
3464,267,133,2023-12-10,5,2092.7,1278.75,Cancelled
3465,137,195,2023-12-10,2,941.56,567.94,Completed
3466,192,170,2023-12-10,2,471.1,231.58,Completed
3467,198,162,2023-12-11,1,407.28,270.61,Processing
3468,94,4,2023-12-11,2,894.34,381.06,Processing
3469,122,42,2023-12-11,4,1185.8,793.72,Completed
3470,293,124,2023-12-11,4,507.84,263.44,Shipped
3471,97,161,2023-12-11,5,2168.3,1502.35,Completed
3472,110,117,2023-12-11,5,1507.85,908.6,Completed
3473,61,191,2023-12-12,3,1088.04,533.25,Processing
3474,264,237,2023-12-12,3,641.19,296.25,Completed
3475,96,66,2023-12-12,3,482.04,201.18,Shipped
3476,250,198,2023-12-12,5,51.0,24.8,Completed
3477,50,172,2023-12-12,3,64.8,29.67,Processing
3478,135,17,2023-12-12,3,818.25,566.19,Completed
3479,14,247,2023-12-12,5,1117.8,456.85,Completed
3480,117,250,2023-12-12,4,956.08,419.04,Shipped
3481,62,141,2023-12-12,3,1084.89,500.22,Completed
3482,178,79,2023-12-12,4,702.64,405.08,Completed
3483,43,248,2023-12-12,5,873.5,527.35,Completed
3484,262,50,2023-12-12,2,971.66,639.58,Shipped
3485,114,199,2023-12-12,1,220.65,126.65,Completed
3486,182,135,2023-12-12,5,1652.25,664.8,Processing
3487,289,221,2023-12-12,5,1685.55,1173.75,Completed
3488,273,93,2023-12-12,5,1036.4,520.05,Completed
3489,272,43,2023-12-12,3,617.13,287.46,Completed
3490,85,163,2023-12-12,5,110.75,68.75,Completed
3491,78,139,2023-12-12,5,312.25,176.7,Completed
3492,143,13,2023-12-13,4,1916.12,959.92,Completed
3493,268,249,2023-12-13,4,832.48,374.2,Shipped
3494,240,83,2023-12-13,2,862.44,363.3,Processing
3495,154,1,2023-12-13,1,323.32,131.75,Completed
3496,285,172,2023-12-13,3,64.8,29.67,Completed
3497,35,16,2023-12-13,4,1621.96,1003.88,Completed
3498,247,211,2023-12-13,2,426.16,250.98,Processing
3499,125,101,2023-12-13,2,969.62,657.32,Processing
3500,201,152,2023-12-13,2,837.9,481.58,Completed
3501,180,19,2023-12-13,2,832.82,487.66,Cancelled
3502,142,36,2023-12-13,4,453.52,309.68,Completed
3503,106,114,2023-12-14,2,512.8,336.3,Processing
3504,168,3,2023-12-14,1,370.87,223.64,Completed
3505,269,27,2023-12-14,5,704.1,479.5,Completed
3506,225,77,2023-12-14,1,224.67,124.75,Completed
3507,233,40,2023-12-14,1,139.79,66.26,Shipped
3508,175,225,2023-12-14,3,1250.94,705.99,Shipped
3509,21,98,2023-12-14,3,681.39,448.62,Completed
3510,239,110,2023-12-14,5,429.25,209.9,Completed
3511,250,195,2023-12-14,3,1412.34,851.91,Completed
3512,46,188,2023-12-15,5,942.35,396.7,Cancelled
3513,186,62,2023-12-15,4,1566.12,875.64,Shipped
3514,222,108,2023-12-15,1,479.09,334.71,Processing
3515,144,216,2023-12-15,3,186.69,98.49,Shipped
3516,261,85,2023-12-15,4,459.92,202.24,Processing
3517,129,92,2023-12-15,1,492.24,211.43,Completed
3518,249,63,2023-12-15,5,51.4,25.55,Completed
3519,223,171,2023-12-15,3,1199.16,561.54,Completed
3520,250,144,2023-12-16,5,2122.95,907.95,Shipped
3521,193,156,2023-12-16,5,2252.35,1042.9,Shipped
3522,196,11,2023-12-16,5,2024.25,1233.65,Completed
3523,51,148,2023-12-16,1,373.2,211.05,Completed
3524,123,93,2023-12-16,5,1036.4,520.05,Processing
3525,216,209,2023-12-16,4,519.88,282.04,Processing
3526,21,89,2023-12-16,4,230.0,121.76,Shipped
3527,294,222,2023-12-16,5,1508.85,1033.6,Completed
3528,222,172,2023-12-17,1,21.6,9.89,Completed
3529,93,7,2023-12-17,3,69.0,31.71,Completed
3530,212,206,2023-12-17,1,411.03,257.03,Processing
3531,130,92,2023-12-17,3,1476.72,634.29,Completed
3532,128,71,2023-12-17,4,971.56,548.88,Processing
3533,235,179,2023-12-18,3,1444.92,693.03,Processing
3534,83,54,2023-12-18,5,323.3,171.5,Processing
3535,281,166,2023-12-18,3,1221.81,586.53,Processing
3536,179,200,2023-12-18,2,661.62,356.94,Shipped
3537,46,86,2023-12-18,3,1405.2,802.8,Processing
3538,117,82,2023-12-18,3,366.54,246.18,Completed
3539,47,164,2023-12-18,4,691.08,469.4,Completed
3540,255,164,2023-12-18,2,345.54,234.7,Processing
3541,104,68,2023-12-18,4,207.88,113.48,Completed
3542,225,230,2023-12-18,3,951.33,458.91,Processing
3543,87,83,2023-12-18,1,431.22,181.65,Completed
3544,298,80,2023-12-18,5,613.8,286.05,Processing
3545,287,76,2023-12-18,5,2488.1,1480.35,Completed
3546,204,159,2023-12-18,1,209.12,122.59,Completed
3547,47,183,2023-12-18,5,993.75,569.4,Shipped
3548,135,38,2023-12-19,3,993.48,515.31,Completed
3549,204,35,2023-12-19,4,658.28,316.2,Completed
3550,151,158,2023-12-19,5,1961.3,1304.75,Cancelled
3551,166,58,2023-12-19,4,1828.76,1209.08,Shipped
3552,126,141,2023-12-19,2,723.26,333.48,Processing
3553,141,7,2023-12-19,4,92.0,42.28,Completed
3554,113,63,2023-12-19,2,20.56,10.22,Completed
3555,111,38,2023-12-19,1,331.16,171.77,Completed
3556,11,220,2023-12-19,5,1168.35,748.25,Completed
3557,225,107,2023-12-19,5,1164.75,613.7,Completed
3558,291,50,2023-12-19,4,1943.32,1279.16,Completed
3559,266,149,2023-12-19,4,878.28,353.84,Processing
3560,199,192,2023-12-19,3,484.65,253.23,Processing
3561,187,206,2023-12-19,3,1233.09,771.09,Completed
3562,187,231,2023-12-19,2,95.94,46.6,Completed
3563,183,20,2023-12-19,2,864.48,495.52,Completed
3564,127,204,2023-12-19,5,257.75,142.95,Completed
3565,260,182,2023-12-20,4,1228.16,679.68,Completed
3566,54,207,2023-12-20,5,1698.35,793.8,Completed
3567,179,184,2023-12-20,5,674.05,412.95,Shipped
3568,115,120,2023-12-20,3,903.93,529.53,Completed
3569,28,118,2023-12-20,5,626.25,273.0,Completed
3570,224,17,2023-12-20,2,545.5,377.46,Completed
3571,230,144,2023-12-20,1,424.59,181.59,Shipped
3572,245,223,2023-12-20,2,893.6,521.68,Completed
3573,34,245,2023-12-21,3,832.8,483.84,Completed
3574,15,183,2023-12-21,5,993.75,569.4,Completed
3575,69,102,2023-12-21,2,851.72,383.18,Processing
3576,159,138,2023-12-21,3,227.4,98.82,Completed
3577,292,205,2023-12-21,5,1600.7,801.25,Shipped
3578,74,197,2023-12-21,5,787.35,444.35,Cancelled
3579,162,221,2023-12-21,1,337.11,234.75,Cancelled
3580,28,183,2023-12-21,3,596.25,341.64,Completed
3581,37,158,2023-12-21,1,392.26,260.95,Completed
3582,83,188,2023-12-21,2,376.94,158.68,Completed
3583,92,214,2023-12-21,2,662.94,266.28,Completed
3584,254,187,2023-12-21,1,373.56,224.58,Completed
3585,49,243,2023-12-21,4,1712.76,1175.0,Completed
3586,199,207,2023-12-21,4,1358.68,635.04,Completed
3587,243,36,2023-12-21,3,340.14,232.26,Completed
3588,160,91,2023-12-21,2,734.5,442.18,Processing
3589,256,24,2023-12-22,2,118.98,57.52,Completed
3590,103,59,2023-12-22,3,468.72,277.32,Cancelled
3591,42,87,2023-12-22,4,966.44,614.08,Processing
3592,269,66,2023-12-22,1,160.68,67.06,Shipped
3593,32,143,2023-12-22,1,249.38,167.48,Processing
3594,49,44,2023-12-22,1,498.79,275.76,Cancelled
3595,271,4,2023-12-22,1,447.17,190.53,Completed
3596,157,8,2023-12-22,5,1642.2,925.35,Completed
3597,36,245,2023-12-22,2,555.2,322.56,Completed
3598,256,47,2023-12-22,5,1990.6,1048.35,Completed
3599,177,25,2023-12-22,2,642.98,327.56,Completed
3600,294,46,2023-12-22,4,254.92,149.96,Processing
3601,91,130,2023-12-22,2,279.9,190.32,Shipped
3602,16,160,2023-12-23,1,85.73,58.21,Shipped
3603,62,207,2023-12-23,3,1019.01,476.28,Shipped
3604,56,90,2023-12-23,2,435.1,235.0,Completed
3605,86,231,2023-12-23,1,47.97,23.3,Completed
3606,80,157,2023-12-23,3,396.81,170.97,Shipped
3607,281,213,2023-12-24,4,1008.96,477.44,Processing
3608,60,172,2023-12-24,5,108.0,49.45,Completed
3609,127,94,2023-12-24,2,864.44,410.26,Completed
3610,252,49,2023-12-24,4,1992.4,1113.24,Completed
3611,31,235,2023-12-24,4,1424.6,597.28,Shipped
3612,51,218,2023-12-24,5,1319.0,547.45,Completed
3613,165,234,2023-12-24,5,616.6,375.0,Completed
3614,280,165,2023-12-25,2,806.2,531.46,Completed
3615,70,115,2023-12-25,2,174.28,119.94,Completed
3616,219,104,2023-12-25,4,826.04,344.96,Completed
3617,252,7,2023-12-25,4,92.0,42.28,Completed
3618,288,124,2023-12-25,5,634.8,329.3,Completed
3619,255,202,2023-12-25,3,725.58,486.39,Processing
3620,29,136,2023-12-25,1,410.38,201.01,Completed
3621,46,79,2023-12-25,5,878.3,506.35,Processing
3622,293,139,2023-12-25,2,124.9,70.68,Processing
3623,25,137,2023-12-25,1,335.06,228.4,Completed
3624,156,99,2023-12-25,2,559.32,232.22,Completed
3625,276,14,2023-12-25,4,221.8,95.16,Processing
3626,269,218,2023-12-25,2,527.6,218.98,Completed
3627,23,234,2023-12-25,2,246.64,150.0,Completed
3628,96,229,2023-12-25,2,770.5,428.7,Processing
3629,38,183,2023-12-25,2,397.5,227.76,Completed
3630,293,164,2023-12-25,5,863.85,586.75,Completed
3631,106,231,2023-12-26,1,47.97,23.3,Shipped
3632,3,232,2023-12-26,2,286.28,141.96,Processing
3633,170,46,2023-12-26,4,254.92,149.96,Shipped
3634,191,235,2023-12-26,4,1424.6,597.28,Completed
3635,73,154,2023-12-26,2,322.1,215.7,Processing
3636,133,226,2023-12-26,4,1798.52,1120.64,Processing
3637,159,53,2023-12-26,3,422.22,250.08,Completed
3638,6,107,2023-12-26,4,931.8,490.96,Completed
3639,98,210,2023-12-26,4,1705.48,719.44,Completed
3640,6,161,2023-12-26,4,1734.64,1201.88,Completed
3641,230,33,2023-12-26,2,846.0,535.34,Completed
3642,59,30,2023-12-26,2,180.14,92.56,Shipped
3643,251,18,2023-12-26,2,390.96,221.14,Completed
3644,86,242,2023-12-26,3,547.08,342.51,Cancelled
3645,204,73,2023-12-26,5,1086.7,503.75,Completed
3646,292,67,2023-12-26,1,440.22,301.15,Processing
3647,203,211,2023-12-26,2,426.16,250.98,Cancelled
3648,103,33,2023-12-27,5,2115.0,1338.35,Cancelled
3649,241,123,2023-12-27,1,110.09,67.69,Completed
3650,20,214,2023-12-27,4,1325.88,532.56,Completed
3651,35,62,2023-12-27,4,1566.12,875.64,Processing
3652,225,190,2023-12-27,2,327.64,214.4,Completed
3653,22,170,2023-12-27,5,1177.75,578.95,Processing
3654,97,197,2023-12-27,2,314.94,177.74,Processing
3655,23,146,2023-12-27,1,11.74,7.41,Shipped
3656,175,221,2023-12-27,3,1011.33,704.25,Shipped
3657,180,119,2023-12-27,2,892.48,422.92,Shipped
3658,29,101,2023-12-27,4,1939.24,1314.64,Completed
3659,150,130,2023-12-27,1,139.95,95.16,Completed
3660,100,86,2023-12-27,4,1873.6,1070.4,Completed
3661,226,18,2023-12-27,2,390.96,221.14,Processing
3662,148,143,2023-12-27,2,498.76,334.96,Completed
3663,163,15,2023-12-27,1,425.27,247.13,Processing
3664,210,133,2023-12-27,5,2092.7,1278.75,Completed
3665,87,186,2023-12-27,3,821.52,505.92,Completed
3666,74,231,2023-12-27,1,47.97,23.3,Processing
3667,4,98,2023-12-27,1,227.13,149.54,Completed
3668,291,31,2023-12-28,2,989.74,585.92,Processing
3669,19,145,2023-12-28,5,1087.75,525.4,Completed
3670,244,240,2023-12-28,5,2149.0,1353.2,Processing
3671,145,176,2023-12-28,5,2453.8,1376.25,Completed
3672,122,175,2023-12-28,4,1297.32,674.48,Processing
3673,177,163,2023-12-28,4,88.6,55.0,Completed
3674,79,117,2023-12-28,5,1507.85,908.6,Shipped
3675,115,37,2023-12-28,3,1318.26,651.75,Processing
3676,90,247,2023-12-28,4,894.24,365.48,Cancelled
3677,83,95,2023-12-28,1,103.2,55.17,Completed
3678,154,37,2023-12-28,1,439.42,217.25,Completed
3679,278,219,2023-12-28,2,264.22,172.94,Cancelled
3680,65,216,2023-12-28,3,186.69,98.49,Completed
3681,208,108,2023-12-28,4,1916.36,1338.84,Completed
3682,232,114,2023-12-28,4,1025.6,672.6,Completed
3683,173,84,2023-12-28,4,506.48,304.24,Completed
3684,272,53,2023-12-28,2,281.48,166.72,Completed
3685,292,50,2023-12-29,5,2429.15,1598.95,Completed
3686,238,141,2023-12-29,4,1446.52,666.96,Completed
3687,158,55,2023-12-29,4,929.28,637.64,Completed
3688,56,139,2023-12-29,4,249.8,141.36,Completed
3689,212,14,2023-12-29,2,110.9,47.58,Completed
3690,283,228,2023-12-29,2,262.3,155.1,Processing
3691,265,111,2023-12-29,2,969.34,556.16,Shipped
3692,13,178,2023-12-29,2,971.0,440.42,Completed
3693,89,70,2023-12-29,5,1926.3,844.7,Processing
3694,206,148,2023-12-29,2,746.4,422.1,Completed
3695,163,120,2023-12-29,2,602.62,353.02,Shipped
3696,250,81,2023-12-30,5,223.95,132.0,Shipped
3697,272,189,2023-12-30,1,335.48,167.42,Processing
3698,34,22,2023-12-30,1,121.67,59.23,Completed
3699,28,85,2023-12-31,1,114.98,50.56,Completed
3700,183,52,2023-12-31,2,688.08,386.08,Cancelled
3701,158,216,2023-12-31,1,62.23,32.83,Completed
3702,162,150,2023-12-31,4,187.48,124.68,Completed
3703,90,75,2023-12-31,3,325.68,160.74,Completed
3704,288,41,2023-12-31,2,570.14,273.0,Completed
3705,61,137,2023-12-31,5,1675.3,1142.0,Completed
3706,288,142,2023-12-31,4,1283.12,614.88,Processing
3707,128,250,2024-01-01,1,239.02,104.76,Processing
3708,76,233,2024-01-01,4,1098.68,485.08,Completed
3709,21,35,2024-01-01,4,658.28,316.2,Completed
3710,245,44,2024-01-01,1,498.79,275.76,Completed
3711,186,239,2024-01-01,4,1184.8,721.12,Completed
3712,94,115,2024-01-01,1,87.14,59.97,Cancelled
3713,291,89,2024-01-01,3,172.5,91.32,Cancelled
3714,190,18,2024-01-01,2,390.96,221.14,Completed
3715,154,174,2024-01-01,4,1935.12,936.08,Shipped
3716,57,240,2024-01-01,2,859.6,541.28,Cancelled
3717,165,75,2024-01-01,1,108.56,53.58,Completed
3718,254,5,2024-01-01,5,1083.7,443.15,Shipped
3719,214,44,2024-01-01,3,1496.37,827.28,Shipped
3720,263,72,2024-01-02,5,699.4,462.8,Shipped
3721,13,126,2024-01-02,3,494.79,309.51,Shipped
3722,27,167,2024-01-02,2,791.62,342.32,Processing
3723,135,115,2024-01-02,4,348.56,239.88,Completed
3724,140,192,2024-01-02,4,646.2,337.64,Processing
3725,171,142,2024-01-02,1,320.78,153.72,Completed
3726,6,189,2024-01-02,5,1677.4,837.1,Completed
3727,195,52,2024-01-02,4,1376.16,772.16,Completed
3728,19,178,2024-01-02,3,1456.5,660.63,Processing
3729,172,94,2024-01-02,5,2161.1,1025.65,Shipped
3730,218,105,2024-01-02,3,587.1,408.39,Completed
3731,134,142,2024-01-03,2,641.56,307.44,Completed
3732,137,22,2024-01-03,4,486.68,236.92,Shipped
3733,44,207,2024-01-03,3,1019.01,476.28,Shipped
3734,59,6,2024-01-03,2,234.26,129.22,Shipped
3735,55,63,2024-01-03,1,10.28,5.11,Completed
3736,34,40,2024-01-03,5,698.95,331.3,Shipped
3737,45,222,2024-01-03,1,301.77,206.72,Completed
3738,7,189,2024-01-03,3,1006.44,502.26,Shipped
3739,37,40,2024-01-03,5,698.95,331.3,Processing
3740,236,162,2024-01-03,3,1221.84,811.83,Processing
3741,55,157,2024-01-03,1,132.27,56.99,Completed
3742,72,52,2024-01-03,1,344.04,193.04,Completed
3743,47,1,2024-01-03,4,1293.28,527.0,Processing
3744,120,54,2024-01-03,1,64.66,34.3,Processing
3745,199,83,2024-01-03,5,2156.1,908.25,Completed
3746,102,182,2024-01-03,4,1228.16,679.68,Processing
3747,241,74,2024-01-04,5,1371.3,848.8,Shipped
3748,32,114,2024-01-04,2,512.8,336.3,Completed
3749,41,46,2024-01-04,2,127.46,74.98,Completed
3750,278,148,2024-01-04,2,746.4,422.1,Processing
3751,39,49,2024-01-04,2,996.2,556.62,Shipped
3752,117,42,2024-01-04,4,1185.8,793.72,Processing
3753,152,154,2024-01-04,4,644.2,431.4,Completed
3754,147,56,2024-01-04,4,1756.68,841.48,Completed
3755,177,189,2024-01-04,2,670.96,334.84,Completed
3756,129,73,2024-01-04,2,434.68,201.5,Completed
3757,253,89,2024-01-05,1,57.5,30.44,Processing
3758,221,21,2024-01-05,4,1420.96,587.92,Completed
3759,46,82,2024-01-05,5,610.9,410.3,Processing
3760,186,179,2024-01-05,5,2408.2,1155.05,Processing
3761,34,146,2024-01-05,3,35.22,22.23,Processing
3762,164,116,2024-01-05,3,147.75,67.35,Processing
3763,246,95,2024-01-05,4,412.8,220.68,Completed
3764,161,140,2024-01-06,2,286.9,166.82,Completed
3765,88,11,2024-01-06,3,1214.55,740.19,Completed
3766,237,84,2024-01-06,4,506.48,304.24,Completed
3767,238,116,2024-01-06,2,98.5,44.9,Completed
3768,198,108,2024-01-06,1,479.09,334.71,Shipped
3769,163,98,2024-01-07,2,454.26,299.08,Completed
3770,8,112,2024-01-07,2,551.36,344.26,Completed
3771,95,56,2024-01-07,1,439.17,210.37,Completed
3772,242,39,2024-01-07,3,1374.39,738.96,Completed
3773,12,128,2024-01-07,4,1996.96,1395.52,Completed
3774,282,72,2024-01-07,2,279.76,185.12,Completed
3775,256,111,2024-01-07,4,1938.68,1112.32,Shipped
3776,82,125,2024-01-07,1,339.13,166.17,Completed
3777,35,244,2024-01-08,3,645.96,403.23,Processing
3778,149,37,2024-01-08,2,878.84,434.5,Completed
3779,254,206,2024-01-08,2,822.06,514.06,Completed
3780,7,245,2024-01-08,3,832.8,483.84,Processing
3781,174,162,2024-01-08,3,1221.84,811.83,Processing
3782,220,157,2024-01-08,1,132.27,56.99,Completed
3783,272,73,2024-01-08,3,652.02,302.25,Processing
3784,66,95,2024-01-08,5,516.0,275.85,Cancelled
3785,10,115,2024-01-09,3,261.42,179.91,Completed
3786,108,242,2024-01-09,3,547.08,342.51,Processing
3787,161,163,2024-01-09,4,88.6,55.0,Processing
3788,285,88,2024-01-09,5,2028.35,927.2,Processing
3789,100,231,2024-01-09,2,95.94,46.6,Cancelled
3790,294,249,2024-01-09,2,416.24,187.1,Processing
3791,122,209,2024-01-09,2,259.94,141.02,Completed
3792,10,81,2024-01-10,5,223.95,132.0,Shipped
3793,197,193,2024-01-10,2,414.36,202.5,Processing
3794,42,136,2024-01-10,4,1641.52,804.04,Completed
3795,137,18,2024-01-10,4,781.92,442.28,Completed
3796,99,203,2024-01-10,3,1200.15,541.17,Processing
3797,187,218,2024-01-10,1,263.8,109.49,Completed
3798,115,163,2024-01-10,1,22.15,13.75,Completed
3799,248,144,2024-01-10,2,849.18,363.18,Processing
3800,164,125,2024-01-10,3,1017.39,498.51,Processing
3801,275,52,2024-01-10,2,688.08,386.08,Cancelled
3802,62,76,2024-01-10,1,497.62,296.07,Processing
3803,100,135,2024-01-10,5,1652.25,664.8,Completed
3804,193,109,2024-01-10,1,282.33,173.78,Completed
3805,105,37,2024-01-10,3,1318.26,651.75,Completed
3806,216,21,2024-01-10,3,1065.72,440.94,Completed
3807,76,115,2024-01-10,4,348.56,239.88,Completed
3808,228,195,2024-01-10,3,1412.34,851.91,Completed
3809,141,117,2024-01-10,3,904.71,545.16,Completed
3810,233,73,2024-01-10,2,434.68,201.5,Completed
3811,166,245,2024-01-10,1,277.6,161.28,Completed
3812,283,123,2024-01-11,3,330.27,203.07,Completed
3813,193,141,2024-01-11,1,361.63,166.74,Processing
3814,166,102,2024-01-11,2,851.72,383.18,Completed
3815,18,165,2024-01-11,3,1209.3,797.19,Completed
3816,292,11,2024-01-11,5,2024.25,1233.65,Completed
3817,68,128,2024-01-11,1,499.24,348.88,Shipped
3818,72,39,2024-01-11,1,458.13,246.32,Completed
3819,121,24,2024-01-11,3,178.47,86.28,Cancelled
3820,174,21,2024-01-11,4,1420.96,587.92,Completed
3821,36,127,2024-01-11,4,182.2,97.92,Completed
3822,269,107,2024-01-11,4,931.8,490.96,Processing
3823,281,211,2024-01-11,1,213.08,125.49,Shipped
3824,230,41,2024-01-11,1,285.07,136.5,Processing
3825,134,59,2024-01-11,2,312.48,184.88,Completed
3826,286,7,2024-01-11,1,23.0,10.57,Processing
3827,246,11,2024-01-12,1,404.85,246.73,Completed
3828,120,244,2024-01-12,2,430.64,268.82,Cancelled
3829,71,129,2024-01-12,3,137.7,63.9,Completed
3830,203,5,2024-01-12,5,1083.7,443.15,Processing
3831,253,7,2024-01-12,4,92.0,42.28,Completed
3832,21,52,2024-01-12,5,1720.2,965.2,Completed
3833,118,150,2024-01-12,4,187.48,124.68,Completed
3834,42,149,2024-01-12,3,658.71,265.38,Completed
3835,85,102,2024-01-12,2,851.72,383.18,Completed
3836,4,235,2024-01-12,5,1780.75,746.6,Completed
3837,285,96,2024-01-12,5,1083.6,524.0,Completed
3838,104,194,2024-01-12,5,361.85,190.4,Completed
3839,168,230,2024-01-13,3,951.33,458.91,Completed
3840,147,116,2024-01-13,1,49.25,22.45,Completed
3841,263,198,2024-01-13,4,40.8,19.84,Completed
3842,22,100,2024-01-14,1,499.65,325.18,Processing
3843,106,52,2024-01-14,5,1720.2,965.2,Processing
3844,110,227,2024-01-15,5,1212.95,579.5,Shipped
3845,185,119,2024-01-15,1,446.24,211.46,Processing
3846,118,146,2024-01-15,3,35.22,22.23,Completed
3847,13,80,2024-01-15,1,122.76,57.21,Completed
3848,93,221,2024-01-15,3,1011.33,704.25,Completed
3849,199,185,2024-01-15,3,32.49,22.02,Completed
3850,201,155,2024-01-15,2,800.2,526.7,Shipped
3851,246,144,2024-01-15,5,2122.95,907.95,Completed
3852,128,20,2024-01-15,5,2161.2,1238.8,Completed
3853,1,219,2024-01-15,1,132.11,86.47,Processing
3854,6,243,2024-01-15,3,1284.57,881.25,Shipped
3855,156,114,2024-01-15,4,1025.6,672.6,Processing
3856,82,25,2024-01-15,1,321.49,163.78,Completed
3857,98,249,2024-01-15,4,832.48,374.2,Processing
3858,39,72,2024-01-16,4,559.52,370.24,Processing
3859,153,198,2024-01-16,1,10.2,4.96,Shipped
3860,155,37,2024-01-16,3,1318.26,651.75,Completed
3861,105,31,2024-01-16,1,494.87,292.96,Shipped
3862,244,45,2024-01-16,1,54.55,22.59,Completed
3863,121,117,2024-01-16,5,1507.85,908.6,Processing
3864,140,70,2024-01-16,1,385.26,168.94,Processing
3865,246,17,2024-01-16,2,545.5,377.46,Completed
3866,204,174,2024-01-16,4,1935.12,936.08,Completed
3867,255,111,2024-01-16,4,1938.68,1112.32,Completed
3868,7,148,2024-01-16,1,373.2,211.05,Processing
3869,144,182,2024-01-16,3,921.12,509.76,Processing
3870,104,206,2024-01-16,3,1233.09,771.09,Completed
3871,140,247,2024-01-16,2,447.12,182.74,Completed
3872,230,208,2024-01-16,1,107.57,43.82,Cancelled
3873,23,224,2024-01-16,5,1812.2,999.3,Shipped
3874,287,244,2024-01-17,4,861.28,537.64,Processing
3875,25,74,2024-01-17,3,822.78,509.28,Completed
3876,189,117,2024-01-17,4,1206.28,726.88,Completed
3877,192,169,2024-01-17,3,356.97,230.25,Processing
3878,277,38,2024-01-17,3,993.48,515.31,Processing
3879,178,105,2024-01-17,2,391.4,272.26,Completed
3880,191,120,2024-01-17,3,903.93,529.53,Processing
3881,76,209,2024-01-17,4,519.88,282.04,Processing
3882,209,93,2024-01-17,4,829.12,416.04,Completed
3883,130,227,2024-01-17,2,485.18,231.8,Completed
3884,184,166,2024-01-17,4,1629.08,782.04,Completed
3885,277,221,2024-01-17,2,674.22,469.5,Shipped
3886,176,130,2024-01-17,2,279.9,190.32,Completed
3887,277,162,2024-01-17,2,814.56,541.22,Shipped
3888,294,36,2024-01-17,2,226.76,154.84,Shipped
3889,203,21,2024-01-17,4,1420.96,587.92,Shipped
3890,257,140,2024-01-17,1,143.45,83.41,Completed
3891,295,2,2024-01-17,3,434.28,202.8,Shipped
3892,117,176,2024-01-18,3,1472.28,825.75,Completed
3893,167,188,2024-01-18,3,565.41,238.02,Completed
3894,203,134,2024-01-18,4,1238.88,862.48,Completed
3895,180,192,2024-01-18,4,646.2,337.64,Processing
3896,55,58,2024-01-18,4,1828.76,1209.08,Completed
3897,97,184,2024-01-18,1,134.81,82.59,Shipped
3898,259,205,2024-01-18,1,320.14,160.25,Completed
3899,37,178,2024-01-18,3,1456.5,660.63,Completed
3900,208,78,2024-01-18,2,138.58,64.78,Completed
3901,50,244,2024-01-18,2,430.64,268.82,Completed
3902,152,31,2024-01-19,2,989.74,585.92,Completed
3903,37,18,2024-01-19,3,586.44,331.71,Completed
3904,61,109,2024-01-19,3,846.99,521.34,Processing
3905,6,179,2024-01-19,5,2408.2,1155.05,Completed
3906,199,96,2024-01-19,2,433.44,209.6,Completed
3907,245,163,2024-01-20,5,110.75,68.75,Completed
3908,252,9,2024-01-20,4,472.08,272.28,Completed
3909,16,66,2024-01-20,4,642.72,268.24,Shipped
3910,197,193,2024-01-20,5,1035.9,506.25,Processing
3911,217,177,2024-01-20,5,2351.15,1021.8,Processing
3912,180,243,2024-01-20,4,1712.76,1175.0,Cancelled
3913,20,247,2024-01-21,4,894.24,365.48,Processing
3914,45,122,2024-01-21,3,798.48,543.3,Completed
3915,43,63,2024-01-21,1,10.28,5.11,Completed
3916,173,62,2024-01-21,5,1957.65,1094.55,Cancelled
3917,18,83,2024-01-21,3,1293.66,544.95,Completed
3918,111,158,2024-01-22,4,1569.04,1043.8,Completed
3919,66,152,2024-01-22,1,418.95,240.79,Shipped
3920,228,18,2024-01-22,5,977.4,552.85,Completed
3921,141,179,2024-01-22,5,2408.2,1155.05,Completed
3922,275,168,2024-01-22,1,437.36,287.6,Completed
3923,61,179,2024-01-22,5,2408.2,1155.05,Completed
3924,232,76,2024-01-22,2,995.24,592.14,Completed
3925,170,110,2024-01-22,1,85.85,41.98,Processing
3926,40,51,2024-01-22,4,62.52,38.52,Completed
3927,3,100,2024-01-22,2,999.3,650.36,Processing
3928,23,78,2024-01-22,2,138.58,64.78,Completed
3929,299,217,2024-01-22,4,384.72,264.44,Completed
3930,228,207,2024-01-22,1,339.67,158.76,Completed
3931,72,34,2024-01-22,5,611.15,250.35,Completed
3932,225,128,2024-01-22,3,1497.72,1046.64,Processing
3933,221,6,2024-01-22,5,585.65,323.05,Shipped
3934,189,163,2024-01-22,5,110.75,68.75,Completed
3935,243,9,2024-01-22,3,354.06,204.21,Completed
3936,217,18,2024-01-22,1,195.48,110.57,Completed
3937,244,103,2024-01-23,5,1239.8,575.4,Shipped
3938,71,31,2024-01-23,1,494.87,292.96,Completed
3939,293,48,2024-01-23,2,82.26,42.32,Completed
3940,280,96,2024-01-23,5,1083.6,524.0,Completed
3941,35,249,2024-01-23,2,416.24,187.1,Completed
3942,60,144,2024-01-23,1,424.59,181.59,Completed
3943,76,77,2024-01-23,2,449.34,249.5,Processing
3944,201,3,2024-01-23,3,1112.61,670.92,Completed
3945,7,29,2024-01-23,5,469.3,290.35,Processing
3946,300,136,2024-01-23,1,410.38,201.01,Completed
3947,71,82,2024-01-23,2,244.36,164.12,Shipped
3948,110,49,2024-01-23,4,1992.4,1113.24,Completed
3949,110,26,2024-01-23,2,382.78,177.18,Completed
3950,278,220,2024-01-23,1,233.67,149.65,Completed
3951,66,220,2024-01-23,5,1168.35,748.25,Completed
3952,35,123,2024-01-23,5,550.45,338.45,Cancelled
3953,290,43,2024-01-24,2,411.42,191.64,Processing
3954,212,215,2024-01-24,3,1133.91,715.5,Shipped
3955,135,105,2024-01-24,1,195.7,136.13,Processing
3956,22,223,2024-01-24,3,1340.4,782.52,Processing
3957,15,50,2024-01-24,3,1457.49,959.37,Completed
3958,116,192,2024-01-24,2,323.1,168.82,Completed
3959,261,228,2024-01-24,4,524.6,310.2,Processing
3960,124,154,2024-01-25,5,805.25,539.25,Completed
3961,39,111,2024-01-25,5,2423.35,1390.4,Completed
3962,34,144,2024-01-25,1,424.59,181.59,Processing
3963,75,198,2024-01-25,1,10.2,4.96,Completed
3964,202,72,2024-01-25,4,559.52,370.24,Processing
3965,175,78,2024-01-25,5,346.45,161.95,Processing
3966,158,219,2024-01-25,4,528.44,345.88,Completed
3967,198,194,2024-01-25,5,361.85,190.4,Processing
3968,294,36,2024-01-25,4,453.52,309.68,Completed
3969,251,250,2024-01-25,3,717.06,314.28,Completed
3970,129,162,2024-01-26,3,1221.84,811.83,Shipped
3971,148,153,2024-01-26,5,412.85,180.9,Completed
3972,166,233,2024-01-26,2,549.34,242.54,Completed
3973,179,249,2024-01-26,3,624.36,280.65,Completed
3974,172,133,2024-01-26,4,1674.16,1023.0,Completed
3975,218,172,2024-01-26,2,43.2,19.78,Processing
3976,72,206,2024-01-26,3,1233.09,771.09,Completed
3977,186,183,2024-01-27,5,993.75,569.4,Completed
3978,105,205,2024-01-27,4,1280.56,641.0,Completed
3979,89,31,2024-01-27,3,1484.61,878.88,Processing
3980,106,154,2024-01-27,3,483.15,323.55,Completed
3981,255,96,2024-01-27,2,433.44,209.6,Completed
3982,139,239,2024-01-27,5,1481.0,901.4,Completed
3983,175,38,2024-01-27,3,993.48,515.31,Processing
3984,64,248,2024-01-28,4,698.8,421.88,Shipped
3985,202,1,2024-01-28,1,323.32,131.75,Completed
3986,131,238,2024-01-28,4,863.48,579.8,Completed
3987,282,150,2024-01-28,3,140.61,93.51,Completed
3988,102,69,2024-01-29,1,43.91,27.58,Cancelled
3989,251,153,2024-01-29,1,82.57,36.18,Completed
3990,199,81,2024-01-29,1,44.79,26.4,Completed
3991,63,93,2024-01-29,1,207.28,104.01,Completed
3992,36,72,2024-01-29,1,139.88,92.56,Completed
3993,138,33,2024-01-29,1,423.0,267.67,Shipped
3994,217,53,2024-01-29,1,140.74,83.36,Shipped
3995,291,16,2024-01-29,1,405.49,250.97,Completed
3996,142,73,2024-01-29,4,869.36,403.0,Completed
3997,113,159,2024-01-29,5,1045.6,612.95,Completed
3998,137,238,2024-01-29,5,1079.35,724.75,Completed
3999,122,39,2024-01-29,1,458.13,246.32,Completed
4000,163,196,2024-01-29,2,904.74,528.96,Completed
4001,197,53,2024-01-29,5,703.7,416.8,Processing
4002,83,24,2024-01-29,5,297.45,143.8,Processing
4003,139,208,2024-01-29,4,430.28,175.28,Completed
4004,127,217,2024-01-29,4,384.72,264.44,Completed
4005,236,157,2024-01-29,2,264.54,113.98,Shipped
4006,144,28,2024-01-30,1,327.54,190.87,Completed
4007,158,112,2024-01-30,5,1378.4,860.65,Shipped
4008,198,115,2024-01-30,2,174.28,119.94,Completed
4009,42,105,2024-01-30,4,782.8,544.52,Completed
4010,197,218,2024-01-30,5,1319.0,547.45,Processing
4011,12,139,2024-01-30,3,187.35,106.02,Completed
4012,252,112,2024-01-30,5,1378.4,860.65,Completed
4013,11,128,2024-01-30,5,2496.2,1744.4,Processing
4014,227,156,2024-01-30,2,900.94,417.16,Completed
4015,40,154,2024-01-30,4,644.2,431.4,Completed
4016,207,54,2024-01-30,2,129.32,68.6,Completed
4017,208,71,2024-01-30,2,485.78,274.44,Processing
4018,195,154,2024-01-31,4,644.2,431.4,Cancelled
4019,289,63,2024-01-31,1,10.28,5.11,Completed
4020,12,100,2024-01-31,5,2498.25,1625.9,Completed
4021,196,6,2024-01-31,4,468.52,258.44,Completed
4022,229,233,2024-01-31,4,1098.68,485.08,Completed
4023,131,90,2024-01-31,2,435.1,235.0,Completed
4024,134,123,2024-01-31,2,220.18,135.38,Completed
4025,300,166,2024-01-31,5,2036.35,977.55,Completed
4026,101,217,2024-01-31,1,96.18,66.11,Cancelled
4027,187,13,2024-01-31,2,958.06,479.96,Completed
4028,82,24,2024-01-31,5,297.45,143.8,Processing
4029,26,65,2024-01-31,1,440.57,286.15,Completed
4030,232,39,2024-02-01,3,1374.39,738.96,Completed
4031,224,72,2024-02-01,2,279.76,185.12,Completed
4032,160,43,2024-02-01,5,1028.55,479.1,Completed
4033,48,159,2024-02-01,1,209.12,122.59,Completed
4034,91,74,2024-02-01,5,1371.3,848.8,Completed
4035,217,230,2024-02-01,2,634.22,305.94,Completed
4036,101,155,2024-02-01,1,400.1,263.35,Completed
4037,52,69,2024-02-01,2,87.82,55.16,Completed
4038,237,142,2024-02-01,3,962.34,461.16,Processing
4039,79,137,2024-02-01,2,670.12,456.8,Completed
4040,5,84,2024-02-01,2,253.24,152.12,Processing
4041,263,209,2024-02-01,1,129.97,70.51,Completed
4042,30,101,2024-02-01,2,969.62,657.32,Completed
4043,80,217,2024-02-02,2,192.36,132.22,Completed
4044,189,147,2024-02-02,3,966.57,462.6,Completed
4045,233,45,2024-02-02,1,54.55,22.59,Processing
4046,83,164,2024-02-02,5,863.85,586.75,Processing
4047,35,97,2024-02-02,2,264.82,179.28,Completed
4048,236,136,2024-02-02,4,1641.52,804.04,Processing
4049,203,141,2024-02-02,5,1808.15,833.7,Processing
4050,269,120,2024-02-02,5,1506.55,882.55,Completed
4051,296,184,2024-02-02,4,539.24,330.36,Processing
4052,269,240,2024-02-02,4,1719.2,1082.56,Completed
4053,256,33,2024-02-02,1,423.0,267.67,Completed
4054,189,216,2024-02-02,3,186.69,98.49,Completed
4055,212,98,2024-02-02,4,908.52,598.16,Completed
4056,13,81,2024-02-02,4,179.16,105.6,Completed
4057,9,56,2024-02-02,4,1756.68,841.48,Processing
4058,76,116,2024-02-02,5,246.25,112.25,Processing
4059,72,167,2024-02-02,3,1187.43,513.48,Completed
4060,73,5,2024-02-02,2,433.48,177.26,Shipped
4061,130,125,2024-02-02,4,1356.52,664.68,Completed
4062,239,96,2024-02-02,2,433.44,209.6,Completed
4063,27,63,2024-02-03,2,20.56,10.22,Shipped
4064,52,76,2024-02-03,3,1492.86,888.21,Completed
4065,239,233,2024-02-03,4,1098.68,485.08,Shipped
4066,222,20,2024-02-03,5,2161.2,1238.8,Completed
4067,263,142,2024-02-03,4,1283.12,614.88,Completed
4068,246,18,2024-02-04,3,586.44,331.71,Completed
4069,159,237,2024-02-04,5,1068.65,493.75,Completed
4070,52,38,2024-02-04,5,1655.8,858.85,Completed
4071,13,131,2024-02-04,2,883.24,586.28,Processing
4072,191,7,2024-02-04,4,92.0,42.28,Completed
4073,236,89,2024-02-04,5,287.5,152.2,Completed
4074,189,14,2024-02-04,5,277.25,118.95,Completed
4075,225,195,2024-02-04,4,1883.12,1135.88,Completed
4076,281,187,2024-02-05,5,1867.8,1122.9,Completed
4077,79,239,2024-02-05,4,1184.8,721.12,Completed
4078,226,188,2024-02-05,3,565.41,238.02,Completed
4079,101,24,2024-02-05,5,297.45,143.8,Completed
4080,202,57,2024-02-05,1,255.29,115.8,Completed
4081,7,245,2024-02-05,2,555.2,322.56,Completed
4082,214,205,2024-02-06,2,640.28,320.5,Completed
4083,291,66,2024-02-06,2,321.36,134.12,Completed
4084,34,42,2024-02-06,1,296.45,198.43,Completed
4085,248,202,2024-02-06,1,241.86,162.13,Completed
4086,85,237,2024-02-06,4,854.92,395.0,Completed
4087,236,208,2024-02-06,3,322.71,131.46,Processing
4088,191,218,2024-02-06,4,1055.2,437.96,Cancelled
4089,133,148,2024-02-06,5,1866.0,1055.25,Completed
4090,170,162,2024-02-06,3,1221.84,811.83,Completed
4091,267,175,2024-02-06,3,972.99,505.86,Shipped
4092,126,58,2024-02-06,1,457.19,302.27,Completed
4093,169,241,2024-02-07,5,981.95,394.5,Completed
4094,208,14,2024-02-07,5,277.25,118.95,Completed
4095,132,28,2024-02-07,2,655.08,381.74,Completed
4096,113,226,2024-02-07,2,899.26,560.32,Completed
4097,79,238,2024-02-07,1,215.87,144.95,Processing
4098,259,93,2024-02-07,4,829.12,416.04,Processing
4099,215,146,2024-02-07,3,35.22,22.23,Completed
4100,125,42,2024-02-07,5,1482.25,992.15,Completed
4101,34,199,2024-02-07,3,661.95,379.95,Shipped
4102,30,112,2024-02-07,4,1102.72,688.52,Shipped
4103,79,107,2024-02-07,4,931.8,490.96,Cancelled
4104,171,241,2024-02-07,3,589.17,236.7,Completed
4105,121,125,2024-02-07,4,1356.52,664.68,Shipped
4106,110,104,2024-02-08,4,826.04,344.96,Shipped
4107,147,63,2024-02-08,5,51.4,25.55,Shipped
4108,173,41,2024-02-08,5,1425.35,682.5,Completed
4109,193,219,2024-02-08,1,132.11,86.47,Completed
4110,43,204,2024-02-08,1,51.55,28.59,Completed
4111,220,127,2024-02-08,1,45.55,24.48,Shipped
4112,78,14,2024-02-08,1,55.45,23.79,Completed
4113,17,35,2024-02-08,3,493.71,237.15,Cancelled
4114,188,174,2024-02-08,3,1451.34,702.06,Processing
4115,45,11,2024-02-08,2,809.7,493.46,Shipped
4116,170,26,2024-02-08,1,191.39,88.59,Cancelled
4117,43,11,2024-02-08,5,2024.25,1233.65,Completed
4118,99,203,2024-02-08,2,800.1,360.78,Shipped
4119,252,28,2024-02-08,3,982.62,572.61,Completed
4120,270,19,2024-02-08,5,2082.05,1219.15,Completed
4121,34,119,2024-02-08,5,2231.2,1057.3,Shipped
4122,81,165,2024-02-08,5,2015.5,1328.65,Completed
4123,146,9,2024-02-09,4,472.08,272.28,Shipped
4124,84,178,2024-02-09,4,1942.0,880.84,Shipped
4125,184,244,2024-02-09,5,1076.6,672.05,Completed
4126,206,108,2024-02-09,2,958.18,669.42,Processing
4127,159,171,2024-02-09,3,1199.16,561.54,Completed
4128,237,39,2024-02-09,2,916.26,492.64,Completed
4129,31,151,2024-02-09,1,452.93,255.31,Completed
4130,230,33,2024-02-09,2,846.0,535.34,Processing
4131,145,198,2024-02-09,3,30.6,14.88,Processing
4132,297,62,2024-02-09,4,1566.12,875.64,Completed
4133,63,239,2024-02-09,5,1481.0,901.4,Processing
4134,155,240,2024-02-09,2,859.6,541.28,Shipped
4135,18,94,2024-02-10,2,864.44,410.26,Completed
4136,177,17,2024-02-10,1,272.75,188.73,Completed
4137,130,100,2024-02-10,2,999.3,650.36,Shipped
4138,238,169,2024-02-10,4,475.96,307.0,Processing
4139,166,116,2024-02-10,2,98.5,44.9,Shipped
4140,217,169,2024-02-10,3,356.97,230.25,Cancelled
4141,291,223,2024-02-10,2,893.6,521.68,Completed
4142,85,245,2024-02-11,3,832.8,483.84,Completed
4143,250,225,2024-02-11,3,1250.94,705.99,Completed
4144,72,62,2024-02-11,5,1957.65,1094.55,Processing
4145,143,233,2024-02-11,2,549.34,242.54,Processing
4146,214,10,2024-02-11,1,406.62,163.44,Processing
4147,176,205,2024-02-11,5,1600.7,801.25,Completed
4148,2,27,2024-02-11,4,563.28,383.6,Processing
4149,257,52,2024-02-11,2,688.08,386.08,Completed
4150,272,101,2024-02-12,5,2424.05,1643.3,Cancelled
4151,101,112,2024-02-12,1,275.68,172.13,Completed
4152,281,75,2024-02-12,5,542.8,267.9,Cancelled
4153,234,12,2024-02-12,3,530.16,236.79,Completed
4154,209,151,2024-02-12,1,452.93,255.31,Completed
4155,214,238,2024-02-12,4,863.48,579.8,Shipped
4156,293,60,2024-02-12,3,925.2,412.5,Shipped
4157,115,116,2024-02-12,3,147.75,67.35,Completed
4158,20,210,2024-02-12,2,852.74,359.72,Processing
4159,297,66,2024-02-12,4,642.72,268.24,Completed
4160,272,59,2024-02-12,1,156.24,92.44,Completed
4161,231,62,2024-02-12,4,1566.12,875.64,Completed
4162,25,246,2024-02-12,1,118.06,55.0,Shipped
4163,275,209,2024-02-13,5,649.85,352.55,Shipped
4164,9,129,2024-02-13,3,137.7,63.9,Processing
4165,27,128,2024-02-13,5,2496.2,1744.4,Completed
4166,283,74,2024-02-13,1,274.26,169.76,Shipped
4167,200,144,2024-02-13,3,1273.77,544.77,Completed
4168,103,4,2024-02-13,4,1788.68,762.12,Completed
4169,126,243,2024-02-13,4,1712.76,1175.0,Completed
4170,67,239,2024-02-13,3,888.6,540.84,Completed
4171,150,172,2024-02-13,3,64.8,29.67,Completed
4172,219,53,2024-02-13,2,281.48,166.72,Completed
4173,148,80,2024-02-13,5,613.8,286.05,Processing
4174,36,20,2024-02-13,2,864.48,495.52,Shipped
4175,2,245,2024-02-13,2,555.2,322.56,Completed
4176,92,30,2024-02-14,4,360.28,185.12,Completed
4177,257,197,2024-02-14,5,787.35,444.35,Completed
4178,63,124,2024-02-14,5,634.8,329.3,Completed
4179,43,92,2024-02-14,1,492.24,211.43,Completed
4180,199,207,2024-02-14,2,679.34,317.52,Completed
4181,129,186,2024-02-14,1,273.84,168.64,Shipped
4182,45,17,2024-02-14,2,545.5,377.46,Completed
4183,83,134,2024-02-14,5,1548.6,1078.1,Completed
4184,180,8,2024-02-14,3,985.32,555.21,Shipped
4185,222,27,2024-02-14,5,704.1,479.5,Processing
4186,207,55,2024-02-14,2,464.64,318.82,Completed
4187,248,199,2024-02-14,5,1103.25,633.25,Processing
4188,35,250,2024-02-14,2,478.04,209.52,Shipped
4189,286,198,2024-02-15,4,40.8,19.84,Completed
4190,189,51,2024-02-15,1,15.63,9.63,Completed
4191,97,1,2024-02-15,5,1616.6,658.75,Completed
4192,191,167,2024-02-15,3,1187.43,513.48,Completed
4193,4,249,2024-02-15,3,624.36,280.65,Shipped
4194,44,35,2024-02-15,1,164.57,79.05,Completed
4195,288,197,2024-02-15,1,157.47,88.87,Completed
4196,243,127,2024-02-15,5,227.75,122.4,Cancelled
4197,175,31,2024-02-15,5,2474.35,1464.8,Shipped
4198,163,63,2024-02-15,3,30.84,15.33,Completed
4199,218,76,2024-02-15,1,497.62,296.07,Shipped
4200,29,241,2024-02-15,3,589.17,236.7,Processing
4201,71,179,2024-02-15,3,1444.92,693.03,Shipped
4202,79,72,2024-02-15,3,419.64,277.68,Shipped
4203,39,250,2024-02-15,5,1195.1,523.8,Completed
4204,256,79,2024-02-15,3,526.98,303.81,Completed
4205,14,73,2024-02-15,3,652.02,302.25,Completed
4206,48,223,2024-02-15,2,893.6,521.68,Shipped
4207,52,93,2024-02-15,1,207.28,104.01,Completed
4208,136,197,2024-02-15,3,472.41,266.61,Completed
4209,94,148,2024-02-16,2,746.4,422.1,Completed
4210,41,60,2024-02-16,1,308.4,137.5,Completed
4211,282,194,2024-02-16,5,361.85,190.4,Shipped
4212,41,208,2024-02-16,5,537.85,219.1,Shipped
4213,280,77,2024-02-16,5,1123.35,623.75,Processing
4214,52,230,2024-02-16,4,1268.44,611.88,Processing
4215,21,80,2024-02-16,4,491.04,228.84,Completed
4216,171,69,2024-02-16,1,43.91,27.58,Completed
4217,3,28,2024-02-17,4,1310.16,763.48,Completed
4218,185,104,2024-02-17,5,1032.55,431.2,Completed
4219,288,230,2024-02-18,2,634.22,305.94,Completed
4220,87,48,2024-02-18,5,205.65,105.8,Processing
4221,54,162,2024-02-18,1,407.28,270.61,Completed
4222,87,189,2024-02-19,5,1677.4,837.1,Completed
4223,209,2,2024-02-19,5,723.8,338.0,Shipped
4224,296,204,2024-02-19,2,103.1,57.18,Completed
4225,122,16,2024-02-19,4,1621.96,1003.88,Completed
4226,199,50,2024-02-19,5,2429.15,1598.95,Completed
4227,70,104,2024-02-19,5,1032.55,431.2,Completed
4228,297,74,2024-02-19,3,822.78,509.28,Completed
4229,64,181,2024-02-19,4,1467.96,725.32,Completed
4230,255,1,2024-02-19,1,323.32,131.75,Completed
4231,130,177,2024-02-20,2,940.46,408.72,Completed
4232,298,31,2024-02-20,2,989.74,585.92,Completed
4233,21,60,2024-02-20,2,616.8,275.0,Processing
4234,37,176,2024-02-20,4,1963.04,1101.0,Completed
4235,112,71,2024-02-20,1,242.89,137.22,Completed
4236,108,184,2024-02-20,1,134.81,82.59,Shipped
4237,8,106,2024-02-20,1,139.95,88.9,Completed
4238,229,37,2024-02-20,2,878.84,434.5,Processing
4239,64,223,2024-02-20,3,1340.4,782.52,Completed
4240,211,97,2024-02-20,5,662.05,448.2,Processing
4241,228,170,2024-02-20,2,471.1,231.58,Shipped
4242,106,100,2024-02-21,3,1498.95,975.54,Completed
4243,125,126,2024-02-21,4,659.72,412.68,Shipped
4244,224,13,2024-02-21,3,1437.09,719.94,Completed
4245,238,41,2024-02-21,1,285.07,136.5,Processing
4246,31,192,2024-02-21,4,646.2,337.64,Completed
4247,105,106,2024-02-21,1,139.95,88.9,Shipped
4248,73,73,2024-02-21,3,652.02,302.25,Completed
4249,8,122,2024-02-21,5,1330.8,905.5,Completed
4250,233,90,2024-02-21,3,652.65,352.5,Processing
4251,103,177,2024-02-22,3,1410.69,613.08,Shipped
4252,200,70,2024-02-22,2,770.52,337.88,Completed
4253,225,232,2024-02-22,2,286.28,141.96,Completed
4254,121,166,2024-02-22,4,1629.08,782.04,Completed
4255,283,131,2024-02-22,2,883.24,586.28,Completed
4256,190,134,2024-02-22,3,929.16,646.86,Processing
4257,140,221,2024-02-22,5,1685.55,1173.75,Processing
4258,207,6,2024-02-22,1,117.13,64.61,Completed
4259,55,62,2024-02-22,3,1174.59,656.73,Completed
4260,126,194,2024-02-22,5,361.85,190.4,Shipped
4261,295,205,2024-02-22,5,1600.7,801.25,Shipped
4262,255,136,2024-02-22,1,410.38,201.01,Completed
4263,11,84,2024-02-22,5,633.1,380.3,Completed
4264,175,1,2024-02-22,4,1293.28,527.0,Completed
4265,56,188,2024-02-22,3,565.41,238.02,Processing
4266,218,65,2024-02-22,3,1321.71,858.45,Completed
4267,206,172,2024-02-22,5,108.0,49.45,Completed
4268,183,25,2024-02-22,4,1285.96,655.12,Completed
4269,101,228,2024-02-22,2,262.3,155.1,Completed
4270,183,121,2024-02-23,2,430.84,247.78,Completed
4271,253,59,2024-02-23,4,624.96,369.76,Cancelled
4272,9,177,2024-02-23,1,470.23,204.36,Completed
4273,71,60,2024-02-23,4,1233.6,550.0,Shipped
4274,105,120,2024-02-23,4,1205.24,706.04,Completed
4275,38,27,2024-02-23,5,704.1,479.5,Completed
4276,70,57,2024-02-23,2,510.58,231.6,Completed
4277,50,10,2024-02-23,3,1219.86,490.32,Completed
4278,210,31,2024-02-23,3,1484.61,878.88,Processing
4279,231,229,2024-02-23,2,770.5,428.7,Completed
4280,122,157,2024-02-23,1,132.27,56.99,Completed
4281,129,203,2024-02-23,5,2000.25,901.95,Completed
4282,124,12,2024-02-23,4,706.88,315.72,Processing
4283,278,43,2024-02-23,1,205.71,95.82,Shipped
4284,251,210,2024-02-23,2,852.74,359.72,Processing
4285,52,23,2024-02-24,5,245.5,115.35,Completed
4286,295,72,2024-02-24,1,139.88,92.56,Completed
4287,179,240,2024-02-24,3,1289.4,811.92,Processing
4288,285,179,2024-02-24,2,963.28,462.02,Completed
4289,293,6,2024-02-25,3,351.39,193.83,Completed
4290,81,60,2024-02-25,1,308.4,137.5,Processing
4291,108,51,2024-02-26,2,31.26,19.26,Completed
4292,32,170,2024-02-26,4,942.2,463.16,Completed
4293,69,9,2024-02-26,1,118.02,68.07,Processing
4294,105,94,2024-02-26,3,1296.66,615.39,Shipped
4295,222,40,2024-02-26,1,139.79,66.26,Shipped
4296,82,122,2024-02-26,4,1064.64,724.4,Completed
4297,192,9,2024-02-26,5,590.1,340.35,Completed
4298,216,28,2024-02-26,1,327.54,190.87,Processing
4299,109,19,2024-02-26,2,832.82,487.66,Completed
4300,223,59,2024-02-26,2,312.48,184.88,Completed
4301,267,183,2024-02-26,5,993.75,569.4,Shipped
4302,232,41,2024-02-27,5,1425.35,682.5,Completed
4303,291,56,2024-02-27,4,1756.68,841.48,Completed
4304,228,72,2024-02-27,3,419.64,277.68,Completed
4305,110,238,2024-02-27,1,215.87,144.95,Completed
4306,152,97,2024-02-27,5,662.05,448.2,Completed
4307,47,224,2024-02-27,5,1812.2,999.3,Completed
4308,65,231,2024-02-27,1,47.97,23.3,Completed
4309,274,244,2024-02-27,1,215.32,134.41,Completed
4310,203,233,2024-02-27,5,1373.35,606.35,Processing
4311,70,14,2024-02-27,5,277.25,118.95,Completed
4312,119,205,2024-02-27,2,640.28,320.5,Completed
4313,26,131,2024-02-27,5,2208.1,1465.7,Completed
4314,38,62,2024-02-27,5,1957.65,1094.55,Completed
4315,174,135,2024-02-27,5,1652.25,664.8,Completed
4316,134,86,2024-02-27,5,2342.0,1338.0,Completed
4317,23,110,2024-02-28,4,343.4,167.92,Shipped
4318,106,36,2024-02-28,2,226.76,154.84,Processing
4319,46,133,2024-02-28,2,837.08,511.5,Processing
4320,37,109,2024-02-28,5,1411.65,868.9,Completed
4321,165,118,2024-02-28,2,250.5,109.2,Processing
4322,173,8,2024-02-28,1,328.44,185.07,Processing
4323,14,199,2024-02-28,1,220.65,126.65,Shipped
4324,16,22,2024-02-28,3,365.01,177.69,Completed
4325,300,21,2024-02-28,1,355.24,146.98,Processing
4326,247,244,2024-02-28,1,215.32,134.41,Completed
4327,30,202,2024-02-29,5,1209.3,810.65,Completed
4328,77,91,2024-02-29,3,1101.75,663.27,Completed
4329,59,204,2024-02-29,5,257.75,142.95,Processing
4330,150,67,2024-02-29,2,880.44,602.3,Completed
4331,76,154,2024-02-29,5,805.25,539.25,Completed
4332,148,126,2024-02-29,5,824.65,515.85,Shipped
4333,40,39,2024-02-29,2,916.26,492.64,Shipped
4334,148,129,2024-02-29,5,229.5,106.5,Processing
4335,161,98,2024-02-29,4,908.52,598.16,Completed
4336,223,120,2024-02-29,1,301.31,176.51,Completed
4337,26,1,2024-02-29,3,969.96,395.25,Shipped
4338,194,89,2024-02-29,3,172.5,91.32,Completed
4339,265,71,2024-02-29,5,1214.45,686.1,Completed
4340,194,145,2024-02-29,1,217.55,105.08,Completed
4341,77,205,2024-02-29,3,960.42,480.75,Completed
4342,165,95,2024-02-29,1,103.2,55.17,Completed
4343,296,97,2024-03-01,1,132.41,89.64,Completed
4344,21,161,2024-03-01,4,1734.64,1201.88,Completed
4345,107,62,2024-03-01,4,1566.12,875.64,Processing
4346,286,118,2024-03-01,5,626.25,273.0,Completed
4347,9,198,2024-03-01,5,51.0,24.8,Processing
4348,270,48,2024-03-01,2,82.26,42.32,Completed
4349,138,206,2024-03-01,1,411.03,257.03,Shipped
4350,201,65,2024-03-01,5,2202.85,1430.75,Completed
4351,285,235,2024-03-01,5,1780.75,746.6,Processing
4352,134,161,2024-03-01,3,1300.98,901.41,Cancelled
4353,91,141,2024-03-02,4,1446.52,666.96,Completed
4354,128,133,2024-03-02,2,837.08,511.5,Completed
4355,97,136,2024-03-02,1,410.38,201.01,Completed
4356,125,40,2024-03-02,1,139.79,66.26,Completed
4357,205,159,2024-03-02,3,627.36,367.77,Processing
4358,268,147,2024-03-02,3,966.57,462.6,Completed
4359,82,6,2024-03-02,2,234.26,129.22,Shipped
4360,67,95,2024-03-03,5,516.0,275.85,Completed
4361,54,80,2024-03-03,3,368.28,171.63,Completed
4362,21,211,2024-03-03,4,852.32,501.96,Completed
4363,200,41,2024-03-03,3,855.21,409.5,Shipped
4364,192,194,2024-03-03,3,217.11,114.24,Shipped
4365,22,48,2024-03-03,4,164.52,84.64,Processing
4366,189,88,2024-03-03,5,2028.35,927.2,Processing
4367,151,50,2024-03-03,1,485.83,319.79,Processing
4368,194,79,2024-03-04,4,702.64,405.08,Processing
4369,149,132,2024-03-04,5,955.35,427.35,Cancelled
4370,272,130,2024-03-04,1,139.95,95.16,Processing
4371,56,95,2024-03-04,2,206.4,110.34,Completed
4372,257,133,2024-03-04,2,837.08,511.5,Shipped
4373,142,85,2024-03-04,2,229.96,101.12,Completed
4374,32,173,2024-03-04,3,512.55,337.92,Completed
4375,30,219,2024-03-04,3,396.33,259.41,Completed
4376,111,54,2024-03-04,3,193.98,102.9,Completed
4377,270,66,2024-03-04,5,803.4,335.3,Completed
4378,63,102,2024-03-04,2,851.72,383.18,Shipped
4379,53,24,2024-03-04,1,59.49,28.76,Processing
4380,233,135,2024-03-04,4,1321.8,531.84,Processing
4381,64,140,2024-03-04,1,143.45,83.41,Processing
4382,102,62,2024-03-04,5,1957.65,1094.55,Completed
4383,102,127,2024-03-04,2,91.1,48.96,Completed
4384,166,58,2024-03-04,1,457.19,302.27,Shipped
4385,18,186,2024-03-04,1,273.84,168.64,Cancelled
4386,259,128,2024-03-04,3,1497.72,1046.64,Cancelled
4387,49,119,2024-03-04,5,2231.2,1057.3,Shipped
4388,6,234,2024-03-05,2,246.64,150.0,Completed
4389,14,208,2024-03-05,1,107.57,43.82,Completed
4390,172,200,2024-03-05,4,1323.24,713.88,Completed
4391,66,215,2024-03-05,5,1889.85,1192.5,Completed
4392,7,63,2024-03-05,4,41.12,20.44,Completed
4393,136,187,2024-03-06,3,1120.68,673.74,Shipped
4394,62,246,2024-03-06,4,472.24,220.0,Shipped
4395,110,101,2024-03-06,3,1454.43,985.98,Processing
4396,178,35,2024-03-06,1,164.57,79.05,Completed
4397,37,207,2024-03-06,1,339.67,158.76,Shipped
4398,295,74,2024-03-06,1,274.26,169.76,Completed
4399,116,60,2024-03-06,4,1233.6,550.0,Completed
4400,176,215,2024-03-06,1,377.97,238.5,Completed
4401,209,50,2024-03-06,2,971.66,639.58,Shipped
4402,81,242,2024-03-06,2,364.72,228.34,Processing
4403,259,38,2024-03-06,1,331.16,171.77,Completed
4404,141,86,2024-03-06,3,1405.2,802.8,Completed
4405,48,66,2024-03-06,1,160.68,67.06,Processing
4406,151,34,2024-03-06,5,611.15,250.35,Completed
4407,22,213,2024-03-06,3,756.72,358.08,Processing
4408,173,61,2024-03-06,4,1534.52,862.12,Shipped
4409,220,112,2024-03-06,1,275.68,172.13,Completed
4410,50,30,2024-03-06,2,180.14,92.56,Completed
4411,10,241,2024-03-06,1,196.39,78.9,Shipped
4412,29,134,2024-03-06,2,619.44,431.24,Completed
4413,46,210,2024-03-07,1,426.37,179.86,Completed
4414,234,19,2024-03-07,3,1249.23,731.49,Shipped
4415,109,26,2024-03-07,2,382.78,177.18,Processing
4416,131,230,2024-03-07,3,951.33,458.91,Completed
4417,221,131,2024-03-07,5,2208.1,1465.7,Completed
4418,293,28,2024-03-07,4,1310.16,763.48,Processing
4419,249,109,2024-03-07,5,1411.65,868.9,Processing
4420,74,160,2024-03-07,2,171.46,116.42,Cancelled
4421,136,75,2024-03-07,1,108.56,53.58,Completed
4422,156,230,2024-03-07,5,1585.55,764.85,Completed
4423,271,115,2024-03-07,2,174.28,119.94,Completed
4424,122,123,2024-03-07,5,550.45,338.45,Processing
4425,271,35,2024-03-07,4,658.28,316.2,Completed
4426,120,166,2024-03-07,3,1221.81,586.53,Processing
4427,64,14,2024-03-07,1,55.45,23.79,Processing
4428,232,177,2024-03-07,1,470.23,204.36,Processing
4429,25,130,2024-03-07,3,419.85,285.48,Cancelled
4430,149,74,2024-03-08,5,1371.3,848.8,Completed
4431,9,183,2024-03-08,4,795.0,455.52,Cancelled
4432,299,207,2024-03-08,2,679.34,317.52,Completed
4433,294,160,2024-03-08,4,342.92,232.84,Processing
4434,294,207,2024-03-08,4,1358.68,635.04,Shipped
4435,152,213,2024-03-08,5,1261.2,596.8,Processing
4436,234,23,2024-03-08,5,245.5,115.35,Completed
4437,188,149,2024-03-09,4,878.28,353.84,Processing
4438,292,64,2024-03-09,2,39.08,26.52,Completed
4439,53,76,2024-03-09,1,497.62,296.07,Processing
4440,159,146,2024-03-09,5,58.7,37.05,Processing
4441,100,245,2024-03-09,2,555.2,322.56,Shipped
4442,56,48,2024-03-09,2,82.26,42.32,Completed
4443,221,104,2024-03-10,5,1032.55,431.2,Completed
4444,29,105,2024-03-10,5,978.5,680.65,Processing
4445,286,122,2024-03-10,2,532.32,362.2,Completed
4446,235,196,2024-03-11,4,1809.48,1057.92,Cancelled
4447,16,165,2024-03-11,4,1612.4,1062.92,Completed
4448,111,80,2024-03-11,5,613.8,286.05,Shipped
4449,117,134,2024-03-11,5,1548.6,1078.1,Completed
4450,186,167,2024-03-11,2,791.62,342.32,Shipped
4451,267,36,2024-03-11,5,566.9,387.1,Processing
4452,146,212,2024-03-11,1,105.27,64.1,Shipped
4453,209,228,2024-03-11,1,131.15,77.55,Cancelled
4454,175,8,2024-03-12,5,1642.2,925.35,Shipped
4455,76,104,2024-03-12,5,1032.55,431.2,Processing
4456,279,174,2024-03-12,2,967.56,468.04,Completed
4457,137,24,2024-03-12,5,297.45,143.8,Completed
4458,194,89,2024-03-12,4,230.0,121.76,Processing
4459,111,4,2024-03-12,5,2235.85,952.65,Completed
4460,219,26,2024-03-12,2,382.78,177.18,Processing
4461,271,81,2024-03-12,5,223.95,132.0,Completed
4462,62,65,2024-03-12,2,881.14,572.3,Processing
4463,205,139,2024-03-12,2,124.9,70.68,Completed
4464,160,218,2024-03-12,5,1319.0,547.45,Completed
4465,21,219,2024-03-12,1,132.11,86.47,Shipped
4466,85,123,2024-03-12,2,220.18,135.38,Completed
4467,264,112,2024-03-12,5,1378.4,860.65,Completed
4468,200,17,2024-03-12,1,272.75,188.73,Completed
4469,199,129,2024-03-12,2,91.8,42.6,Completed
4470,99,209,2024-03-12,5,649.85,352.55,Completed
4471,14,13,2024-03-12,1,479.03,239.98,Completed
4472,143,21,2024-03-13,3,1065.72,440.94,Processing
4473,38,220,2024-03-13,3,701.01,448.95,Completed
4474,209,199,2024-03-13,2,441.3,253.3,Shipped
4475,268,51,2024-03-13,5,78.15,48.15,Shipped
4476,211,161,2024-03-13,2,867.32,600.94,Completed
4477,189,57,2024-03-13,3,765.87,347.4,Completed
4478,226,114,2024-03-14,5,1282.0,840.75,Completed
4479,84,15,2024-03-14,4,1701.08,988.52,Shipped
4480,207,196,2024-03-14,4,1809.48,1057.92,Processing
4481,71,89,2024-03-14,1,57.5,30.44,Completed
4482,48,191,2024-03-14,4,1450.72,711.0,Processing
4483,243,237,2024-03-14,4,854.92,395.0,Shipped
4484,83,145,2024-03-14,5,1087.75,525.4,Completed
4485,135,6,2024-03-14,4,468.52,258.44,Shipped
4486,274,68,2024-03-14,1,51.97,28.37,Cancelled
4487,102,52,2024-03-14,4,1376.16,772.16,Completed
4488,68,245,2024-03-14,3,832.8,483.84,Completed
4489,88,52,2024-03-14,3,1032.12,579.12,Shipped
4490,206,28,2024-03-14,4,1310.16,763.48,Completed
4491,41,119,2024-03-14,1,446.24,211.46,Completed
4492,85,174,2024-03-14,1,483.78,234.02,Completed
4493,84,1,2024-03-14,4,1293.28,527.0,Completed
4494,217,61,2024-03-14,5,1918.15,1077.65,Cancelled
4495,163,34,2024-03-14,4,488.92,200.28,Completed
4496,294,250,2024-03-14,3,717.06,314.28,Completed
4497,98,56,2024-03-14,4,1756.68,841.48,Completed
4498,158,68,2024-03-15,5,259.85,141.85,Completed
4499,87,222,2024-03-15,5,1508.85,1033.6,Completed
4500,73,222,2024-03-15,4,1207.08,826.88,Completed
4501,23,250,2024-03-15,1,239.02,104.76,Completed
4502,146,14,2024-03-15,2,110.9,47.58,Completed
4503,129,213,2024-03-15,1,252.24,119.36,Completed
4504,274,28,2024-03-15,2,655.08,381.74,Shipped
4505,256,171,2024-03-15,5,1998.6,935.9,Completed
4506,96,20,2024-03-15,1,432.24,247.76,Shipped
4507,48,225,2024-03-15,4,1667.92,941.32,Shipped
4508,275,212,2024-03-15,2,210.54,128.2,Completed
4509,100,67,2024-03-15,5,2201.1,1505.75,Shipped
4510,215,44,2024-03-15,5,2493.95,1378.8,Completed
4511,252,201,2024-03-15,5,1133.3,526.0,Completed
4512,219,222,2024-03-16,2,603.54,413.44,Shipped
4513,277,63,2024-03-16,1,10.28,5.11,Shipped
4514,91,140,2024-03-16,3,430.35,250.23,Completed
4515,174,59,2024-03-16,5,781.2,462.2,Processing
4516,12,127,2024-03-16,5,227.75,122.4,Completed
4517,220,104,2024-03-16,1,206.51,86.24,Completed
4518,32,104,2024-03-16,4,826.04,344.96,Completed
4519,208,133,2024-03-16,2,837.08,511.5,Shipped
4520,187,196,2024-03-17,1,452.37,264.48,Completed
4521,74,22,2024-03-17,2,243.34,118.46,Completed
4522,168,173,2024-03-18,2,341.7,225.28,Completed
4523,202,174,2024-03-18,3,1451.34,702.06,Completed
4524,172,139,2024-03-18,4,249.8,141.36,Shipped
4525,136,104,2024-03-18,5,1032.55,431.2,Completed
4526,38,134,2024-03-18,2,619.44,431.24,Completed
4527,293,36,2024-03-18,3,340.14,232.26,Completed
4528,234,194,2024-03-18,5,361.85,190.4,Cancelled
4529,286,152,2024-03-18,5,2094.75,1203.95,Processing
4530,138,61,2024-03-18,4,1534.52,862.12,Processing
4531,278,74,2024-03-18,5,1371.3,848.8,Shipped
4532,82,33,2024-03-18,1,423.0,267.67,Shipped
4533,18,244,2024-03-18,5,1076.6,672.05,Processing
4534,118,170,2024-03-18,5,1177.75,578.95,Completed
4535,129,130,2024-03-18,3,419.85,285.48,Processing
4536,153,226,2024-03-18,5,2248.15,1400.8,Completed
4537,263,142,2024-03-18,1,320.78,153.72,Processing
4538,178,116,2024-03-19,5,246.25,112.25,Completed
4539,19,178,2024-03-19,4,1942.0,880.84,Completed
4540,92,61,2024-03-19,5,1918.15,1077.65,Completed
4541,200,123,2024-03-19,2,220.18,135.38,Completed
4542,96,7,2024-03-19,5,115.0,52.85,Completed
4543,195,200,2024-03-19,1,330.81,178.47,Cancelled
4544,33,185,2024-03-19,4,43.32,29.36,Completed
4545,273,127,2024-03-19,4,182.2,97.92,Completed
4546,295,235,2024-03-19,4,1424.6,597.28,Completed
4547,79,215,2024-03-19,2,755.94,477.0,Completed
4548,296,51,2024-03-19,4,62.52,38.52,Cancelled
4549,20,203,2024-03-19,5,2000.25,901.95,Completed
4550,269,1,2024-03-19,4,1293.28,527.0,Processing
4551,122,95,2024-03-19,1,103.2,55.17,Processing
4552,185,194,2024-03-20,4,289.48,152.32,Completed
4553,170,176,2024-03-20,4,1963.04,1101.0,Completed
4554,16,173,2024-03-20,1,170.85,112.64,Completed
4555,278,46,2024-03-20,3,191.19,112.47,Shipped
4556,138,65,2024-03-20,2,881.14,572.3,Shipped
4557,236,152,2024-03-21,4,1675.8,963.16,Completed
4558,181,212,2024-03-21,5,526.35,320.5,Completed
4559,127,163,2024-03-21,2,44.3,27.5,Processing
4560,295,217,2024-03-21,3,288.54,198.33,Processing
4561,114,222,2024-03-21,2,603.54,413.44,Completed
4562,294,240,2024-03-21,1,429.8,270.64,Completed
4563,85,67,2024-03-21,1,440.22,301.15,Processing
4564,168,48,2024-03-21,5,205.65,105.8,Processing
4565,248,46,2024-03-21,3,191.19,112.47,Completed
4566,295,44,2024-03-21,4,1995.16,1103.04,Shipped
4567,114,223,2024-03-21,2,893.6,521.68,Completed
4568,190,27,2024-03-21,2,281.64,191.8,Shipped
4569,259,28,2024-03-21,5,1637.7,954.35,Processing
4570,190,94,2024-03-21,1,432.22,205.13,Cancelled
4571,251,133,2024-03-21,3,1255.62,767.25,Cancelled
4572,287,84,2024-03-21,1,126.62,76.06,Processing
4573,250,198,2024-03-21,3,30.6,14.88,Shipped
4574,4,50,2024-03-22,3,1457.49,959.37,Processing
4575,62,225,2024-03-22,5,2084.9,1176.65,Shipped
4576,39,238,2024-03-22,1,215.87,144.95,Shipped
4577,248,43,2024-03-22,1,205.71,95.82,Completed
4578,171,149,2024-03-22,2,439.14,176.92,Completed
4579,20,23,2024-03-22,3,147.3,69.21,Completed
4580,158,23,2024-03-22,3,147.3,69.21,Completed
4581,56,84,2024-03-22,3,379.86,228.18,Completed
4582,111,187,2024-03-22,2,747.12,449.16,Completed
4583,110,210,2024-03-22,4,1705.48,719.44,Completed
4584,269,25,2024-03-22,2,642.98,327.56,Processing
4585,230,218,2024-03-22,3,791.4,328.47,Completed
4586,137,244,2024-03-23,2,430.64,268.82,Processing
4587,56,73,2024-03-23,1,217.34,100.75,Completed
4588,182,46,2024-03-23,4,254.92,149.96,Completed
4589,271,243,2024-03-23,1,428.19,293.75,Processing
4590,269,122,2024-03-23,5,1330.8,905.5,Completed
4591,68,194,2024-03-23,4,289.48,152.32,Completed
4592,67,61,2024-03-24,5,1918.15,1077.65,Completed
4593,179,103,2024-03-24,2,495.92,230.16,Shipped
4594,170,143,2024-03-24,4,997.52,669.92,Completed
4595,167,222,2024-03-24,5,1508.85,1033.6,Completed
4596,276,114,2024-03-25,3,769.2,504.45,Completed
4597,86,36,2024-03-25,4,453.52,309.68,Processing
4598,262,87,2024-03-25,3,724.83,460.56,Completed
4599,174,188,2024-03-25,5,942.35,396.7,Completed
4600,187,204,2024-03-25,3,154.65,85.77,Processing
4601,148,46,2024-03-25,5,318.65,187.45,Completed
4602,61,248,2024-03-25,1,174.7,105.47,Shipped
4603,220,86,2024-03-25,1,468.4,267.6,Completed
4604,4,226,2024-03-25,1,449.63,280.16,Completed
4605,158,96,2024-03-25,2,433.44,209.6,Completed
4606,119,19,2024-03-25,2,832.82,487.66,Completed
4607,60,205,2024-03-25,3,960.42,480.75,Shipped
4608,36,54,2024-03-25,1,64.66,34.3,Completed
4609,247,9,2024-03-25,5,590.1,340.35,Completed
4610,218,143,2024-03-25,2,498.76,334.96,Processing
4611,146,78,2024-03-25,3,207.87,97.17,Shipped
4612,269,158,2024-03-25,4,1569.04,1043.8,Completed
4613,252,37,2024-03-25,4,1757.68,869.0,Cancelled
4614,114,109,2024-03-25,4,1129.32,695.12,Shipped
4615,150,165,2024-03-26,4,1612.4,1062.92,Completed
4616,4,34,2024-03-26,3,366.69,150.21,Shipped
4617,86,236,2024-03-26,3,629.16,354.09,Completed
4618,36,135,2024-03-26,2,660.9,265.92,Shipped
4619,89,182,2024-03-26,5,1535.2,849.6,Shipped
4620,55,189,2024-03-26,2,670.96,334.84,Completed
4621,33,33,2024-03-26,2,846.0,535.34,Processing
4622,4,161,2024-03-26,3,1300.98,901.41,Processing
4623,31,97,2024-03-26,1,132.41,89.64,Shipped
4624,267,63,2024-03-26,4,41.12,20.44,Completed
4625,82,53,2024-03-26,5,703.7,416.8,Completed
4626,13,137,2024-03-26,2,670.12,456.8,Processing
4627,207,133,2024-03-26,1,418.54,255.75,Processing
4628,91,202,2024-03-26,2,483.72,324.26,Shipped
4629,246,119,2024-03-26,3,1338.72,634.38,Completed
4630,186,144,2024-03-26,3,1273.77,544.77,Completed
4631,195,40,2024-03-26,5,698.95,331.3,Shipped
4632,167,37,2024-03-26,5,2197.1,1086.25,Completed
4633,233,98,2024-03-26,5,1135.65,747.7,Completed
4634,201,14,2024-03-27,5,277.25,118.95,Shipped
4635,226,246,2024-03-27,1,118.06,55.0,Processing
4636,90,17,2024-03-27,4,1091.0,754.92,Processing
4637,102,114,2024-03-27,2,512.8,336.3,Shipped
4638,299,248,2024-03-27,2,349.4,210.94,Cancelled
4639,15,84,2024-03-27,2,253.24,152.12,Completed
4640,296,245,2024-03-27,5,1388.0,806.4,Shipped
4641,110,190,2024-03-27,4,655.28,428.8,Shipped
4642,219,205,2024-03-28,3,960.42,480.75,Processing
4643,300,20,2024-03-28,3,1296.72,743.28,Completed
4644,282,37,2024-03-28,2,878.84,434.5,Shipped
4645,167,168,2024-03-28,3,1312.08,862.8,Processing
4646,126,203,2024-03-28,5,2000.25,901.95,Shipped
4647,277,53,2024-03-28,3,422.22,250.08,Completed
4648,158,69,2024-03-28,4,175.64,110.32,Completed
4649,238,189,2024-03-28,4,1341.92,669.68,Completed
4650,149,64,2024-03-29,1,19.54,13.26,Completed
4651,134,222,2024-03-29,3,905.31,620.16,Completed
4652,256,157,2024-03-29,1,132.27,56.99,Completed
4653,229,155,2024-03-29,5,2000.5,1316.75,Completed
4654,96,147,2024-03-29,2,644.38,308.4,Completed
4655,83,15,2024-03-29,3,1275.81,741.39,Completed
4656,240,195,2024-03-29,5,2353.9,1419.85,Shipped
4657,58,55,2024-03-29,4,929.28,637.64,Processing
4658,168,36,2024-03-29,5,566.9,387.1,Cancelled
4659,266,63,2024-03-29,2,20.56,10.22,Completed
4660,51,35,2024-03-29,3,493.71,237.15,Completed
4661,28,141,2024-03-29,2,723.26,333.48,Completed
4662,23,68,2024-03-29,5,259.85,141.85,Completed
4663,239,133,2024-03-29,5,2092.7,1278.75,Completed
4664,292,113,2024-03-29,3,114.03,65.61,Processing
4665,191,171,2024-03-29,5,1998.6,935.9,Completed
4666,122,164,2024-03-29,5,863.85,586.75,Completed
4667,21,52,2024-03-30,1,344.04,193.04,Completed
4668,155,61,2024-03-30,4,1534.52,862.12,Processing
4669,294,219,2024-03-31,5,660.55,432.35,Completed
4670,236,18,2024-03-31,3,586.44,331.71,Shipped
4671,84,245,2024-03-31,2,555.2,322.56,Shipped
4672,293,231,2024-03-31,1,47.97,23.3,Completed
4673,77,165,2024-03-31,5,2015.5,1328.65,Completed
4674,179,170,2024-03-31,1,235.55,115.79,Completed
4675,102,123,2024-03-31,3,330.27,203.07,Processing
4676,262,50,2024-03-31,1,485.83,319.79,Processing
4677,3,148,2024-04-01,4,1492.8,844.2,Cancelled
4678,43,54,2024-04-01,5,323.3,171.5,Completed
4679,59,38,2024-04-01,4,1324.64,687.08,Completed
4680,78,188,2024-04-01,2,376.94,158.68,Completed
4681,81,31,2024-04-01,4,1979.48,1171.84,Completed
4682,72,14,2024-04-01,1,55.45,23.79,Processing
4683,46,30,2024-04-01,1,90.07,46.28,Completed
4684,54,34,2024-04-01,2,244.46,100.14,Completed
4685,17,115,2024-04-01,2,174.28,119.94,Processing
4686,271,195,2024-04-01,4,1883.12,1135.88,Shipped
4687,102,237,2024-04-01,5,1068.65,493.75,Processing
4688,19,76,2024-04-02,5,2488.1,1480.35,Completed
4689,195,87,2024-04-02,2,483.22,307.04,Completed
4690,92,117,2024-04-02,3,904.71,545.16,Processing
4691,54,39,2024-04-02,3,1374.39,738.96,Completed
4692,47,73,2024-04-02,1,217.34,100.75,Processing
4693,203,161,2024-04-02,5,2168.3,1502.35,Completed
4694,173,221,2024-04-02,1,337.11,234.75,Completed
4695,168,35,2024-04-02,2,329.14,158.1,Completed
4696,193,33,2024-04-02,1,423.0,267.67,Shipped
4697,100,180,2024-04-02,3,189.36,100.44,Cancelled
4698,180,185,2024-04-02,4,43.32,29.36,Shipped
4699,1,207,2024-04-03,2,679.34,317.52,Processing
4700,292,153,2024-04-03,3,247.71,108.54,Completed
4701,299,128,2024-04-03,1,499.24,348.88,Processing
4702,118,249,2024-04-03,4,832.48,374.2,Completed
4703,142,49,2024-04-03,4,1992.4,1113.24,Shipped
4704,282,84,2024-04-03,5,633.1,380.3,Completed
4705,158,196,2024-04-03,2,904.74,528.96,Completed
4706,133,242,2024-04-04,1,182.36,114.17,Shipped
4707,80,7,2024-04-04,2,46.0,21.14,Cancelled
4708,28,109,2024-04-04,1,282.33,173.78,Completed
4709,83,123,2024-04-04,2,220.18,135.38,Completed
4710,143,16,2024-04-04,2,810.98,501.94,Completed
4711,227,185,2024-04-05,1,10.83,7.34,Completed
4712,12,106,2024-04-05,2,279.9,177.8,Completed
4713,145,136,2024-04-05,1,410.38,201.01,Completed
4714,134,244,2024-04-05,2,430.64,268.82,Shipped
4715,4,57,2024-04-05,3,765.87,347.4,Completed
4716,31,32,2024-04-05,1,282.91,171.27,Processing
4717,255,145,2024-04-06,4,870.2,420.32,Completed
4718,158,160,2024-04-06,1,85.73,58.21,Completed
4719,179,96,2024-04-06,3,650.16,314.4,Completed
4720,89,243,2024-04-06,2,856.38,587.5,Completed
4721,55,36,2024-04-06,3,340.14,232.26,Completed
4722,57,12,2024-04-07,5,883.6,394.65,Completed
4723,61,205,2024-04-07,5,1600.7,801.25,Completed
4724,14,207,2024-04-08,4,1358.68,635.04,Completed
4725,52,116,2024-04-08,4,197.0,89.8,Completed
4726,47,126,2024-04-08,2,329.86,206.34,Completed
4727,22,140,2024-04-08,1,143.45,83.41,Completed
4728,188,115,2024-04-08,1,87.14,59.97,Completed
4729,16,223,2024-04-08,1,446.8,260.84,Cancelled
4730,32,119,2024-04-08,1,446.24,211.46,Completed
4731,22,105,2024-04-08,4,782.8,544.52,Completed
4732,28,119,2024-04-08,2,892.48,422.92,Completed
4733,25,209,2024-04-08,3,389.91,211.53,Completed
4734,272,245,2024-04-08,3,832.8,483.84,Completed
4735,206,45,2024-04-09,1,54.55,22.59,Processing
4736,13,5,2024-04-09,5,1083.7,443.15,Completed
4737,179,137,2024-04-09,5,1675.3,1142.0,Processing
4738,229,110,2024-04-09,4,343.4,167.92,Completed
4739,255,8,2024-04-09,2,656.88,370.14,Completed
4740,3,86,2024-04-09,2,936.8,535.2,Cancelled
4741,103,156,2024-04-09,4,1801.88,834.32,Completed
4742,226,237,2024-04-09,3,641.19,296.25,Shipped
4743,202,112,2024-04-09,2,551.36,344.26,Completed
4744,300,17,2024-04-09,5,1363.75,943.65,Completed
4745,71,180,2024-04-09,4,252.48,133.92,Completed
4746,137,104,2024-04-10,4,826.04,344.96,Completed
4747,160,248,2024-04-10,3,524.1,316.41,Processing
4748,13,194,2024-04-10,1,72.37,38.08,Processing
4749,26,115,2024-04-10,5,435.7,299.85,Completed
4750,240,32,2024-04-10,3,848.73,513.81,Completed
4751,135,150,2024-04-10,2,93.74,62.34,Completed
4752,289,194,2024-04-11,3,217.11,114.24,Completed
4753,162,64,2024-04-11,1,19.54,13.26,Completed
4754,89,11,2024-04-11,3,1214.55,740.19,Processing
4755,257,10,2024-04-11,5,2033.1,817.2,Completed
4756,255,238,2024-04-11,4,863.48,579.8,Processing
4757,271,127,2024-04-11,2,91.1,48.96,Processing
4758,102,119,2024-04-11,5,2231.2,1057.3,Completed
4759,213,98,2024-04-12,5,1135.65,747.7,Completed
4760,150,27,2024-04-12,4,563.28,383.6,Shipped
4761,51,39,2024-04-12,2,916.26,492.64,Completed
4762,26,125,2024-04-12,4,1356.52,664.68,Completed
4763,128,60,2024-04-12,2,616.8,275.0,Processing
4764,224,47,2024-04-12,2,796.24,419.34,Processing
4765,264,172,2024-04-12,5,108.0,49.45,Completed
4766,299,146,2024-04-12,1,11.74,7.41,Cancelled
4767,8,18,2024-04-13,3,586.44,331.71,Completed
4768,221,218,2024-04-13,2,527.6,218.98,Completed
4769,240,14,2024-04-13,5,277.25,118.95,Completed
4770,277,217,2024-04-13,2,192.36,132.22,Completed
4771,211,15,2024-04-13,2,850.54,494.26,Processing
4772,15,162,2024-04-14,3,1221.84,811.83,Completed
4773,280,242,2024-04-14,1,182.36,114.17,Completed
4774,293,132,2024-04-14,5,955.35,427.35,Completed
4775,300,115,2024-04-14,2,174.28,119.94,Shipped
4776,43,250,2024-04-14,4,956.08,419.04,Cancelled
4777,276,129,2024-04-14,5,229.5,106.5,Cancelled
4778,261,8,2024-04-14,1,328.44,185.07,Cancelled
4779,134,78,2024-04-15,5,346.45,161.95,Completed
4780,62,116,2024-04-15,3,147.75,67.35,Completed
4781,120,147,2024-04-15,4,1288.76,616.8,Cancelled
4782,192,113,2024-04-15,1,38.01,21.87,Completed
4783,32,208,2024-04-15,1,107.57,43.82,Completed
4784,24,108,2024-04-15,4,1916.36,1338.84,Completed
4785,48,213,2024-04-15,2,504.48,238.72,Shipped
4786,195,145,2024-04-15,1,217.55,105.08,Completed
4787,207,24,2024-04-15,1,59.49,28.76,Shipped
4788,262,229,2024-04-15,4,1541.0,857.4,Processing
4789,139,203,2024-04-15,2,800.1,360.78,Completed
4790,217,144,2024-04-15,5,2122.95,907.95,Completed
4791,201,149,2024-04-15,4,878.28,353.84,Processing
4792,26,69,2024-04-15,1,43.91,27.58,Completed
4793,118,183,2024-04-15,1,198.75,113.88,Completed
4794,46,203,2024-04-15,5,2000.25,901.95,Completed
4795,182,110,2024-04-15,1,85.85,41.98,Completed
4796,91,125,2024-04-16,3,1017.39,498.51,Processing
4797,284,143,2024-04-16,2,498.76,334.96,Completed
4798,194,91,2024-04-16,1,367.25,221.09,Processing
4799,236,149,2024-04-16,4,878.28,353.84,Completed
4800,24,227,2024-04-16,5,1212.95,579.5,Shipped
4801,145,214,2024-04-16,5,1657.35,665.7,Completed
4802,280,64,2024-04-16,3,58.62,39.78,Shipped
4803,220,7,2024-04-16,3,69.0,31.71,Completed
4804,160,39,2024-04-16,1,458.13,246.32,Completed
4805,79,144,2024-04-16,3,1273.77,544.77,Completed
4806,73,41,2024-04-16,3,855.21,409.5,Completed
4807,125,212,2024-04-16,4,421.08,256.4,Completed
4808,1,129,2024-04-17,5,229.5,106.5,Cancelled
4809,114,69,2024-04-17,5,219.55,137.9,Completed
4810,257,59,2024-04-17,5,781.2,462.2,Completed
4811,224,36,2024-04-17,3,340.14,232.26,Completed
4812,78,193,2024-04-17,5,1035.9,506.25,Completed
4813,295,18,2024-04-17,4,781.92,442.28,Completed
4814,33,23,2024-04-17,3,147.3,69.21,Completed
4815,58,151,2024-04-17,2,905.86,510.62,Completed
4816,84,211,2024-04-17,2,426.16,250.98,Processing
4817,120,55,2024-04-18,4,929.28,637.64,Processing
4818,1,88,2024-04-18,2,811.34,370.88,Cancelled
4819,23,236,2024-04-18,3,629.16,354.09,Completed
4820,262,25,2024-04-18,4,1285.96,655.12,Completed
4821,12,233,2024-04-18,2,549.34,242.54,Completed
4822,143,193,2024-04-18,3,621.54,303.75,Completed
4823,135,32,2024-04-18,5,1414.55,856.35,Completed
4824,163,167,2024-04-18,1,395.81,171.16,Shipped
4825,141,8,2024-04-19,5,1642.2,925.35,Completed
4826,33,121,2024-04-19,4,861.68,495.56,Shipped
4827,34,198,2024-04-19,5,51.0,24.8,Completed
4828,133,153,2024-04-19,5,412.85,180.9,Completed
4829,280,162,2024-04-19,1,407.28,270.61,Completed
4830,2,222,2024-04-19,4,1207.08,826.88,Completed
4831,283,38,2024-04-19,1,331.16,171.77,Completed
4832,227,70,2024-04-19,4,1541.04,675.76,Completed
4833,54,202,2024-04-19,2,483.72,324.26,Shipped
4834,95,236,2024-04-19,4,838.88,472.12,Processing
4835,136,140,2024-04-19,4,573.8,333.64,Processing
4836,276,159,2024-04-19,2,418.24,245.18,Processing
4837,298,102,2024-04-19,5,2129.3,957.95,Completed
4838,160,239,2024-04-19,5,1481.0,901.4,Completed
4839,47,84,2024-04-20,3,379.86,228.18,Completed
4840,161,206,2024-04-20,1,411.03,257.03,Completed
4841,70,185,2024-04-20,5,54.15,36.7,Processing
4842,30,217,2024-04-20,4,384.72,264.44,Cancelled
4843,196,228,2024-04-21,1,131.15,77.55,Completed
4844,37,122,2024-04-21,1,266.16,181.1,Completed
4845,32,59,2024-04-21,5,781.2,462.2,Completed
4846,107,108,2024-04-22,3,1437.27,1004.13,Completed
4847,65,26,2024-04-22,5,956.95,442.95,Completed
4848,168,96,2024-04-22,5,1083.6,524.0,Completed
4849,249,2,2024-04-22,1,144.76,67.6,Completed
4850,294,78,2024-04-22,2,138.58,64.78,Completed
4851,298,65,2024-04-22,2,881.14,572.3,Completed
4852,193,97,2024-04-22,3,397.23,268.92,Processing
4853,286,158,2024-04-22,4,1569.04,1043.8,Completed
4854,211,13,2024-04-22,3,1437.09,719.94,Processing
4855,135,42,2024-04-22,1,296.45,198.43,Shipped
4856,160,81,2024-04-22,4,179.16,105.6,Shipped
4857,251,194,2024-04-22,4,289.48,152.32,Completed
4858,15,147,2024-04-22,4,1288.76,616.8,Processing
4859,158,197,2024-04-22,3,472.41,266.61,Cancelled
4860,99,201,2024-04-22,5,1133.3,526.0,Shipped
4861,15,109,2024-04-22,2,564.66,347.56,Completed
4862,190,67,2024-04-22,4,1760.88,1204.6,Shipped
4863,95,198,2024-04-23,4,40.8,19.84,Completed
4864,149,14,2024-04-23,1,55.45,23.79,Completed
4865,172,155,2024-04-23,5,2000.5,1316.75,Completed
4866,28,3,2024-04-23,4,1483.48,894.56,Completed
4867,96,31,2024-04-23,2,989.74,585.92,Completed
4868,93,247,2024-04-23,4,894.24,365.48,Completed
4869,245,178,2024-04-23,4,1942.0,880.84,Completed
4870,69,196,2024-04-23,3,1357.11,793.44,Processing
4871,200,8,2024-04-23,1,328.44,185.07,Completed
4872,52,24,2024-04-24,3,178.47,86.28,Shipped
4873,258,209,2024-04-24,3,389.91,211.53,Completed
4874,265,164,2024-04-24,4,691.08,469.4,Cancelled
4875,4,195,2024-04-24,5,2353.9,1419.85,Completed
4876,243,151,2024-04-24,5,2264.65,1276.55,Cancelled
4877,247,183,2024-04-24,4,795.0,455.52,Cancelled
4878,66,51,2024-04-24,1,15.63,9.63,Completed
4879,184,114,2024-04-24,1,256.4,168.15,Shipped
4880,140,115,2024-04-24,2,174.28,119.94,Cancelled
4881,210,203,2024-04-24,3,1200.15,541.17,Shipped
4882,218,20,2024-04-24,2,864.48,495.52,Processing
4883,85,14,2024-04-24,2,110.9,47.58,Completed
4884,118,189,2024-04-24,4,1341.92,669.68,Completed
4885,178,179,2024-04-25,5,2408.2,1155.05,Processing
4886,273,13,2024-04-25,4,1916.12,959.92,Completed
4887,87,95,2024-04-25,3,309.6,165.51,Shipped
4888,90,80,2024-04-25,2,245.52,114.42,Completed
4889,286,178,2024-04-25,2,971.0,440.42,Completed
4890,130,93,2024-04-25,3,621.84,312.03,Completed
4891,220,66,2024-04-25,3,482.04,201.18,Processing
4892,147,167,2024-04-25,4,1583.24,684.64,Completed
4893,75,223,2024-04-25,2,893.6,521.68,Shipped
4894,40,29,2024-04-25,2,187.72,116.14,Shipped
4895,79,240,2024-04-25,4,1719.2,1082.56,Completed
4896,276,158,2024-04-25,4,1569.04,1043.8,Processing
4897,44,116,2024-04-25,4,197.0,89.8,Shipped
4898,204,196,2024-04-25,2,904.74,528.96,Completed
4899,151,166,2024-04-25,2,814.54,391.02,Completed
4900,16,50,2024-04-25,5,2429.15,1598.95,Completed
4901,87,210,2024-04-25,1,426.37,179.86,Shipped
4902,182,183,2024-04-25,1,198.75,113.88,Processing
4903,35,156,2024-04-26,4,1801.88,834.32,Cancelled
4904,22,66,2024-04-26,3,482.04,201.18,Processing
4905,100,9,2024-04-26,4,472.08,272.28,Processing
4906,118,84,2024-04-26,5,633.1,380.3,Completed
4907,75,69,2024-04-26,5,219.55,137.9,Shipped
4908,170,218,2024-04-26,2,527.6,218.98,Shipped
4909,19,220,2024-04-27,1,233.67,149.65,Completed
4910,203,113,2024-04-27,4,152.04,87.48,Completed
4911,35,216,2024-04-28,4,248.92,131.32,Completed
4912,89,72,2024-04-28,3,419.64,277.68,Completed
4913,185,67,2024-04-28,3,1320.66,903.45,Completed
4914,273,54,2024-04-28,5,323.3,171.5,Shipped
4915,34,122,2024-04-28,5,1330.8,905.5,Processing
4916,231,181,2024-04-28,5,1834.95,906.65,Completed
4917,124,165,2024-04-29,5,2015.5,1328.65,Completed
4918,275,117,2024-04-29,5,1507.85,908.6,Completed
4919,131,224,2024-04-29,5,1812.2,999.3,Processing
4920,291,149,2024-04-29,4,878.28,353.84,Cancelled
4921,271,132,2024-04-29,2,382.14,170.94,Shipped
4922,32,79,2024-04-29,3,526.98,303.81,Completed
4923,69,215,2024-04-29,4,1511.88,954.0,Completed
4924,231,175,2024-04-29,2,648.66,337.24,Completed
4925,120,10,2024-04-29,1,406.62,163.44,Shipped
4926,277,192,2024-04-29,4,646.2,337.64,Processing
4927,90,69,2024-04-29,2,87.82,55.16,Shipped
4928,286,167,2024-04-29,2,791.62,342.32,Completed
4929,84,134,2024-04-29,2,619.44,431.24,Completed
4930,53,39,2024-04-29,1,458.13,246.32,Cancelled
4931,282,128,2024-04-29,1,499.24,348.88,Completed
4932,291,54,2024-04-30,2,129.32,68.6,Completed
4933,264,237,2024-04-30,1,213.73,98.75,Processing
4934,286,237,2024-04-30,2,427.46,197.5,Completed
4935,63,12,2024-04-30,1,176.72,78.93,Completed
4936,118,45,2024-04-30,1,54.55,22.59,Completed
4937,268,99,2024-04-30,4,1118.64,464.44,Completed
4938,59,12,2024-04-30,1,176.72,78.93,Completed
4939,286,236,2024-04-30,4,838.88,472.12,Processing
4940,63,3,2024-04-30,5,1854.35,1118.2,Completed
4941,152,49,2024-04-30,3,1494.3,834.93,Completed
4942,148,16,2024-05-01,2,810.98,501.94,Shipped
4943,149,238,2024-05-01,3,647.61,434.85,Processing
4944,44,151,2024-05-01,5,2264.65,1276.55,Processing
4945,248,71,2024-05-01,4,971.56,548.88,Processing
4946,282,165,2024-05-01,2,806.2,531.46,Completed
4947,159,105,2024-05-01,5,978.5,680.65,Completed
4948,51,9,2024-05-01,1,118.02,68.07,Completed
4949,235,214,2024-05-02,4,1325.88,532.56,Shipped
4950,2,95,2024-05-02,3,309.6,165.51,Shipped
4951,195,113,2024-05-02,1,38.01,21.87,Completed
4952,24,112,2024-05-02,4,1102.72,688.52,Cancelled
4953,200,109,2024-05-02,3,846.99,521.34,Completed
4954,202,235,2024-05-03,3,1068.45,447.96,Completed
4955,45,182,2024-05-03,1,307.04,169.92,Processing
4956,116,73,2024-05-03,1,217.34,100.75,Shipped
4957,278,83,2024-05-03,1,431.22,181.65,Completed
4958,138,198,2024-05-03,5,51.0,24.8,Completed
4959,8,95,2024-05-04,5,516.0,275.85,Processing
4960,221,108,2024-05-04,5,2395.45,1673.55,Completed
4961,284,37,2024-05-04,4,1757.68,869.0,Completed
4962,291,145,2024-05-04,5,1087.75,525.4,Completed
4963,199,156,2024-05-04,4,1801.88,834.32,Processing
4964,271,60,2024-05-04,5,1542.0,687.5,Completed
4965,267,230,2024-05-05,5,1585.55,764.85,Completed
4966,271,175,2024-05-05,4,1297.32,674.48,Processing
4967,38,94,2024-05-05,1,432.22,205.13,Completed
4968,220,47,2024-05-05,3,1194.36,629.01,Completed
4969,40,146,2024-05-05,4,46.96,29.64,Shipped
4970,12,178,2024-05-05,5,2427.5,1101.05,Completed
4971,45,34,2024-05-06,4,488.92,200.28,Shipped
4972,184,117,2024-05-06,5,1507.85,908.6,Completed
4973,96,98,2024-05-06,1,227.13,149.54,Completed
4974,41,142,2024-05-06,1,320.78,153.72,Processing
4975,293,95,2024-05-06,2,206.4,110.34,Shipped
4976,185,86,2024-05-07,5,2342.0,1338.0,Completed
4977,61,118,2024-05-07,4,501.0,218.4,Completed
4978,47,172,2024-05-07,2,43.2,19.78,Completed
4979,198,155,2024-05-07,2,800.2,526.7,Processing
4980,50,139,2024-05-07,5,312.25,176.7,Completed
4981,48,156,2024-05-07,5,2252.35,1042.9,Completed
4982,71,112,2024-05-07,3,827.04,516.39,Completed
4983,73,155,2024-05-07,4,1600.4,1053.4,Completed
4984,39,116,2024-05-07,1,49.25,22.45,Shipped
4985,136,185,2024-05-07,3,32.49,22.02,Completed
4986,68,27,2024-05-07,5,704.1,479.5,Completed
4987,151,96,2024-05-07,4,866.88,419.2,Shipped
4988,24,82,2024-05-07,4,488.72,328.24,Processing
4989,65,1,2024-05-07,5,1616.6,658.75,Completed
4990,188,128,2024-05-07,1,499.24,348.88,Processing
4991,10,241,2024-05-07,1,196.39,78.9,Completed
4992,205,57,2024-05-07,3,765.87,347.4,Completed
4993,28,118,2024-05-07,2,250.5,109.2,Completed
4994,70,72,2024-05-07,4,559.52,370.24,Cancelled
4995,287,157,2024-05-08,3,396.81,170.97,Shipped
4996,144,2,2024-05-08,1,144.76,67.6,Completed
4997,267,167,2024-05-08,5,1979.05,855.8,Completed
4998,135,184,2024-05-08,4,539.24,330.36,Completed
4999,70,108,2024-05-08,1,479.09,334.71,Completed
5000,278,237,2024-05-08,3,641.19,296.25,Completed
5001,34,16,2024-05-08,3,1216.47,752.91,Shipped
5002,31,24,2024-05-08,1,59.49,28.76,Completed
5003,1,157,2024-05-08,2,264.54,113.98,Shipped
5004,56,209,2024-05-08,1,129.97,70.51,Completed
5005,42,192,2024-05-09,1,161.55,84.41,Processing
5006,117,243,2024-05-09,4,1712.76,1175.0,Completed
5007,292,35,2024-05-09,2,329.14,158.1,Completed
5008,237,19,2024-05-09,4,1665.64,975.32,Completed
5009,8,2,2024-05-09,4,579.04,270.4,Completed
5010,45,225,2024-05-09,5,2084.9,1176.65,Completed
5011,160,144,2024-05-09,3,1273.77,544.77,Processing
5012,117,208,2024-05-09,2,215.14,87.64,Processing
5013,268,120,2024-05-09,4,1205.24,706.04,Completed
5014,294,55,2024-05-09,4,929.28,637.64,Completed
5015,132,72,2024-05-09,4,559.52,370.24,Processing
5016,212,215,2024-05-09,1,377.97,238.5,Cancelled
5017,264,237,2024-05-09,2,427.46,197.5,Cancelled
5018,104,207,2024-05-09,3,1019.01,476.28,Shipped
5019,43,55,2024-05-09,1,232.32,159.41,Completed
5020,171,12,2024-05-09,2,353.44,157.86,Completed
5021,288,170,2024-05-09,5,1177.75,578.95,Completed
5022,94,18,2024-05-09,4,781.92,442.28,Shipped
5023,185,113,2024-05-10,3,114.03,65.61,Completed
5024,124,87,2024-05-10,2,483.22,307.04,Completed
5025,31,104,2024-05-10,3,619.53,258.72,Cancelled
5026,223,10,2024-05-10,4,1626.48,653.76,Completed
5027,281,57,2024-05-10,3,765.87,347.4,Shipped
5028,278,129,2024-05-10,2,91.8,42.6,Completed
5029,91,82,2024-05-10,2,244.36,164.12,Completed
5030,153,104,2024-05-10,2,413.02,172.48,Completed
5031,170,86,2024-05-10,1,468.4,267.6,Completed
5032,228,238,2024-05-10,3,647.61,434.85,Processing
5033,202,93,2024-05-10,4,829.12,416.04,Processing
5034,41,94,2024-05-11,4,1728.88,820.52,Completed
5035,290,47,2024-05-11,1,398.12,209.67,Completed
5036,277,240,2024-05-11,3,1289.4,811.92,Shipped
5037,167,28,2024-05-11,1,327.54,190.87,Completed
5038,159,188,2024-05-12,1,188.47,79.34,Processing
5039,53,228,2024-05-12,2,262.3,155.1,Completed
5040,43,26,2024-05-12,4,765.56,354.36,Processing
5041,199,25,2024-05-12,5,1607.45,818.9,Cancelled
5042,10,37,2024-05-12,3,1318.26,651.75,Shipped
5043,228,175,2024-05-12,4,1297.32,674.48,Completed
5044,91,44,2024-05-12,1,498.79,275.76,Completed
5045,120,81,2024-05-13,3,134.37,79.2,Processing
5046,43,175,2024-05-13,2,648.66,337.24,Cancelled
5047,43,171,2024-05-13,2,799.44,374.36,Completed
5048,161,201,2024-05-13,5,1133.3,526.0,Completed
5049,31,3,2024-05-13,2,741.74,447.28,Shipped
5050,26,21,2024-05-13,3,1065.72,440.94,Completed
5051,110,221,2024-05-13,2,674.22,469.5,Shipped
5052,178,248,2024-05-13,5,873.5,527.35,Completed
5053,174,9,2024-05-13,4,472.08,272.28,Completed
5054,253,26,2024-05-13,4,765.56,354.36,Processing
5055,67,119,2024-05-13,5,2231.2,1057.3,Completed
5056,182,182,2024-05-13,5,1535.2,849.6,Processing
5057,15,234,2024-05-13,2,246.64,150.0,Processing
5058,34,13,2024-05-13,1,479.03,239.98,Cancelled
5059,148,246,2024-05-13,5,590.3,275.0,Completed
5060,156,198,2024-05-13,1,10.2,4.96,Completed
5061,2,72,2024-05-14,3,419.64,277.68,Completed
5062,17,225,2024-05-14,2,833.96,470.66,Completed
5063,260,157,2024-05-14,3,396.81,170.97,Completed
5064,278,77,2024-05-14,5,1123.35,623.75,Shipped
5065,114,168,2024-05-14,3,1312.08,862.8,Shipped
5066,90,246,2024-05-14,5,590.3,275.0,Completed
5067,125,233,2024-05-14,3,824.01,363.81,Processing
5068,175,38,2024-05-14,1,331.16,171.77,Completed
5069,18,16,2024-05-15,4,1621.96,1003.88,Cancelled
5070,292,241,2024-05-15,5,981.95,394.5,Completed
5071,10,102,2024-05-15,5,2129.3,957.95,Completed
5072,281,16,2024-05-15,1,405.49,250.97,Completed
5073,225,123,2024-05-15,3,330.27,203.07,Completed
5074,124,123,2024-05-15,5,550.45,338.45,Completed
5075,65,184,2024-05-15,2,269.62,165.18,Processing
5076,158,149,2024-05-16,3,658.71,265.38,Shipped
5077,11,1,2024-05-16,4,1293.28,527.0,Completed
5078,194,195,2024-05-16,2,941.56,567.94,Completed
5079,5,56,2024-05-16,2,878.34,420.74,Processing
5080,6,19,2024-05-16,4,1665.64,975.32,Completed
5081,195,81,2024-05-16,3,134.37,79.2,Completed
5082,201,48,2024-05-16,3,123.39,63.48,Completed
5083,276,66,2024-05-16,2,321.36,134.12,Completed
5084,96,170,2024-05-16,5,1177.75,578.95,Processing
5085,77,57,2024-05-16,2,510.58,231.6,Completed
5086,49,18,2024-05-16,1,195.48,110.57,Processing
5087,17,147,2024-05-16,1,322.19,154.2,Processing
5088,216,215,2024-05-16,1,377.97,238.5,Completed
5089,3,164,2024-05-16,5,863.85,586.75,Completed
5090,262,65,2024-05-17,2,881.14,572.3,Completed
5091,60,23,2024-05-17,4,196.4,92.28,Completed
5092,113,204,2024-05-17,2,103.1,57.18,Processing
5093,4,73,2024-05-17,3,652.02,302.25,Cancelled
5094,234,86,2024-05-17,5,2342.0,1338.0,Completed
5095,279,116,2024-05-17,3,147.75,67.35,Shipped
5096,96,23,2024-05-17,2,98.2,46.14,Completed
5097,217,80,2024-05-17,2,245.52,114.42,Completed
5098,119,245,2024-05-17,2,555.2,322.56,Completed
5099,92,205,2024-05-17,1,320.14,160.25,Shipped
5100,73,118,2024-05-17,3,375.75,163.8,Completed
5101,96,20,2024-05-17,3,1296.72,743.28,Completed
5102,238,228,2024-05-17,1,131.15,77.55,Processing
5103,65,1,2024-05-17,4,1293.28,527.0,Completed
5104,177,216,2024-05-17,2,124.46,65.66,Completed
5105,282,2,2024-05-17,2,289.52,135.2,Completed
5106,87,26,2024-05-17,5,956.95,442.95,Processing
5107,88,18,2024-05-17,3,586.44,331.71,Shipped
5108,64,134,2024-05-18,5,1548.6,1078.1,Shipped
5109,3,176,2024-05-18,3,1472.28,825.75,Completed
5110,223,28,2024-05-18,1,327.54,190.87,Completed
5111,109,138,2024-05-18,3,227.4,98.82,Completed
5112,282,21,2024-05-18,5,1776.2,734.9,Shipped
5113,292,192,2024-05-18,4,646.2,337.64,Processing
5114,86,181,2024-05-19,1,366.99,181.33,Completed
5115,265,12,2024-05-19,1,176.72,78.93,Processing
5116,174,235,2024-05-19,2,712.3,298.64,Completed
5117,111,18,2024-05-19,5,977.4,552.85,Cancelled
5118,80,131,2024-05-19,5,2208.1,1465.7,Completed
5119,261,71,2024-05-20,3,728.67,411.66,Cancelled
5120,160,222,2024-05-20,1,301.77,206.72,Processing
5121,264,36,2024-05-20,2,226.76,154.84,Processing
5122,245,42,2024-05-20,1,296.45,198.43,Completed
5123,283,55,2024-05-20,5,1161.6,797.05,Completed
5124,66,161,2024-05-20,2,867.32,600.94,Completed
5125,80,16,2024-05-20,3,1216.47,752.91,Completed
5126,143,125,2024-05-20,3,1017.39,498.51,Processing
5127,68,237,2024-05-20,5,1068.65,493.75,Processing
5128,34,108,2024-05-20,3,1437.27,1004.13,Completed
5129,6,173,2024-05-21,2,341.7,225.28,Processing
5130,7,33,2024-05-21,1,423.0,267.67,Processing
5131,26,71,2024-05-21,2,485.78,274.44,Completed
5132,68,34,2024-05-21,4,488.92,200.28,Completed
5133,66,179,2024-05-21,1,481.64,231.01,Completed
5134,100,11,2024-05-21,2,809.7,493.46,Completed
5135,214,86,2024-05-21,1,468.4,267.6,Completed
5136,203,51,2024-05-21,1,15.63,9.63,Processing
5137,30,89,2024-05-21,5,287.5,152.2,Completed
5138,226,117,2024-05-21,4,1206.28,726.88,Completed
5139,300,25,2024-05-21,5,1607.45,818.9,Completed
5140,37,176,2024-05-22,1,490.76,275.25,Processing
5141,46,107,2024-05-22,1,232.95,122.74,Completed
5142,194,222,2024-05-22,5,1508.85,1033.6,Completed
5143,82,150,2024-05-22,5,234.35,155.85,Completed
5144,15,68,2024-05-22,2,103.94,56.74,Shipped
5145,278,211,2024-05-22,3,639.24,376.47,Completed
5146,199,101,2024-05-22,2,969.62,657.32,Completed
5147,42,206,2024-05-22,2,822.06,514.06,Shipped
5148,215,125,2024-05-22,1,339.13,166.17,Completed
5149,208,143,2024-05-23,3,748.14,502.44,Cancelled
5150,214,216,2024-05-23,4,248.92,131.32,Completed
5151,21,99,2024-05-23,2,559.32,232.22,Processing
5152,79,22,2024-05-23,5,608.35,296.15,Completed
5153,202,93,2024-05-23,3,621.84,312.03,Completed
5154,298,74,2024-05-23,3,822.78,509.28,Completed
5155,19,113,2024-05-23,4,152.04,87.48,Completed
5156,101,176,2024-05-23,3,1472.28,825.75,Processing
5157,97,184,2024-05-23,2,269.62,165.18,Completed
5158,177,3,2024-05-23,3,1112.61,670.92,Processing
5159,193,43,2024-05-23,4,822.84,383.28,Completed
5160,87,99,2024-05-23,2,559.32,232.22,Completed
5161,61,23,2024-05-23,3,147.3,69.21,Cancelled
5162,131,56,2024-05-23,4,1756.68,841.48,Processing
5163,176,241,2024-05-23,5,981.95,394.5,Processing
5164,137,173,2024-05-23,2,341.7,225.28,Completed
5165,274,189,2024-05-24,4,1341.92,669.68,Shipped
5166,51,190,2024-05-24,5,819.1,536.0,Shipped
5167,76,164,2024-05-24,2,345.54,234.7,Processing
5168,44,169,2024-05-24,5,594.95,383.75,Completed
5169,195,68,2024-05-24,2,103.94,56.74,Completed
5170,174,207,2024-05-24,2,679.34,317.52,Shipped
5171,145,243,2024-05-25,4,1712.76,1175.0,Cancelled
5172,96,228,2024-05-25,3,393.45,232.65,Processing
5173,187,137,2024-05-25,2,670.12,456.8,Completed
5174,134,244,2024-05-25,2,430.64,268.82,Shipped
5175,18,208,2024-05-25,2,215.14,87.64,Completed
5176,188,218,2024-05-25,5,1319.0,547.45,Completed
5177,15,96,2024-05-25,3,650.16,314.4,Completed
5178,200,235,2024-05-26,5,1780.75,746.6,Processing
5179,256,85,2024-05-26,4,459.92,202.24,Completed
5180,138,185,2024-05-26,3,32.49,22.02,Shipped
5181,185,248,2024-05-26,2,349.4,210.94,Completed
5182,289,121,2024-05-26,3,646.26,371.67,Completed
5183,33,111,2024-05-27,2,969.34,556.16,Shipped
5184,65,21,2024-05-27,2,710.48,293.96,Completed
5185,190,6,2024-05-27,5,585.65,323.05,Processing
5186,5,147,2024-05-27,3,966.57,462.6,Shipped
5187,157,131,2024-05-27,1,441.62,293.14,Shipped
5188,95,195,2024-05-27,4,1883.12,1135.88,Completed
5189,166,202,2024-05-27,3,725.58,486.39,Completed
5190,204,78,2024-05-27,4,277.16,129.56,Completed
5191,123,4,2024-05-27,4,1788.68,762.12,Shipped
5192,142,35,2024-05-27,2,329.14,158.1,Completed
5193,61,69,2024-05-27,2,87.82,55.16,Completed
5194,147,14,2024-05-27,3,166.35,71.37,Processing
5195,299,51,2024-05-27,2,31.26,19.26,Processing
5196,81,241,2024-05-27,4,785.56,315.6,Shipped
5197,155,199,2024-05-27,3,661.95,379.95,Shipped
5198,110,184,2024-05-27,1,134.81,82.59,Completed
5199,212,57,2024-05-27,4,1021.16,463.2,Completed
5200,16,137,2024-05-28,1,335.06,228.4,Completed
5201,272,211,2024-05-28,3,639.24,376.47,Shipped
5202,73,239,2024-05-28,1,296.2,180.28,Completed
5203,282,115,2024-05-28,1,87.14,59.97,Shipped
5204,286,72,2024-05-28,3,419.64,277.68,Completed
5205,144,190,2024-05-29,2,327.64,214.4,Completed
5206,259,205,2024-05-29,4,1280.56,641.0,Completed
5207,256,13,2024-05-29,1,479.03,239.98,Completed
5208,84,223,2024-05-29,1,446.8,260.84,Processing
5209,211,204,2024-05-29,3,154.65,85.77,Shipped
5210,76,57,2024-05-29,4,1021.16,463.2,Completed
5211,68,148,2024-05-29,4,1492.8,844.2,Completed
5212,166,105,2024-05-29,2,391.4,272.26,Completed
5213,2,29,2024-05-29,3,281.58,174.21,Shipped
5214,24,237,2024-05-29,3,641.19,296.25,Shipped
5215,225,239,2024-05-29,5,1481.0,901.4,Completed
5216,189,84,2024-05-29,5,633.1,380.3,Processing
5217,24,10,2024-05-29,1,406.62,163.44,Shipped
5218,248,220,2024-05-29,2,467.34,299.3,Processing
5219,34,80,2024-05-29,2,245.52,114.42,Completed
5220,100,31,2024-05-29,4,1979.48,1171.84,Completed
5221,117,248,2024-05-30,5,873.5,527.35,Processing
5222,64,197,2024-05-30,2,314.94,177.74,Processing
5223,271,207,2024-05-30,1,339.67,158.76,Completed
5224,85,233,2024-05-30,1,274.67,121.27,Completed
5225,102,97,2024-05-30,5,662.05,448.2,Completed
5226,79,133,2024-05-30,4,1674.16,1023.0,Completed
5227,14,154,2024-05-30,2,322.1,215.7,Completed
5228,249,201,2024-05-30,2,453.32,210.4,Completed
5229,192,248,2024-05-30,5,873.5,527.35,Completed
5230,110,233,2024-05-30,2,549.34,242.54,Completed
5231,78,164,2024-05-30,4,691.08,469.4,Completed
5232,98,229,2024-05-30,5,1926.25,1071.75,Processing
5233,90,1,2024-05-30,3,969.96,395.25,Completed
5234,243,177,2024-05-30,2,940.46,408.72,Processing
5235,67,59,2024-05-31,4,624.96,369.76,Completed
5236,260,90,2024-05-31,1,217.55,117.5,Completed
5237,47,233,2024-05-31,1,274.67,121.27,Completed
5238,236,12,2024-05-31,5,883.6,394.65,Completed
5239,255,202,2024-05-31,1,241.86,162.13,Processing
5240,82,213,2024-05-31,2,504.48,238.72,Completed
5241,51,4,2024-05-31,4,1788.68,762.12,Completed
5242,203,26,2024-05-31,3,574.17,265.77,Processing
5243,284,57,2024-05-31,5,1276.45,579.0,Processing
5244,94,181,2024-05-31,1,366.99,181.33,Cancelled
5245,253,171,2024-05-31,4,1598.88,748.72,Shipped
5246,135,137,2024-05-31,3,1005.18,685.2,Processing
5247,103,84,2024-06-01,4,506.48,304.24,Processing
5248,68,38,2024-06-01,2,662.32,343.54,Cancelled
5249,111,177,2024-06-01,2,940.46,408.72,Completed
5250,83,236,2024-06-01,5,1048.6,590.15,Completed
5251,55,194,2024-06-01,5,361.85,190.4,Completed
5252,178,144,2024-06-02,5,2122.95,907.95,Completed
5253,95,46,2024-06-02,3,191.19,112.47,Completed
5254,194,47,2024-06-02,5,1990.6,1048.35,Cancelled
5255,109,96,2024-06-03,1,216.72,104.8,Shipped
5256,125,214,2024-06-03,4,1325.88,532.56,Shipped
5257,126,18,2024-06-03,1,195.48,110.57,Completed
5258,140,102,2024-06-03,4,1703.44,766.36,Completed
5259,121,2,2024-06-03,4,579.04,270.4,Processing
5260,118,220,2024-06-03,5,1168.35,748.25,Shipped
5261,63,168,2024-06-03,5,2186.8,1438.0,Completed
5262,7,228,2024-06-03,1,131.15,77.55,Completed
5263,198,45,2024-06-03,4,218.2,90.36,Processing
5264,261,201,2024-06-03,3,679.98,315.6,Processing
5265,118,147,2024-06-03,4,1288.76,616.8,Processing
5266,198,17,2024-06-03,3,818.25,566.19,Processing
5267,244,12,2024-06-03,3,530.16,236.79,Completed
5268,292,19,2024-06-03,2,832.82,487.66,Shipped
5269,35,95,2024-06-03,1,103.2,55.17,Completed
5270,37,20,2024-06-04,5,2161.2,1238.8,Processing
5271,176,85,2024-06-04,4,459.92,202.24,Completed
5272,292,239,2024-06-04,1,296.2,180.28,Completed
5273,193,152,2024-06-04,2,837.9,481.58,Completed
5274,231,141,2024-06-04,4,1446.52,666.96,Completed
5275,95,16,2024-06-04,4,1621.96,1003.88,Shipped
5276,71,5,2024-06-04,3,650.22,265.89,Completed
5277,82,171,2024-06-04,1,399.72,187.18,Completed
5278,255,25,2024-06-04,2,642.98,327.56,Processing
5279,46,39,2024-06-04,3,1374.39,738.96,Completed
5280,104,147,2024-06-04,2,644.38,308.4,Processing
5281,221,232,2024-06-04,5,715.7,354.9,Completed
5282,273,146,2024-06-04,4,46.96,29.64,Completed
5283,111,19,2024-06-05,2,832.82,487.66,Completed
5284,248,60,2024-06-05,1,308.4,137.5,Processing
5285,95,34,2024-06-05,4,488.92,200.28,Processing
5286,15,118,2024-06-05,3,375.75,163.8,Processing
5287,272,137,2024-06-05,5,1675.3,1142.0,Completed
5288,279,108,2024-06-05,3,1437.27,1004.13,Completed
5289,107,241,2024-06-05,5,981.95,394.5,Shipped
5290,159,52,2024-06-05,1,344.04,193.04,Processing
5291,196,85,2024-06-05,3,344.94,151.68,Completed
5292,263,173,2024-06-05,5,854.25,563.2,Processing
5293,94,60,2024-06-05,1,308.4,137.5,Completed
5294,82,31,2024-06-05,5,2474.35,1464.8,Completed
5295,13,199,2024-06-05,3,661.95,379.95,Completed
5296,194,70,2024-06-05,3,1155.78,506.82,Completed
5297,234,205,2024-06-05,3,960.42,480.75,Completed
5298,26,1,2024-06-05,2,646.64,263.5,Completed
5299,288,119,2024-06-05,4,1784.96,845.84,Completed
5300,279,171,2024-06-05,4,1598.88,748.72,Completed
5301,153,147,2024-06-05,4,1288.76,616.8,Completed
5302,159,227,2024-06-05,1,242.59,115.9,Completed
5303,198,228,2024-06-06,3,393.45,232.65,Completed
5304,18,66,2024-06-06,3,482.04,201.18,Completed
5305,209,63,2024-06-06,3,30.84,15.33,Completed
5306,113,121,2024-06-06,2,430.84,247.78,Completed
5307,198,250,2024-06-06,3,717.06,314.28,Completed
5308,96,247,2024-06-06,4,894.24,365.48,Completed
5309,57,226,2024-06-06,5,2248.15,1400.8,Processing
5310,71,146,2024-06-06,4,46.96,29.64,Completed
5311,106,13,2024-06-06,3,1437.09,719.94,Completed
5312,5,46,2024-06-06,3,191.19,112.47,Completed
5313,83,136,2024-06-06,2,820.76,402.02,Completed
5314,219,77,2024-06-07,2,449.34,249.5,Cancelled
5315,161,158,2024-06-07,3,1176.78,782.85,Shipped
5316,287,216,2024-06-07,5,311.15,164.15,Processing
5317,202,90,2024-06-07,3,652.65,352.5,Completed
5318,223,64,2024-06-07,3,58.62,39.78,Cancelled
5319,135,224,2024-06-07,3,1087.32,599.58,Processing
5320,158,182,2024-06-07,3,921.12,509.76,Processing
5321,157,157,2024-06-07,1,132.27,56.99,Completed
5322,126,193,2024-06-07,5,1035.9,506.25,Completed
5323,133,71,2024-06-07,5,1214.45,686.1,Completed
5324,116,148,2024-06-07,3,1119.6,633.15,Shipped
5325,9,135,2024-06-08,5,1652.25,664.8,Completed
5326,115,13,2024-06-08,5,2395.15,1199.9,Completed
5327,216,33,2024-06-08,5,2115.0,1338.35,Processing
5328,112,148,2024-06-08,5,1866.0,1055.25,Processing
5329,299,220,2024-06-09,3,701.01,448.95,Completed
5330,81,27,2024-06-09,1,140.82,95.9,Cancelled
5331,293,115,2024-06-09,2,174.28,119.94,Completed
5332,89,30,2024-06-09,4,360.28,185.12,Processing
5333,246,84,2024-06-09,3,379.86,228.18,Shipped
5334,266,90,2024-06-09,2,435.1,235.0,Completed
5335,190,87,2024-06-10,4,966.44,614.08,Shipped
5336,68,220,2024-06-10,2,467.34,299.3,Completed
5337,6,11,2024-06-10,3,1214.55,740.19,Completed
5338,222,218,2024-06-10,3,791.4,328.47,Completed
5339,33,38,2024-06-10,5,1655.8,858.85,Completed
5340,28,211,2024-06-10,1,213.08,125.49,Completed
5341,183,28,2024-06-10,2,655.08,381.74,Processing
5342,105,188,2024-06-10,4,753.88,317.36,Completed
5343,202,222,2024-06-10,3,905.31,620.16,Completed
5344,201,49,2024-06-10,3,1494.3,834.93,Completed
5345,242,247,2024-06-10,1,223.56,91.37,Completed
5346,221,249,2024-06-10,1,208.12,93.55,Shipped
5347,112,242,2024-06-10,1,182.36,114.17,Completed
5348,185,142,2024-06-10,3,962.34,461.16,Completed
5349,168,102,2024-06-10,4,1703.44,766.36,Completed
5350,38,58,2024-06-10,5,2285.95,1511.35,Completed
5351,25,227,2024-06-10,2,485.18,231.8,Completed
5352,94,49,2024-06-10,4,1992.4,1113.24,Completed
5353,18,220,2024-06-11,2,467.34,299.3,Completed
5354,235,75,2024-06-11,2,217.12,107.16,Completed
5355,107,168,2024-06-11,1,437.36,287.6,Completed
5356,119,170,2024-06-11,4,942.2,463.16,Processing
5357,213,130,2024-06-11,4,559.8,380.64,Processing
5358,277,213,2024-06-11,1,252.24,119.36,Completed
5359,161,182,2024-06-11,2,614.08,339.84,Completed
5360,144,98,2024-06-11,5,1135.65,747.7,Cancelled
5361,79,227,2024-06-11,1,242.59,115.9,Processing
5362,225,228,2024-06-12,3,393.45,232.65,Completed
5363,135,49,2024-06-12,1,498.1,278.31,Completed
5364,164,15,2024-06-12,2,850.54,494.26,Completed
5365,188,243,2024-06-12,1,428.19,293.75,Completed
5366,287,157,2024-06-12,3,396.81,170.97,Completed
5367,174,47,2024-06-12,4,1592.48,838.68,Processing
5368,82,51,2024-06-12,2,31.26,19.26,Completed
5369,79,160,2024-06-12,2,171.46,116.42,Completed
5370,9,35,2024-06-12,3,493.71,237.15,Completed
5371,56,56,2024-06-12,2,878.34,420.74,Shipped
5372,118,6,2024-06-12,2,234.26,129.22,Completed
5373,210,120,2024-06-12,4,1205.24,706.04,Completed
5374,63,172,2024-06-12,4,86.4,39.56,Processing
5375,187,239,2024-06-12,1,296.2,180.28,Completed
5376,219,37,2024-06-12,4,1757.68,869.0,Processing
5377,178,193,2024-06-12,3,621.54,303.75,Completed
5378,30,45,2024-06-12,3,163.65,67.77,Processing
5379,108,15,2024-06-12,1,425.27,247.13,Shipped
5380,89,234,2024-06-12,2,246.64,150.0,Processing
5381,285,198,2024-06-12,3,30.6,14.88,Shipped
5382,121,8,2024-06-13,2,656.88,370.14,Completed
5383,68,12,2024-06-13,2,353.44,157.86,Completed
5384,235,18,2024-06-13,5,977.4,552.85,Shipped
5385,9,24,2024-06-13,4,237.96,115.04,Processing
5386,84,170,2024-06-13,2,471.1,231.58,Completed
5387,192,15,2024-06-13,4,1701.08,988.52,Shipped
5388,212,235,2024-06-13,3,1068.45,447.96,Processing
5389,280,119,2024-06-13,1,446.24,211.46,Shipped
5390,244,165,2024-06-13,4,1612.4,1062.92,Completed
5391,134,106,2024-06-13,1,139.95,88.9,Processing
5392,136,13,2024-06-14,4,1916.12,959.92,Completed
5393,278,59,2024-06-14,5,781.2,462.2,Shipped
5394,226,40,2024-06-14,4,559.16,265.04,Processing
5395,174,130,2024-06-14,1,139.95,95.16,Completed
5396,163,154,2024-06-14,1,161.05,107.85,Shipped
5397,300,201,2024-06-14,3,679.98,315.6,Completed
5398,274,73,2024-06-14,3,652.02,302.25,Shipped
5399,76,243,2024-06-14,2,856.38,587.5,Completed
5400,97,116,2024-06-14,5,246.25,112.25,Processing
5401,40,204,2024-06-14,2,103.1,57.18,Completed
5402,45,13,2024-06-15,1,479.03,239.98,Completed
5403,263,11,2024-06-15,2,809.7,493.46,Processing
5404,284,107,2024-06-16,5,1164.75,613.7,Completed
5405,38,117,2024-06-16,1,301.57,181.72,Shipped
5406,249,75,2024-06-16,1,108.56,53.58,Processing
5407,116,154,2024-06-16,2,322.1,215.7,Completed
5408,129,178,2024-06-16,3,1456.5,660.63,Completed
5409,163,189,2024-06-16,1,335.48,167.42,Completed
5410,89,45,2024-06-16,2,109.1,45.18,Shipped
5411,131,64,2024-06-17,2,39.08,26.52,Completed
5412,94,42,2024-06-17,1,296.45,198.43,Completed
5413,149,39,2024-06-17,2,916.26,492.64,Completed
5414,91,97,2024-06-17,3,397.23,268.92,Processing
5415,134,152,2024-06-17,4,1675.8,963.16,Shipped
5416,99,233,2024-06-17,2,549.34,242.54,Processing
5417,1,178,2024-06-17,5,2427.5,1101.05,Shipped
5418,104,250,2024-06-17,3,717.06,314.28,Completed
5419,227,225,2024-06-17,1,416.98,235.33,Completed
5420,266,128,2024-06-17,5,2496.2,1744.4,Completed
5421,170,4,2024-06-17,3,1341.51,571.59,Completed
5422,86,3,2024-06-17,3,1112.61,670.92,Processing
5423,194,197,2024-06-17,5,787.35,444.35,Processing
5424,37,157,2024-06-17,3,396.81,170.97,Completed
5425,230,128,2024-06-17,3,1497.72,1046.64,Processing
5426,94,102,2024-06-17,4,1703.44,766.36,Processing
5427,108,41,2024-06-17,5,1425.35,682.5,Processing
5428,120,69,2024-06-18,2,87.82,55.16,Completed
5429,255,122,2024-06-18,3,798.48,543.3,Processing
5430,82,234,2024-06-18,3,369.96,225.0,Completed
5431,9,108,2024-06-18,1,479.09,334.71,Shipped
5432,179,139,2024-06-18,1,62.45,35.34,Completed
5433,69,8,2024-06-18,3,985.32,555.21,Completed
5434,81,39,2024-06-18,5,2290.65,1231.6,Completed
5435,37,83,2024-06-18,4,1724.88,726.6,Completed
5436,78,152,2024-06-18,3,1256.85,722.37,Completed
5437,298,103,2024-06-18,2,495.92,230.16,Completed
5438,238,172,2024-06-18,2,43.2,19.78,Processing
5439,89,212,2024-06-18,5,526.35,320.5,Processing
5440,93,11,2024-06-18,4,1619.4,986.92,Completed
5441,172,170,2024-06-18,3,706.65,347.37,Processing
5442,14,166,2024-06-18,5,2036.35,977.55,Completed
5443,100,53,2024-06-18,1,140.74,83.36,Completed
5444,276,195,2024-06-18,1,470.78,283.97,Completed
5445,294,137,2024-06-18,2,670.12,456.8,Processing
5446,33,210,2024-06-19,1,426.37,179.86,Completed
5447,78,25,2024-06-19,2,642.98,327.56,Processing
5448,191,192,2024-06-19,3,484.65,253.23,Completed
5449,58,183,2024-06-19,3,596.25,341.64,Completed
5450,223,140,2024-06-19,4,573.8,333.64,Completed
5451,206,77,2024-06-19,1,224.67,124.75,Completed
5452,299,29,2024-06-19,5,469.3,290.35,Completed
5453,285,138,2024-06-19,1,75.8,32.94,Completed
5454,157,193,2024-06-19,2,414.36,202.5,Shipped
5455,1,11,2024-06-19,4,1619.4,986.92,Completed
5456,227,164,2024-06-20,5,863.85,586.75,Completed
5457,161,134,2024-06-20,3,929.16,646.86,Processing
5458,199,164,2024-06-20,4,691.08,469.4,Completed
5459,205,192,2024-06-20,3,484.65,253.23,Processing
5460,61,153,2024-06-20,4,330.28,144.72,Processing
5461,112,76,2024-06-20,2,995.24,592.14,Completed
5462,73,184,2024-06-20,4,539.24,330.36,Shipped
5463,92,20,2024-06-20,2,864.48,495.52,Completed
5464,157,177,2024-06-20,1,470.23,204.36,Completed
5465,84,157,2024-06-20,3,396.81,170.97,Completed
5466,58,73,2024-06-20,4,869.36,403.0,Shipped
5467,291,198,2024-06-20,1,10.2,4.96,Completed
5468,229,40,2024-06-20,4,559.16,265.04,Completed
5469,143,148,2024-06-20,5,1866.0,1055.25,Completed
5470,83,132,2024-06-20,2,382.14,170.94,Completed
5471,282,6,2024-06-20,1,117.13,64.61,Completed
5472,222,109,2024-06-20,4,1129.32,695.12,Completed
5473,87,181,2024-06-20,1,366.99,181.33,Completed
5474,179,240,2024-06-20,2,859.6,541.28,Processing
5475,277,87,2024-06-20,2,483.22,307.04,Completed
5476,50,1,2024-06-21,3,969.96,395.25,Processing
5477,168,208,2024-06-21,2,215.14,87.64,Completed
5478,272,231,2024-06-21,2,95.94,46.6,Completed
5479,1,240,2024-06-21,3,1289.4,811.92,Completed
5480,83,237,2024-06-21,4,854.92,395.0,Shipped
5481,88,169,2024-06-21,5,594.95,383.75,Processing
5482,32,16,2024-06-21,4,1621.96,1003.88,Completed
5483,222,42,2024-06-21,4,1185.8,793.72,Processing
5484,125,220,2024-06-21,2,467.34,299.3,Completed
5485,285,228,2024-06-21,2,262.3,155.1,Shipped
5486,257,157,2024-06-21,4,529.08,227.96,Processing
5487,110,209,2024-06-22,4,519.88,282.04,Completed
5488,43,130,2024-06-22,3,419.85,285.48,Processing
5489,278,234,2024-06-22,4,493.28,300.0,Completed
5490,54,64,2024-06-23,4,78.16,53.04,Completed
5491,56,1,2024-06-23,1,323.32,131.75,Completed
5492,259,203,2024-06-23,2,800.1,360.78,Completed
5493,116,184,2024-06-23,5,674.05,412.95,Completed
5494,277,218,2024-06-23,5,1319.0,547.45,Processing
5495,179,230,2024-06-24,2,634.22,305.94,Completed
5496,33,136,2024-06-24,4,1641.52,804.04,Completed
5497,11,104,2024-06-24,4,826.04,344.96,Completed
5498,49,167,2024-06-24,1,395.81,171.16,Completed
5499,190,212,2024-06-24,5,526.35,320.5,Completed
5500,276,134,2024-06-24,1,309.72,215.62,Shipped
5501,137,64,2024-06-24,1,19.54,13.26,Processing
5502,240,156,2024-06-24,4,1801.88,834.32,Cancelled
5503,60,118,2024-06-24,5,626.25,273.0,Processing
5504,181,249,2024-06-24,5,1040.6,467.75,Completed
5505,274,165,2024-06-24,2,806.2,531.46,Completed
5506,154,90,2024-06-24,4,870.2,470.0,Completed
5507,78,180,2024-06-25,4,252.48,133.92,Completed
5508,205,137,2024-06-25,4,1340.24,913.6,Processing
5509,182,148,2024-06-25,1,373.2,211.05,Completed
5510,230,53,2024-06-25,3,422.22,250.08,Processing
5511,290,229,2024-06-25,2,770.5,428.7,Completed
5512,140,172,2024-06-26,4,86.4,39.56,Processing
5513,5,196,2024-06-26,4,1809.48,1057.92,Processing
5514,70,149,2024-06-26,5,1097.85,442.3,Completed
5515,138,161,2024-06-26,4,1734.64,1201.88,Completed
5516,211,109,2024-06-26,5,1411.65,868.9,Cancelled
5517,156,17,2024-06-26,4,1091.0,754.92,Completed
5518,203,125,2024-06-26,1,339.13,166.17,Completed
5519,284,201,2024-06-26,5,1133.3,526.0,Completed
5520,255,66,2024-06-26,5,803.4,335.3,Completed
5521,293,73,2024-06-26,4,869.36,403.0,Completed
5522,261,50,2024-06-26,5,2429.15,1598.95,Shipped
5523,155,29,2024-06-26,4,375.44,232.28,Completed
5524,235,133,2024-06-27,3,1255.62,767.25,Completed
5525,298,138,2024-06-27,5,379.0,164.7,Completed
5526,195,75,2024-06-27,5,542.8,267.9,Completed
5527,136,75,2024-06-27,3,325.68,160.74,Completed
5528,86,170,2024-06-27,5,1177.75,578.95,Shipped
5529,6,84,2024-06-27,2,253.24,152.12,Completed
5530,17,42,2024-06-27,4,1185.8,793.72,Completed
5531,235,11,2024-06-27,4,1619.4,986.92,Completed
5532,284,155,2024-06-27,1,400.1,263.35,Completed
5533,279,46,2024-06-27,3,191.19,112.47,Completed
5534,130,92,2024-06-27,5,2461.2,1057.15,Completed
5535,114,1,2024-06-27,5,1616.6,658.75,Shipped
5536,294,143,2024-06-27,2,498.76,334.96,Shipped
5537,22,85,2024-06-27,4,459.92,202.24,Completed
5538,243,68,2024-06-28,1,51.97,28.37,Completed
5539,213,222,2024-06-28,2,603.54,413.44,Completed
5540,229,202,2024-06-28,3,725.58,486.39,Shipped
5541,25,1,2024-06-28,2,646.64,263.5,Completed
5542,177,185,2024-06-28,4,43.32,29.36,Processing
5543,207,27,2024-06-28,5,704.1,479.5,Shipped
5544,183,166,2024-06-28,2,814.54,391.02,Completed
5545,184,100,2024-06-28,3,1498.95,975.54,Completed
5546,134,197,2024-06-28,5,787.35,444.35,Completed
5547,225,139,2024-06-28,3,187.35,106.02,Completed
5548,292,14,2024-06-28,5,277.25,118.95,Processing
5549,10,168,2024-06-28,1,437.36,287.6,Completed
5550,213,225,2024-06-29,1,416.98,235.33,Completed
5551,105,110,2024-06-29,3,257.55,125.94,Shipped
5552,63,13,2024-06-29,2,958.06,479.96,Completed
5553,156,244,2024-06-30,3,645.96,403.23,Completed
5554,23,101,2024-06-30,4,1939.24,1314.64,Completed
5555,176,245,2024-06-30,4,1110.4,645.12,Completed
5556,206,210,2024-06-30,3,1279.11,539.58,Completed
5557,194,37,2024-07-01,2,878.84,434.5,Completed
5558,177,157,2024-07-01,5,661.35,284.95,Completed
5559,245,36,2024-07-01,3,340.14,232.26,Shipped
5560,92,48,2024-07-01,2,82.26,42.32,Completed
5561,5,85,2024-07-01,2,229.96,101.12,Completed
5562,151,113,2024-07-01,1,38.01,21.87,Completed
5563,246,231,2024-07-02,4,191.88,93.2,Completed
5564,148,176,2024-07-02,3,1472.28,825.75,Completed
5565,115,154,2024-07-02,4,644.2,431.4,Completed
5566,50,218,2024-07-02,2,527.6,218.98,Completed
5567,161,2,2024-07-02,4,579.04,270.4,Shipped
5568,71,74,2024-07-02,3,822.78,509.28,Processing
5569,112,27,2024-07-02,2,281.64,191.8,Processing
5570,29,1,2024-07-02,2,646.64,263.5,Completed
5571,95,243,2024-07-02,1,428.19,293.75,Shipped
5572,35,238,2024-07-02,4,863.48,579.8,Completed
5573,74,163,2024-07-02,4,88.6,55.0,Completed
5574,218,198,2024-07-02,3,30.6,14.88,Completed
5575,280,188,2024-07-02,2,376.94,158.68,Processing
5576,285,83,2024-07-02,3,1293.66,544.95,Completed
5577,93,150,2024-07-03,3,140.61,93.51,Completed
5578,178,36,2024-07-03,3,340.14,232.26,Completed
5579,60,129,2024-07-03,3,137.7,63.9,Completed
5580,44,115,2024-07-03,1,87.14,59.97,Completed
5581,27,136,2024-07-03,1,410.38,201.01,Completed
5582,48,67,2024-07-03,4,1760.88,1204.6,Completed
5583,138,121,2024-07-03,2,430.84,247.78,Processing
5584,110,92,2024-07-03,2,984.48,422.86,Completed
5585,271,188,2024-07-03,3,565.41,238.02,Completed
5586,237,31,2024-07-03,3,1484.61,878.88,Completed
5587,103,67,2024-07-04,3,1320.66,903.45,Shipped
5588,105,10,2024-07-04,3,1219.86,490.32,Completed
5589,262,137,2024-07-04,1,335.06,228.4,Completed
5590,64,136,2024-07-04,2,820.76,402.02,Completed
5591,36,177,2024-07-04,2,940.46,408.72,Completed
5592,267,236,2024-07-04,5,1048.6,590.15,Cancelled
5593,219,240,2024-07-04,1,429.8,270.64,Completed
5594,260,137,2024-07-04,2,670.12,456.8,Shipped
5595,286,18,2024-07-04,3,586.44,331.71,Processing
5596,246,140,2024-07-04,4,573.8,333.64,Completed
5597,147,212,2024-07-04,5,526.35,320.5,Completed
5598,162,176,2024-07-04,1,490.76,275.25,Completed
5599,63,114,2024-07-04,3,769.2,504.45,Completed
5600,109,238,2024-07-04,3,647.61,434.85,Processing
5601,248,208,2024-07-04,5,537.85,219.1,Completed
5602,263,145,2024-07-04,1,217.55,105.08,Completed
5603,245,49,2024-07-04,3,1494.3,834.93,Completed
5604,196,128,2024-07-04,1,499.24,348.88,Processing
5605,227,191,2024-07-04,4,1450.72,711.0,Shipped
5606,34,80,2024-07-05,2,245.52,114.42,Completed
5607,203,35,2024-07-05,5,822.85,395.25,Processing
5608,132,228,2024-07-05,4,524.6,310.2,Processing
5609,221,68,2024-07-05,3,155.91,85.11,Completed
5610,295,150,2024-07-05,1,46.87,31.17,Processing
5611,58,13,2024-07-05,5,2395.15,1199.9,Completed
5612,175,123,2024-07-05,2,220.18,135.38,Completed
5613,273,232,2024-07-05,2,286.28,141.96,Shipped
5614,175,42,2024-07-05,1,296.45,198.43,Processing
5615,277,153,2024-07-05,4,330.28,144.72,Processing
5616,149,232,2024-07-05,3,429.42,212.94,Completed
5617,151,100,2024-07-05,3,1498.95,975.54,Processing
5618,264,199,2024-07-05,5,1103.25,633.25,Completed
5619,235,150,2024-07-05,3,140.61,93.51,Completed
5620,288,234,2024-07-05,3,369.96,225.0,Shipped
5621,252,85,2024-07-05,5,574.9,252.8,Completed
5622,267,33,2024-07-05,5,2115.0,1338.35,Processing
5623,27,46,2024-07-06,2,127.46,74.98,Completed
5624,299,119,2024-07-06,5,2231.2,1057.3,Processing
5625,38,210,2024-07-06,2,852.74,359.72,Completed
5626,277,49,2024-07-06,5,2490.5,1391.55,Shipped
5627,232,231,2024-07-06,1,47.97,23.3,Completed
5628,169,193,2024-07-06,5,1035.9,506.25,Completed
5629,135,237,2024-07-06,3,641.19,296.25,Shipped
5630,137,204,2024-07-06,2,103.1,57.18,Completed
5631,82,134,2024-07-07,4,1238.88,862.48,Cancelled
5632,54,22,2024-07-07,2,243.34,118.46,Processing
5633,16,54,2024-07-07,5,323.3,171.5,Completed
5634,223,218,2024-07-07,5,1319.0,547.45,Completed
5635,42,148,2024-07-07,2,746.4,422.1,Processing
5636,252,214,2024-07-07,5,1657.35,665.7,Completed
5637,173,148,2024-07-07,1,373.2,211.05,Shipped
5638,12,189,2024-07-07,5,1677.4,837.1,Processing
5639,54,114,2024-07-08,4,1025.6,672.6,Completed
5640,190,81,2024-07-08,2,89.58,52.8,Completed
5641,218,237,2024-07-08,4,854.92,395.0,Completed
5642,114,211,2024-07-08,3,639.24,376.47,Completed
5643,161,191,2024-07-08,5,1813.4,888.75,Completed
5644,11,194,2024-07-08,4,289.48,152.32,Cancelled
5645,7,197,2024-07-08,3,472.41,266.61,Completed
5646,203,6,2024-07-08,1,117.13,64.61,Completed
5647,124,202,2024-07-08,5,1209.3,810.65,Completed
5648,128,246,2024-07-08,5,590.3,275.0,Completed
5649,158,35,2024-07-09,3,493.71,237.15,Completed
5650,125,186,2024-07-09,4,1095.36,674.56,Completed
5651,31,177,2024-07-09,5,2351.15,1021.8,Completed
5652,274,205,2024-07-09,1,320.14,160.25,Shipped
5653,63,11,2024-07-09,3,1214.55,740.19,Completed
5654,70,77,2024-07-09,2,449.34,249.5,Processing
5655,106,103,2024-07-09,1,247.96,115.08,Shipped
5656,272,128,2024-07-09,2,998.48,697.76,Completed
5657,206,36,2024-07-09,4,453.52,309.68,Completed
5658,179,131,2024-07-09,5,2208.1,1465.7,Completed
5659,126,54,2024-07-09,3,193.98,102.9,Completed
5660,31,181,2024-07-09,1,366.99,181.33,Processing
5661,279,83,2024-07-09,4,1724.88,726.6,Completed
5662,150,116,2024-07-09,2,98.5,44.9,Completed
5663,172,221,2024-07-09,4,1348.44,939.0,Shipped
5664,123,150,2024-07-09,4,187.48,124.68,Completed
5665,183,89,2024-07-09,1,57.5,30.44,Completed
5666,149,64,2024-07-09,4,78.16,53.04,Cancelled
5667,22,169,2024-07-09,2,237.98,153.5,Shipped
5668,123,121,2024-07-09,4,861.68,495.56,Completed
5669,82,140,2024-07-10,5,717.25,417.05,Completed
5670,194,105,2024-07-10,1,195.7,136.13,Completed
5671,128,76,2024-07-10,2,995.24,592.14,Completed
5672,194,207,2024-07-10,3,1019.01,476.28,Completed
5673,212,20,2024-07-10,1,432.24,247.76,Shipped
5674,166,163,2024-07-11,2,44.3,27.5,Completed
5675,154,105,2024-07-11,3,587.1,408.39,Completed
5676,192,247,2024-07-11,1,223.56,91.37,Completed
5677,287,140,2024-07-11,1,143.45,83.41,Completed
5678,110,3,2024-07-11,3,1112.61,670.92,Completed
5679,215,54,2024-07-11,4,258.64,137.2,Completed
5680,261,224,2024-07-11,1,362.44,199.86,Completed
5681,133,174,2024-07-11,3,1451.34,702.06,Completed
5682,271,194,2024-07-11,5,361.85,190.4,Completed
5683,163,204,2024-07-11,2,103.1,57.18,Shipped
5684,295,106,2024-07-11,5,699.75,444.5,Processing
5685,215,127,2024-07-11,4,182.2,97.92,Completed
5686,2,146,2024-07-11,2,23.48,14.82,Completed
5687,275,196,2024-07-11,3,1357.11,793.44,Shipped
5688,261,117,2024-07-11,3,904.71,545.16,Shipped
5689,180,29,2024-07-11,2,187.72,116.14,Shipped
5690,169,138,2024-07-11,4,303.2,131.76,Completed
5691,252,32,2024-07-11,4,1131.64,685.08,Completed
5692,101,6,2024-07-11,4,468.52,258.44,Shipped
5693,55,194,2024-07-12,4,289.48,152.32,Shipped
5694,139,199,2024-07-12,1,220.65,126.65,Completed
5695,107,152,2024-07-12,5,2094.75,1203.95,Processing
5696,34,130,2024-07-12,4,559.8,380.64,Completed
5697,241,114,2024-07-12,3,769.2,504.45,Cancelled
5698,114,188,2024-07-12,2,376.94,158.68,Completed
5699,146,195,2024-07-12,4,1883.12,1135.88,Completed
5700,129,25,2024-07-12,2,642.98,327.56,Processing
5701,7,160,2024-07-13,1,85.73,58.21,Shipped
5702,179,50,2024-07-13,5,2429.15,1598.95,Shipped
5703,215,249,2024-07-13,1,208.12,93.55,Completed
5704,66,102,2024-07-13,2,851.72,383.18,Completed
5705,86,249,2024-07-13,1,208.12,93.55,Shipped
5706,35,168,2024-07-13,2,874.72,575.2,Shipped
5707,44,157,2024-07-14,1,132.27,56.99,Processing
5708,183,116,2024-07-14,4,197.0,89.8,Completed
5709,138,195,2024-07-14,3,1412.34,851.91,Completed
5710,254,177,2024-07-15,5,2351.15,1021.8,Shipped
5711,140,26,2024-07-15,5,956.95,442.95,Completed
5712,139,96,2024-07-15,2,433.44,209.6,Shipped
5713,39,16,2024-07-15,5,2027.45,1254.85,Completed
5714,159,26,2024-07-15,2,382.78,177.18,Completed
5715,142,140,2024-07-15,4,573.8,333.64,Completed
5716,78,191,2024-07-16,4,1450.72,711.0,Cancelled
5717,295,105,2024-07-16,2,391.4,272.26,Completed
5718,192,21,2024-07-16,4,1420.96,587.92,Shipped
5719,74,48,2024-07-16,3,123.39,63.48,Completed
5720,110,45,2024-07-16,4,218.2,90.36,Completed
5721,274,213,2024-07-16,5,1261.2,596.8,Completed
5722,99,79,2024-07-16,4,702.64,405.08,Completed
5723,51,177,2024-07-16,4,1880.92,817.44,Completed
5724,244,4,2024-07-16,2,894.34,381.06,Completed
5725,230,178,2024-07-16,2,971.0,440.42,Completed
5726,78,200,2024-07-16,1,330.81,178.47,Completed
5727,172,200,2024-07-16,2,661.62,356.94,Completed
5728,213,185,2024-07-16,2,21.66,14.68,Completed
5729,185,51,2024-07-16,4,62.52,38.52,Cancelled
5730,299,8,2024-07-16,1,328.44,185.07,Completed
5731,244,155,2024-07-16,3,1200.3,790.05,Completed
5732,50,127,2024-07-16,2,91.1,48.96,Completed
5733,289,248,2024-07-16,1,174.7,105.47,Completed
5734,237,56,2024-07-16,5,2195.85,1051.85,Completed
5735,98,193,2024-07-16,1,207.18,101.25,Processing
5736,83,24,2024-07-17,1,59.49,28.76,Completed
5737,195,145,2024-07-17,1,217.55,105.08,Processing
5738,242,227,2024-07-17,1,242.59,115.9,Processing
5739,254,37,2024-07-17,2,878.84,434.5,Completed
5740,130,81,2024-07-17,3,134.37,79.2,Processing
5741,58,127,2024-07-17,1,45.55,24.48,Completed
5742,281,207,2024-07-17,1,339.67,158.76,Completed
5743,4,117,2024-07-17,3,904.71,545.16,Completed
5744,209,14,2024-07-17,2,110.9,47.58,Shipped
5745,155,76,2024-07-17,2,995.24,592.14,Completed
5746,48,166,2024-07-18,4,1629.08,782.04,Completed
5747,176,47,2024-07-18,2,796.24,419.34,Shipped
5748,139,194,2024-07-18,1,72.37,38.08,Completed
5749,9,150,2024-07-18,3,140.61,93.51,Completed
5750,229,205,2024-07-18,4,1280.56,641.0,Shipped
5751,193,158,2024-07-18,1,392.26,260.95,Completed
5752,94,108,2024-07-18,3,1437.27,1004.13,Completed
5753,116,237,2024-07-18,2,427.46,197.5,Completed
5754,41,167,2024-07-18,4,1583.24,684.64,Processing
5755,286,7,2024-07-19,2,46.0,21.14,Completed
5756,177,212,2024-07-19,3,315.81,192.3,Completed
5757,180,29,2024-07-19,4,375.44,232.28,Completed
5758,55,28,2024-07-19,5,1637.7,954.35,Processing
5759,164,245,2024-07-19,5,1388.0,806.4,Completed
5760,47,44,2024-07-19,4,1995.16,1103.04,Completed
5761,208,194,2024-07-19,3,217.11,114.24,Processing
5762,275,227,2024-07-19,4,970.36,463.6,Completed
5763,285,110,2024-07-19,5,429.25,209.9,Processing
5764,65,55,2024-07-19,4,929.28,637.64,Completed
5765,31,233,2024-07-19,1,274.67,121.27,Completed
5766,138,80,2024-07-19,4,491.04,228.84,Completed
5767,262,192,2024-07-19,2,323.1,168.82,Completed
5768,286,250,2024-07-19,1,239.02,104.76,Cancelled
5769,293,9,2024-07-20,4,472.08,272.28,Completed
5770,291,34,2024-07-20,1,122.23,50.07,Completed
5771,26,104,2024-07-21,5,1032.55,431.2,Processing
5772,271,239,2024-07-21,2,592.4,360.56,Completed
5773,102,202,2024-07-22,3,725.58,486.39,Cancelled
5774,143,139,2024-07-22,3,187.35,106.02,Completed
5775,139,115,2024-07-22,1,87.14,59.97,Completed
5776,61,58,2024-07-22,5,2285.95,1511.35,Cancelled
5777,211,82,2024-07-22,3,366.54,246.18,Completed
5778,76,183,2024-07-22,1,198.75,113.88,Completed
5779,86,52,2024-07-22,4,1376.16,772.16,Processing
5780,76,222,2024-07-22,1,301.77,206.72,Completed
5781,169,1,2024-07-22,2,646.64,263.5,Processing
5782,32,6,2024-07-23,1,117.13,64.61,Completed
5783,193,64,2024-07-23,3,58.62,39.78,Processing
5784,207,117,2024-07-23,2,603.14,363.44,Completed
5785,3,1,2024-07-23,5,1616.6,658.75,Completed
5786,291,24,2024-07-23,1,59.49,28.76,Completed
5787,2,6,2024-07-24,5,585.65,323.05,Cancelled
5788,48,99,2024-07-24,5,1398.3,580.55,Processing
5789,78,211,2024-07-24,2,426.16,250.98,Completed
5790,254,52,2024-07-24,4,1376.16,772.16,Processing
5791,298,173,2024-07-24,5,854.25,563.2,Shipped
5792,296,187,2024-07-24,4,1494.24,898.32,Processing
5793,23,100,2024-07-24,1,499.65,325.18,Completed
5794,173,77,2024-07-24,5,1123.35,623.75,Cancelled
5795,43,242,2024-07-24,5,911.8,570.85,Completed
5796,133,100,2024-07-24,2,999.3,650.36,Completed
5797,12,236,2024-07-24,5,1048.6,590.15,Shipped
5798,264,71,2024-07-24,2,485.78,274.44,Completed
5799,61,228,2024-07-24,1,131.15,77.55,Processing
5800,126,244,2024-07-24,4,861.28,537.64,Completed
5801,50,134,2024-07-24,1,309.72,215.62,Completed
5802,285,166,2024-07-24,3,1221.81,586.53,Processing
5803,169,129,2024-07-24,2,91.8,42.6,Processing
5804,77,250,2024-07-25,1,239.02,104.76,Completed
5805,134,207,2024-07-25,1,339.67,158.76,Completed
5806,105,83,2024-07-25,2,862.44,363.3,Completed
5807,211,8,2024-07-25,4,1313.76,740.28,Completed
5808,295,156,2024-07-25,5,2252.35,1042.9,Completed
5809,298,228,2024-07-25,3,393.45,232.65,Shipped
5810,222,114,2024-07-25,2,512.8,336.3,Processing
5811,49,15,2024-07-25,5,2126.35,1235.65,Completed
5812,9,208,2024-07-25,2,215.14,87.64,Processing
5813,277,234,2024-07-25,1,123.32,75.0,Processing
5814,78,236,2024-07-25,2,419.44,236.06,Processing
5815,263,115,2024-07-25,5,435.7,299.85,Shipped
5816,148,248,2024-07-25,1,174.7,105.47,Completed
5817,201,37,2024-07-25,1,439.42,217.25,Completed
5818,255,68,2024-07-26,3,155.91,85.11,Shipped
5819,240,59,2024-07-26,3,468.72,277.32,Processing
5820,99,106,2024-07-26,3,419.85,266.7,Completed
5821,114,89,2024-07-26,4,230.0,121.76,Completed
5822,151,23,2024-07-26,2,98.2,46.14,Processing
5823,287,244,2024-07-26,2,430.64,268.82,Completed
5824,170,28,2024-07-26,5,1637.7,954.35,Completed
5825,36,161,2024-07-27,2,867.32,600.94,Processing
5826,168,89,2024-07-27,5,287.5,152.2,Completed
5827,204,30,2024-07-27,1,90.07,46.28,Completed
5828,89,57,2024-07-27,1,255.29,115.8,Completed
5829,210,7,2024-07-27,1,23.0,10.57,Completed
5830,125,134,2024-07-28,2,619.44,431.24,Completed
5831,16,23,2024-07-28,2,98.2,46.14,Completed
5832,66,146,2024-07-28,4,46.96,29.64,Completed
5833,46,33,2024-07-28,1,423.0,267.67,Processing
5834,136,243,2024-07-28,5,2140.95,1468.75,Processing
5835,6,128,2024-07-28,4,1996.96,1395.52,Completed
5836,115,245,2024-07-29,3,832.8,483.84,Completed
5837,24,249,2024-07-29,3,624.36,280.65,Processing
5838,74,113,2024-07-29,4,152.04,87.48,Cancelled
5839,154,99,2024-07-29,1,279.66,116.11,Completed
5840,46,86,2024-07-29,2,936.8,535.2,Completed
5841,256,185,2024-07-29,2,21.66,14.68,Cancelled
5842,159,126,2024-07-29,2,329.86,206.34,Completed
5843,180,143,2024-07-29,4,997.52,669.92,Completed
5844,210,137,2024-07-29,2,670.12,456.8,Completed
5845,163,194,2024-07-29,1,72.37,38.08,Processing
5846,65,212,2024-07-29,4,421.08,256.4,Processing
5847,94,101,2024-07-29,4,1939.24,1314.64,Cancelled
5848,261,101,2024-07-29,4,1939.24,1314.64,Processing
5849,199,240,2024-07-29,3,1289.4,811.92,Shipped
5850,205,244,2024-07-29,2,430.64,268.82,Shipped
5851,40,245,2024-07-30,5,1388.0,806.4,Shipped
5852,210,219,2024-07-30,5,660.55,432.35,Completed
5853,139,203,2024-07-30,5,2000.25,901.95,Completed
5854,240,213,2024-07-30,1,252.24,119.36,Processing
5855,297,16,2024-07-30,2,810.98,501.94,Completed
5856,19,106,2024-07-30,1,139.95,88.9,Shipped
5857,156,129,2024-07-30,5,229.5,106.5,Completed
5858,155,250,2024-07-30,2,478.04,209.52,Completed
5859,161,222,2024-07-30,3,905.31,620.16,Shipped
5860,158,14,2024-07-30,3,166.35,71.37,Processing
5861,194,141,2024-07-30,2,723.26,333.48,Shipped
5862,78,23,2024-07-30,3,147.3,69.21,Processing
5863,222,216,2024-07-30,3,186.69,98.49,Processing
5864,84,92,2024-07-31,3,1476.72,634.29,Completed
5865,89,5,2024-07-31,4,866.96,354.52,Processing
5866,142,206,2024-07-31,3,1233.09,771.09,Processing
5867,46,197,2024-07-31,1,157.47,88.87,Completed
5868,253,199,2024-07-31,2,441.3,253.3,Completed
5869,42,136,2024-07-31,2,820.76,402.02,Completed
5870,2,220,2024-07-31,4,934.68,598.6,Completed
5871,116,87,2024-07-31,5,1208.05,767.6,Processing
5872,257,224,2024-07-31,5,1812.2,999.3,Shipped
5873,34,136,2024-07-31,5,2051.9,1005.05,Completed
5874,215,138,2024-07-31,1,75.8,32.94,Cancelled
5875,208,67,2024-07-31,1,440.22,301.15,Completed
5876,51,210,2024-07-31,1,426.37,179.86,Cancelled
5877,94,24,2024-07-31,2,118.98,57.52,Shipped
5878,190,80,2024-07-31,2,245.52,114.42,Processing
5879,143,22,2024-07-31,2,243.34,118.46,Completed
5880,61,182,2024-08-01,4,1228.16,679.68,Completed
5881,271,109,2024-08-01,1,282.33,173.78,Shipped
5882,123,128,2024-08-01,2,998.48,697.76,Completed
5883,259,99,2024-08-01,1,279.66,116.11,Cancelled
5884,104,42,2024-08-01,1,296.45,198.43,Cancelled
5885,54,153,2024-08-02,4,330.28,144.72,Completed
5886,26,21,2024-08-02,1,355.24,146.98,Shipped
5887,17,241,2024-08-02,1,196.39,78.9,Completed
5888,244,209,2024-08-02,1,129.97,70.51,Completed
5889,255,192,2024-08-02,1,161.55,84.41,Completed
5890,239,196,2024-08-02,5,2261.85,1322.4,Completed
5891,54,227,2024-08-02,4,970.36,463.6,Shipped
5892,80,195,2024-08-02,3,1412.34,851.91,Processing
5893,27,185,2024-08-02,5,54.15,36.7,Completed
5894,298,166,2024-08-02,3,1221.81,586.53,Shipped
5895,239,211,2024-08-02,5,1065.4,627.45,Completed
5896,5,161,2024-08-03,1,433.66,300.47,Completed
5897,225,88,2024-08-03,2,811.34,370.88,Completed
5898,85,181,2024-08-03,1,366.99,181.33,Completed
5899,86,143,2024-08-03,5,1246.9,837.4,Processing
5900,228,134,2024-08-04,1,309.72,215.62,Completed
5901,240,154,2024-08-04,1,161.05,107.85,Processing
5902,240,29,2024-08-04,4,375.44,232.28,Completed
5903,15,142,2024-08-04,5,1603.9,768.6,Completed
5904,241,250,2024-08-04,2,478.04,209.52,Completed
5905,104,174,2024-08-04,5,2418.9,1170.1,Shipped
5906,197,65,2024-08-04,4,1762.28,1144.6,Completed
5907,62,138,2024-08-04,2,151.6,65.88,Completed
5908,21,115,2024-08-05,4,348.56,239.88,Completed
5909,55,231,2024-08-05,1,47.97,23.3,Completed
5910,147,141,2024-08-05,1,361.63,166.74,Processing
5911,282,94,2024-08-05,3,1296.66,615.39,Completed
5912,257,9,2024-08-05,1,118.02,68.07,Completed
5913,132,172,2024-08-05,3,64.8,29.67,Completed
5914,70,55,2024-08-05,4,929.28,637.64,Cancelled
5915,84,249,2024-08-05,1,208.12,93.55,Completed
5916,20,203,2024-08-05,4,1600.2,721.56,Processing
5917,196,142,2024-08-05,3,962.34,461.16,Shipped
5918,133,102,2024-08-05,4,1703.44,766.36,Completed
5919,227,175,2024-08-05,3,972.99,505.86,Completed
5920,126,148,2024-08-06,3,1119.6,633.15,Processing
5921,73,23,2024-08-06,3,147.3,69.21,Completed
5922,60,215,2024-08-06,4,1511.88,954.0,Shipped
5923,75,100,2024-08-06,1,499.65,325.18,Completed
5924,5,56,2024-08-06,2,878.34,420.74,Completed
5925,268,197,2024-08-06,3,472.41,266.61,Shipped
5926,81,73,2024-08-06,2,434.68,201.5,Processing
5927,58,159,2024-08-06,5,1045.6,612.95,Shipped
5928,148,139,2024-08-07,3,187.35,106.02,Completed
5929,113,7,2024-08-07,1,23.0,10.57,Completed
5930,55,190,2024-08-07,4,655.28,428.8,Processing
5931,39,209,2024-08-07,1,129.97,70.51,Completed
5932,118,12,2024-08-07,2,353.44,157.86,Completed
5933,37,97,2024-08-07,4,529.64,358.56,Processing
5934,282,100,2024-08-07,3,1498.95,975.54,Completed
5935,126,60,2024-08-07,5,1542.0,687.5,Shipped
5936,120,80,2024-08-07,5,613.8,286.05,Completed
5937,167,5,2024-08-08,1,216.74,88.63,Shipped
5938,142,234,2024-08-08,4,493.28,300.0,Completed
5939,80,126,2024-08-08,5,824.65,515.85,Shipped
5940,300,202,2024-08-08,4,967.44,648.52,Shipped
5941,63,82,2024-08-08,4,488.72,328.24,Completed
5942,165,191,2024-08-09,1,362.68,177.75,Completed
5943,40,232,2024-08-09,4,572.56,283.92,Shipped
5944,169,207,2024-08-09,1,339.67,158.76,Completed
5945,191,196,2024-08-09,5,2261.85,1322.4,Completed
5946,51,88,2024-08-09,3,1217.01,556.32,Completed
5947,193,219,2024-08-09,1,132.11,86.47,Processing
5948,237,42,2024-08-09,2,592.9,396.86,Processing
5949,10,40,2024-08-09,3,419.37,198.78,Processing
5950,223,195,2024-08-09,3,1412.34,851.91,Processing
5951,217,198,2024-08-09,4,40.8,19.84,Completed
5952,19,92,2024-08-09,1,492.24,211.43,Completed
5953,14,118,2024-08-09,2,250.5,109.2,Completed
5954,257,119,2024-08-09,1,446.24,211.46,Completed
5955,135,194,2024-08-09,4,289.48,152.32,Completed
5956,118,124,2024-08-09,1,126.96,65.86,Completed
5957,163,79,2024-08-10,2,351.32,202.54,Completed
5958,96,228,2024-08-10,4,524.6,310.2,Completed
5959,38,216,2024-08-10,3,186.69,98.49,Completed
5960,167,181,2024-08-10,4,1467.96,725.32,Processing
5961,197,13,2024-08-10,2,958.06,479.96,Completed
5962,133,198,2024-08-11,4,40.8,19.84,Processing
5963,207,38,2024-08-11,4,1324.64,687.08,Completed
5964,265,214,2024-08-11,3,994.41,399.42,Cancelled
5965,230,107,2024-08-11,4,931.8,490.96,Completed
5966,229,168,2024-08-12,4,1749.44,1150.4,Processing
5967,74,123,2024-08-12,1,110.09,67.69,Shipped
5968,106,242,2024-08-12,3,547.08,342.51,Completed
5969,281,248,2024-08-12,4,698.8,421.88,Completed
5970,71,92,2024-08-12,5,2461.2,1057.15,Completed
5971,259,214,2024-08-13,4,1325.88,532.56,Processing
5972,209,230,2024-08-13,1,317.11,152.97,Processing
5973,265,236,2024-08-13,5,1048.6,590.15,Cancelled
5974,120,46,2024-08-13,1,63.73,37.49,Processing
5975,190,200,2024-08-13,2,661.62,356.94,Completed
5976,178,202,2024-08-13,1,241.86,162.13,Processing
5977,75,122,2024-08-13,2,532.32,362.2,Completed
5978,43,245,2024-08-13,3,832.8,483.84,Completed
5979,231,110,2024-08-13,3,257.55,125.94,Processing
5980,161,50,2024-08-13,3,1457.49,959.37,Completed
5981,30,189,2024-08-13,4,1341.92,669.68,Completed
5982,238,128,2024-08-13,3,1497.72,1046.64,Completed
5983,82,112,2024-08-13,1,275.68,172.13,Completed
5984,15,62,2024-08-13,5,1957.65,1094.55,Completed
5985,93,123,2024-08-13,2,220.18,135.38,Shipped
5986,67,117,2024-08-13,2,603.14,363.44,Completed
5987,91,45,2024-08-13,2,109.1,45.18,Completed
5988,55,195,2024-08-13,1,470.78,283.97,Shipped
5989,251,110,2024-08-14,5,429.25,209.9,Completed
5990,252,28,2024-08-14,4,1310.16,763.48,Completed
5991,151,41,2024-08-14,5,1425.35,682.5,Shipped
5992,191,30,2024-08-14,3,270.21,138.84,Completed
5993,283,104,2024-08-14,5,1032.55,431.2,Completed
5994,17,96,2024-08-14,2,433.44,209.6,Shipped
5995,218,245,2024-08-14,5,1388.0,806.4,Completed
5996,300,220,2024-08-14,2,467.34,299.3,Completed
5997,93,192,2024-08-14,4,646.2,337.64,Cancelled
5998,292,204,2024-08-14,5,257.75,142.95,Completed
5999,137,48,2024-08-14,4,164.52,84.64,Completed
6000,40,16,2024-08-14,4,1621.96,1003.88,Completed
6001,37,116,2024-08-14,4,197.0,89.8,Shipped
6002,10,236,2024-08-14,2,419.44,236.06,Shipped
6003,42,103,2024-08-14,2,495.92,230.16,Completed
6004,21,228,2024-08-14,3,393.45,232.65,Processing
6005,150,150,2024-08-15,2,93.74,62.34,Completed
6006,212,214,2024-08-15,4,1325.88,532.56,Completed
6007,144,97,2024-08-15,5,662.05,448.2,Completed
6008,58,221,2024-08-15,4,1348.44,939.0,Completed
6009,143,201,2024-08-15,4,906.64,420.8,Completed
6010,124,235,2024-08-15,5,1780.75,746.6,Completed
6011,289,9,2024-08-16,4,472.08,272.28,Processing
6012,167,67,2024-08-16,1,440.22,301.15,Completed
6013,180,158,2024-08-16,5,1961.3,1304.75,Shipped
6014,282,84,2024-08-16,1,126.62,76.06,Processing
6015,113,189,2024-08-16,5,1677.4,837.1,Completed
6016,237,180,2024-08-16,2,126.24,66.96,Cancelled
6017,253,47,2024-08-16,5,1990.6,1048.35,Shipped
6018,82,230,2024-08-16,5,1585.55,764.85,Completed
6019,199,57,2024-08-16,3,765.87,347.4,Processing
6020,153,250,2024-08-16,5,1195.1,523.8,Shipped
6021,31,33,2024-08-16,4,1692.0,1070.68,Processing
6022,232,102,2024-08-16,3,1277.58,574.77,Shipped
6023,86,142,2024-08-17,3,962.34,461.16,Completed
6024,106,151,2024-08-17,4,1811.72,1021.24,Completed
6025,192,6,2024-08-17,4,468.52,258.44,Processing
6026,259,220,2024-08-17,5,1168.35,748.25,Completed
6027,2,108,2024-08-17,4,1916.36,1338.84,Cancelled
6028,212,217,2024-08-18,1,96.18,66.11,Completed
6029,280,3,2024-08-18,1,370.87,223.64,Completed
6030,88,153,2024-08-18,1,82.57,36.18,Completed
6031,40,232,2024-08-18,3,429.42,212.94,Processing
6032,154,226,2024-08-18,2,899.26,560.32,Processing
6033,144,67,2024-08-18,5,2201.1,1505.75,Completed
6034,18,150,2024-08-18,2,93.74,62.34,Completed
6035,81,90,2024-08-18,2,435.1,235.0,Completed
6036,4,246,2024-08-19,2,236.12,110.0,Completed
6037,35,11,2024-08-19,2,809.7,493.46,Shipped
6038,170,89,2024-08-19,1,57.5,30.44,Completed
6039,116,87,2024-08-19,3,724.83,460.56,Completed
6040,18,58,2024-08-19,4,1828.76,1209.08,Completed
6041,284,207,2024-08-19,5,1698.35,793.8,Completed
6042,107,160,2024-08-19,2,171.46,116.42,Processing
6043,126,50,2024-08-19,2,971.66,639.58,Completed
6044,127,101,2024-08-19,2,969.62,657.32,Completed
6045,68,2,2024-08-19,5,723.8,338.0,Completed
6046,63,33,2024-08-20,3,1269.0,803.01,Processing
6047,47,42,2024-08-20,5,1482.25,992.15,Completed
6048,171,193,2024-08-20,5,1035.9,506.25,Completed
6049,69,244,2024-08-20,1,215.32,134.41,Completed
6050,125,248,2024-08-20,4,698.8,421.88,Completed
6051,39,124,2024-08-20,4,507.84,263.44,Completed
6052,191,72,2024-08-20,2,279.76,185.12,Completed
6053,8,99,2024-08-20,2,559.32,232.22,Completed
6054,138,165,2024-08-20,1,403.1,265.73,Completed
6055,230,88,2024-08-20,5,2028.35,927.2,Cancelled
6056,51,151,2024-08-20,2,905.86,510.62,Completed
6057,229,20,2024-08-20,2,864.48,495.52,Completed
6058,119,185,2024-08-21,4,43.32,29.36,Completed
6059,217,219,2024-08-21,3,396.33,259.41,Completed
6060,78,171,2024-08-21,5,1998.6,935.9,Processing
6061,205,65,2024-08-21,4,1762.28,1144.6,Completed
6062,73,180,2024-08-21,1,63.12,33.48,Shipped
6063,218,31,2024-08-21,4,1979.48,1171.84,Shipped
6064,118,7,2024-08-21,1,23.0,10.57,Completed
6065,82,169,2024-08-21,5,594.95,383.75,Shipped
6066,162,224,2024-08-21,2,724.88,399.72,Completed
6067,98,43,2024-08-21,1,205.71,95.82,Completed
6068,118,221,2024-08-21,3,1011.33,704.25,Completed
6069,163,25,2024-08-21,3,964.47,491.34,Completed
6070,72,26,2024-08-21,5,956.95,442.95,Processing
6071,154,61,2024-08-21,1,383.63,215.53,Completed
6072,227,125,2024-08-21,5,1695.65,830.85,Completed
6073,72,67,2024-08-21,4,1760.88,1204.6,Processing
6074,192,178,2024-08-22,3,1456.5,660.63,Shipped
6075,79,249,2024-08-22,1,208.12,93.55,Completed
6076,121,182,2024-08-22,3,921.12,509.76,Processing
6077,165,180,2024-08-22,5,315.6,167.4,Processing
6078,93,189,2024-08-22,1,335.48,167.42,Completed
6079,278,124,2024-08-22,4,507.84,263.44,Completed
6080,253,163,2024-08-22,4,88.6,55.0,Shipped
6081,102,247,2024-08-22,2,447.12,182.74,Shipped
6082,88,151,2024-08-22,5,2264.65,1276.55,Cancelled
6083,182,25,2024-08-23,3,964.47,491.34,Shipped
6084,30,43,2024-08-23,3,617.13,287.46,Completed
6085,278,171,2024-08-23,3,1199.16,561.54,Cancelled
6086,141,15,2024-08-23,5,2126.35,1235.65,Completed
6087,258,202,2024-08-23,3,725.58,486.39,Processing
6088,272,50,2024-08-23,5,2429.15,1598.95,Completed
6089,165,180,2024-08-23,4,252.48,133.92,Processing
6090,245,35,2024-08-23,4,658.28,316.2,Processing
6091,10,190,2024-08-23,5,819.1,536.0,Completed
6092,247,33,2024-08-23,5,2115.0,1338.35,Processing
6093,186,79,2024-08-23,2,351.32,202.54,Shipped
6094,164,189,2024-08-23,3,1006.44,502.26,Completed
6095,300,101,2024-08-23,2,969.62,657.32,Completed
6096,89,47,2024-08-23,3,1194.36,629.01,Completed
6097,55,137,2024-08-23,2,670.12,456.8,Completed
6098,208,44,2024-08-23,3,1496.37,827.28,Completed
6099,283,106,2024-08-23,2,279.9,177.8,Completed
6100,129,226,2024-08-23,2,899.26,560.32,Processing
6101,87,203,2024-08-24,2,800.1,360.78,Completed
6102,141,23,2024-08-24,3,147.3,69.21,Completed
6103,6,202,2024-08-25,1,241.86,162.13,Processing
6104,214,101,2024-08-25,2,969.62,657.32,Shipped
6105,228,11,2024-08-25,2,809.7,493.46,Completed
6106,135,236,2024-08-26,3,629.16,354.09,Shipped
6107,27,247,2024-08-26,5,1117.8,456.85,Completed
6108,100,48,2024-08-26,1,41.13,21.16,Completed
6109,146,166,2024-08-26,1,407.27,195.51,Completed
6110,119,158,2024-08-26,1,392.26,260.95,Completed
6111,295,57,2024-08-27,2,510.58,231.6,Completed
6112,103,138,2024-08-27,5,379.0,164.7,Completed
6113,83,77,2024-08-27,4,898.68,499.0,Completed
6114,114,98,2024-08-27,1,227.13,149.54,Processing
6115,215,248,2024-08-27,1,174.7,105.47,Shipped
6116,74,119,2024-08-27,4,1784.96,845.84,Processing
6117,165,103,2024-08-27,3,743.88,345.24,Completed
6118,29,122,2024-08-28,4,1064.64,724.4,Shipped
6119,201,73,2024-08-28,2,434.68,201.5,Processing
6120,182,3,2024-08-28,1,370.87,223.64,Completed
6121,117,119,2024-08-28,2,892.48,422.92,Completed
6122,217,24,2024-08-28,4,237.96,115.04,Shipped
6123,76,220,2024-08-28,2,467.34,299.3,Processing
6124,106,223,2024-08-28,2,893.6,521.68,Processing
6125,59,4,2024-08-28,5,2235.85,952.65,Completed
6126,48,248,2024-08-28,4,698.8,421.88,Completed
6127,103,184,2024-08-28,1,134.81,82.59,Completed
6128,142,231,2024-08-28,3,143.91,69.9,Completed
6129,101,118,2024-08-28,2,250.5,109.2,Completed
6130,199,134,2024-08-28,3,929.16,646.86,Completed
6131,216,229,2024-08-28,1,385.25,214.35,Completed
6132,107,203,2024-08-28,3,1200.15,541.17,Processing
6133,93,160,2024-08-28,1,85.73,58.21,Shipped
6134,220,208,2024-08-28,1,107.57,43.82,Completed
6135,175,26,2024-08-28,5,956.95,442.95,Completed
6136,45,214,2024-08-29,4,1325.88,532.56,Processing
6137,290,49,2024-08-29,2,996.2,556.62,Completed
6138,94,11,2024-08-29,2,809.7,493.46,Completed
6139,113,114,2024-08-29,3,769.2,504.45,Completed
6140,137,20,2024-08-29,4,1728.96,991.04,Completed
6141,177,110,2024-08-30,3,257.55,125.94,Processing
6142,257,211,2024-08-30,4,852.32,501.96,Completed
6143,230,146,2024-08-30,1,11.74,7.41,Completed
6144,151,198,2024-08-30,5,51.0,24.8,Completed
6145,116,97,2024-08-30,2,264.82,179.28,Completed
6146,291,11,2024-08-30,3,1214.55,740.19,Processing
6147,89,51,2024-08-30,5,78.15,48.15,Completed
6148,137,17,2024-08-30,1,272.75,188.73,Cancelled
6149,2,153,2024-08-30,3,247.71,108.54,Completed
6150,173,161,2024-08-30,3,1300.98,901.41,Completed
6151,138,45,2024-08-30,1,54.55,22.59,Completed
6152,143,61,2024-08-30,3,1150.89,646.59,Processing
6153,9,214,2024-08-30,1,331.47,133.14,Completed
6154,245,137,2024-08-31,1,335.06,228.4,Completed
6155,219,13,2024-08-31,3,1437.09,719.94,Completed
6156,211,189,2024-08-31,1,335.48,167.42,Completed
6157,259,245,2024-09-01,5,1388.0,806.4,Completed
6158,109,118,2024-09-01,1,125.25,54.6,Completed
6159,193,22,2024-09-01,5,608.35,296.15,Processing
6160,180,225,2024-09-01,4,1667.92,941.32,Completed
6161,213,218,2024-09-01,4,1055.2,437.96,Completed
6162,120,104,2024-09-02,5,1032.55,431.2,Shipped
6163,35,95,2024-09-02,3,309.6,165.51,Shipped
6164,45,133,2024-09-02,3,1255.62,767.25,Shipped
6165,293,9,2024-09-02,1,118.02,68.07,Completed
6166,244,237,2024-09-02,2,427.46,197.5,Completed
6167,57,3,2024-09-02,5,1854.35,1118.2,Completed
6168,21,179,2024-09-02,4,1926.56,924.04,Processing
6169,288,99,2024-09-02,1,279.66,116.11,Completed
6170,121,94,2024-09-02,4,1728.88,820.52,Processing
6171,220,9,2024-09-02,3,354.06,204.21,Shipped
6172,117,181,2024-09-02,2,733.98,362.66,Completed
6173,218,152,2024-09-02,5,2094.75,1203.95,Completed
6174,14,102,2024-09-02,4,1703.44,766.36,Processing
6175,109,6,2024-09-02,4,468.52,258.44,Completed
6176,62,141,2024-09-02,2,723.26,333.48,Completed
6177,94,108,2024-09-02,4,1916.36,1338.84,Shipped
6178,244,234,2024-09-02,5,616.6,375.0,Processing
6179,9,198,2024-09-03,5,51.0,24.8,Completed
6180,260,111,2024-09-03,3,1454.01,834.24,Completed
6181,169,174,2024-09-03,5,2418.9,1170.1,Shipped
6182,24,100,2024-09-03,4,1998.6,1300.72,Processing
6183,294,107,2024-09-03,2,465.9,245.48,Completed
6184,87,179,2024-09-03,5,2408.2,1155.05,Processing
6185,258,194,2024-09-03,4,289.48,152.32,Cancelled
6186,162,205,2024-09-04,3,960.42,480.75,Shipped
6187,155,147,2024-09-04,2,644.38,308.4,Completed
6188,61,178,2024-09-04,4,1942.0,880.84,Completed
6189,288,109,2024-09-04,1,282.33,173.78,Completed
6190,206,175,2024-09-04,4,1297.32,674.48,Completed
6191,106,48,2024-09-05,1,41.13,21.16,Processing
6192,206,196,2024-09-05,2,904.74,528.96,Completed
6193,8,122,2024-09-05,2,532.32,362.2,Shipped
6194,298,149,2024-09-05,2,439.14,176.92,Processing
6195,261,215,2024-09-05,5,1889.85,1192.5,Completed
6196,291,209,2024-09-05,5,649.85,352.55,Shipped
6197,252,31,2024-09-05,5,2474.35,1464.8,Completed
6198,166,248,2024-09-05,2,349.4,210.94,Processing
6199,120,119,2024-09-05,1,446.24,211.46,Completed
6200,4,137,2024-09-05,4,1340.24,913.6,Shipped
6201,158,157,2024-09-05,3,396.81,170.97,Completed
6202,150,41,2024-09-05,1,285.07,136.5,Completed
6203,275,176,2024-09-05,2,981.52,550.5,Cancelled
6204,45,173,2024-09-05,2,341.7,225.28,Cancelled
6205,155,176,2024-09-05,5,2453.8,1376.25,Processing
6206,58,73,2024-09-05,3,652.02,302.25,Processing
6207,215,116,2024-09-05,1,49.25,22.45,Cancelled
6208,33,158,2024-09-06,3,1176.78,782.85,Shipped
6209,225,49,2024-09-06,1,498.1,278.31,Completed
6210,272,42,2024-09-06,3,889.35,595.29,Completed
6211,263,191,2024-09-06,3,1088.04,533.25,Processing
6212,126,208,2024-09-06,1,107.57,43.82,Processing
6213,39,120,2024-09-06,5,1506.55,882.55,Completed
6214,242,129,2024-09-06,1,45.9,21.3,Completed
6215,193,245,2024-09-06,3,832.8,483.84,Processing
6216,59,88,2024-09-06,5,2028.35,927.2,Completed
6217,27,27,2024-09-06,4,563.28,383.6,Processing
6218,298,236,2024-09-07,2,419.44,236.06,Shipped
6219,262,24,2024-09-07,3,178.47,86.28,Completed
6220,230,199,2024-09-07,1,220.65,126.65,Completed
6221,28,240,2024-09-07,5,2149.0,1353.2,Cancelled
6222,153,11,2024-09-08,4,1619.4,986.92,Shipped
6223,105,8,2024-09-08,5,1642.2,925.35,Processing
6224,17,133,2024-09-08,1,418.54,255.75,Completed
6225,206,39,2024-09-08,5,2290.65,1231.6,Completed
6226,213,141,2024-09-08,2,723.26,333.48,Processing
6227,154,216,2024-09-09,5,311.15,164.15,Completed
6228,16,170,2024-09-09,1,235.55,115.79,Completed
6229,265,130,2024-09-09,5,699.75,475.8,Cancelled
6230,290,48,2024-09-09,4,164.52,84.64,Processing
6231,46,20,2024-09-09,4,1728.96,991.04,Completed
6232,217,240,2024-09-09,5,2149.0,1353.2,Processing
6233,198,220,2024-09-09,1,233.67,149.65,Completed
6234,242,104,2024-09-09,4,826.04,344.96,Completed
6235,286,9,2024-09-09,5,590.1,340.35,Completed
6236,9,62,2024-09-09,5,1957.65,1094.55,Completed
6237,30,163,2024-09-09,2,44.3,27.5,Cancelled
6238,216,50,2024-09-09,3,1457.49,959.37,Completed
6239,112,84,2024-09-09,5,633.1,380.3,Completed
6240,95,165,2024-09-09,3,1209.3,797.19,Completed
6241,4,21,2024-09-10,2,710.48,293.96,Completed
6242,152,208,2024-09-10,2,215.14,87.64,Completed
6243,192,56,2024-09-10,4,1756.68,841.48,Completed
6244,300,24,2024-09-10,2,118.98,57.52,Cancelled
6245,235,94,2024-09-10,2,864.44,410.26,Completed
6246,283,233,2024-09-10,3,824.01,363.81,Completed
6247,208,211,2024-09-10,1,213.08,125.49,Completed
6248,193,167,2024-09-10,4,1583.24,684.64,Completed
6249,151,63,2024-09-10,4,41.12,20.44,Completed
6250,158,11,2024-09-10,3,1214.55,740.19,Completed
6251,218,66,2024-09-10,5,803.4,335.3,Processing
6252,273,209,2024-09-10,4,519.88,282.04,Processing
6253,143,174,2024-09-10,1,483.78,234.02,Cancelled
6254,205,212,2024-09-10,3,315.81,192.3,Shipped
6255,262,140,2024-09-10,2,286.9,166.82,Completed
6256,292,116,2024-09-10,4,197.0,89.8,Completed
6257,190,71,2024-09-10,4,971.56,548.88,Completed
6258,102,246,2024-09-10,2,236.12,110.0,Completed
6259,20,98,2024-09-10,4,908.52,598.16,Shipped
6260,271,105,2024-09-10,3,587.1,408.39,Completed
6261,191,149,2024-09-11,3,658.71,265.38,Completed
6262,249,248,2024-09-11,2,349.4,210.94,Completed
6263,26,244,2024-09-11,3,645.96,403.23,Completed
6264,269,100,2024-09-11,2,999.3,650.36,Completed
6265,211,145,2024-09-11,5,1087.75,525.4,Completed
6266,197,107,2024-09-11,4,931.8,490.96,Completed
6267,233,243,2024-09-11,5,2140.95,1468.75,Completed
6268,91,49,2024-09-11,3,1494.3,834.93,Completed
6269,80,151,2024-09-11,5,2264.65,1276.55,Processing
6270,111,83,2024-09-12,5,2156.1,908.25,Processing
6271,205,143,2024-09-12,5,1246.9,837.4,Completed
6272,254,116,2024-09-12,5,246.25,112.25,Completed
6273,223,4,2024-09-12,3,1341.51,571.59,Completed
6274,131,135,2024-09-12,2,660.9,265.92,Completed
6275,129,230,2024-09-12,5,1585.55,764.85,Shipped
6276,49,84,2024-09-12,2,253.24,152.12,Processing
6277,98,250,2024-09-12,5,1195.1,523.8,Completed
6278,65,104,2024-09-12,1,206.51,86.24,Completed
6279,35,75,2024-09-12,3,325.68,160.74,Completed
6280,239,239,2024-09-12,4,1184.8,721.12,Completed
6281,35,245,2024-09-12,3,832.8,483.84,Processing
6282,18,223,2024-09-13,3,1340.4,782.52,Processing
6283,289,19,2024-09-13,2,832.82,487.66,Completed
6284,9,53,2024-09-13,5,703.7,416.8,Shipped
6285,254,83,2024-09-13,2,862.44,363.3,Shipped
6286,279,121,2024-09-13,2,430.84,247.78,Completed
6287,277,112,2024-09-13,3,827.04,516.39,Shipped
6288,197,77,2024-09-13,2,449.34,249.5,Processing
6289,70,76,2024-09-13,1,497.62,296.07,Completed
6290,78,15,2024-09-13,5,2126.35,1235.65,Completed
6291,173,213,2024-09-13,2,504.48,238.72,Completed
6292,249,110,2024-09-13,4,343.4,167.92,Processing
6293,53,160,2024-09-13,3,257.19,174.63,Completed
6294,206,33,2024-09-14,5,2115.0,1338.35,Shipped
6295,280,236,2024-09-14,1,209.72,118.03,Processing
6296,190,103,2024-09-14,5,1239.8,575.4,Completed
6297,3,22,2024-09-14,4,486.68,236.92,Processing
6298,126,161,2024-09-14,1,433.66,300.47,Completed
6299,210,105,2024-09-14,1,195.7,136.13,Shipped
6300,293,86,2024-09-15,4,1873.6,1070.4,Completed
6301,149,218,2024-09-15,1,263.8,109.49,Completed
6302,158,126,2024-09-15,3,494.79,309.51,Completed
6303,84,82,2024-09-15,2,244.36,164.12,Cancelled
6304,100,124,2024-09-15,5,634.8,329.3,Completed
6305,50,4,2024-09-16,1,447.17,190.53,Completed
6306,254,51,2024-09-16,2,31.26,19.26,Completed
6307,180,16,2024-09-16,2,810.98,501.94,Completed
6308,295,196,2024-09-16,2,904.74,528.96,Cancelled
6309,76,178,2024-09-16,3,1456.5,660.63,Shipped
6310,299,153,2024-09-16,1,82.57,36.18,Completed
6311,265,124,2024-09-16,2,253.92,131.72,Completed
6312,21,49,2024-09-16,3,1494.3,834.93,Processing
6313,151,219,2024-09-16,3,396.33,259.41,Completed
6314,230,74,2024-09-16,5,1371.3,848.8,Processing
6315,139,127,2024-09-16,4,182.2,97.92,Completed
6316,274,107,2024-09-16,2,465.9,245.48,Processing
6317,162,17,2024-09-16,1,272.75,188.73,Processing
6318,241,106,2024-09-16,3,419.85,266.7,Completed
6319,37,202,2024-09-16,4,967.44,648.52,Processing
6320,286,219,2024-09-16,3,396.33,259.41,Completed
6321,123,247,2024-09-16,2,447.12,182.74,Shipped
6322,41,69,2024-09-17,3,131.73,82.74,Completed
6323,131,10,2024-09-17,5,2033.1,817.2,Shipped
6324,286,204,2024-09-17,3,154.65,85.77,Completed
6325,177,89,2024-09-17,5,287.5,152.2,Processing
6326,49,83,2024-09-17,4,1724.88,726.6,Completed
6327,201,172,2024-09-17,3,64.8,29.67,Completed
6328,60,236,2024-09-17,4,838.88,472.12,Completed
6329,252,211,2024-09-17,4,852.32,501.96,Completed
6330,146,3,2024-09-17,5,1854.35,1118.2,Completed
6331,7,184,2024-09-17,3,404.43,247.77,Completed
6332,160,31,2024-09-17,5,2474.35,1464.8,Completed
6333,10,195,2024-09-17,2,941.56,567.94,Processing
6334,280,39,2024-09-17,2,916.26,492.64,Completed
6335,277,7,2024-09-17,2,46.0,21.14,Completed
6336,202,197,2024-09-17,2,314.94,177.74,Processing
6337,21,62,2024-09-17,5,1957.65,1094.55,Completed
6338,143,161,2024-09-18,1,433.66,300.47,Processing
6339,274,139,2024-09-18,1,62.45,35.34,Completed
6340,165,41,2024-09-18,5,1425.35,682.5,Processing
6341,47,249,2024-09-18,4,832.48,374.2,Completed
6342,224,182,2024-09-18,5,1535.2,849.6,Completed
6343,105,185,2024-09-18,2,21.66,14.68,Completed
6344,214,34,2024-09-18,2,244.46,100.14,Completed
6345,98,155,2024-09-18,4,1600.4,1053.4,Completed
6346,11,129,2024-09-18,5,229.5,106.5,Shipped
6347,222,125,2024-09-18,1,339.13,166.17,Completed
6348,286,124,2024-09-18,1,126.96,65.86,Completed
6349,22,174,2024-09-18,1,483.78,234.02,Completed
6350,48,139,2024-09-18,3,187.35,106.02,Shipped
6351,41,24,2024-09-18,2,118.98,57.52,Processing
6352,75,208,2024-09-18,4,430.28,175.28,Completed
6353,50,86,2024-09-18,5,2342.0,1338.0,Completed
6354,174,144,2024-09-18,1,424.59,181.59,Completed
6355,124,48,2024-09-19,1,41.13,21.16,Completed
6356,207,9,2024-09-19,3,354.06,204.21,Cancelled
6357,82,38,2024-09-19,1,331.16,171.77,Completed
6358,241,174,2024-09-19,1,483.78,234.02,Completed
6359,140,94,2024-09-19,3,1296.66,615.39,Completed
6360,30,222,2024-09-19,5,1508.85,1033.6,Processing
6361,71,236,2024-09-19,2,419.44,236.06,Completed
6362,33,75,2024-09-19,4,434.24,214.32,Processing
6363,294,87,2024-09-19,2,483.22,307.04,Completed
6364,216,225,2024-09-19,4,1667.92,941.32,Shipped
6365,209,34,2024-09-19,4,488.92,200.28,Completed
6366,168,180,2024-09-19,5,315.6,167.4,Completed
6367,2,94,2024-09-19,2,864.44,410.26,Cancelled
6368,71,192,2024-09-19,4,646.2,337.64,Completed
6369,274,78,2024-09-19,1,69.29,32.39,Completed
6370,249,209,2024-09-19,5,649.85,352.55,Shipped
6371,4,56,2024-09-19,4,1756.68,841.48,Completed
6372,170,238,2024-09-20,1,215.87,144.95,Completed
6373,22,102,2024-09-20,4,1703.44,766.36,Completed
6374,5,95,2024-09-20,1,103.2,55.17,Completed
6375,272,228,2024-09-20,1,131.15,77.55,Processing
6376,220,69,2024-09-20,1,43.91,27.58,Processing
6377,62,3,2024-09-20,2,741.74,447.28,Completed
6378,61,43,2024-09-21,1,205.71,95.82,Shipped
6379,122,164,2024-09-21,1,172.77,117.35,Completed
6380,70,6,2024-09-21,5,585.65,323.05,Completed
6381,81,177,2024-09-21,2,940.46,408.72,Processing
6382,236,194,2024-09-21,3,217.11,114.24,Completed
6383,188,60,2024-09-21,1,308.4,137.5,Completed
6384,96,249,2024-09-22,4,832.48,374.2,Completed
6385,274,111,2024-09-22,1,484.67,278.08,Completed
6386,238,90,2024-09-22,4,870.2,470.0,Shipped
6387,165,66,2024-09-22,3,482.04,201.18,Cancelled
6388,71,12,2024-09-22,3,530.16,236.79,Completed
6389,286,247,2024-09-22,5,1117.8,456.85,Completed
6390,147,237,2024-09-22,3,641.19,296.25,Completed
6391,47,32,2024-09-22,5,1414.55,856.35,Completed
6392,281,153,2024-09-23,4,330.28,144.72,Completed
6393,180,136,2024-09-23,2,820.76,402.02,Completed
6394,145,196,2024-09-23,3,1357.11,793.44,Completed
6395,208,41,2024-09-23,2,570.14,273.0,Completed
6396,190,39,2024-09-23,1,458.13,246.32,Completed
6397,254,14,2024-09-23,3,166.35,71.37,Processing
6398,195,4,2024-09-23,2,894.34,381.06,Cancelled
6399,210,27,2024-09-23,4,563.28,383.6,Shipped
6400,278,109,2024-09-24,1,282.33,173.78,Completed
6401,152,115,2024-09-24,2,174.28,119.94,Processing
6402,208,5,2024-09-24,2,433.48,177.26,Completed
6403,33,94,2024-09-24,5,2161.1,1025.65,Completed
6404,37,96,2024-09-24,2,433.44,209.6,Processing
6405,35,113,2024-09-24,2,76.02,43.74,Processing
6406,47,109,2024-09-24,4,1129.32,695.12,Shipped
6407,162,109,2024-09-24,1,282.33,173.78,Completed
6408,226,147,2024-09-24,1,322.19,154.2,Completed
6409,92,66,2024-09-24,3,482.04,201.18,Completed
6410,126,152,2024-09-24,3,1256.85,722.37,Completed
6411,291,68,2024-09-24,1,51.97,28.37,Processing
6412,136,188,2024-09-24,3,565.41,238.02,Completed
6413,164,178,2024-09-24,4,1942.0,880.84,Completed
6414,236,32,2024-09-25,5,1414.55,856.35,Shipped
6415,41,195,2024-09-25,5,2353.9,1419.85,Processing
6416,273,102,2024-09-25,4,1703.44,766.36,Cancelled
6417,154,217,2024-09-25,4,384.72,264.44,Completed
6418,220,85,2024-09-25,4,459.92,202.24,Shipped
6419,284,61,2024-09-25,2,767.26,431.06,Shipped
6420,254,68,2024-09-25,5,259.85,141.85,Completed
6421,281,245,2024-09-25,1,277.6,161.28,Completed
6422,240,13,2024-09-25,2,958.06,479.96,Cancelled
6423,245,217,2024-09-25,4,384.72,264.44,Shipped
6424,46,139,2024-09-25,3,187.35,106.02,Completed
6425,4,207,2024-09-25,1,339.67,158.76,Completed
6426,84,7,2024-09-25,5,115.0,52.85,Completed
6427,251,62,2024-09-25,2,783.06,437.82,Completed
6428,74,177,2024-09-25,5,2351.15,1021.8,Processing
6429,69,54,2024-09-26,5,323.3,171.5,Cancelled
6430,208,75,2024-09-26,3,325.68,160.74,Completed
6431,288,236,2024-09-26,2,419.44,236.06,Completed
6432,84,209,2024-09-26,4,519.88,282.04,Shipped
6433,236,97,2024-09-26,5,662.05,448.2,Shipped
6434,96,67,2024-09-26,2,880.44,602.3,Completed
6435,122,160,2024-09-26,2,171.46,116.42,Completed
6436,274,223,2024-09-26,3,1340.4,782.52,Processing
6437,24,35,2024-09-26,2,329.14,158.1,Processing
6438,12,148,2024-09-26,1,373.2,211.05,Completed
6439,1,17,2024-09-26,4,1091.0,754.92,Processing
6440,90,133,2024-09-27,3,1255.62,767.25,Completed
6441,109,247,2024-09-27,3,670.68,274.11,Completed
6442,37,155,2024-09-27,5,2000.5,1316.75,Completed
6443,5,205,2024-09-27,4,1280.56,641.0,Completed
6444,165,221,2024-09-27,1,337.11,234.75,Completed
6445,138,177,2024-09-27,3,1410.69,613.08,Completed
6446,200,15,2024-09-27,4,1701.08,988.52,Completed
6447,292,177,2024-09-27,5,2351.15,1021.8,Processing
6448,104,142,2024-09-27,2,641.56,307.44,Completed
6449,2,184,2024-09-27,4,539.24,330.36,Processing
6450,126,55,2024-09-27,2,464.64,318.82,Completed
6451,222,161,2024-09-27,2,867.32,600.94,Shipped
6452,231,120,2024-09-28,4,1205.24,706.04,Completed
6453,39,107,2024-09-28,5,1164.75,613.7,Processing
6454,18,245,2024-09-28,4,1110.4,645.12,Completed
6455,153,187,2024-09-28,4,1494.24,898.32,Completed
6456,227,1,2024-09-28,2,646.64,263.5,Completed
6457,122,97,2024-09-29,1,132.41,89.64,Completed
6458,161,44,2024-09-29,5,2493.95,1378.8,Completed
6459,70,162,2024-09-30,3,1221.84,811.83,Completed
6460,20,164,2024-09-30,4,691.08,469.4,Processing
6461,153,187,2024-09-30,1,373.56,224.58,Completed
6462,254,70,2024-09-30,1,385.26,168.94,Processing
6463,223,122,2024-09-30,3,798.48,543.3,Completed
6464,220,117,2024-09-30,4,1206.28,726.88,Completed
6465,292,238,2024-09-30,1,215.87,144.95,Shipped
6466,221,213,2024-09-30,2,504.48,238.72,Completed
6467,21,63,2024-09-30,4,41.12,20.44,Completed
6468,261,170,2024-09-30,3,706.65,347.37,Processing
6469,207,227,2024-09-30,3,727.77,347.7,Shipped
6470,37,73,2024-09-30,5,1086.7,503.75,Completed
6471,162,153,2024-09-30,4,330.28,144.72,Processing
6472,107,27,2024-09-30,5,704.1,479.5,Shipped
6473,295,215,2024-10-01,5,1889.85,1192.5,Processing
6474,40,66,2024-10-01,5,803.4,335.3,Shipped
6475,260,110,2024-10-01,1,85.85,41.98,Completed
6476,162,209,2024-10-01,3,389.91,211.53,Completed
6477,145,153,2024-10-01,2,165.14,72.36,Completed
6478,214,199,2024-10-01,4,882.6,506.6,Completed
6479,66,34,2024-10-01,2,244.46,100.14,Cancelled
6480,132,229,2024-10-01,4,1541.0,857.4,Completed
6481,52,41,2024-10-01,5,1425.35,682.5,Completed
6482,274,207,2024-10-01,1,339.67,158.76,Processing
6483,54,85,2024-10-01,5,574.9,252.8,Completed
6484,174,59,2024-10-01,3,468.72,277.32,Completed
6485,38,47,2024-10-01,4,1592.48,838.68,Completed
6486,84,36,2024-10-01,2,226.76,154.84,Shipped
6487,272,181,2024-10-01,3,1100.97,543.99,Shipped
6488,154,45,2024-10-01,2,109.1,45.18,Completed
6489,237,192,2024-10-01,5,807.75,422.05,Processing
6490,33,217,2024-10-01,5,480.9,330.55,Processing
6491,270,37,2024-10-01,2,878.84,434.5,Completed
6492,270,165,2024-10-01,5,2015.5,1328.65,Processing
6493,169,169,2024-10-02,5,594.95,383.75,Cancelled
6494,149,18,2024-10-02,4,781.92,442.28,Completed
6495,197,179,2024-10-02,1,481.64,231.01,Cancelled
6496,103,179,2024-10-02,3,1444.92,693.03,Completed
6497,190,103,2024-10-02,3,743.88,345.24,Completed
6498,295,154,2024-10-02,5,805.25,539.25,Cancelled
6499,201,7,2024-10-03,3,69.0,31.71,Completed
6500,228,160,2024-10-03,3,257.19,174.63,Completed
6501,199,50,2024-10-03,5,2429.15,1598.95,Completed
6502,2,220,2024-10-03,5,1168.35,748.25,Shipped
6503,228,40,2024-10-03,2,279.58,132.52,Completed
6504,62,13,2024-10-03,5,2395.15,1199.9,Completed
6505,73,107,2024-10-03,1,232.95,122.74,Completed
6506,68,2,2024-10-03,1,144.76,67.6,Completed
6507,183,231,2024-10-03,3,143.91,69.9,Processing
6508,260,105,2024-10-03,3,587.1,408.39,Completed
6509,268,243,2024-10-03,4,1712.76,1175.0,Completed
6510,184,228,2024-10-03,4,524.6,310.2,Completed
6511,89,66,2024-10-03,4,642.72,268.24,Completed
6512,4,14,2024-10-04,4,221.8,95.16,Completed
6513,173,134,2024-10-04,4,1238.88,862.48,Shipped
6514,68,75,2024-10-04,1,108.56,53.58,Completed
6515,213,98,2024-10-04,3,681.39,448.62,Completed
6516,55,40,2024-10-04,2,279.58,132.52,Shipped
6517,155,67,2024-10-05,1,440.22,301.15,Processing
6518,242,239,2024-10-05,3,888.6,540.84,Completed
6519,104,52,2024-10-05,5,1720.2,965.2,Completed
6520,274,110,2024-10-05,1,85.85,41.98,Completed
6521,120,215,2024-10-05,3,1133.91,715.5,Shipped
6522,22,187,2024-10-05,1,373.56,224.58,Completed
6523,126,105,2024-10-05,2,391.4,272.26,Completed
6524,153,208,2024-10-05,3,322.71,131.46,Completed
6525,263,165,2024-10-06,4,1612.4,1062.92,Completed
6526,24,205,2024-10-06,3,960.42,480.75,Processing
6527,277,157,2024-10-06,5,661.35,284.95,Completed
6528,36,55,2024-10-07,3,696.96,478.23,Processing
6529,7,150,2024-10-07,4,187.48,124.68,Processing
6530,244,153,2024-10-07,4,330.28,144.72,Shipped
6531,295,225,2024-10-07,4,1667.92,941.32,Completed
6532,140,87,2024-10-07,2,483.22,307.04,Completed
6533,57,54,2024-10-07,3,193.98,102.9,Completed
6534,139,135,2024-10-07,1,330.45,132.96,Completed
6535,22,119,2024-10-07,2,892.48,422.92,Completed
6536,194,193,2024-10-07,4,828.72,405.0,Completed
6537,261,250,2024-10-07,1,239.02,104.76,Completed
6538,256,164,2024-10-07,2,345.54,234.7,Completed
6539,10,228,2024-10-07,3,393.45,232.65,Completed
6540,281,12,2024-10-07,2,353.44,157.86,Processing
6541,1,44,2024-10-08,5,2493.95,1378.8,Completed
6542,76,167,2024-10-08,1,395.81,171.16,Shipped
6543,47,91,2024-10-08,5,1836.25,1105.45,Processing
6544,72,86,2024-10-08,5,2342.0,1338.0,Completed
6545,9,120,2024-10-08,2,602.62,353.02,Shipped
6546,79,11,2024-10-08,2,809.7,493.46,Completed
6547,226,171,2024-10-08,4,1598.88,748.72,Completed
6548,273,112,2024-10-08,4,1102.72,688.52,Completed
6549,188,245,2024-10-08,1,277.6,161.28,Processing
6550,35,132,2024-10-08,4,764.28,341.88,Processing
6551,268,185,2024-10-08,2,21.66,14.68,Completed
6552,257,134,2024-10-08,2,619.44,431.24,Shipped
6553,164,202,2024-10-08,5,1209.3,810.65,Shipped
6554,264,207,2024-10-08,3,1019.01,476.28,Completed
6555,216,41,2024-10-08,2,570.14,273.0,Processing
6556,113,44,2024-10-08,4,1995.16,1103.04,Completed
6557,185,185,2024-10-08,5,54.15,36.7,Completed
6558,144,43,2024-10-08,4,822.84,383.28,Completed
6559,150,238,2024-10-09,5,1079.35,724.75,Completed
6560,228,50,2024-10-09,1,485.83,319.79,Completed
6561,94,216,2024-10-09,5,311.15,164.15,Completed
6562,45,96,2024-10-09,1,216.72,104.8,Cancelled
6563,272,237,2024-10-09,1,213.73,98.75,Completed
6564,257,39,2024-10-09,3,1374.39,738.96,Processing
6565,196,211,2024-10-09,3,639.24,376.47,Shipped
6566,289,80,2024-10-09,4,491.04,228.84,Processing
6567,12,239,2024-10-09,4,1184.8,721.12,Shipped
6568,121,35,2024-10-09,4,658.28,316.2,Processing
6569,113,168,2024-10-09,4,1749.44,1150.4,Completed
6570,258,243,2024-10-09,5,2140.95,1468.75,Completed
6571,78,227,2024-10-09,2,485.18,231.8,Completed
6572,294,15,2024-10-09,1,425.27,247.13,Processing
6573,220,81,2024-10-09,3,134.37,79.2,Shipped
6574,278,161,2024-10-09,4,1734.64,1201.88,Completed
6575,283,72,2024-10-09,4,559.52,370.24,Cancelled
6576,298,83,2024-10-09,3,1293.66,544.95,Completed
6577,228,108,2024-10-09,4,1916.36,1338.84,Completed
6578,104,152,2024-10-09,5,2094.75,1203.95,Completed
6579,232,192,2024-10-10,2,323.1,168.82,Completed
6580,34,91,2024-10-10,5,1836.25,1105.45,Completed
6581,253,155,2024-10-10,1,400.1,263.35,Completed
6582,155,95,2024-10-10,5,516.0,275.85,Cancelled
6583,200,43,2024-10-10,4,822.84,383.28,Shipped
6584,108,130,2024-10-10,3,419.85,285.48,Completed
6585,211,53,2024-10-11,5,703.7,416.8,Completed
6586,80,246,2024-10-11,1,118.06,55.0,Processing
6587,205,21,2024-10-11,2,710.48,293.96,Completed
6588,205,175,2024-10-11,1,324.33,168.62,Completed
6589,15,162,2024-10-11,3,1221.84,811.83,Processing
6590,281,225,2024-10-11,5,2084.9,1176.65,Completed
6591,291,166,2024-10-11,5,2036.35,977.55,Completed
6592,199,217,2024-10-11,1,96.18,66.11,Completed
6593,69,209,2024-10-11,1,129.97,70.51,Processing
6594,251,2,2024-10-11,4,579.04,270.4,Completed
6595,19,224,2024-10-11,1,362.44,199.86,Completed
6596,68,57,2024-10-11,4,1021.16,463.2,Processing
6597,285,37,2024-10-11,4,1757.68,869.0,Completed
6598,119,58,2024-10-11,3,1371.57,906.81,Shipped
6599,262,170,2024-10-11,4,942.2,463.16,Processing
6600,233,236,2024-10-11,1,209.72,118.03,Completed
6601,162,12,2024-10-11,4,706.88,315.72,Completed
6602,236,131,2024-10-11,5,2208.1,1465.7,Completed
6603,266,201,2024-10-11,2,453.32,210.4,Cancelled
6604,174,91,2024-10-12,4,1469.0,884.36,Completed
6605,250,114,2024-10-12,2,512.8,336.3,Processing
6606,88,216,2024-10-12,2,124.46,65.66,Completed
6607,175,162,2024-10-13,1,407.28,270.61,Processing
6608,163,113,2024-10-13,1,38.01,21.87,Completed
6609,48,135,2024-10-13,4,1321.8,531.84,Processing
6610,114,133,2024-10-13,3,1255.62,767.25,Processing
6611,135,12,2024-10-14,3,530.16,236.79,Completed
6612,261,138,2024-10-14,2,151.6,65.88,Completed
6613,40,80,2024-10-14,1,122.76,57.21,Completed
6614,248,244,2024-10-14,1,215.32,134.41,Processing
6615,53,193,2024-10-14,2,414.36,202.5,Shipped
6616,166,218,2024-10-14,1,263.8,109.49,Completed
6617,275,114,2024-10-14,1,256.4,168.15,Completed
6618,202,210,2024-10-14,5,2131.85,899.3,Processing
6619,20,150,2024-10-14,4,187.48,124.68,Shipped
6620,231,159,2024-10-14,4,836.48,490.36,Completed
6621,73,60,2024-10-14,3,925.2,412.5,Shipped
6622,137,92,2024-10-14,4,1968.96,845.72,Completed
6623,135,106,2024-10-14,4,559.8,355.6,Completed
6624,13,235,2024-10-15,2,712.3,298.64,Shipped
6625,217,186,2024-10-15,4,1095.36,674.56,Cancelled
6626,12,17,2024-10-15,4,1091.0,754.92,Completed
6627,69,157,2024-10-15,3,396.81,170.97,Completed
6628,256,130,2024-10-15,2,279.9,190.32,Shipped
6629,182,150,2024-10-15,4,187.48,124.68,Completed
6630,83,154,2024-10-15,2,322.1,215.7,Processing
6631,120,27,2024-10-15,5,704.1,479.5,Completed
6632,287,199,2024-10-15,2,441.3,253.3,Processing
6633,70,145,2024-10-15,1,217.55,105.08,Completed
6634,189,236,2024-10-15,3,629.16,354.09,Processing
6635,117,59,2024-10-15,2,312.48,184.88,Completed
6636,193,219,2024-10-15,3,396.33,259.41,Completed
6637,178,161,2024-10-15,3,1300.98,901.41,Completed
6638,200,7,2024-10-16,4,92.0,42.28,Shipped
6639,154,75,2024-10-16,4,434.24,214.32,Shipped
6640,131,100,2024-10-16,2,999.3,650.36,Processing
6641,177,191,2024-10-16,5,1813.4,888.75,Completed
6642,146,167,2024-10-16,1,395.81,171.16,Shipped
6643,250,69,2024-10-16,5,219.55,137.9,Completed
6644,33,114,2024-10-16,1,256.4,168.15,Completed
6645,83,230,2024-10-16,2,634.22,305.94,Completed
6646,49,104,2024-10-16,5,1032.55,431.2,Completed
6647,147,229,2024-10-16,1,385.25,214.35,Completed
6648,154,215,2024-10-16,3,1133.91,715.5,Processing
6649,198,179,2024-10-16,1,481.64,231.01,Processing
6650,131,210,2024-10-16,5,2131.85,899.3,Completed
6651,250,208,2024-10-16,4,430.28,175.28,Completed
6652,66,152,2024-10-16,2,837.9,481.58,Completed
6653,148,171,2024-10-16,2,799.44,374.36,Cancelled
6654,15,208,2024-10-16,2,215.14,87.64,Completed
6655,179,249,2024-10-16,1,208.12,93.55,Completed
6656,96,30,2024-10-17,5,450.35,231.4,Shipped
6657,213,97,2024-10-17,4,529.64,358.56,Completed
6658,194,107,2024-10-17,4,931.8,490.96,Completed
6659,40,1,2024-10-17,2,646.64,263.5,Cancelled
6660,202,235,2024-10-17,2,712.3,298.64,Completed
6661,17,35,2024-10-17,2,329.14,158.1,Completed
6662,113,69,2024-10-17,5,219.55,137.9,Completed
6663,21,19,2024-10-17,2,832.82,487.66,Processing
6664,217,142,2024-10-17,2,641.56,307.44,Shipped
6665,250,92,2024-10-17,5,2461.2,1057.15,Processing
6666,49,122,2024-10-17,4,1064.64,724.4,Processing
6667,168,39,2024-10-17,3,1374.39,738.96,Completed
6668,207,31,2024-10-17,3,1484.61,878.88,Completed
6669,85,55,2024-10-17,2,464.64,318.82,Processing
6670,180,17,2024-10-17,4,1091.0,754.92,Completed
6671,203,233,2024-10-17,3,824.01,363.81,Completed
6672,158,36,2024-10-17,4,453.52,309.68,Shipped
6673,282,99,2024-10-18,2,559.32,232.22,Completed
6674,66,98,2024-10-18,2,454.26,299.08,Completed
6675,300,201,2024-10-18,3,679.98,315.6,Processing
6676,196,229,2024-10-18,5,1926.25,1071.75,Processing
6677,183,150,2024-10-18,2,93.74,62.34,Processing
6678,249,176,2024-10-18,4,1963.04,1101.0,Completed
6679,135,208,2024-10-18,1,107.57,43.82,Completed
6680,24,7,2024-10-18,2,46.0,21.14,Shipped
6681,281,83,2024-10-19,1,431.22,181.65,Cancelled
6682,172,88,2024-10-19,1,405.67,185.44,Processing
6683,107,213,2024-10-19,3,756.72,358.08,Processing
6684,131,225,2024-10-19,5,2084.9,1176.65,Completed
6685,73,47,2024-10-19,5,1990.6,1048.35,Shipped
6686,118,147,2024-10-19,1,322.19,154.2,Completed
6687,124,245,2024-10-19,2,555.2,322.56,Completed
6688,185,71,2024-10-19,4,971.56,548.88,Processing
6689,43,96,2024-10-20,4,866.88,419.2,Completed
6690,102,39,2024-10-20,3,1374.39,738.96,Completed
6691,134,179,2024-10-20,5,2408.2,1155.05,Completed
6692,265,120,2024-10-20,5,1506.55,882.55,Shipped
6693,110,17,2024-10-20,2,545.5,377.46,Shipped
6694,5,75,2024-10-20,1,108.56,53.58,Completed
6695,147,63,2024-10-20,4,41.12,20.44,Completed
6696,218,25,2024-10-21,5,1607.45,818.9,Completed
6697,271,206,2024-10-21,3,1233.09,771.09,Completed
6698,31,26,2024-10-21,5,956.95,442.95,Completed
6699,125,22,2024-10-21,3,365.01,177.69,Completed
6700,44,84,2024-10-21,1,126.62,76.06,Shipped
6701,129,59,2024-10-21,4,624.96,369.76,Completed
6702,212,44,2024-10-21,1,498.79,275.76,Shipped
6703,8,125,2024-10-21,5,1695.65,830.85,Completed
6704,234,25,2024-10-21,1,321.49,163.78,Processing
6705,208,162,2024-10-21,5,2036.4,1353.05,Completed
6706,155,33,2024-10-21,3,1269.0,803.01,Processing
6707,28,105,2024-10-21,5,978.5,680.65,Processing
6708,2,37,2024-10-21,4,1757.68,869.0,Shipped
6709,102,63,2024-10-21,1,10.28,5.11,Completed
6710,135,46,2024-10-21,2,127.46,74.98,Completed
6711,18,14,2024-10-21,2,110.9,47.58,Completed
6712,95,246,2024-10-21,5,590.3,275.0,Completed
6713,172,166,2024-10-21,3,1221.81,586.53,Shipped
6714,168,235,2024-10-22,2,712.3,298.64,Completed
6715,49,25,2024-10-22,3,964.47,491.34,Processing
6716,14,104,2024-10-22,4,826.04,344.96,Completed
6717,53,81,2024-10-22,1,44.79,26.4,Completed
6718,290,37,2024-10-22,1,439.42,217.25,Completed
6719,218,229,2024-10-23,2,770.5,428.7,Completed
6720,266,37,2024-10-23,2,878.84,434.5,Completed
6721,70,72,2024-10-23,1,139.88,92.56,Completed
6722,164,60,2024-10-23,5,1542.0,687.5,Completed
6723,91,13,2024-10-23,3,1437.09,719.94,Completed
6724,15,25,2024-10-23,5,1607.45,818.9,Processing
6725,39,30,2024-10-23,2,180.14,92.56,Completed
6726,158,54,2024-10-23,2,129.32,68.6,Completed
6727,99,59,2024-10-23,2,312.48,184.88,Completed
6728,265,97,2024-10-23,1,132.41,89.64,Processing
6729,82,63,2024-10-23,5,51.4,25.55,Completed
6730,211,174,2024-10-23,3,1451.34,702.06,Completed
6731,111,78,2024-10-23,2,138.58,64.78,Completed
6732,153,198,2024-10-23,3,30.6,14.88,Processing
6733,220,204,2024-10-23,1,51.55,28.59,Completed
6734,299,132,2024-10-23,4,764.28,341.88,Completed
6735,138,45,2024-10-23,1,54.55,22.59,Processing
6736,127,112,2024-10-24,4,1102.72,688.52,Processing
6737,243,161,2024-10-24,2,867.32,600.94,Completed
6738,294,141,2024-10-24,3,1084.89,500.22,Completed
6739,242,213,2024-10-24,2,504.48,238.72,Completed
6740,48,86,2024-10-24,2,936.8,535.2,Cancelled
6741,207,95,2024-10-24,3,309.6,165.51,Completed
6742,34,69,2024-10-24,4,175.64,110.32,Processing
6743,200,246,2024-10-24,2,236.12,110.0,Completed
6744,127,224,2024-10-24,5,1812.2,999.3,Completed
6745,214,107,2024-10-24,3,698.85,368.22,Completed
6746,243,201,2024-10-24,3,679.98,315.6,Completed
6747,208,218,2024-10-24,5,1319.0,547.45,Processing
6748,82,74,2024-10-24,4,1097.04,679.04,Processing
6749,139,237,2024-10-24,4,854.92,395.0,Completed
6750,163,171,2024-10-24,2,799.44,374.36,Completed
6751,288,149,2024-10-24,4,878.28,353.84,Completed
6752,128,40,2024-10-25,3,419.37,198.78,Completed
6753,199,127,2024-10-25,5,227.75,122.4,Completed
6754,53,87,2024-10-25,4,966.44,614.08,Completed
6755,235,222,2024-10-25,4,1207.08,826.88,Cancelled
6756,281,239,2024-10-25,2,592.4,360.56,Completed
6757,109,241,2024-10-25,3,589.17,236.7,Completed
6758,169,129,2024-10-25,4,183.6,85.2,Completed
6759,296,7,2024-10-25,4,92.0,42.28,Processing
6760,202,188,2024-10-25,5,942.35,396.7,Completed
6761,290,121,2024-10-25,5,1077.1,619.45,Processing
6762,280,202,2024-10-25,1,241.86,162.13,Completed
6763,182,221,2024-10-25,2,674.22,469.5,Processing
6764,257,22,2024-10-25,1,121.67,59.23,Completed
6765,264,168,2024-10-25,2,874.72,575.2,Processing
6766,46,8,2024-10-25,2,656.88,370.14,Completed
6767,107,122,2024-10-26,2,532.32,362.2,Completed
6768,242,177,2024-10-26,2,940.46,408.72,Processing
6769,3,242,2024-10-26,1,182.36,114.17,Completed
6770,217,209,2024-10-26,4,519.88,282.04,Cancelled
6771,10,143,2024-10-26,2,498.76,334.96,Completed
6772,141,147,2024-10-26,2,644.38,308.4,Completed
6773,63,74,2024-10-26,4,1097.04,679.04,Processing
6774,153,201,2024-10-26,4,906.64,420.8,Completed
6775,143,215,2024-10-27,2,755.94,477.0,Processing
6776,85,100,2024-10-27,3,1498.95,975.54,Completed
6777,208,53,2024-10-27,2,281.48,166.72,Completed
6778,236,36,2024-10-27,5,566.9,387.1,Shipped
6779,6,56,2024-10-28,4,1756.68,841.48,Shipped
6780,135,130,2024-10-28,1,139.95,95.16,Cancelled
6781,57,47,2024-10-28,4,1592.48,838.68,Processing
6782,197,184,2024-10-28,3,404.43,247.77,Completed
6783,46,159,2024-10-28,4,836.48,490.36,Completed
6784,14,106,2024-10-28,5,699.75,444.5,Completed
6785,169,57,2024-10-28,5,1276.45,579.0,Completed
6786,54,245,2024-10-28,4,1110.4,645.12,Completed
6787,180,202,2024-10-28,5,1209.3,810.65,Completed
6788,206,199,2024-10-28,2,441.3,253.3,Completed
6789,140,188,2024-10-28,5,942.35,396.7,Completed
6790,42,50,2024-10-28,2,971.66,639.58,Completed
6791,140,56,2024-10-28,4,1756.68,841.48,Shipped
6792,215,214,2024-10-28,4,1325.88,532.56,Processing
6793,141,137,2024-10-29,1,335.06,228.4,Completed
6794,289,140,2024-10-29,3,430.35,250.23,Completed
6795,32,245,2024-10-29,1,277.6,161.28,Shipped
6796,253,154,2024-10-29,2,322.1,215.7,Completed
6797,129,233,2024-10-29,5,1373.35,606.35,Completed
6798,206,3,2024-10-29,3,1112.61,670.92,Completed
6799,43,198,2024-10-29,1,10.2,4.96,Completed
6800,160,168,2024-10-29,2,874.72,575.2,Shipped
6801,20,39,2024-10-29,5,2290.65,1231.6,Completed
6802,214,219,2024-10-29,4,528.44,345.88,Shipped
6803,207,235,2024-10-29,5,1780.75,746.6,Cancelled
6804,21,64,2024-10-30,3,58.62,39.78,Completed
6805,103,67,2024-10-30,5,2201.1,1505.75,Shipped
6806,169,78,2024-10-30,5,346.45,161.95,Completed
6807,80,16,2024-10-30,2,810.98,501.94,Completed
6808,39,109,2024-10-30,1,282.33,173.78,Processing
6809,290,172,2024-10-30,1,21.6,9.89,Completed
6810,52,53,2024-10-30,5,703.7,416.8,Completed
6811,166,202,2024-10-31,4,967.44,648.52,Completed
6812,45,203,2024-10-31,4,1600.2,721.56,Completed
6813,70,201,2024-10-31,1,226.66,105.2,Completed
6814,159,238,2024-10-31,1,215.87,144.95,Cancelled
6815,156,232,2024-10-31,4,572.56,283.92,Processing
6816,3,42,2024-10-31,5,1482.25,992.15,Completed
6817,46,75,2024-10-31,1,108.56,53.58,Completed
6818,154,82,2024-11-01,2,244.36,164.12,Shipped
6819,39,198,2024-11-01,5,51.0,24.8,Completed
6820,224,122,2024-11-01,5,1330.8,905.5,Completed
6821,195,76,2024-11-01,4,1990.48,1184.28,Completed
6822,37,62,2024-11-01,5,1957.65,1094.55,Processing
6823,41,10,2024-11-01,4,1626.48,653.76,Completed
6824,57,169,2024-11-01,4,475.96,307.0,Completed
6825,296,74,2024-11-01,2,548.52,339.52,Completed
6826,78,31,2024-11-01,3,1484.61,878.88,Completed
6827,25,20,2024-11-01,2,864.48,495.52,Completed
6828,172,56,2024-11-01,3,1317.51,631.11,Completed
6829,222,248,2024-11-01,2,349.4,210.94,Completed
6830,209,141,2024-11-01,3,1084.89,500.22,Shipped
6831,173,43,2024-11-01,3,617.13,287.46,Completed
6832,255,190,2024-11-01,3,491.46,321.6,Shipped
6833,2,36,2024-11-01,3,340.14,232.26,Completed
6834,34,240,2024-11-01,4,1719.2,1082.56,Completed
6835,142,134,2024-11-01,5,1548.6,1078.1,Shipped
6836,184,110,2024-11-01,4,343.4,167.92,Processing
6837,292,244,2024-11-02,5,1076.6,672.05,Completed
6838,30,8,2024-11-02,3,985.32,555.21,Completed
6839,175,111,2024-11-02,4,1938.68,1112.32,Completed
6840,206,54,2024-11-02,3,193.98,102.9,Completed
6841,259,76,2024-11-02,2,995.24,592.14,Shipped
6842,95,115,2024-11-02,1,87.14,59.97,Completed
6843,207,35,2024-11-03,3,493.71,237.15,Completed
6844,14,67,2024-11-03,4,1760.88,1204.6,Shipped
6845,244,6,2024-11-03,1,117.13,64.61,Completed
6846,141,29,2024-11-03,2,187.72,116.14,Completed
6847,194,131,2024-11-03,4,1766.48,1172.56,Shipped
6848,21,202,2024-11-04,5,1209.3,810.65,Completed
6849,53,225,2024-11-04,1,416.98,235.33,Completed
6850,211,105,2024-11-04,5,978.5,680.65,Completed
6851,140,249,2024-11-04,1,208.12,93.55,Completed
6852,275,37,2024-11-04,1,439.42,217.25,Completed
6853,87,50,2024-11-04,5,2429.15,1598.95,Processing
6854,63,90,2024-11-04,2,435.1,235.0,Completed
6855,74,142,2024-11-04,2,641.56,307.44,Completed
6856,285,40,2024-11-04,3,419.37,198.78,Completed
6857,143,121,2024-11-04,3,646.26,371.67,Shipped
6858,270,50,2024-11-04,3,1457.49,959.37,Cancelled
6859,153,9,2024-11-04,1,118.02,68.07,Completed
6860,20,186,2024-11-04,5,1369.2,843.2,Completed
6861,117,96,2024-11-05,1,216.72,104.8,Processing
6862,127,89,2024-11-05,1,57.5,30.44,Shipped
6863,161,50,2024-11-05,3,1457.49,959.37,Cancelled
6864,227,238,2024-11-05,2,431.74,289.9,Completed
6865,272,152,2024-11-05,2,837.9,481.58,Shipped
6866,4,203,2024-11-05,4,1600.2,721.56,Completed
6867,185,245,2024-11-05,4,1110.4,645.12,Completed
6868,21,154,2024-11-05,4,644.2,431.4,Completed
6869,66,238,2024-11-06,5,1079.35,724.75,Completed
6870,38,7,2024-11-06,3,69.0,31.71,Completed
6871,148,233,2024-11-06,3,824.01,363.81,Completed
6872,40,157,2024-11-06,3,396.81,170.97,Shipped
6873,65,202,2024-11-06,5,1209.3,810.65,Processing
6874,135,74,2024-11-07,4,1097.04,679.04,Completed
6875,233,74,2024-11-07,2,548.52,339.52,Completed
6876,90,22,2024-11-07,5,608.35,296.15,Processing
6877,115,6,2024-11-07,4,468.52,258.44,Completed
6878,177,128,2024-11-07,5,2496.2,1744.4,Processing
6879,13,173,2024-11-07,2,341.7,225.28,Completed
6880,300,198,2024-11-07,1,10.2,4.96,Processing
6881,50,57,2024-11-07,5,1276.45,579.0,Processing
6882,129,239,2024-11-08,2,592.4,360.56,Shipped
6883,207,153,2024-11-08,5,412.85,180.9,Completed
6884,170,142,2024-11-08,3,962.34,461.16,Cancelled
6885,253,201,2024-11-08,3,679.98,315.6,Completed
6886,157,179,2024-11-08,1,481.64,231.01,Completed
6887,143,48,2024-11-08,5,205.65,105.8,Shipped
6888,1,214,2024-11-08,4,1325.88,532.56,Processing
6889,221,146,2024-11-08,1,11.74,7.41,Processing
6890,184,229,2024-11-08,2,770.5,428.7,Completed
6891,279,110,2024-11-08,1,85.85,41.98,Completed
6892,25,100,2024-11-08,3,1498.95,975.54,Completed
6893,124,60,2024-11-08,4,1233.6,550.0,Processing
6894,191,114,2024-11-08,1,256.4,168.15,Completed
6895,163,37,2024-11-08,4,1757.68,869.0,Completed
6896,115,108,2024-11-08,5,2395.45,1673.55,Completed
6897,283,15,2024-11-08,2,850.54,494.26,Completed
6898,11,132,2024-11-08,3,573.21,256.41,Completed
6899,205,158,2024-11-08,5,1961.3,1304.75,Completed
6900,204,76,2024-11-08,3,1492.86,888.21,Completed
6901,256,221,2024-11-09,2,674.22,469.5,Completed
6902,5,137,2024-11-09,3,1005.18,685.2,Processing
6903,124,191,2024-11-09,2,725.36,355.5,Shipped
6904,90,55,2024-11-09,3,696.96,478.23,Completed
6905,17,71,2024-11-09,1,242.89,137.22,Completed
6906,65,79,2024-11-09,1,175.66,101.27,Processing
6907,176,64,2024-11-09,4,78.16,53.04,Processing
6908,168,137,2024-11-09,3,1005.18,685.2,Completed
6909,300,238,2024-11-10,1,215.87,144.95,Completed
6910,256,145,2024-11-10,4,870.2,420.32,Completed
6911,143,43,2024-11-10,3,617.13,287.46,Completed
6912,123,196,2024-11-10,2,904.74,528.96,Completed
6913,174,173,2024-11-11,5,854.25,563.2,Completed
6914,93,239,2024-11-11,2,592.4,360.56,Shipped
6915,165,164,2024-11-11,5,863.85,586.75,Shipped
6916,72,135,2024-11-11,4,1321.8,531.84,Completed
6917,144,6,2024-11-11,2,234.26,129.22,Processing
6918,201,48,2024-11-11,5,205.65,105.8,Processing
6919,227,41,2024-11-11,1,285.07,136.5,Completed
6920,81,154,2024-11-11,2,322.1,215.7,Shipped
6921,14,78,2024-11-11,1,69.29,32.39,Completed
6922,62,92,2024-11-12,2,984.48,422.86,Completed
6923,208,98,2024-11-12,5,1135.65,747.7,Completed
6924,3,102,2024-11-12,2,851.72,383.18,Cancelled
6925,182,193,2024-11-12,1,207.18,101.25,Cancelled
6926,63,215,2024-11-12,2,755.94,477.0,Completed
6927,257,12,2024-11-12,3,530.16,236.79,Completed
6928,184,2,2024-11-12,2,289.52,135.2,Completed
6929,215,25,2024-11-12,5,1607.45,818.9,Completed
6930,296,62,2024-11-12,2,783.06,437.82,Completed
6931,116,126,2024-11-12,5,824.65,515.85,Completed
6932,2,15,2024-11-13,1,425.27,247.13,Completed
6933,298,166,2024-11-13,3,1221.81,586.53,Completed
6934,193,38,2024-11-13,2,662.32,343.54,Shipped
6935,193,184,2024-11-13,3,404.43,247.77,Processing
6936,33,132,2024-11-13,3,573.21,256.41,Completed
6937,159,1,2024-11-13,4,1293.28,527.0,Completed
6938,117,1,2024-11-14,3,969.96,395.25,Processing
6939,177,187,2024-11-14,2,747.12,449.16,Completed
6940,120,22,2024-11-14,4,486.68,236.92,Processing
6941,240,120,2024-11-14,5,1506.55,882.55,Processing
6942,146,85,2024-11-14,4,459.92,202.24,Completed
6943,148,215,2024-11-14,2,755.94,477.0,Completed
6944,61,158,2024-11-14,3,1176.78,782.85,Shipped
6945,181,51,2024-11-14,5,78.15,48.15,Processing
6946,54,236,2024-11-14,1,209.72,118.03,Processing
6947,220,249,2024-11-15,4,832.48,374.2,Processing
6948,175,15,2024-11-15,3,1275.81,741.39,Completed
6949,242,166,2024-11-15,4,1629.08,782.04,Completed
6950,14,201,2024-11-15,5,1133.3,526.0,Completed
6951,45,211,2024-11-15,3,639.24,376.47,Completed
6952,29,105,2024-11-15,1,195.7,136.13,Processing
6953,31,40,2024-11-15,2,279.58,132.52,Completed
6954,59,101,2024-11-15,4,1939.24,1314.64,Processing
6955,227,7,2024-11-15,4,92.0,42.28,Processing
6956,245,162,2024-11-15,4,1629.12,1082.44,Completed
6957,126,35,2024-11-15,2,329.14,158.1,Completed
6958,249,32,2024-11-15,5,1414.55,856.35,Completed
6959,80,19,2024-11-15,2,832.82,487.66,Completed
6960,265,185,2024-11-15,3,32.49,22.02,Processing
6961,189,107,2024-11-15,2,465.9,245.48,Shipped
6962,43,22,2024-11-15,3,365.01,177.69,Shipped
6963,160,50,2024-11-15,1,485.83,319.79,Completed
6964,126,117,2024-11-15,3,904.71,545.16,Processing
6965,126,146,2024-11-15,5,58.7,37.05,Completed
6966,77,224,2024-11-15,2,724.88,399.72,Processing
6967,107,37,2024-11-16,3,1318.26,651.75,Completed
6968,258,218,2024-11-16,4,1055.2,437.96,Completed
6969,65,249,2024-11-17,4,832.48,374.2,Processing
6970,275,183,2024-11-17,3,596.25,341.64,Completed
6971,284,52,2024-11-17,4,1376.16,772.16,Completed
6972,175,230,2024-11-18,2,634.22,305.94,Shipped
6973,72,11,2024-11-18,1,404.85,246.73,Completed
6974,141,171,2024-11-18,1,399.72,187.18,Shipped
6975,181,42,2024-11-18,4,1185.8,793.72,Completed
6976,95,111,2024-11-18,4,1938.68,1112.32,Shipped
6977,113,224,2024-11-18,3,1087.32,599.58,Completed
6978,74,125,2024-11-18,2,678.26,332.34,Cancelled
6979,177,57,2024-11-19,2,510.58,231.6,Completed
6980,188,173,2024-11-19,4,683.4,450.56,Completed
6981,198,158,2024-11-19,4,1569.04,1043.8,Cancelled
6982,134,136,2024-11-19,4,1641.52,804.04,Completed
6983,219,41,2024-11-19,2,570.14,273.0,Completed
6984,296,74,2024-11-19,3,822.78,509.28,Shipped
6985,12,79,2024-11-19,4,702.64,405.08,Processing
6986,162,2,2024-11-19,4,579.04,270.4,Completed
6987,291,108,2024-11-19,3,1437.27,1004.13,Completed
6988,171,220,2024-11-19,1,233.67,149.65,Completed
6989,28,222,2024-11-19,4,1207.08,826.88,Processing
6990,230,225,2024-11-19,4,1667.92,941.32,Processing
6991,92,153,2024-11-19,2,165.14,72.36,Processing
6992,12,158,2024-11-19,4,1569.04,1043.8,Completed
6993,111,66,2024-11-19,3,482.04,201.18,Shipped
6994,68,148,2024-11-20,1,373.2,211.05,Completed
6995,191,231,2024-11-20,1,47.97,23.3,Completed
6996,101,75,2024-11-20,4,434.24,214.32,Completed
6997,4,74,2024-11-20,3,822.78,509.28,Cancelled
6998,291,119,2024-11-20,2,892.48,422.92,Completed
6999,267,75,2024-11-20,1,108.56,53.58,Completed
7000,105,59,2024-11-20,5,781.2,462.2,Completed
7001,150,116,2024-11-21,5,246.25,112.25,Processing
7002,74,199,2024-11-21,2,441.3,253.3,Completed
7003,80,178,2024-11-21,1,485.5,220.21,Shipped
7004,139,82,2024-11-21,1,122.18,82.06,Processing
7005,203,125,2024-11-21,4,1356.52,664.68,Processing
7006,228,4,2024-11-21,4,1788.68,762.12,Completed
7007,113,172,2024-11-21,2,43.2,19.78,Shipped
7008,103,2,2024-11-22,1,144.76,67.6,Completed
7009,71,227,2024-11-22,2,485.18,231.8,Completed
7010,26,229,2024-11-22,5,1926.25,1071.75,Completed
7011,138,33,2024-11-22,4,1692.0,1070.68,Shipped
7012,279,53,2024-11-22,2,281.48,166.72,Cancelled
7013,109,109,2024-11-22,4,1129.32,695.12,Processing
7014,196,6,2024-11-22,5,585.65,323.05,Completed
7015,277,155,2024-11-22,4,1600.4,1053.4,Completed
7016,44,179,2024-11-22,2,963.28,462.02,Completed
7017,172,164,2024-11-22,3,518.31,352.05,Processing
7018,147,229,2024-11-22,4,1541.0,857.4,Shipped
7019,69,7,2024-11-22,5,115.0,52.85,Cancelled
7020,215,72,2024-11-22,5,699.4,462.8,Processing
7021,27,30,2024-11-22,2,180.14,92.56,Completed
7022,190,196,2024-11-22,1,452.37,264.48,Shipped
7023,111,96,2024-11-22,1,216.72,104.8,Shipped
7024,1,20,2024-11-22,1,432.24,247.76,Shipped
7025,150,101,2024-11-22,1,484.81,328.66,Completed
7026,272,184,2024-11-23,1,134.81,82.59,Completed
7027,25,56,2024-11-23,5,2195.85,1051.85,Processing
7028,296,164,2024-11-23,1,172.77,117.35,Completed
7029,35,16,2024-11-23,3,1216.47,752.91,Completed
7030,124,17,2024-11-23,3,818.25,566.19,Completed
7031,261,88,2024-11-23,1,405.67,185.44,Processing
7032,170,49,2024-11-23,5,2490.5,1391.55,Processing
7033,53,71,2024-11-23,5,1214.45,686.1,Processing
7034,159,118,2024-11-24,3,375.75,163.8,Completed
7035,26,51,2024-11-24,1,15.63,9.63,Processing
7036,7,27,2024-11-24,4,563.28,383.6,Completed
7037,163,98,2024-11-24,3,681.39,448.62,Completed
7038,250,216,2024-11-24,4,248.92,131.32,Completed
7039,47,247,2024-11-25,5,1117.8,456.85,Completed
7040,237,203,2024-11-25,1,400.05,180.39,Completed
7041,270,178,2024-11-25,5,2427.5,1101.05,Processing
7042,105,124,2024-11-25,1,126.96,65.86,Completed
7043,55,94,2024-11-25,5,2161.1,1025.65,Shipped
7044,218,205,2024-11-25,5,1600.7,801.25,Cancelled
7045,44,146,2024-11-26,5,58.7,37.05,Completed
7046,198,113,2024-11-26,3,114.03,65.61,Completed
7047,267,52,2024-11-26,2,688.08,386.08,Completed
7048,34,122,2024-11-26,1,266.16,181.1,Processing
7049,15,86,2024-11-26,5,2342.0,1338.0,Completed
7050,98,66,2024-11-26,3,482.04,201.18,Processing
7051,35,151,2024-11-26,3,1358.79,765.93,Completed
7052,226,181,2024-11-26,2,733.98,362.66,Completed
7053,187,244,2024-11-27,2,430.64,268.82,Cancelled
7054,297,168,2024-11-27,5,2186.8,1438.0,Processing
7055,261,42,2024-11-27,3,889.35,595.29,Completed
7056,205,169,2024-11-27,2,237.98,153.5,Completed
7057,247,86,2024-11-27,5,2342.0,1338.0,Completed
7058,170,139,2024-11-27,3,187.35,106.02,Shipped
7059,220,141,2024-11-27,4,1446.52,666.96,Processing
7060,107,2,2024-11-27,2,289.52,135.2,Completed
7061,264,88,2024-11-27,2,811.34,370.88,Completed
7062,237,46,2024-11-27,4,254.92,149.96,Processing
7063,221,152,2024-11-27,5,2094.75,1203.95,Shipped
7064,114,66,2024-11-27,3,482.04,201.18,Completed
7065,32,43,2024-11-28,3,617.13,287.46,Completed
7066,266,95,2024-11-28,3,309.6,165.51,Completed
7067,123,2,2024-11-28,5,723.8,338.0,Completed
7068,98,241,2024-11-28,1,196.39,78.9,Completed
7069,289,237,2024-11-28,4,854.92,395.0,Completed
7070,5,164,2024-11-28,4,691.08,469.4,Processing
7071,115,143,2024-11-28,2,498.76,334.96,Cancelled
7072,244,121,2024-11-28,4,861.68,495.56,Shipped
7073,60,31,2024-11-28,5,2474.35,1464.8,Completed
7074,164,33,2024-11-28,4,1692.0,1070.68,Processing
7075,200,51,2024-11-28,1,15.63,9.63,Processing
7076,32,3,2024-11-28,4,1483.48,894.56,Shipped
7077,75,19,2024-11-28,1,416.41,243.83,Shipped
7078,143,37,2024-11-28,2,878.84,434.5,Completed
7079,149,126,2024-11-28,2,329.86,206.34,Shipped
7080,27,90,2024-11-28,4,870.2,470.0,Shipped
7081,241,25,2024-11-29,5,1607.45,818.9,Shipped
7082,219,240,2024-11-29,1,429.8,270.64,Processing
7083,299,162,2024-11-29,4,1629.12,1082.44,Completed
7084,187,182,2024-11-29,5,1535.2,849.6,Completed
7085,205,104,2024-11-29,4,826.04,344.96,Completed
7086,21,156,2024-11-29,5,2252.35,1042.9,Processing
7087,194,135,2024-11-29,2,660.9,265.92,Completed
7088,137,5,2024-11-29,1,216.74,88.63,Processing
7089,188,39,2024-11-29,2,916.26,492.64,Shipped
7090,145,242,2024-11-29,2,364.72,228.34,Cancelled
7091,195,175,2024-11-29,3,972.99,505.86,Completed
7092,235,160,2024-11-29,2,171.46,116.42,Cancelled
7093,94,33,2024-11-29,1,423.0,267.67,Completed
7094,133,63,2024-11-29,5,51.4,25.55,Processing
7095,235,6,2024-11-29,3,351.39,193.83,Processing
7096,245,172,2024-11-29,2,43.2,19.78,Completed
7097,59,86,2024-11-29,4,1873.6,1070.4,Processing
7098,59,22,2024-11-29,3,365.01,177.69,Completed
7099,50,12,2024-11-29,1,176.72,78.93,Completed
7100,78,108,2024-11-30,1,479.09,334.71,Completed
7101,17,35,2024-11-30,4,658.28,316.2,Completed
7102,293,184,2024-11-30,2,269.62,165.18,Processing
7103,240,233,2024-11-30,3,824.01,363.81,Completed
7104,285,236,2024-11-30,2,419.44,236.06,Completed
7105,148,130,2024-11-30,5,699.75,475.8,Processing
7106,184,126,2024-11-30,1,164.93,103.17,Processing
7107,56,73,2024-11-30,5,1086.7,503.75,Completed
7108,47,210,2024-12-01,3,1279.11,539.58,Completed
7109,259,237,2024-12-01,4,854.92,395.0,Cancelled
7110,199,219,2024-12-01,3,396.33,259.41,Processing
7111,123,208,2024-12-01,2,215.14,87.64,Completed
7112,107,24,2024-12-01,4,237.96,115.04,Processing
7113,209,109,2024-12-01,3,846.99,521.34,Completed
7114,159,101,2024-12-02,5,2424.05,1643.3,Completed
7115,86,185,2024-12-02,4,43.32,29.36,Processing
7116,149,1,2024-12-02,1,323.32,131.75,Shipped
7117,73,6,2024-12-02,5,585.65,323.05,Completed
7118,26,23,2024-12-02,3,147.3,69.21,Processing
7119,194,203,2024-12-02,1,400.05,180.39,Completed
7120,13,144,2024-12-02,3,1273.77,544.77,Completed
7121,74,127,2024-12-02,1,45.55,24.48,Completed
7122,104,187,2024-12-02,1,373.56,224.58,Shipped
7123,121,82,2024-12-03,4,488.72,328.24,Shipped
7124,112,98,2024-12-03,5,1135.65,747.7,Processing
7125,103,208,2024-12-03,1,107.57,43.82,Completed
7126,30,15,2024-12-03,1,425.27,247.13,Completed
7127,270,211,2024-12-03,5,1065.4,627.45,Completed
7128,34,142,2024-12-03,4,1283.12,614.88,Completed
7129,2,208,2024-12-03,3,322.71,131.46,Shipped
7130,273,248,2024-12-03,1,174.7,105.47,Completed
7131,119,86,2024-12-03,3,1405.2,802.8,Completed
7132,279,226,2024-12-03,5,2248.15,1400.8,Processing
7133,26,160,2024-12-03,2,171.46,116.42,Completed
7134,113,163,2024-12-04,4,88.6,55.0,Completed
7135,46,63,2024-12-04,4,41.12,20.44,Completed
7136,274,235,2024-12-04,1,356.15,149.32,Completed
7137,43,36,2024-12-04,2,226.76,154.84,Processing
7138,220,134,2024-12-04,1,309.72,215.62,Completed
7139,293,78,2024-12-04,4,277.16,129.56,Shipped
7140,132,197,2024-12-04,4,629.88,355.48,Shipped
7141,178,234,2024-12-04,2,246.64,150.0,Completed
7142,46,10,2024-12-04,3,1219.86,490.32,Processing
7143,109,173,2024-12-04,2,341.7,225.28,Completed
7144,222,128,2024-12-04,2,998.48,697.76,Processing
7145,258,75,2024-12-04,2,217.12,107.16,Completed
7146,300,32,2024-12-04,3,848.73,513.81,Completed
7147,120,122,2024-12-05,4,1064.64,724.4,Processing
7148,183,166,2024-12-05,1,407.27,195.51,Processing
7149,54,104,2024-12-05,4,826.04,344.96,Completed
7150,51,131,2024-12-05,4,1766.48,1172.56,Completed
7151,65,169,2024-12-05,5,594.95,383.75,Completed
7152,111,105,2024-12-05,2,391.4,272.26,Completed
7153,270,232,2024-12-05,3,429.42,212.94,Completed
7154,204,226,2024-12-05,2,899.26,560.32,Completed
7155,206,45,2024-12-05,5,272.75,112.95,Completed
7156,218,111,2024-12-05,4,1938.68,1112.32,Completed
7157,264,3,2024-12-05,5,1854.35,1118.2,Processing
7158,100,115,2024-12-05,4,348.56,239.88,Completed
7159,203,210,2024-12-05,3,1279.11,539.58,Completed
7160,282,235,2024-12-05,5,1780.75,746.6,Processing
7161,276,248,2024-12-05,5,873.5,527.35,Completed
7162,150,149,2024-12-05,5,1097.85,442.3,Completed
7163,163,145,2024-12-05,5,1087.75,525.4,Completed
7164,166,88,2024-12-05,5,2028.35,927.2,Completed
7165,78,112,2024-12-06,3,827.04,516.39,Cancelled
7166,254,98,2024-12-06,3,681.39,448.62,Completed
7167,97,234,2024-12-06,5,616.6,375.0,Completed
7168,273,7,2024-12-06,3,69.0,31.71,Completed
7169,38,236,2024-12-06,3,629.16,354.09,Completed
7170,226,28,2024-12-06,4,1310.16,763.48,Completed
7171,283,150,2024-12-06,2,93.74,62.34,Completed
7172,72,152,2024-12-06,3,1256.85,722.37,Shipped
7173,180,206,2024-12-06,1,411.03,257.03,Completed
7174,226,21,2024-12-06,1,355.24,146.98,Shipped
7175,158,135,2024-12-06,4,1321.8,531.84,Completed
7176,185,199,2024-12-06,1,220.65,126.65,Completed
7177,95,68,2024-12-06,3,155.91,85.11,Completed
7178,93,134,2024-12-06,4,1238.88,862.48,Completed
7179,252,90,2024-12-06,4,870.2,470.0,Cancelled
7180,120,165,2024-12-06,1,403.1,265.73,Processing
7181,101,5,2024-12-06,1,216.74,88.63,Completed
7182,77,88,2024-12-06,1,405.67,185.44,Completed
7183,260,101,2024-12-06,1,484.81,328.66,Completed
7184,293,194,2024-12-07,1,72.37,38.08,Completed
7185,177,39,2024-12-07,2,916.26,492.64,Completed
7186,97,105,2024-12-07,5,978.5,680.65,Completed
7187,288,5,2024-12-08,4,866.96,354.52,Completed
7188,22,4,2024-12-08,4,1788.68,762.12,Processing
7189,70,208,2024-12-09,3,322.71,131.46,Processing
7190,198,167,2024-12-09,4,1583.24,684.64,Completed
7191,294,116,2024-12-09,3,147.75,67.35,Completed
7192,148,7,2024-12-09,3,69.0,31.71,Completed
7193,48,207,2024-12-09,3,1019.01,476.28,Completed
7194,209,174,2024-12-10,4,1935.12,936.08,Completed
7195,195,139,2024-12-10,4,249.8,141.36,Processing
7196,186,166,2024-12-10,3,1221.81,586.53,Completed
7197,191,57,2024-12-10,3,765.87,347.4,Completed
7198,34,72,2024-12-10,4,559.52,370.24,Processing
7199,282,250,2024-12-10,5,1195.1,523.8,Processing
7200,215,91,2024-12-10,5,1836.25,1105.45,Completed
7201,138,130,2024-12-10,2,279.9,190.32,Processing
7202,288,190,2024-12-10,2,327.64,214.4,Processing
7203,181,168,2024-12-10,5,2186.8,1438.0,Shipped
7204,82,219,2024-12-10,4,528.44,345.88,Shipped
7205,111,112,2024-12-10,4,1102.72,688.52,Shipped
7206,266,81,2024-12-10,2,89.58,52.8,Completed
7207,236,122,2024-12-10,3,798.48,543.3,Completed
7208,3,237,2024-12-10,5,1068.65,493.75,Shipped
7209,149,63,2024-12-10,2,20.56,10.22,Processing
7210,288,56,2024-12-11,3,1317.51,631.11,Completed
7211,221,153,2024-12-11,3,247.71,108.54,Shipped
7212,17,92,2024-12-11,1,492.24,211.43,Processing
7213,157,82,2024-12-11,1,122.18,82.06,Completed
7214,17,153,2024-12-11,2,165.14,72.36,Completed
7215,206,119,2024-12-11,2,892.48,422.92,Processing
7216,5,14,2024-12-11,4,221.8,95.16,Completed
7217,89,235,2024-12-11,5,1780.75,746.6,Processing
7218,291,12,2024-12-11,4,706.88,315.72,Completed
7219,251,233,2024-12-11,2,549.34,242.54,Shipped
7220,162,70,2024-12-11,3,1155.78,506.82,Processing
7221,3,62,2024-12-11,5,1957.65,1094.55,Shipped
7222,33,108,2024-12-11,2,958.18,669.42,Completed
7223,180,29,2024-12-11,3,281.58,174.21,Completed
7224,68,177,2024-12-11,1,470.23,204.36,Completed
7225,176,6,2024-12-11,2,234.26,129.22,Cancelled
7226,49,80,2024-12-11,2,245.52,114.42,Completed
7227,34,36,2024-12-11,4,453.52,309.68,Completed
7228,115,193,2024-12-12,4,828.72,405.0,Processing
7229,170,49,2024-12-12,1,498.1,278.31,Processing
7230,52,29,2024-12-12,2,187.72,116.14,Completed
7231,181,148,2024-12-12,1,373.2,211.05,Completed
7232,86,103,2024-12-12,3,743.88,345.24,Completed
7233,236,210,2024-12-12,3,1279.11,539.58,Completed
7234,223,216,2024-12-12,4,248.92,131.32,Shipped
7235,177,29,2024-12-12,1,93.86,58.07,Completed
7236,254,58,2024-12-12,5,2285.95,1511.35,Completed
7237,180,90,2024-12-12,3,652.65,352.5,Completed
7238,42,67,2024-12-12,4,1760.88,1204.6,Cancelled
7239,42,150,2024-12-12,2,93.74,62.34,Completed
7240,245,171,2024-12-13,3,1199.16,561.54,Completed
7241,184,81,2024-12-13,2,89.58,52.8,Processing
7242,17,237,2024-12-13,4,854.92,395.0,Completed
7243,96,140,2024-12-13,1,143.45,83.41,Completed
7244,103,64,2024-12-13,4,78.16,53.04,Completed
7245,49,216,2024-12-13,2,124.46,65.66,Shipped
7246,163,213,2024-12-13,4,1008.96,477.44,Completed
7247,86,195,2024-12-14,4,1883.12,1135.88,Completed
7248,52,45,2024-12-14,4,218.2,90.36,Completed
7249,132,135,2024-12-14,1,330.45,132.96,Completed
7250,227,101,2024-12-14,2,969.62,657.32,Completed
7251,31,109,2024-12-14,5,1411.65,868.9,Completed
7252,221,62,2024-12-15,1,391.53,218.91,Processing
7253,121,237,2024-12-15,5,1068.65,493.75,Completed
7254,38,112,2024-12-15,4,1102.72,688.52,Shipped
7255,160,86,2024-12-15,1,468.4,267.6,Processing
7256,277,37,2024-12-15,2,878.84,434.5,Shipped
7257,215,113,2024-12-15,2,76.02,43.74,Processing
7258,89,244,2024-12-16,2,430.64,268.82,Completed
7259,118,212,2024-12-16,5,526.35,320.5,Shipped
7260,272,246,2024-12-16,1,118.06,55.0,Completed
7261,177,218,2024-12-16,1,263.8,109.49,Processing
7262,78,15,2024-12-16,2,850.54,494.26,Completed
7263,125,103,2024-12-16,3,743.88,345.24,Completed
7264,75,142,2024-12-16,2,641.56,307.44,Processing
7265,122,28,2024-12-16,2,655.08,381.74,Completed
7266,186,197,2024-12-17,3,472.41,266.61,Completed
7267,239,48,2024-12-17,5,205.65,105.8,Processing
7268,57,184,2024-12-17,3,404.43,247.77,Completed
7269,13,192,2024-12-17,3,484.65,253.23,Processing
7270,100,230,2024-12-17,1,317.11,152.97,Completed
7271,104,166,2024-12-17,3,1221.81,586.53,Completed
7272,191,58,2024-12-17,1,457.19,302.27,Shipped
7273,81,171,2024-12-17,5,1998.6,935.9,Completed
7274,61,174,2024-12-17,1,483.78,234.02,Completed
7275,209,38,2024-12-17,5,1655.8,858.85,Completed
7276,240,155,2024-12-17,2,800.2,526.7,Completed
7277,174,208,2024-12-17,1,107.57,43.82,Shipped
7278,110,220,2024-12-17,2,467.34,299.3,Completed
7279,219,37,2024-12-17,5,2197.1,1086.25,Completed
7280,28,188,2024-12-17,5,942.35,396.7,Completed
7281,80,41,2024-12-17,1,285.07,136.5,Completed
7282,127,102,2024-12-17,5,2129.3,957.95,Shipped
7283,165,114,2024-12-17,2,512.8,336.3,Processing
7284,223,200,2024-12-17,4,1323.24,713.88,Completed
7285,14,92,2024-12-17,2,984.48,422.86,Completed
7286,250,1,2024-12-18,4,1293.28,527.0,Processing
7287,178,218,2024-12-18,5,1319.0,547.45,Processing
7288,42,96,2024-12-18,2,433.44,209.6,Completed
7289,141,82,2024-12-18,1,122.18,82.06,Completed
7290,91,2,2024-12-18,2,289.52,135.2,Processing
7291,194,191,2024-12-18,5,1813.4,888.75,Completed
7292,254,143,2024-12-18,5,1246.9,837.4,Completed
7293,110,191,2024-12-18,3,1088.04,533.25,Processing
7294,29,44,2024-12-18,5,2493.95,1378.8,Completed
7295,205,116,2024-12-18,4,197.0,89.8,Completed
7296,25,70,2024-12-18,1,385.26,168.94,Processing
7297,106,70,2024-12-18,4,1541.04,675.76,Processing
7298,236,174,2024-12-18,3,1451.34,702.06,Completed
7299,36,138,2024-12-18,2,151.6,65.88,Completed
7300,218,139,2024-12-18,5,312.25,176.7,Completed
7301,39,228,2024-12-18,2,262.3,155.1,Shipped
7302,68,115,2024-12-18,2,174.28,119.94,Completed
7303,161,26,2024-12-18,2,382.78,177.18,Completed
7304,193,16,2024-12-18,1,405.49,250.97,Completed
7305,77,1,2024-12-19,1,323.32,131.75,Completed
7306,281,44,2024-12-19,3,1496.37,827.28,Processing
7307,89,9,2024-12-19,5,590.1,340.35,Processing
7308,40,226,2024-12-19,4,1798.52,1120.64,Completed
7309,211,57,2024-12-19,4,1021.16,463.2,Shipped
7310,122,138,2024-12-19,5,379.0,164.7,Processing
7311,45,167,2024-12-19,4,1583.24,684.64,Cancelled
7312,195,154,2024-12-19,1,161.05,107.85,Completed
7313,262,152,2024-12-19,3,1256.85,722.37,Processing
7314,220,124,2024-12-19,2,253.92,131.72,Completed
7315,182,34,2024-12-20,1,122.23,50.07,Completed
7316,52,200,2024-12-20,1,330.81,178.47,Cancelled
7317,5,117,2024-12-20,1,301.57,181.72,Completed
7318,138,144,2024-12-20,3,1273.77,544.77,Shipped
7319,15,204,2024-12-20,5,257.75,142.95,Shipped
7320,54,47,2024-12-21,2,796.24,419.34,Completed
7321,271,96,2024-12-21,1,216.72,104.8,Processing
7322,300,193,2024-12-21,1,207.18,101.25,Processing
7323,156,93,2024-12-21,3,621.84,312.03,Shipped
7324,242,37,2024-12-22,5,2197.1,1086.25,Completed
7325,174,100,2024-12-22,1,499.65,325.18,Processing
7326,233,110,2024-12-22,4,343.4,167.92,Completed
7327,225,115,2024-12-22,1,87.14,59.97,Processing
7328,257,129,2024-12-22,4,183.6,85.2,Processing
7329,124,150,2024-12-23,3,140.61,93.51,Completed
7330,69,190,2024-12-23,4,655.28,428.8,Processing
7331,196,237,2024-12-23,4,854.92,395.0,Completed
7332,13,96,2024-12-23,3,650.16,314.4,Completed
7333,235,26,2024-12-23,2,382.78,177.18,Completed
7334,269,123,2024-12-23,3,330.27,203.07,Shipped
7335,24,43,2024-12-23,2,411.42,191.64,Completed
7336,148,171,2024-12-23,4,1598.88,748.72,Cancelled
7337,155,77,2024-12-23,4,898.68,499.0,Shipped
7338,91,127,2024-12-23,4,182.2,97.92,Completed
7339,112,1,2024-12-23,3,969.96,395.25,Cancelled
7340,57,19,2024-12-23,4,1665.64,975.32,Completed
7341,50,176,2024-12-23,3,1472.28,825.75,Completed
7342,53,96,2024-12-23,2,433.44,209.6,Completed
7343,117,29,2024-12-23,5,469.3,290.35,Completed
7344,273,189,2024-12-23,4,1341.92,669.68,Completed
7345,213,68,2024-12-23,4,207.88,113.48,Completed
7346,129,100,2024-12-23,3,1498.95,975.54,Completed
7347,262,232,2024-12-24,4,572.56,283.92,Shipped
7348,111,97,2024-12-24,5,662.05,448.2,Completed
7349,119,1,2024-12-24,1,323.32,131.75,Completed
7350,113,125,2024-12-24,5,1695.65,830.85,Shipped
7351,117,103,2024-12-24,2,495.92,230.16,Processing
7352,41,196,2024-12-24,3,1357.11,793.44,Completed
7353,93,192,2024-12-24,2,323.1,168.82,Processing
7354,59,170,2024-12-24,2,471.1,231.58,Completed
7355,30,99,2024-12-24,3,838.98,348.33,Completed
7356,144,17,2024-12-24,1,272.75,188.73,Shipped
7357,26,97,2024-12-24,2,264.82,179.28,Completed
7358,42,140,2024-12-24,4,573.8,333.64,Completed
7359,263,41,2024-12-24,3,855.21,409.5,Completed
7360,266,50,2024-12-24,1,485.83,319.79,Completed
7361,59,115,2024-12-24,5,435.7,299.85,Processing
7362,206,167,2024-12-24,1,395.81,171.16,Shipped
7363,246,86,2024-12-24,4,1873.6,1070.4,Completed
7364,296,123,2024-12-25,3,330.27,203.07,Completed
7365,230,160,2024-12-25,5,428.65,291.05,Completed
7366,83,239,2024-12-25,2,592.4,360.56,Completed
7367,64,29,2024-12-25,3,281.58,174.21,Completed
7368,210,203,2024-12-25,3,1200.15,541.17,Cancelled
7369,183,133,2024-12-25,1,418.54,255.75,Completed
7370,274,170,2024-12-25,1,235.55,115.79,Cancelled
7371,5,111,2024-12-25,1,484.67,278.08,Completed
7372,161,105,2024-12-25,2,391.4,272.26,Completed
7373,209,52,2024-12-25,1,344.04,193.04,Completed
7374,237,245,2024-12-25,3,832.8,483.84,Shipped
7375,230,210,2024-12-25,2,852.74,359.72,Processing
7376,213,27,2024-12-25,4,563.28,383.6,Completed
7377,112,125,2024-12-26,5,1695.65,830.85,Completed
7378,46,147,2024-12-26,2,644.38,308.4,Completed
7379,298,228,2024-12-26,5,655.75,387.75,Completed
7380,272,243,2024-12-26,2,856.38,587.5,Processing
7381,59,196,2024-12-26,2,904.74,528.96,Processing
7382,7,128,2024-12-26,1,499.24,348.88,Completed
7383,253,90,2024-12-26,2,435.1,235.0,Processing
7384,88,30,2024-12-26,4,360.28,185.12,Completed
7385,100,108,2024-12-26,1,479.09,334.71,Shipped
7386,124,20,2024-12-26,4,1728.96,991.04,Processing
7387,270,85,2024-12-26,3,344.94,151.68,Completed
7388,24,80,2024-12-26,5,613.8,286.05,Shipped
7389,125,122,2024-12-26,2,532.32,362.2,Processing
7390,152,96,2024-12-26,5,1083.6,524.0,Processing
7391,258,58,2024-12-26,3,1371.57,906.81,Processing
7392,121,175,2024-12-26,5,1621.65,843.1,Shipped
7393,281,195,2024-12-26,1,470.78,283.97,Completed
7394,143,188,2024-12-26,2,376.94,158.68,Processing
7395,75,234,2024-12-27,3,369.96,225.0,Processing
7396,176,28,2024-12-27,4,1310.16,763.48,Shipped
7397,36,214,2024-12-27,5,1657.35,665.7,Processing
7398,95,83,2024-12-27,5,2156.1,908.25,Shipped
7399,35,162,2024-12-27,3,1221.84,811.83,Shipped
7400,216,230,2024-12-27,2,634.22,305.94,Shipped
7401,55,210,2024-12-27,2,852.74,359.72,Processing
7402,208,208,2024-12-27,1,107.57,43.82,Completed
7403,278,102,2024-12-27,2,851.72,383.18,Completed
7404,184,67,2024-12-28,1,440.22,301.15,Shipped
7405,285,65,2024-12-28,3,1321.71,858.45,Completed
7406,161,100,2024-12-28,2,999.3,650.36,Processing
7407,125,3,2024-12-28,4,1483.48,894.56,Completed
7408,173,199,2024-12-29,5,1103.25,633.25,Completed
7409,220,179,2024-12-29,3,1444.92,693.03,Completed
7410,297,138,2024-12-29,4,303.2,131.76,Completed
7411,143,235,2024-12-29,1,356.15,149.32,Completed
7412,91,180,2024-12-29,1,63.12,33.48,Completed
7413,97,85,2024-12-29,1,114.98,50.56,Completed
7414,35,225,2024-12-30,2,833.96,470.66,Completed
7415,241,50,2024-12-30,4,1943.32,1279.16,Completed
7416,245,178,2024-12-30,2,971.0,440.42,Completed
7417,116,181,2024-12-30,3,1100.97,543.99,Cancelled
7418,93,79,2024-12-30,2,351.32,202.54,Processing
7419,88,189,2024-12-30,3,1006.44,502.26,Completed
7420,269,226,2024-12-30,2,899.26,560.32,Shipped
7421,211,173,2024-12-31,2,341.7,225.28,Completed
7422,121,112,2024-12-31,3,827.04,516.39,Completed
7423,8,25,2024-12-31,5,1607.45,818.9,Completed
7424,159,75,2024-12-31,3,325.68,160.74,Completed
7425,284,224,2024-12-31,3,1087.32,599.58,Completed
7426,16,41,2024-12-31,3,855.21,409.5,Completed
