SpendID,ChannelID,CampaignID,SpendDate,Spend,Impressions,Clicks,Conversions,Revenue
1,1,5,2023-01-01,1853.92,20397,843,121,4298.81
2,2,4,2023-01-01,1823.25,21865,1170,67,3844.9
3,4,1,2023-01-01,721.28,6806,182,18,2094.78
4,6,4,2023-01-01,1033.27,9734,376,66,1646.82
5,1,8,2023-01-02,681.53,8487,450,70,2293.25
6,2,5,2023-01-02,1118.61,14097,326,19,2752.97
7,3,8,2023-01-02,392.99,4283,162,19,1516.1
8,4,5,2023-01-02,846.76,9099,335,46,2362.66
9,5,6,2023-01-02,1664.85,24925,1329,130,3798.47
10,6,5,2023-01-02,281.76,3659,102,10,643.86
11,1,4,2023-01-03,1686.08,15950,918,80,5980.56
12,2,2,2023-01-03,1224.52,15342,313,61,3624.31
13,3,4,2023-01-03,1304.21,16299,594,40,5100.8
14,5,4,2023-01-03,264.64,3275,127,17,681.4
15,6,6,2023-01-03,1208.5,10456,357,47,1622.31
16,1,1,2023-01-04,513.66,4638,109,14,1796.54
17,2,2,2023-01-04,820.02,11384,393,70,2188.32
18,3,1,2023-01-04,1854.74,21399,497,51,9946.1
19,4,5,2023-01-04,2005.48,19195,498,88,7800.78
20,5,1,2023-01-04,1351.89,13345,635,69,2650.0
21,6,5,2023-01-04,2472.91,21614,948,137,3308.01
22,4,7,2023-01-05,2306.09,31030,936,57,6463.75
23,5,2,2023-01-05,2052.91,22120,736,82,3357.0
24,6,5,2023-01-05,1595.42,19294,827,99,2378.16
25,4,6,2023-01-06,263.18,2449,144,17,986.88
26,5,2,2023-01-06,2441.6,31911,1391,220,5777.15
27,6,5,2023-01-06,1609.67,16541,950,90,3253.97
28,4,3,2023-01-07,1859.88,16131,533,62,7618.65
29,5,2,2023-01-07,2034.87,27100,1441,274,4524.16
30,1,4,2023-01-08,1061.04,11519,569,33,2865.51
31,3,6,2023-01-08,1461.83,16946,682,90,7547.81
32,4,5,2023-01-08,2470.17,24066,1418,137,11821.4
33,5,3,2023-01-08,405.43,5005,217,31,777.81
34,1,7,2023-01-09,526.61,5280,126,16,1491.24
35,2,7,2023-01-09,1935.15,21514,623,89,5518.65
36,3,1,2023-01-09,2181.89,21466,833,121,8368.95
37,4,6,2023-01-09,1377.46,17277,522,33,5321.29
38,5,6,2023-01-09,2192.63,20097,1184,110,4055.73
39,6,4,2023-01-09,1007.96,11757,649,106,1716.85
40,1,7,2023-01-10,2105.3,25440,785,154,7949.21
41,2,6,2023-01-10,2049.74,22111,698,120,4277.89
42,3,8,2023-01-10,1160.53,9613,516,60,5512.61
43,4,2,2023-01-10,734.56,7770,453,64,2238.25
44,5,3,2023-01-10,2018.84,26724,1584,202,4649.46
45,6,6,2023-01-10,1395.18,13691,658,108,2223.77
46,1,4,2023-01-11,609.77,6310,268,26,2482.3
47,2,4,2023-01-11,1867.75,18177,818,108,6150.66
48,3,6,2023-01-11,2081.91,25967,946,101,8114.53
49,5,6,2023-01-11,907.76,8269,332,35,1988.15
50,6,7,2023-01-11,867.0,10230,487,42,1277.82
51,1,3,2023-01-12,1649.85,16717,424,83,5608.7
52,2,4,2023-01-12,728.75,9063,222,24,1559.06
53,3,1,2023-01-12,1578.5,15305,779,110,5726.07
54,4,8,2023-01-12,2012.99,30015,1171,140,8888.64
55,5,4,2023-01-12,1209.51,16618,662,115,3390.19
56,6,1,2023-01-12,2421.02,19788,1040,171,4526.3
57,2,3,2023-01-13,705.57,9516,206,19,1754.72
58,3,7,2023-01-13,1723.88,13962,388,65,6055.36
59,4,5,2023-01-13,297.83,3953,233,12,947.98
60,5,2,2023-01-13,1318.29,12512,364,32,3207.94
61,6,6,2023-01-13,351.58,5189,108,13,482.2
62,3,2,2023-01-14,2075.24,29352,1429,273,10483.94
63,4,4,2023-01-14,2274.76,31760,1084,140,9347.6
64,5,3,2023-01-14,1182.63,12151,402,54,2976.52
65,6,8,2023-01-14,208.01,2285,125,9,448.88
66,4,8,2023-01-15,761.04,6121,265,47,2232.39
67,5,4,2023-01-15,2237.77,31131,1477,119,5562.07
68,6,8,2023-01-15,264.5,2312,68,6,479.18
69,1,6,2023-01-16,1463.85,18868,773,99,4189.81
70,2,4,2023-01-16,2047.62,24580,1024,52,4542.83
71,3,7,2023-01-16,638.02,7224,263,47,3569.43
72,4,4,2023-01-16,1512.91,20485,782,71,4566.11
73,5,1,2023-01-16,1583.7,19249,915,108,3016.5
74,6,7,2023-01-16,2022.78,26046,1339,93,3188.5
75,1,4,2023-01-17,296.8,2776,150,17,679.72
76,2,8,2023-01-17,1752.66,22147,593,51,3897.64
77,4,6,2023-01-17,361.42,3441,110,8,1563.71
78,5,4,2023-01-17,1370.52,18926,810,125,3752.46
79,1,2,2023-01-18,1138.53,16808,688,60,2732.94
80,2,6,2023-01-18,1504.76,20272,518,30,3773.83
81,3,5,2023-01-18,1847.51,25413,1095,135,10484.52
82,4,4,2023-01-18,1652.74,24509,548,70,5285.16
83,5,1,2023-01-18,823.88,11986,417,66,1742.24
84,6,4,2023-01-18,2016.88,25937,769,129,4607.68
85,1,4,2023-01-19,1625.9,19420,788,129,5363.83
86,2,5,2023-01-19,1559.93,17873,810,142,4191.04
87,3,8,2023-01-19,503.7,7128,193,28,2168.99
88,4,2,2023-01-19,1446.56,16791,642,78,6624.45
89,5,4,2023-01-19,1990.81,27529,704,41,5549.34
90,6,2,2023-01-19,1406.57,11819,695,127,3079.93
91,2,4,2023-01-20,366.11,5377,277,54,1011.93
92,3,6,2023-01-20,532.61,5124,184,22,2575.71
93,4,8,2023-01-20,1608.75,19569,1116,175,4637.41
94,5,1,2023-01-20,1166.82,11688,300,20,3027.54
95,6,4,2023-01-20,1439.44,16777,559,98,2279.35
96,5,3,2023-01-21,1339.42,17159,368,45,2391.42
97,1,8,2023-01-22,2119.57,28515,932,99,8646.4
98,4,5,2023-01-22,1724.83,19872,423,83,7355.38
99,6,1,2023-01-22,2048.58,19495,466,34,3078.17
100,2,8,2023-01-23,2286.17,29684,1037,137,4859.65
101,3,6,2023-01-23,1305.14,19553,742,84,6625.91
102,4,6,2023-01-23,780.06,7807,208,21,3794.53
103,5,8,2023-01-23,1350.87,13943,597,56,2084.11
104,6,3,2023-01-23,440.68,3625,87,16,555.99
105,1,1,2023-01-24,1621.39,22885,560,71,5381.27
106,2,7,2023-01-24,1546.61,12714,314,21,3589.58
107,4,3,2023-01-24,1125.16,14571,677,45,3768.57
108,5,8,2023-01-24,582.79,7422,433,57,1188.43
109,1,5,2023-01-25,2318.69,21899,860,55,8683.6
110,2,1,2023-01-25,2060.99,21944,657,129,7036.03
111,3,7,2023-01-25,1904.27,26289,1534,148,8080.6
112,4,5,2023-01-25,1915.8,18557,415,34,6599.69
113,5,3,2023-01-25,213.37,2487,62,10,593.09
114,6,1,2023-01-25,2122.16,30640,1371,143,4696.2
115,1,8,2023-01-26,1803.97,17574,789,97,5912.43
116,2,8,2023-01-26,2450.15,31413,1746,135,7768.66
117,3,8,2023-01-26,1780.51,17287,794,85,8490.37
118,4,4,2023-01-26,1725.65,16222,621,84,4973.73
119,5,8,2023-01-26,2306.02,23174,1209,205,4653.2
120,6,2,2023-01-26,2195.93,32021,1068,99,4095.03
121,1,2,2023-01-27,2036.05,19607,1139,194,5789.07
122,2,1,2023-01-27,1300.95,12945,735,125,3179.84
123,3,1,2023-01-27,1044.75,12146,477,43,3967.62
124,4,2,2023-01-27,1150.05,11418,412,38,3750.31
125,5,4,2023-01-27,1902.04,15580,682,40,4845.88
126,6,6,2023-01-27,1399.32,15191,699,119,2724.77
127,2,4,2023-01-28,2160.87,28037,638,42,7797.29
128,5,6,2023-01-28,1855.89,19286,1113,91,5282.68
129,1,7,2023-01-30,989.17,13016,265,51,3487.76
130,2,6,2023-01-30,2208.43,30401,730,54,6851.04
131,3,2,2023-01-30,927.37,7956,240,19,3808.56
132,4,7,2023-01-30,1929.34,19082,689,129,5472.76
133,5,5,2023-01-30,627.92,5657,216,29,1016.56
134,6,5,2023-01-30,2496.21,34698,1782,260,4985.25
135,1,8,2023-01-31,2426.64,31769,830,143,6859.66
136,2,4,2023-01-31,959.89,13954,688,109,2781.35
137,3,7,2023-01-31,1617.03,16124,908,161,8462.85
138,5,6,2023-01-31,1788.11,24543,716,41,3124.11
139,6,6,2023-01-31,1029.91,11982,711,48,1931.18
140,2,4,2023-02-01,1866.16,20599,711,73,5022.93
141,3,7,2023-02-01,1726.4,23220,538,67,8144.69
142,5,4,2023-02-01,1856.35,20756,772,101,2906.03
143,6,3,2023-02-01,2440.36,25097,1389,252,5171.75
144,1,1,2023-02-02,329.11,3501,163,24,1202.77
145,3,6,2023-02-02,984.76,12084,352,18,5568.22
146,4,2,2023-02-02,2177.93,26440,1482,263,10546.84
147,5,4,2023-02-02,570.31,8357,383,73,1215.83
148,1,4,2023-02-03,2317.1,29710,1549,123,6387.62
149,2,4,2023-02-03,2010.74,18313,430,43,6339.87
150,3,8,2023-02-03,1739.08,23523,695,51,7057.92
151,4,6,2023-02-03,1969.93,26010,825,109,8444.47
152,5,2,2023-02-03,1869.35,20257,405,62,3707.51
153,6,2,2023-02-03,2225.44,18547,836,107,5023.27
154,1,1,2023-02-04,1035.69,9995,288,25,3246.86
155,2,7,2023-02-04,1131.31,14177,842,107,3780.04
156,3,5,2023-02-04,1140.72,13682,776,102,6621.25
157,1,2,2023-02-05,1336.5,12540,494,31,4457.14
158,2,3,2023-02-05,1857.12,26918,578,78,5274.13
159,3,2,2023-02-05,1362.06,14111,310,48,6158.49
160,6,8,2023-02-05,2166.32,22725,1318,134,4228.22
161,1,6,2023-02-06,2342.5,31419,840,112,5916.27
162,2,4,2023-02-06,1645.42,22877,1024,104,5826.54
163,3,8,2023-02-06,959.53,10426,399,74,4522.88
164,5,2,2023-02-06,2137.12,20192,875,72,3663.59
165,2,8,2023-02-07,2150.06,26009,1469,135,5292.8
166,3,1,2023-02-07,2362.08,27192,827,91,11223.18
167,4,4,2023-02-07,306.69,2824,149,29,1305.49
168,6,3,2023-02-07,1938.31,23182,663,87,2706.73
169,1,2,2023-02-08,2458.31,26874,927,153,5621.45
170,2,7,2023-02-08,1939.44,22292,1166,127,6502.55
171,3,7,2023-02-08,2175.47,24074,1352,103,8879.67
172,4,3,2023-02-08,1682.98,24451,590,94,5447.65
173,5,3,2023-02-08,1840.03,24929,793,85,3396.78
174,6,4,2023-02-08,2034.43,29598,1133,111,4019.45
175,1,7,2023-02-09,848.97,7288,386,63,3179.94
176,2,3,2023-02-09,2176.16,27553,865,58,5955.58
177,3,3,2023-02-09,2322.94,22430,1110,167,7866.64
178,4,5,2023-02-09,1427.76,17528,505,66,4487.6
179,5,8,2023-02-09,2030.15,22261,455,23,5715.02
180,6,1,2023-02-09,1642.82,16789,350,52,2211.6
181,1,7,2023-02-10,1089.19,15516,569,53,3915.49
182,2,5,2023-02-10,1664.03,21415,676,110,3816.32
183,3,4,2023-02-10,1167.8,15079,477,93,4374.97
184,4,1,2023-02-10,1901.36,18205,510,68,7736.42
185,5,5,2023-02-10,1468.98,13291,751,127,2758.1
186,3,2,2023-02-11,1226.42,13759,333,49,5841.93
187,4,7,2023-02-11,2110.28,17686,433,38,8516.49
188,4,8,2023-02-12,1338.91,16161,704,133,5287.95
189,5,4,2023-02-12,225.25,3246,177,31,378.62
190,1,4,2023-02-13,1341.21,14436,363,49,4493.39
191,2,5,2023-02-13,2274.74,20465,542,68,5589.41
192,3,4,2023-02-13,1860.05,20051,689,130,9735.98
193,5,7,2023-02-13,1982.35,22250,538,52,4948.07
194,6,7,2023-02-13,1102.5,15508,372,72,2467.83
195,2,6,2023-02-14,2423.71,20271,487,94,8792.95
196,4,7,2023-02-14,492.59,5764,210,18,2147.53
197,5,4,2023-02-14,353.88,5028,136,20,791.4
198,1,7,2023-02-15,883.02,9821,530,93,3099.98
199,2,5,2023-02-15,1480.62,17143,467,33,4993.73
200,3,2,2023-02-15,1588.74,13698,784,91,8633.78
201,4,5,2023-02-15,1469.49,16852,735,97,5354.26
202,5,4,2023-02-15,1343.58,18801,892,91,2990.37
203,6,2,2023-02-15,1435.42,20757,886,90,2739.6
204,2,7,2023-02-16,1618.71,21735,1010,114,4117.28
205,4,6,2023-02-16,291.33,3750,92,9,880.44
206,6,1,2023-02-16,2375.89,26421,1194,160,3769.81
207,1,1,2023-02-17,1089.51,15536,645,91,4038.75
208,3,5,2023-02-17,219.71,2324,98,14,1186.64
209,4,4,2023-02-17,1278.17,19030,1082,178,3919.16
210,5,5,2023-02-17,1033.7,10087,323,24,1730.88
211,6,2,2023-02-17,2324.89,23106,1068,61,3816.99
212,1,8,2023-02-18,1387.33,14116,470,81,4935.72
213,3,2,2023-02-18,2451.19,22919,514,65,12115.76
214,4,8,2023-02-18,1929.79,19028,492,57,6721.91
215,5,1,2023-02-18,2352.21,34960,1994,181,4687.3
216,3,3,2023-02-19,1511.93,20049,689,108,6683.6
217,4,4,2023-02-19,795.63,9464,224,14,2200.09
218,1,8,2023-02-20,1241.39,15311,639,120,3778.6
219,2,4,2023-02-20,1770.82,25800,762,91,3959.38
220,3,1,2023-02-20,594.71,5458,269,44,2349.12
221,4,8,2023-02-20,746.94,10695,476,89,3459.85
222,5,3,2023-02-20,1807.29,22189,906,154,4114.49
223,6,4,2023-02-20,303.0,4135,181,33,428.61
224,1,6,2023-02-21,1334.48,17821,519,79,5217.38
225,4,7,2023-02-21,1780.75,18246,895,95,5543.25
226,6,7,2023-02-21,764.76,9408,358,66,975.51
227,1,4,2023-02-22,2499.97,29667,680,48,9353.2
228,3,7,2023-02-22,755.34,10072,546,94,2479.53
229,4,1,2023-02-22,1512.75,13050,395,34,4988.51
230,6,1,2023-02-22,1520.31,15628,440,64,2703.42
231,1,8,2023-02-23,2273.07,27608,1372,72,6634.23
232,2,1,2023-02-23,1594.14,22626,1149,184,5487.96
233,3,3,2023-02-23,1199.13,12484,358,31,4698.95
234,4,5,2023-02-23,401.85,5728,261,47,1565.53
235,5,4,2023-02-23,1870.04,19448,925,100,5305.0
236,6,1,2023-02-23,1945.13,26411,1401,191,2848.32
237,1,2,2023-02-24,364.2,4509,190,31,907.37
238,2,8,2023-02-24,1274.71,13975,354,34,3761.25
239,3,8,2023-02-24,747.77,10362,534,39,2728.25
240,4,2,2023-02-24,2429.78,27755,1353,92,10487.26
241,5,4,2023-02-24,446.23,3679,200,21,1026.75
242,1,7,2023-02-25,1147.95,11350,298,29,4574.56
243,3,4,2023-02-25,1942.46,27722,1414,185,10172.81
244,1,6,2023-02-26,1538.17,21406,460,55,3982.44
245,3,5,2023-02-26,564.33,4627,136,23,1783.71
246,6,4,2023-02-26,282.51,3271,85,5,623.59
247,1,4,2023-02-27,893.72,12897,492,72,2923.18
248,2,5,2023-02-27,469.44,5873,285,36,1289.82
249,3,4,2023-02-27,1845.78,20261,911,119,10553.1
250,4,1,2023-02-27,1516.09,17176,976,70,5958.87
251,5,6,2023-02-27,2207.0,32219,1702,113,3520.46
252,6,8,2023-02-27,1824.74,25733,1088,95,3348.04
253,1,8,2023-02-28,1261.91,17803,802,52,3931.25
254,2,4,2023-02-28,1807.65,20601,599,96,5909.89
255,3,7,2023-02-28,731.4,10874,478,81,3047.97
256,5,1,2023-02-28,856.95,11328,476,89,1858.17
257,6,4,2023-02-28,2124.1,27145,647,103,4400.88
258,1,8,2023-03-01,1927.69,18207,789,85,7828.84
259,2,1,2023-03-01,634.6,8179,422,36,1537.47
260,3,3,2023-03-01,1985.24,27928,990,116,9997.14
261,4,4,2023-03-01,2290.85,24034,1379,115,11264.08
262,5,2,2023-03-01,303.5,3867,96,7,661.29
263,1,8,2023-03-02,2014.47,19399,447,81,6509.92
264,2,5,2023-03-02,2428.42,20359,538,99,5960.0
265,3,3,2023-03-02,2403.18,34789,1974,138,13015.64
266,4,6,2023-03-02,2234.41,30217,1079,175,9857.59
267,5,6,2023-03-02,904.6,7822,194,17,1955.61
268,6,7,2023-03-02,2483.02,24927,916,94,5081.59
269,1,5,2023-03-03,2134.14,20706,902,167,5331.37
270,2,5,2023-03-03,1854.98,27519,762,42,4805.83
271,3,7,2023-03-03,765.19,7915,451,38,3208.65
272,4,8,2023-03-03,2102.98,27461,858,139,7455.77
273,5,6,2023-03-03,1997.76,19120,581,62,3367.25
274,6,4,2023-03-03,1086.51,10856,649,71,2460.75
275,2,3,2023-03-04,524.66,6787,337,52,1184.44
276,3,1,2023-03-04,1339.44,11008,354,20,4680.23
277,5,2,2023-03-04,1358.2,19756,875,84,3518.27
278,6,6,2023-03-04,1470.23,16937,742,135,3100.97
279,1,3,2023-03-05,321.54,4049,106,9,1108.65
280,3,6,2023-03-05,1222.87,18165,716,56,6952.05
281,4,2,2023-03-05,2005.05,18110,419,48,9712.04
282,5,6,2023-03-05,1599.7,13068,332,24,3429.55
283,6,1,2023-03-05,1735.95,24364,1444,238,3388.15
284,1,3,2023-03-06,1374.76,17907,511,65,5363.56
285,2,4,2023-03-06,1905.61,27680,665,52,4659.17
286,3,4,2023-03-06,1193.31,14405,342,33,5263.05
287,4,4,2023-03-06,1212.45,13778,409,79,3694.19
288,5,3,2023-03-06,2327.45,32984,1896,337,5878.54
289,6,1,2023-03-06,837.02,8189,478,79,1088.85
290,1,1,2023-03-07,2453.46,24072,715,100,8347.49
291,2,4,2023-03-07,1236.72,16333,619,64,2974.62
292,3,4,2023-03-07,509.15,5087,195,31,2163.79
293,4,1,2023-03-07,348.6,4839,172,18,1626.13
294,6,7,2023-03-07,1814.96,24857,1176,103,3704.5
295,1,6,2023-03-08,1551.32,14617,623,81,4282.07
296,2,5,2023-03-08,1713.47,17405,876,86,5528.08
297,3,4,2023-03-08,1777.04,25569,948,90,6691.72
298,4,3,2023-03-08,2246.97,20041,841,139,9924.47
299,5,2,2023-03-08,1245.56,15590,909,97,3234.11
300,1,3,2023-03-09,1502.74,15985,875,64,6032.44
301,2,1,2023-03-09,580.72,6772,295,30,1907.65
302,3,8,2023-03-09,344.66,4385,116,15,1158.06
303,4,8,2023-03-09,1377.47,17532,617,39,4574.99
304,5,4,2023-03-09,1248.34,18185,976,187,2883.95
305,6,5,2023-03-09,1758.6,17563,972,132,3199.89
306,1,5,2023-03-10,1750.73,25406,1354,213,5868.87
307,2,4,2023-03-10,2080.05,22422,1159,194,5855.08
308,3,5,2023-03-10,780.49,10374,590,106,3778.7
309,4,6,2023-03-10,397.39,5646,286,37,1959.6
310,5,7,2023-03-10,1121.38,11539,350,34,2819.23
311,1,5,2023-03-11,1433.31,14127,372,46,4247.41
312,4,8,2023-03-11,861.95,8982,451,46,2602.25
313,5,5,2023-03-11,201.14,1628,60,8,374.2
314,2,4,2023-03-12,1978.45,23738,1350,228,5744.54
315,4,3,2023-03-12,1664.78,23828,887,136,4537.42
316,1,1,2023-03-13,2292.76,30270,1188,117,8084.69
317,2,6,2023-03-13,2442.27,35025,1101,160,4881.68
318,3,8,2023-03-13,571.98,5910,309,43,2705.66
319,4,5,2023-03-13,608.08,5341,195,23,2313.3
320,5,6,2023-03-13,1876.42,23022,1257,124,5256.42
321,6,3,2023-03-13,719.35,7403,403,30,952.46
322,1,5,2023-03-14,1919.8,19175,731,113,7214.72
323,2,8,2023-03-14,1712.24,24962,1278,128,3873.2
324,3,7,2023-03-14,2146.81,19425,449,55,8237.3
325,4,6,2023-03-14,644.42,7995,350,63,2555.57
326,5,5,2023-03-14,1327.55,17624,675,126,2942.91
327,6,2,2023-03-14,1741.03,23538,756,66,3053.52
328,1,3,2023-03-15,522.53,5804,233,11,2154.37
329,2,2,2023-03-15,1906.03,27167,1004,129,6721.78
330,4,1,2023-03-15,1263.07,13211,352,23,5891.88
331,5,3,2023-03-15,2152.78,30133,1543,219,5170.21
332,6,2,2023-03-15,2300.29,29857,1783,243,5098.16
333,2,2,2023-03-16,1807.8,14976,362,22,5405.39
334,3,4,2023-03-16,1726.54,24933,572,59,9685.34
335,4,5,2023-03-16,902.89,10259,257,24,3378.45
336,5,6,2023-03-16,2433.22,27363,1526,272,4515.01
337,6,8,2023-03-16,2453.2,20511,631,81,4181.46
338,1,7,2023-03-17,1696.19,17638,1004,88,5422.02
339,2,7,2023-03-17,2141.35,18293,896,47,5005.64
340,3,3,2023-03-17,1991.29,17937,523,101,8885.84
341,5,3,2023-03-17,1906.72,21364,952,68,3888.36
342,6,8,2023-03-17,1706.23,23546,1105,196,3864.05
343,1,5,2023-03-18,1682.93,24754,542,37,3913.99
344,2,3,2023-03-18,650.1,8089,403,40,1847.91
345,5,7,2023-03-18,1314.17,12066,264,25,2432.84
346,6,1,2023-03-18,803.72,7127,383,24,1301.47
347,3,3,2023-03-19,1878.96,18227,811,126,9974.5
348,4,5,2023-03-19,1173.18,11612,408,74,3176.3
349,5,4,2023-03-19,2115.81,19882,534,39,5593.61
350,6,6,2023-03-19,1458.15,15446,869,103,2680.15
351,1,5,2023-03-20,1811.42,19512,986,75,4426.74
352,2,5,2023-03-20,371.9,5253,265,27,1011.43
353,3,3,2023-03-20,1659.3,22676,672,50,5831.2
354,4,7,2023-03-20,1549.24,17577,470,25,7441.37
355,6,2,2023-03-20,1805.37,23415,981,87,3220.39
356,1,2,2023-03-21,237.82,2445,106,6,549.97
357,3,4,2023-03-21,916.84,8045,453,72,5344.7
358,5,7,2023-03-21,1283.87,17940,656,63,2009.52
359,6,4,2023-03-21,2286.11,25490,877,122,3630.17
360,1,2,2023-03-22,2394.64,29879,703,139,5569.38
361,2,8,2023-03-22,670.03,6675,270,39,2195.09
362,3,6,2023-03-22,1010.73,10894,523,92,3253.04
363,4,1,2023-03-22,1275.02,15800,325,32,3821.73
364,5,6,2023-03-22,204.64,2183,126,11,484.74
365,6,1,2023-03-22,1958.39,24936,1364,156,3028.03
366,1,6,2023-03-23,555.58,4717,153,16,1311.45
367,2,1,2023-03-23,1026.12,11050,416,66,2798.95
368,3,8,2023-03-23,896.62,9300,439,76,4879.28
369,4,6,2023-03-23,293.1,4324,122,7,1311.88
370,5,2,2023-03-23,1725.97,24744,725,57,3532.42
371,6,5,2023-03-23,1969.85,26131,617,41,4007.57
372,1,2,2023-03-24,1512.25,20254,1080,163,5002.65
373,2,4,2023-03-24,1054.56,14844,418,27,3335.05
374,3,8,2023-03-24,1335.32,19468,438,57,5148.57
375,4,2,2023-03-24,491.65,7306,362,19,2339.25
376,5,7,2023-03-24,1328.38,15553,649,49,3457.61
377,6,7,2023-03-24,479.26,6302,246,14,621.36
378,1,1,2023-03-25,2248.16,32159,744,84,6399.43
379,2,2,2023-03-25,2406.71,30473,1482,229,7251.34
380,5,1,2023-03-25,929.79,12945,320,32,2419.31
381,6,2,2023-03-25,1533.24,21628,637,124,2069.59
382,3,4,2023-03-26,1182.02,17270,689,135,6326.43
383,5,8,2023-03-26,243.6,3523,118,10,496.7
384,6,2,2023-03-26,1867.25,20751,1224,127,4298.36
385,1,6,2023-03-27,1457.84,12120,476,70,4111.08
386,2,1,2023-03-27,1030.15,13434,370,37,3495.37
387,4,5,2023-03-27,2293.69,26614,1313,220,6126.85
388,5,1,2023-03-27,1427.83,17448,513,74,3745.02
389,6,3,2023-03-27,2101.54,26127,686,129,2977.29
390,1,7,2023-03-28,1462.79,15327,881,142,5776.93
391,2,1,2023-03-28,1306.74,14124,637,46,2593.5
392,3,6,2023-03-28,1361.32,11880,504,64,5998.09
393,5,8,2023-03-28,2417.03,31521,889,73,4397.0
394,6,2,2023-03-28,1916.48,25848,675,40,4234.81
395,1,1,2023-03-29,2364.31,31324,1401,165,8491.63
396,3,2,2023-03-29,1564.02,12791,672,89,8038.17
397,5,5,2023-03-29,1338.03,11530,368,66,2121.34
398,6,6,2023-03-29,351.27,3472,156,9,536.95
399,1,2,2023-03-30,1543.71,22630,928,111,4638.33
400,2,4,2023-03-30,612.58,8319,227,19,1329.52
401,3,2,2023-03-30,2266.77,27583,1237,97,13198.92
402,4,1,2023-03-30,1037.05,11377,288,46,4772.06
403,5,2,2023-03-30,1728.75,24318,1033,113,4819.88
404,6,7,2023-03-30,817.26,7987,381,72,1894.31
405,1,8,2023-03-31,1556.39,20235,1015,174,6038.42
406,2,3,2023-03-31,907.43,9555,293,40,2680.54
407,3,7,2023-03-31,2021.35,29770,1408,127,11679.88
408,4,3,2023-03-31,299.09,2683,62,9,1172.1
409,6,7,2023-03-31,1652.88,19160,1055,196,2746.65
410,2,1,2023-04-01,519.62,6776,239,38,1584.93
411,4,6,2023-04-01,2350.81,26247,1227,216,6272.86
412,5,6,2023-04-01,610.15,8112,346,43,1183.74
413,4,7,2023-04-02,2360.73,21033,1112,117,9829.36
414,1,5,2023-04-03,584.01,5228,292,44,1977.18
415,2,2,2023-04-03,1446.39,14363,309,60,3027.17
416,3,6,2023-04-03,2105.53,19702,985,185,10058.14
417,4,4,2023-04-03,708.25,9522,340,56,3107.26
418,5,4,2023-04-03,2148.36,26956,905,49,5365.64
419,6,3,2023-04-03,617.37,5097,256,50,1174.81
420,1,3,2023-04-04,1122.57,13975,623,42,4158.8
421,2,3,2023-04-04,1818.65,25125,965,101,4083.96
422,3,3,2023-04-04,2257.61,33149,1279,109,7223.6
423,4,2,2023-04-04,804.67,10682,374,32,3405.01
424,5,4,2023-04-04,1319.35,13533,700,135,3251.38
425,6,3,2023-04-04,2088.98,28373,686,63,2884.28
426,1,4,2023-04-05,2276.6,22675,1131,169,7429.44
427,2,5,2023-04-05,1615.91,16434,648,52,3221.63
428,3,2,2023-04-05,1836.26,16232,839,126,6136.63
429,4,3,2023-04-05,484.44,5416,154,25,2295.27
430,5,3,2023-04-05,303.47,3117,149,10,539.45
431,6,5,2023-04-05,1849.58,18743,664,99,2589.19
432,1,4,2023-04-06,2097.45,17271,1031,150,6191.96
433,3,5,2023-04-06,1677.85,21222,1133,78,5398.74
434,4,8,2023-04-06,2431.24,35799,1861,316,9009.94
435,5,1,2023-04-06,401.73,4112,172,26,778.77
436,6,6,2023-04-06,1979.73,26592,769,131,4380.32
437,1,1,2023-04-07,398.82,4174,171,17,978.15
438,3,3,2023-04-07,623.92,7477,205,28,1978.28
439,4,6,2023-04-07,1962.59,17052,596,104,6271.86
440,5,2,2023-04-07,352.51,3506,199,23,545.56
441,6,8,2023-04-07,1228.68,14092,385,19,1945.28
442,2,6,2023-04-08,2409.58,34373,1854,228,6762.88
443,4,6,2023-04-08,448.93,5525,268,51,1670.68
444,1,3,2023-04-09,1418.27,12938,371,73,4327.44
445,1,6,2023-04-10,1023.73,12505,448,29,2940.16
446,2,5,2023-04-10,2310.68,26024,1210,68,6600.93
447,3,2,2023-04-10,2316.21,34296,954,152,7301.26
448,6,2,2023-04-10,1366.8,18879,963,188,2352.77
449,1,6,2023-04-11,867.77,8529,266,39,2245.0
450,2,5,2023-04-11,1741.29,24822,1120,77,6230.94
451,3,8,2023-04-11,2199.79,31139,809,120,10470.8
452,4,5,2023-04-11,330.93,4475,184,28,1327.8
453,5,4,2023-04-11,1313.26,14317,380,58,3079.16
454,6,1,2023-04-11,1902.32,21614,443,37,3383.73
455,1,6,2023-04-12,745.24,7964,230,38,3070.02
456,2,2,2023-04-12,2137.35,23890,495,64,7018.27
457,3,1,2023-04-12,2051.71,17515,396,25,6988.2
458,4,8,2023-04-12,2371.21,24736,837,103,6872.73
459,6,4,2023-04-12,651.09,7150,359,22,1014.13
460,1,4,2023-04-13,983.58,12525,441,54,2982.18
461,2,2,2023-04-13,762.31,9974,405,71,1919.72
462,4,6,2023-04-13,1361.45,17608,613,76,5566.48
463,5,8,2023-04-13,1393.23,11951,300,55,3579.08
464,6,7,2023-04-13,1858.33,21022,657,58,3654.56
465,2,8,2023-04-14,789.28,11121,257,16,2429.31
466,3,8,2023-04-14,1746.43,23518,924,119,10074.53
467,4,2,2023-04-14,1544.26,20771,763,44,4173.39
468,5,5,2023-04-14,1902.32,27990,1224,236,4558.32
469,6,6,2023-04-14,763.38,6692,234,34,1557.57
470,1,1,2023-04-15,513.38,5729,148,27,1172.98
471,3,7,2023-04-15,1915.55,15862,655,57,9368.69
472,4,1,2023-04-15,1072.76,11500,349,17,3359.13
473,6,1,2023-04-15,2165.71,27443,591,58,4462.79
474,1,8,2023-04-16,809.29,11135,260,14,2392.64
475,2,1,2023-04-16,2248.79,23823,1027,130,5972.01
476,4,7,2023-04-16,828.45,6930,344,55,2832.21
477,6,3,2023-04-16,1039.45,14389,404,71,2243.52
478,1,5,2023-04-17,603.99,8314,228,45,1885.44
479,3,5,2023-04-17,221.53,2083,83,7,822.25
480,4,2,2023-04-17,1769.02,21196,1237,128,6857.63
481,5,7,2023-04-17,580.37,7929,313,50,1597.86
482,6,4,2023-04-17,582.74,5132,109,17,1189.06
483,1,8,2023-04-18,681.89,6566,352,23,2556.51
484,2,7,2023-04-18,403.37,5411,291,25,1177.28
485,3,2,2023-04-18,1889.49,19362,836,58,7270.83
486,4,4,2023-04-18,1027.39,9149,183,31,4315.71
487,1,1,2023-04-19,658.92,8292,286,34,1617.51
488,2,3,2023-04-19,567.33,7831,408,38,1198.92
489,3,6,2023-04-19,1723.09,22520,1178,199,7299.32
490,4,8,2023-04-19,1320.67,14071,527,38,5043.87
491,5,6,2023-04-19,2454.74,29592,825,128,6851.0
492,6,4,2023-04-19,1491.59,18873,777,131,2077.66
493,1,5,2023-04-20,1410.08,11332,327,43,5586.78
494,2,7,2023-04-20,440.05,6463,350,37,1267.96
495,5,1,2023-04-20,2471.83,31382,820,92,5995.17
496,6,6,2023-04-20,1462.05,14052,667,54,2174.35
497,1,1,2023-04-21,2240.72,28643,896,61,8624.54
498,2,4,2023-04-21,2376.49,33340,1048,105,7789.83
499,3,7,2023-04-21,2473.71,29572,1270,218,11693.15
500,4,2,2023-04-21,1818.0,20530,772,114,5035.74
501,5,7,2023-04-21,981.9,12969,612,96,2121.69
502,6,3,2023-04-21,1885.95,18589,745,46,3090.71
503,1,2,2023-04-22,940.31,14019,615,112,3541.43
504,2,8,2023-04-22,1862.06,15730,535,86,4325.1
505,3,1,2023-04-22,910.69,10678,263,28,3808.12
506,4,7,2023-04-22,1956.21,19157,582,113,9197.4
507,6,4,2023-04-22,1024.59,12490,721,42,2056.75
508,5,2,2023-04-23,1700.49,15473,897,171,4289.18
509,2,4,2023-04-24,2098.01,30361,1414,75,5034.57
510,3,2,2023-04-24,808.56,11479,368,40,3484.87
511,4,8,2023-04-24,583.75,4893,152,16,2296.3
512,6,5,2023-04-24,1767.65,17931,891,133,2389.82
513,1,1,2023-04-25,2152.03,27924,710,91,8171.91
514,2,4,2023-04-25,1328.43,17957,672,114,3127.41
515,3,1,2023-04-25,873.26,11675,322,35,5052.91
516,4,5,2023-04-25,848.98,11715,346,21,4179.87
517,5,2,2023-04-25,2215.2,25450,1255,75,4460.47
518,6,7,2023-04-25,1813.73,20794,474,43,2678.49
519,1,4,2023-04-26,884.01,12453,713,112,2400.75
520,4,5,2023-04-26,2166.82,17967,910,62,6039.64
521,5,7,2023-04-26,1414.3,17814,617,87,2968.04
522,1,2,2023-04-27,1144.72,15527,911,50,4080.5
523,2,6,2023-04-27,297.79,4004,191,18,796.63
524,3,6,2023-04-27,2307.98,33449,1310,241,10442.04
525,5,7,2023-04-27,1822.69,22910,1030,80,3575.42
526,6,5,2023-04-27,2471.19,20137,664,67,4669.95
527,1,1,2023-04-28,965.52,12974,448,61,2907.2
528,2,5,2023-04-28,1116.06,10641,303,58,3615.09
529,3,2,2023-04-28,815.13,12092,309,20,3601.38
530,5,3,2023-04-28,1538.5,16303,736,47,4397.23
531,6,5,2023-04-28,689.74,9341,401,26,1098.34
532,1,5,2023-04-29,2465.41,36227,1899,106,9535.3
533,2,1,2023-04-29,1410.97,18420,631,114,4444.38
534,4,4,2023-04-29,1849.02,20906,496,39,7065.72
535,3,4,2023-04-30,2441.13,23856,1043,82,8136.03
536,6,2,2023-04-30,1398.31,19130,754,113,2593.63
537,2,7,2023-05-01,2022.05,29184,765,69,6955.64
538,3,2,2023-05-01,637.38,7297,182,20,2085.63
539,6,1,2023-05-01,1036.64,10093,583,69,1797.94
540,2,7,2023-05-02,517.42,6115,195,33,1521.98
541,3,5,2023-05-02,551.41,6915,149,13,2154.82
542,5,8,2023-05-02,1574.3,14096,498,92,3058.37
543,6,5,2023-05-02,284.9,2882,101,7,459.09
544,1,4,2023-05-03,392.15,5377,177,14,1602.01
545,2,8,2023-05-03,1223.09,14554,693,122,3719.86
546,3,1,2023-05-03,1257.89,11012,292,26,5413.97
547,5,6,2023-05-03,2452.19,31656,1262,70,3953.15
548,6,8,2023-05-03,721.2,10744,474,35,1578.87
549,1,8,2023-05-04,2388.4,31212,1109,166,5397.42
550,3,4,2023-05-04,2396.13,28624,873,147,11810.78
551,4,3,2023-05-04,904.96,7843,255,22,3178.16
552,5,8,2023-05-04,2206.68,20586,787,81,5663.71
553,6,3,2023-05-04,212.1,2283,79,13,356.88
554,1,6,2023-05-05,1281.38,17730,484,25,3347.45
555,2,7,2023-05-05,2402.33,23335,818,136,7940.91
556,3,5,2023-05-05,668.51,6166,249,18,3516.82
557,4,8,2023-05-05,1229.51,11667,473,91,3677.11
558,5,1,2023-05-05,2120.91,24995,1061,191,3903.72
559,6,6,2023-05-05,1082.67,11013,381,47,1691.73
560,3,2,2023-05-06,210.33,2021,119,19,926.91
561,4,7,2023-05-06,667.98,9865,420,28,2827.48
562,5,3,2023-05-06,986.07,11071,295,26,2542.64
563,6,7,2023-05-06,309.7,3225,177,18,405.02
564,1,8,2023-05-07,2271.32,22340,469,66,9198.85
565,2,4,2023-05-07,475.69,4931,268,28,1533.78
566,3,2,2023-05-08,702.64,9467,524,32,2902.94
567,4,5,2023-05-08,1977.76,27291,1493,282,5327.65
568,5,5,2023-05-08,1145.03,14488,612,90,2919.73
569,6,6,2023-05-08,1596.01,13475,663,37,3249.15
570,1,2,2023-05-09,765.87,8371,176,25,2931.76
571,3,6,2023-05-09,1135.64,15802,684,93,5225.4
572,4,1,2023-05-09,1917.06,21483,853,48,5942.85
573,5,6,2023-05-09,1624.58,15816,491,39,4034.11
574,1,6,2023-05-10,1764.04,17045,553,49,6713.44
575,2,6,2023-05-10,474.83,6205,174,30,1368.59
576,4,3,2023-05-10,1768.6,20945,785,121,7492.98
577,5,6,2023-05-10,644.54,6349,212,20,1652.71
578,6,7,2023-05-10,1426.88,14223,526,86,2473.29
579,1,5,2023-05-11,2131.41,22390,503,92,8056.2
580,2,5,2023-05-11,1670.4,20737,881,116,3274.75
581,3,8,2023-05-11,1299.45,17775,769,71,5594.41
582,4,4,2023-05-11,1840.95,19810,826,125,6107.23
583,5,3,2023-05-11,653.43,5431,315,43,1033.85
584,6,2,2023-05-11,2058.44,29722,1239,167,4330.81
585,1,7,2023-05-12,1252.08,13436,525,32,4232.91
586,3,2,2023-05-12,1175.51,13852,328,25,6787.09
587,4,8,2023-05-12,1759.91,14137,642,64,7745.9
588,5,1,2023-05-12,981.49,8914,336,30,2494.0
589,6,2,2023-05-12,1508.69,17776,900,96,2549.43
590,1,6,2023-05-13,276.45,3624,192,10,998.73
591,2,5,2023-05-13,292.51,3471,134,17,945.09
592,4,1,2023-05-13,546.88,5648,121,13,1957.64
593,1,8,2023-05-14,1761.33,18875,401,77,6730.97
594,6,7,2023-05-14,445.76,3710,203,19,741.81
595,1,8,2023-05-15,512.49,4893,259,20,2054.27
596,2,3,2023-05-15,2083.09,19473,611,118,5717.8
597,3,1,2023-05-15,1654.91,15007,659,71,5375.94
598,4,1,2023-05-15,2221.4,30006,851,70,6273.21
599,5,3,2023-05-15,2328.48,30128,1074,188,5997.3
600,6,6,2023-05-15,1739.65,25033,1166,219,2848.07
601,1,7,2023-05-16,1622.96,23241,1079,112,6054.03
602,2,7,2023-05-16,1055.73,15435,393,58,2545.0
603,3,3,2023-05-16,353.11,4989,125,12,1754.81
604,4,3,2023-05-16,2032.57,26463,595,102,8700.81
605,5,2,2023-05-16,979.92,11362,372,50,1858.48
606,1,2,2023-05-17,2140.52,27284,833,160,6079.02
607,2,6,2023-05-17,1390.86,12954,406,49,3320.13
608,4,6,2023-05-17,580.11,7158,294,38,2338.23
609,5,2,2023-05-17,2358.37,27900,1405,144,5480.96
610,6,1,2023-05-17,1311.79,12780,650,68,2512.92
611,1,4,2023-05-18,903.91,8174,212,11,2461.37
612,2,6,2023-05-18,2444.91,33198,818,100,6115.75
613,3,6,2023-05-18,393.7,4300,100,13,1889.98
614,5,2,2023-05-18,1993.56,21554,891,142,4694.09
615,1,1,2023-05-19,1479.98,19076,570,66,5884.45
616,2,7,2023-05-19,543.11,8122,346,63,1497.82
617,3,1,2023-05-19,1088.2,11018,278,28,6279.53
618,4,3,2023-05-19,1955.51,17768,365,51,7874.57
619,5,1,2023-05-19,449.14,6129,241,31,944.48
620,6,4,2023-05-19,948.06,12716,670,102,1984.54
621,3,2,2023-05-20,1925.68,20773,777,123,8957.06
622,3,3,2023-05-21,2250.32,29063,1034,188,8061.62
623,4,2,2023-05-21,201.55,2700,116,12,710.18
624,6,7,2023-05-21,2287.92,32306,1231,92,4221.74
625,1,2,2023-05-22,522.73,5125,122,19,1792.25
626,2,2,2023-05-22,2066.37,21419,522,26,5338.69
627,3,6,2023-05-22,2181.06,23852,693,56,8365.59
628,4,7,2023-05-22,768.71,6434,172,21,3600.18
629,5,4,2023-05-22,1965.37,22560,1300,246,4380.06
630,6,6,2023-05-22,2040.45,30425,823,155,3130.52
631,2,6,2023-05-23,865.6,7306,170,17,2014.38
632,3,6,2023-05-23,1682.83,14691,617,35,5831.15
633,5,6,2023-05-23,503.89,4094,94,5,1287.28
634,6,1,2023-05-23,2182.06,26845,1073,176,4937.04
635,1,1,2023-05-24,342.23,4832,139,18,1089.36
636,3,6,2023-05-24,1019.94,14064,524,80,5182.04
637,4,2,2023-05-24,797.15,10484,268,37,3302.48
638,5,3,2023-05-24,522.52,6992,419,45,881.61
639,6,3,2023-05-24,1802.26,18850,711,124,3600.17
640,1,7,2023-05-25,1449.66,20168,454,41,3440.7
641,2,3,2023-05-25,2371.13,28205,1084,81,5660.82
642,5,4,2023-05-25,2361.59,29014,1725,313,4676.7
643,6,6,2023-05-25,339.46,4199,229,12,694.86
644,3,3,2023-05-26,1079.82,13016,365,43,4662.22
645,4,6,2023-05-26,382.01,3476,193,30,1447.75
646,5,2,2023-05-26,282.0,3018,93,17,616.4
647,6,7,2023-05-26,1657.71,24481,841,131,3108.82
648,3,2,2023-05-27,323.89,3809,194,12,1504.01
649,1,1,2023-05-28,1242.52,15412,614,61,3992.75
650,2,6,2023-05-28,1931.47,24973,1442,78,5693.73
651,4,5,2023-05-28,621.97,6374,213,16,1759.62
652,5,6,2023-05-28,1911.75,24570,631,78,5326.22
653,6,1,2023-05-28,1541.07,21553,436,78,1952.54
654,1,1,2023-05-29,1747.8,19405,586,43,7063.37
655,2,8,2023-05-29,573.51,8092,168,30,1197.56
656,3,2,2023-05-29,2162.59,23758,478,63,9009.26
657,5,6,2023-05-29,1800.42,26938,1307,207,2888.16
658,1,1,2023-05-30,753.09,6451,356,30,2046.56
659,2,8,2023-05-30,1299.15,17592,463,88,4546.98
660,3,5,2023-05-30,820.59,8148,178,14,3804.08
661,6,1,2023-05-30,282.0,2721,95,15,580.94
662,1,2,2023-05-31,1437.24,13844,709,80,3495.52
663,2,2,2023-05-31,1261.74,17373,622,101,2954.14
664,3,6,2023-05-31,2075.21,30413,1218,230,6775.95
665,4,5,2023-05-31,902.47,8145,192,27,3548.19
666,5,2,2023-05-31,833.02,7560,266,31,1319.95
667,6,3,2023-05-31,1708.24,14005,622,103,3291.89
668,1,3,2023-06-01,1487.45,18869,451,23,6009.55
669,2,4,2023-06-01,1962.73,15853,447,76,5298.74
670,5,5,2023-06-01,1571.33,20035,1191,192,3527.25
671,6,5,2023-06-01,2168.33,20083,800,61,4977.47
672,1,2,2023-06-02,2322.38,30514,1169,113,9302.67
673,2,4,2023-06-02,1212.15,16687,403,49,3915.94
674,3,4,2023-06-02,200.73,2727,149,29,727.26
675,4,7,2023-06-02,2082.62,26935,592,116,8269.9
676,5,1,2023-06-02,825.35,6745,376,26,1760.08
677,6,7,2023-06-02,1979.62,29618,1173,225,2847.48
678,1,6,2023-06-03,393.44,5525,228,15,1602.52
679,2,1,2023-06-03,2284.85,19785,667,129,5920.79
680,4,2,2023-06-03,742.49,6400,164,22,2943.34
681,5,5,2023-06-03,627.02,7291,392,50,1695.84
682,6,8,2023-06-03,316.45,3965,165,26,717.18
683,1,4,2023-06-04,1786.46,22743,759,145,5287.52
684,5,4,2023-06-04,200.51,2726,88,9,479.24
685,6,7,2023-06-04,1781.65,14363,643,74,2719.64
686,1,2,2023-06-05,350.09,4638,164,26,1013.69
687,2,3,2023-06-05,930.18,11544,565,74,2660.61
688,3,3,2023-06-05,702.28,10015,419,59,3436.11
689,4,7,2023-06-05,1127.0,15672,894,111,5086.76
690,5,5,2023-06-05,1992.48,19121,1092,95,4800.35
691,6,3,2023-06-05,2475.82,28653,1414,196,5022.72
692,2,8,2023-06-06,1448.11,14004,590,96,4242.59
693,3,3,2023-06-06,1189.52,13806,626,95,6292.75
694,5,3,2023-06-06,517.52,5217,162,25,1096.75
695,6,8,2023-06-06,897.34,13386,451,46,1377.08
696,1,8,2023-06-07,1055.9,13263,653,114,2426.6
697,3,6,2023-06-07,253.46,2629,109,11,1311.25
698,4,8,2023-06-07,722.31,10377,333,22,3395.27
699,5,1,2023-06-07,1648.34,15883,342,40,4183.34
700,1,2,2023-06-08,1464.11,12174,576,77,5163.78
701,2,4,2023-06-08,1933.74,16111,575,48,6458.23
702,3,6,2023-06-08,1988.59,27331,1154,135,11009.02
703,4,6,2023-06-08,1597.28,16479,644,91,4422.45
704,5,8,2023-06-08,1148.39,13939,592,65,2775.6
705,6,8,2023-06-08,1209.65,12835,669,106,1743.69
706,1,4,2023-06-09,500.06,6909,383,26,1472.35
707,2,2,2023-06-09,1177.62,13772,779,100,3624.18
708,3,6,2023-06-09,1641.11,18922,979,170,8303.49
709,4,2,2023-06-09,1144.01,14842,461,75,5093.7
710,5,5,2023-06-09,2378.93,22929,806,159,3911.16
711,6,7,2023-06-09,849.32,11165,572,81,1761.24
712,1,4,2023-06-10,1356.73,15711,528,43,4714.18
713,2,8,2023-06-10,2105.15,23655,1280,180,7043.22
714,5,5,2023-06-10,1467.96,17478,838,85,2358.79
715,6,8,2023-06-10,1565.55,20594,654,58,3187.64
716,1,8,2023-06-11,536.96,5986,347,34,2119.84
717,2,4,2023-06-11,1870.79,26352,1422,218,5713.37
718,4,6,2023-06-11,717.42,7440,153,16,3068.0
719,1,6,2023-06-12,383.58,4559,94,17,1573.91
720,2,7,2023-06-12,285.15,2848,169,15,961.6
721,3,4,2023-06-12,956.38,11974,359,35,4055.55
722,4,7,2023-06-12,2434.79,31398,1198,77,8264.96
723,5,2,2023-06-12,1910.7,25639,1037,199,4875.62
724,6,8,2023-06-12,615.84,7437,273,33,1230.41
725,2,6,2023-06-13,1730.56,16062,686,75,5409.83
726,3,5,2023-06-13,1461.94,21216,647,95,6138.85
727,4,8,2023-06-13,463.01,5045,144,25,1524.2
728,6,6,2023-06-13,2174.89,27764,1095,105,3786.09
729,1,5,2023-06-14,2204.36,32262,1006,113,7635.04
730,2,6,2023-06-14,2400.33,33513,1347,115,6126.76
731,3,1,2023-06-14,693.21,9753,203,11,3283.68
732,4,8,2023-06-14,273.59,2395,138,9,1336.99
733,6,4,2023-06-14,510.87,6346,203,16,853.35
734,1,4,2023-06-15,541.96,8056,445,29,1615.72
735,3,5,2023-06-15,1210.46,16547,829,64,4355.48
736,4,4,2023-06-15,1312.5,18340,592,110,4176.52
737,5,3,2023-06-15,352.95,4033,89,6,922.68
738,1,2,2023-06-16,703.13,8957,283,19,2093.65
739,2,3,2023-06-16,769.54,10869,642,81,1731.73
740,4,2,2023-06-16,1122.46,12787,624,120,5049.62
741,5,4,2023-06-16,1867.57,16853,923,142,3524.23
742,6,4,2023-06-16,1491.11,18552,1053,71,2968.26
743,2,6,2023-06-17,1598.61,16739,921,158,3923.75
744,3,2,2023-06-17,707.11,10217,426,39,2284.19
745,5,4,2023-06-17,1682.35,25203,1195,197,4309.11
746,6,2,2023-06-17,1277.69,14844,304,29,2131.24
747,4,8,2023-06-18,1562.31,16047,626,46,5436.26
748,5,5,2023-06-18,1670.41,20180,552,64,4524.27
749,1,3,2023-06-19,2168.26,27848,1119,71,5056.4
750,2,3,2023-06-19,1757.5,18094,1057,110,5071.9
751,3,1,2023-06-19,1057.53,12686,335,52,6154.04
752,4,3,2023-06-19,2275.92,32248,1561,303,6526.32
753,5,3,2023-06-19,805.98,9835,222,29,2017.78
754,6,2,2023-06-19,1027.62,10855,412,32,1821.75
755,1,8,2023-06-20,2021.23,16754,416,81,7586.5
756,2,5,2023-06-20,247.58,3235,165,30,658.5
757,3,1,2023-06-20,1989.04,26946,1049,93,8612.45
758,5,4,2023-06-20,1923.38,23775,576,100,4346.29
759,1,3,2023-06-21,1170.1,11288,514,51,3897.03
760,2,1,2023-06-21,1984.03,25129,698,87,4069.82
761,3,5,2023-06-21,1638.67,15106,790,72,8137.69
762,5,7,2023-06-21,722.6,9635,526,31,1605.42
763,6,6,2023-06-21,485.99,6814,401,51,743.76
764,2,6,2023-06-22,1290.39,16189,699,99,2833.07
765,3,1,2023-06-22,1728.88,23117,730,128,5504.54
766,5,3,2023-06-22,1808.51,24975,1298,146,3391.62
767,6,1,2023-06-22,2391.32,20044,838,47,3729.21
768,1,7,2023-06-23,282.51,4026,166,12,1173.89
769,2,1,2023-06-23,210.17,2957,97,18,659.67
770,3,5,2023-06-23,2139.31,25517,519,55,7375.19
771,4,5,2023-06-23,212.03,3103,70,5,936.75
772,5,1,2023-06-23,1898.1,22845,737,113,3272.06
773,1,3,2023-06-24,1151.88,11098,335,58,3623.36
774,2,1,2023-06-24,390.8,4178,165,31,1377.05
775,3,4,2023-06-24,2368.39,19397,578,58,11611.58
776,5,3,2023-06-24,2433.16,34325,1216,224,6302.08
777,1,5,2023-06-25,2481.06,22800,1245,106,9852.81
778,2,2,2023-06-25,1463.81,15460,530,82,4934.17
779,4,4,2023-06-25,780.04,6868,282,45,2444.47
780,6,3,2023-06-25,2019.43,20305,892,100,2939.0
781,1,5,2023-06-26,2087.0,29371,591,108,7862.23
782,2,7,2023-06-26,1094.02,16174,441,28,3101.57
783,3,3,2023-06-26,883.68,7612,280,53,3421.62
784,5,6,2023-06-26,1601.34,21612,493,25,3032.91
785,1,2,2023-06-27,1130.86,15263,770,53,4413.44
786,3,5,2023-06-27,993.35,10596,483,75,5238.98
787,4,1,2023-06-27,1799.64,17893,423,68,8864.83
788,5,6,2023-06-27,415.76,4028,90,5,1081.24
789,6,8,2023-06-27,1189.05,17745,569,44,1641.06
790,1,8,2023-06-28,2410.45,28292,1479,222,5772.33
791,2,1,2023-06-28,1499.53,20781,1156,140,5404.91
792,3,8,2023-06-28,992.37,8036,302,20,5155.55
793,4,2,2023-06-28,860.16,11783,260,42,3412.55
794,5,8,2023-06-28,2173.1,28079,847,145,4253.86
795,6,4,2023-06-28,718.42,9765,296,15,1485.37
796,1,2,2023-06-29,1269.58,12106,270,43,5006.53
797,2,5,2023-06-29,2315.27,27373,837,81,4578.48
798,3,3,2023-06-29,1176.46,14102,624,81,6827.21
799,4,4,2023-06-29,882.45,8314,351,31,3065.15
800,5,7,2023-06-29,1045.49,12602,455,83,1900.11
801,6,8,2023-06-29,985.8,8421,256,42,2305.67
802,2,5,2023-06-30,1980.25,21547,1270,177,4527.26
803,3,5,2023-06-30,755.26,7551,184,9,2560.42
804,4,6,2023-06-30,383.52,4293,240,36,1351.89
805,5,7,2023-06-30,2047.7,20132,769,43,4823.49
806,6,1,2023-06-30,569.84,7492,348,48,1262.53
807,5,1,2023-07-01,1840.12,21734,763,131,4838.36
808,2,6,2023-07-02,1982.9,21138,1084,113,4484.27
809,3,2,2023-07-02,580.09,4943,101,12,1907.95
810,4,4,2023-07-02,2258.2,29538,1335,87,6033.54
811,1,3,2023-07-03,2408.41,25955,991,164,6046.31
812,2,6,2023-07-03,2238.03,26734,738,80,5307.21
813,3,7,2023-07-03,890.56,10431,484,76,4070.78
814,4,3,2023-07-03,1930.65,26271,841,121,6917.07
815,5,1,2023-07-03,252.89,3672,105,18,588.7
816,6,7,2023-07-03,755.41,10289,550,107,1465.45
817,2,8,2023-07-04,1018.44,11083,641,55,2601.67
818,3,4,2023-07-04,2341.2,20304,621,90,10275.63
819,5,2,2023-07-04,695.85,5949,187,36,1964.63
820,6,3,2023-07-04,2018.08,25159,1163,178,3923.31
821,1,1,2023-07-05,2012.61,24825,759,100,5565.52
822,2,4,2023-07-05,1416.16,19916,516,99,2921.83
823,3,5,2023-07-05,1651.59,14430,857,80,5375.03
824,4,8,2023-07-05,1734.0,19394,695,95,5730.91
825,5,1,2023-07-05,1881.6,18730,759,149,4128.52
826,6,8,2023-07-05,1429.97,13402,459,31,2365.08
827,1,4,2023-07-06,1153.54,15627,771,63,4699.44
828,2,1,2023-07-06,339.9,3188,144,21,1204.91
829,3,2,2023-07-06,1174.42,12450,357,58,5127.47
830,4,7,2023-07-06,2356.4,34219,1011,109,11390.99
831,6,7,2023-07-06,535.76,6938,350,29,999.88
832,1,5,2023-07-07,1333.53,12986,655,82,4962.68
833,2,6,2023-07-07,2104.68,30856,1499,267,6815.53
834,3,7,2023-07-07,1703.48,23402,992,132,6758.22
835,4,6,2023-07-07,1801.11,26350,851,83,8463.75
836,5,6,2023-07-07,1904.48,18962,980,151,5150.64
837,6,8,2023-07-07,2378.49,23170,1084,176,3046.35
838,1,1,2023-07-08,582.65,5404,313,51,1398.23
839,3,8,2023-07-08,2263.26,19609,858,140,9967.12
840,3,1,2023-07-09,1300.85,15274,506,92,4287.8
841,4,6,2023-07-09,1639.74,23844,846,108,5265.98
842,5,3,2023-07-09,1898.2,26015,997,124,3310.61
843,6,3,2023-07-09,987.64,11787,244,12,1986.35
844,1,1,2023-07-10,667.1,6598,373,61,1734.32
845,3,3,2023-07-10,1711.57,24415,1187,225,6694.69
846,4,5,2023-07-10,229.75,3031,177,18,638.29
847,6,8,2023-07-10,2103.97,27874,1650,249,3977.1
848,2,3,2023-07-11,2092.18,26805,620,48,6994.68
849,3,4,2023-07-11,1479.5,19125,972,89,6335.79
850,5,3,2023-07-11,2453.01,23559,978,123,5710.94
851,6,8,2023-07-11,2152.04,20489,994,195,3321.39
852,1,1,2023-07-12,2122.56,20948,603,86,5635.42
853,2,1,2023-07-12,967.06,13362,407,46,2045.94
854,4,6,2023-07-12,1774.85,25420,1230,170,4874.53
855,5,7,2023-07-12,633.06,7275,203,14,1275.01
856,6,3,2023-07-12,1419.14,14909,720,38,2510.02
857,1,5,2023-07-13,2429.06,27869,828,113,6599.05
858,2,6,2023-07-13,1667.77,20076,839,135,5240.84
859,3,6,2023-07-13,321.6,2661,107,15,1335.55
860,4,1,2023-07-13,2209.52,20207,568,100,9738.42
861,6,6,2023-07-13,466.55,5384,266,30,817.37
862,1,3,2023-07-14,492.74,6637,338,62,1621.53
863,2,4,2023-07-14,1576.54,17675,616,82,5388.63
864,3,1,2023-07-14,1284.52,11044,272,18,4656.48
865,4,3,2023-07-14,1290.35,10509,317,18,4948.29
866,5,6,2023-07-14,1277.75,14682,407,75,3514.73
867,6,4,2023-07-14,2267.36,32665,1691,110,5018.58
868,5,3,2023-07-15,1436.97,15426,420,74,2794.84
869,2,5,2023-07-16,1076.17,15303,535,65,3351.22
870,5,4,2023-07-16,2357.41,24846,1287,215,4056.81
871,1,5,2023-07-17,560.21,7054,188,31,1576.44
872,3,4,2023-07-17,921.89,8095,192,37,4475.56
873,4,8,2023-07-17,2444.08,31188,1507,139,10011.08
874,6,6,2023-07-17,1357.76,14814,341,32,1747.06
875,1,7,2023-07-18,1035.76,10894,282,36,3274.91
876,2,1,2023-07-18,2313.24,30602,1520,207,7346.91
877,3,2,2023-07-18,1169.23,11483,514,40,6283.11
878,4,1,2023-07-18,237.63,2662,61,8,1150.87
879,5,1,2023-07-18,1018.67,11961,528,90,2742.53
880,6,2,2023-07-18,634.95,9041,236,23,1076.37
881,1,4,2023-07-19,962.89,12040,689,64,3154.63
882,2,2,2023-07-19,1434.04,17309,484,84,4724.93
883,3,5,2023-07-19,1193.17,17822,467,79,4577.38
884,4,3,2023-07-19,1180.19,10154,517,37,3543.24
885,5,5,2023-07-19,2303.34,29252,1725,332,5657.99
886,6,1,2023-07-19,393.63,4188,231,37,748.15
887,1,7,2023-07-20,1362.68,16974,1014,66,5627.98
888,2,3,2023-07-20,228.32,3353,135,23,568.43
889,3,3,2023-07-20,684.59,9781,225,39,2782.1
890,4,5,2023-07-20,305.27,2528,130,19,1503.15
891,5,6,2023-07-20,2056.86,29565,972,154,4368.65
892,6,6,2023-07-20,1481.64,17089,845,108,2501.89
893,2,8,2023-07-21,1352.49,12364,687,65,2764.97
894,3,3,2023-07-21,1915.19,25760,1499,144,6311.61
895,4,1,2023-07-21,2494.26,27305,1494,79,12303.95
896,5,2,2023-07-21,1549.49,17599,361,65,3420.14
897,6,8,2023-07-21,861.56,12845,450,35,1878.56
898,5,1,2023-07-22,1791.53,24503,1368,89,2934.41
899,2,3,2023-07-23,2340.94,26888,1164,145,7115.95
900,3,1,2023-07-23,1972.56,23237,1228,162,11054.39
901,5,4,2023-07-23,1143.13,10945,483,49,2305.43
902,1,5,2023-07-24,1881.56,25613,895,123,6542.09
903,2,8,2023-07-24,308.62,2956,126,20,1007.28
904,3,3,2023-07-24,1720.09,16923,931,73,7438.2
905,4,5,2023-07-24,1220.38,13487,397,78,4861.91
906,5,8,2023-07-24,1410.94,15244,506,97,2301.58
907,1,4,2023-07-25,1905.8,22300,1217,192,5969.52
908,2,2,2023-07-25,510.05,4434,94,7,1560.19
909,4,8,2023-07-25,1854.57,24012,1034,183,6244.16
910,5,8,2023-07-25,793.64,10986,515,75,1388.14
911,6,5,2023-07-25,1769.45,15523,625,109,2493.51
912,1,6,2023-07-26,2133.66,17709,423,70,8411.68
913,2,4,2023-07-26,1995.08,24014,1255,95,5922.53
914,3,3,2023-07-26,1685.95,20211,479,44,8092.37
915,4,4,2023-07-26,1221.76,13914,467,43,4196.2
916,5,1,2023-07-26,1525.15,15783,689,73,2399.31
917,6,7,2023-07-26,805.34,6916,259,22,1609.4
918,1,8,2023-07-27,2276.1,31446,680,132,8894.71
919,2,1,2023-07-27,1588.17,17944,663,121,4787.7
920,3,7,2023-07-27,1361.74,13747,804,54,5081.88
921,6,2,2023-07-27,2262.29,19283,549,105,3999.33
922,1,1,2023-07-28,414.27,6000,232,24,943.86
923,2,6,2023-07-28,2391.48,21311,752,97,5146.69
924,3,3,2023-07-28,597.95,6584,330,45,3080.66
925,4,4,2023-07-28,1963.45,21202,702,54,9023.75
926,5,3,2023-07-28,855.38,8334,369,63,1932.63
927,6,3,2023-07-28,998.23,10201,308,60,1617.43
928,1,4,2023-07-29,616.73,7580,263,23,1918.12
929,3,7,2023-07-29,1479.17,21535,799,149,4813.2
930,6,8,2023-07-29,2197.67,27200,921,89,4005.29
931,1,5,2023-07-30,1719.21,15403,584,80,5561.41
932,2,3,2023-07-30,506.45,7343,191,12,1302.35
933,4,4,2023-07-30,745.88,9162,296,16,2681.82
934,5,3,2023-07-30,854.02,9051,448,61,1453.75
935,6,2,2023-07-30,295.92,4337,138,10,610.94
936,1,4,2023-07-31,2447.24,29837,914,182,7051.36
937,2,6,2023-07-31,676.85,9608,426,38,1707.38
938,3,7,2023-07-31,2419.15,29569,625,93,11809.8
939,5,5,2023-07-31,773.22,9256,448,22,1252.38
940,6,4,2023-07-31,299.79,2596,85,9,556.77
941,1,6,2023-08-01,1655.38,22310,686,72,3862.82
942,2,1,2023-08-01,1993.44,16286,397,69,5936.04
943,3,3,2023-08-01,2314.74,34220,1578,258,9477.15
944,4,5,2023-08-01,1941.95,20382,787,102,6200.93
945,5,2,2023-08-01,1142.85,16729,506,77,3089.23
946,6,4,2023-08-01,2046.47,28885,1029,190,4259.71
947,2,6,2023-08-02,1009.94,10010,326,60,2738.66
948,4,5,2023-08-02,1214.3,10090,285,15,4201.14
949,5,8,2023-08-02,1433.68,19215,1092,175,3015.84
950,1,8,2023-08-03,1073.09,15440,569,32,3805.41
951,2,7,2023-08-03,2442.48,24794,1389,270,8148.61
952,3,6,2023-08-03,226.68,2600,85,14,1146.95
953,4,6,2023-08-03,993.85,10237,490,64,4719.54
954,5,8,2023-08-03,2416.07,29695,852,126,5020.53
955,6,5,2023-08-03,2253.96,28742,1118,99,4838.89
956,4,4,2023-08-04,1560.82,23135,822,149,4682.5
957,5,2,2023-08-04,1236.7,11086,315,36,2059.8
958,6,8,2023-08-04,1352.88,19084,926,103,2719.4
959,1,4,2023-08-05,949.05,8050,330,16,2355.87
960,3,6,2023-08-05,685.6,8268,411,55,3818.48
961,4,8,2023-08-05,236.46,2148,57,6,857.56
962,1,1,2023-08-06,2001.36,22907,522,30,6202.2
963,6,7,2023-08-06,1928.07,18621,1109,72,3124.78
964,1,2,2023-08-07,1349.02,14307,785,86,3929.63
965,2,2,2023-08-07,2076.81,23553,483,43,5799.99
966,3,1,2023-08-07,1367.45,18855,953,189,7360.02
967,5,1,2023-08-07,2285.45,23274,812,135,4821.39
968,6,4,2023-08-07,2032.57,23959,614,90,2887.37
969,1,1,2023-08-08,506.54,6279,245,46,1477.86
970,2,5,2023-08-08,735.38,9733,530,99,2331.15
971,3,1,2023-08-08,1955.21,24694,1352,165,7491.6
972,4,8,2023-08-08,1963.6,21683,615,117,5344.92
973,5,6,2023-08-08,923.96,11811,664,41,1954.65
974,6,1,2023-08-08,521.96,5191,236,25,944.86
975,1,2,2023-08-09,895.79,7713,180,19,3403.75
976,2,8,2023-08-09,209.44,1938,68,12,526.24
977,3,2,2023-08-09,1957.9,21825,1279,215,6366.14
978,4,3,2023-08-09,585.38,7490,264,26,1968.7
979,5,2,2023-08-09,1635.52,14335,531,40,3864.92
980,1,6,2023-08-10,1984.32,25703,1190,219,7433.07
981,2,8,2023-08-10,2003.74,20418,1005,192,4819.12
982,3,3,2023-08-10,1521.87,16710,367,34,8023.87
983,4,1,2023-08-10,662.1,5969,326,46,2699.67
984,6,8,2023-08-10,357.39,4612,100,16,548.92
985,1,4,2023-08-11,1454.71,12402,353,63,3969.93
986,2,2,2023-08-11,1615.94,20416,453,57,3520.46
987,4,3,2023-08-11,868.64,10557,560,43,3817.58
988,5,2,2023-08-11,2309.33,28775,1671,308,3752.63
989,6,7,2023-08-11,1701.11,21414,762,121,2315.58
990,2,1,2023-08-12,1392.74,16627,976,176,3740.21
991,3,8,2023-08-12,433.82,4776,162,32,1883.87
992,1,1,2023-08-13,1553.1,16625,610,47,4431.3
993,3,4,2023-08-13,1594.26,18966,789,48,7746.96
994,5,6,2023-08-13,2244.87,33317,1546,213,3676.47
995,6,7,2023-08-13,1592.5,22502,923,180,3132.01
996,1,8,2023-08-14,614.45,7480,387,45,2361.35
997,2,6,2023-08-14,1172.74,11304,272,16,4158.27
998,4,7,2023-08-14,583.91,8213,190,30,2542.46
999,5,5,2023-08-14,876.33,11929,652,105,1946.48
1000,6,1,2023-08-14,453.84,5720,187,32,835.22
1001,1,1,2023-08-15,1494.05,22207,1155,130,4066.67
1002,2,6,2023-08-15,774.21,8630,411,48,1761.23
1003,3,1,2023-08-15,1171.13,14052,642,69,3808.41
1004,4,4,2023-08-15,998.93,14246,309,51,2838.45
1005,5,6,2023-08-15,712.15,10600,554,58,1693.98
1006,6,7,2023-08-15,797.71,9477,299,43,1670.64
1007,1,1,2023-08-16,2265.31,27822,1039,190,6853.81
1008,2,6,2023-08-16,1859.79,24590,1254,107,5207.01
1009,3,1,2023-08-16,1315.04,12046,249,21,5882.47
1010,4,8,2023-08-16,1797.31,15165,641,103,8259.58
1011,5,4,2023-08-16,980.71,11899,243,34,1780.27
1012,6,8,2023-08-16,1435.44,16756,825,97,1834.96
1013,1,8,2023-08-17,1225.86,11860,385,38,3906.85
1014,2,8,2023-08-17,1211.45,15737,576,98,3771.56
1015,3,1,2023-08-17,593.0,8194,320,19,2481.79
1016,4,7,2023-08-17,642.33,6318,319,58,2248.91
1017,5,6,2023-08-17,386.74,4418,127,23,888.15
1018,6,7,2023-08-17,2019.25,26387,590,99,3816.2
1019,1,5,2023-08-18,308.81,4046,106,11,1192.26
1020,3,7,2023-08-18,255.43,3476,202,29,942.93
1021,4,3,2023-08-18,2317.07,18767,564,73,6750.04
1022,5,3,2023-08-18,1029.38,13684,817,74,2595.38
1023,1,5,2023-08-19,797.72,8806,360,25,3005.37
1024,4,6,2023-08-19,1119.16,14368,635,107,4167.08
1025,6,1,2023-08-19,1576.36,22203,808,62,2633.24
1026,2,8,2023-08-20,287.22,2914,107,19,973.23
1027,3,2,2023-08-20,1128.03,9036,515,99,6264.46
1028,4,2,2023-08-20,1223.06,10329,476,68,4148.32
1029,6,4,2023-08-20,2343.37,19751,1067,115,3399.77
1030,1,7,2023-08-21,1633.74,23379,565,102,4392.75
1031,2,5,2023-08-21,470.73,6795,377,47,1319.8
1032,3,5,2023-08-21,407.87,5996,345,63,2269.53
1033,5,2,2023-08-21,441.62,5737,196,29,941.48
1034,6,1,2023-08-21,1236.24,11657,497,82,2052.73
1035,1,3,2023-08-22,655.34,7260,324,33,1891.44
1036,2,4,2023-08-22,976.3,14146,841,106,3112.33
1037,3,4,2023-08-22,2493.84,28148,1039,128,12918.37
1038,5,6,2023-08-22,1652.24,24717,722,125,3703.83
1039,6,5,2023-08-22,1722.01,19099,709,62,3181.7
1040,1,2,2023-08-23,2068.34,21438,722,131,8243.47
1041,2,8,2023-08-23,1489.04,17121,476,82,4788.29
1042,3,7,2023-08-23,1726.74,24573,1237,186,9722.62
1043,4,7,2023-08-23,1054.6,15059,570,31,4724.22
1044,6,1,2023-08-23,2356.14,30639,698,83,5177.97
1045,1,8,2023-08-24,2453.2,24935,1278,174,7294.34
1046,2,5,2023-08-24,1846.77,16619,823,117,4386.97
1047,4,2,2023-08-24,556.21,5850,280,50,2707.79
1048,5,7,2023-08-24,2489.51,31978,1790,228,5253.31
1049,6,2,2023-08-24,831.34,11000,251,29,1267.12
1050,1,8,2023-08-25,1417.95,17086,879,71,3747.67
1051,2,8,2023-08-25,437.86,5912,258,31,1320.28
1052,3,4,2023-08-25,472.19,4413,152,26,2356.28
1053,4,2,2023-08-25,1721.1,21143,660,82,6603.58
1054,5,7,2023-08-25,1480.2,15923,407,58,3592.2
1055,6,2,2023-08-25,1185.49,10458,525,45,2500.96
1056,1,5,2023-08-26,231.1,2599,102,8,785.45
1057,2,4,2023-08-26,2018.3,25863,1338,227,5174.6
1058,3,5,2023-08-26,1993.87,29253,1703,269,8020.53
1059,4,2,2023-08-26,2205.93,24158,513,60,7119.76
1060,5,3,2023-08-26,2311.69,20688,808,66,5901.93
1061,2,4,2023-08-27,952.15,9564,486,45,1943.52
1062,3,2,2023-08-27,1424.81,18129,464,39,7914.29
1063,5,7,2023-08-27,1297.87,11214,416,52,3558.48
1064,6,5,2023-08-27,1055.86,10142,476,40,1571.54
1065,1,3,2023-08-28,2271.31,33693,695,66,7831.2
1066,2,4,2023-08-28,970.55,14198,641,74,3444.87
1067,3,5,2023-08-28,2194.94,19566,536,26,10582.23
1068,5,2,2023-08-28,379.02,3115,162,32,744.37
1069,6,4,2023-08-28,2497.64,33157,1174,200,4580.88
1070,1,7,2023-08-29,1620.42,16012,848,122,4747.23
1071,2,3,2023-08-29,1748.96,15709,933,106,5689.53
1072,3,2,2023-08-29,341.44,2862,81,9,1526.75
1073,4,2,2023-08-29,1164.67,15070,577,92,4018.15
1074,5,6,2023-08-29,1031.02,13707,604,42,2094.74
1075,6,4,2023-08-29,2209.18,22511,1142,87,3821.17
1076,1,2,2023-08-30,990.06,11287,232,41,2714.77
1077,3,3,2023-08-30,483.56,5954,120,15,1816.01
1078,4,2,2023-08-30,916.15,10007,488,93,2917.62
1079,6,5,2023-08-30,221.69,3220,95,12,305.3
1080,1,8,2023-08-31,2496.21,33502,1940,124,8195.7
1081,2,8,2023-08-31,464.32,5926,236,38,1400.6
1082,3,5,2023-08-31,441.59,5560,186,16,2051.01
1083,4,2,2023-08-31,2363.87,25808,795,40,10032.91
1084,5,3,2023-08-31,413.73,6019,334,34,869.76
1085,6,1,2023-08-31,571.24,4594,104,18,878.15
1086,1,2,2023-09-01,1704.82,21060,868,51,4806.17
1087,3,4,2023-09-01,1732.38,15215,783,55,7657.7
1088,4,5,2023-09-01,408.55,6069,342,50,1413.2
1089,5,2,2023-09-01,298.85,2759,58,5,760.99
1090,6,6,2023-09-01,505.81,4750,178,18,1079.63
1091,1,4,2023-09-02,1387.92,15553,350,18,5201.43
1092,2,4,2023-09-02,2230.31,30644,633,31,4578.69
1093,3,4,2023-09-02,1385.52,15686,513,56,4830.8
1094,1,1,2023-09-03,2149.16,18590,730,124,5258.14
1095,2,6,2023-09-03,1315.69,11197,335,57,4540.53
1096,3,2,2023-09-03,1560.7,18266,916,163,7295.21
1097,4,4,2023-09-03,2360.79,28412,1447,152,7459.88
1098,1,5,2023-09-04,212.04,2377,54,7,875.55
1099,2,2,2023-09-04,1995.73,27358,897,120,4368.45
1100,3,1,2023-09-04,201.52,2155,49,3,911.72
1101,4,6,2023-09-04,1040.2,13964,515,72,4104.05
1102,3,3,2023-09-05,1262.78,18462,587,45,5130.41
1103,4,1,2023-09-05,1116.7,13899,373,40,4112.48
1104,5,3,2023-09-05,672.58,6983,201,26,1272.2
1105,6,7,2023-09-05,334.38,4168,234,29,746.81
1106,1,1,2023-09-06,2431.0,35623,1768,264,6395.75
1107,2,5,2023-09-06,1251.25,14077,454,45,3048.88
1108,3,4,2023-09-06,2390.38,31201,1157,102,8815.33
1109,5,8,2023-09-06,685.45,7126,217,23,1306.56
1110,6,2,2023-09-06,1783.49,25742,1425,73,3788.25
1111,1,4,2023-09-07,528.1,4492,149,19,1313.05
1112,2,1,2023-09-07,2340.6,29545,1276,179,4766.92
1113,3,7,2023-09-07,1945.88,27338,1020,90,11277.48
1114,4,1,2023-09-07,1825.19,19495,797,76,5815.48
1115,5,7,2023-09-07,1007.97,10655,445,25,2852.08
1116,6,1,2023-09-07,2171.41,23754,1402,267,3208.12
1117,2,6,2023-09-08,1447.05,15968,400,31,3814.41
1118,5,5,2023-09-08,1155.42,10405,381,34,3304.08
1119,6,6,2023-09-08,941.04,8072,218,14,1674.18
1120,1,2,2023-09-09,761.94,7977,388,34,2974.45
1121,3,8,2023-09-09,1017.96,12313,286,54,5365.32
1122,4,4,2023-09-09,620.56,6321,368,69,1816.6
1123,6,2,2023-09-09,1133.16,9248,485,32,2504.0
1124,2,8,2023-09-10,791.29,11543,530,84,2134.05
1125,3,3,2023-09-10,1905.97,27683,1065,97,7302.86
1126,5,8,2023-09-10,2480.36,25855,1361,99,6999.17
1127,1,4,2023-09-11,1155.96,10555,235,35,4457.33
1128,2,7,2023-09-11,1093.88,13767,674,65,3767.25
1129,3,2,2023-09-11,1418.56,12272,493,88,5797.64
1130,4,8,2023-09-11,647.06,9662,432,61,1752.99
1131,5,8,2023-09-11,792.35,8560,485,88,1522.37
1132,6,7,2023-09-11,1509.61,14143,490,38,2665.42
1133,1,4,2023-09-12,1162.22,14469,734,41,2975.8
1134,2,3,2023-09-12,626.18,9145,473,39,1969.5
1135,3,8,2023-09-12,2378.25,20221,820,163,7964.88
1136,4,2,2023-09-12,693.42,9283,316,28,2863.48
1137,5,8,2023-09-12,2471.5,36545,1719,304,3849.41
1138,6,8,2023-09-12,1743.32,21190,566,40,2387.75
1139,1,6,2023-09-13,1058.76,15572,395,28,3237.4
1140,2,5,2023-09-13,2100.68,26381,838,78,6650.29
1141,4,1,2023-09-13,1292.6,18181,384,36,4680.19
1142,5,3,2023-09-13,1743.39,23810,1240,198,4285.89
1143,6,5,2023-09-13,1142.26,13329,532,27,2519.39
1144,1,2,2023-09-14,396.65,5089,280,20,1387.35
1145,2,4,2023-09-14,808.33,8587,329,44,2358.42
1146,5,7,2023-09-14,426.41,4888,293,57,1022.09
1147,6,6,2023-09-14,1998.28,16568,849,83,4084.63
1148,1,1,2023-09-15,502.75,4844,140,13,1365.69
1149,2,2,2023-09-15,2184.23,25161,781,91,5826.8
1150,3,2,2023-09-15,447.06,5185,236,45,1943.54
1151,4,7,2023-09-15,404.86,4560,102,16,1199.65
1152,5,3,2023-09-15,1652.8,16350,855,101,2743.68
1153,6,8,2023-09-15,1729.36,21294,916,55,4044.69
1154,3,8,2023-09-16,1023.53,10373,476,90,5889.57
1155,4,2,2023-09-16,434.7,4391,180,34,1599.15
1156,3,3,2023-09-17,1246.42,10858,554,51,5179.93
1157,4,2,2023-09-17,448.28,5296,244,35,1493.73
1158,5,5,2023-09-17,1311.29,10857,371,32,2250.36
1159,2,5,2023-09-18,1178.6,11738,619,103,2886.41
1160,3,7,2023-09-18,1892.04,27113,1209,156,7853.25
1161,4,6,2023-09-18,1348.94,19952,1076,209,4344.72
1162,6,6,2023-09-18,2200.68,32934,809,119,4769.4
1163,1,2,2023-09-19,210.03,1970,65,4,783.88
1164,2,8,2023-09-19,2302.33,23035,517,41,4899.77
1165,4,2,2023-09-19,1254.97,18113,892,87,5956.89
1166,5,3,2023-09-19,2335.41,30533,1247,63,4429.09
1167,6,8,2023-09-19,509.05,6926,371,20,898.73
1168,1,8,2023-09-20,1525.89,18340,511,93,3896.3
1169,2,7,2023-09-20,1470.78,19412,980,62,3727.89
1170,3,1,2023-09-20,1598.5,15069,767,110,5927.14
1171,4,2,2023-09-20,375.58,3955,189,12,1784.43
1172,5,2,2023-09-20,2159.54,26735,993,148,5798.96
1173,6,7,2023-09-20,1861.82,27694,628,44,3812.76
1174,1,5,2023-09-21,2086.43,23197,1159,81,7085.72
1175,2,1,2023-09-21,1217.73,13369,302,20,3002.29
1176,3,1,2023-09-21,688.5,8341,436,47,3402.31
1177,4,1,2023-09-21,2234.25,27201,1080,185,8040.89
1178,5,5,2023-09-21,1060.2,11882,282,51,2636.29
1179,6,2,2023-09-21,1795.74,19748,953,107,2645.79
1180,1,4,2023-09-22,744.41,6072,197,16,2168.93
1181,2,3,2023-09-22,1858.73,20570,964,110,6509.2
1182,3,6,2023-09-22,973.22,14401,582,53,5032.27
1183,4,5,2023-09-22,954.71,12328,425,63,2640.61
1184,5,4,2023-09-22,1985.29,19255,609,111,5224.09
1185,6,4,2023-09-22,890.91,12107,395,57,1552.43
1186,1,1,2023-09-23,2160.03,18235,739,134,6481.67
1187,3,3,2023-09-23,2454.0,33858,1323,143,13014.73
1188,6,7,2023-09-23,1068.63,9631,433,73,2438.99
1189,4,8,2023-09-24,1138.21,15884,950,132,4966.23
1190,1,3,2023-09-25,1513.8,17364,1005,122,4999.1
1191,5,1,2023-09-25,561.86,7545,400,35,873.83
1192,6,7,2023-09-25,2456.75,34677,1088,132,5563.59
1193,1,1,2023-09-26,567.4,7548,269,43,2343.99
1194,2,8,2023-09-26,1534.57,20021,1106,167,4277.34
1195,3,6,2023-09-26,2019.23,24602,580,57,9661.28
1196,4,3,2023-09-26,1964.31,26571,1132,114,7019.51
1197,5,5,2023-09-26,1176.5,10350,216,20,2281.48
1198,6,3,2023-09-26,570.36,7911,470,68,1211.06
1199,2,1,2023-09-27,1556.27,18244,777,93,4802.14
1200,3,4,2023-09-27,1934.41,18378,721,52,11313.27
1201,4,5,2023-09-27,1384.72,19352,857,123,4563.93
1202,5,1,2023-09-27,2298.98,24072,1312,68,4072.5
1203,6,5,2023-09-27,2147.49,20127,700,98,3941.76
1204,1,1,2023-09-28,1464.69,18530,1080,181,3562.57
1205,2,3,2023-09-28,737.34,10059,413,48,2047.04
1206,4,5,2023-09-28,1357.27,19523,868,107,4356.18
1207,5,4,2023-09-28,214.96,2177,116,19,470.35
1208,6,5,2023-09-28,568.74,7049,203,13,1254.62
1209,1,5,2023-09-29,1826.64,24035,1424,116,7039.67
1210,2,6,2023-09-29,208.74,2917,133,15,487.1
1211,3,1,2023-09-29,2269.92,32405,1903,132,10859.79
1212,4,6,2023-09-29,1355.51,18165,1052,78,5077.61
1213,5,3,2023-09-29,1398.14,19857,1177,173,2389.63
1214,6,7,2023-09-29,957.69,8454,274,37,2136.01
1215,1,2,2023-09-30,2122.85,24094,1039,87,5944.33
1216,2,2,2023-09-30,1541.73,19294,1133,93,4124.88
1217,4,6,2023-10-01,2008.89,26873,1377,72,8459.68
1218,1,2,2023-10-02,389.03,3910,194,33,1572.28
1219,2,4,2023-10-02,1579.23,17829,375,39,5051.38
1220,3,4,2023-10-02,1298.92,11123,343,50,6141.01
1221,4,8,2023-10-02,1744.44,19979,690,101,8047.02
1222,5,7,2023-10-02,1415.67,18659,575,108,3037.3
1223,6,2,2023-10-02,1850.9,22779,936,169,3919.45
1224,1,8,2023-10-03,697.63,9445,360,48,1791.92
1225,2,7,2023-10-03,2036.24,18824,977,150,4660.3
1226,3,7,2023-10-03,483.29,4819,109,8,1581.08
1227,4,3,2023-10-03,2268.2,21042,1081,112,9225.14
1228,5,1,2023-10-03,1628.34,18923,1031,179,2674.89
1229,6,4,2023-10-03,425.59,3503,128,16,921.04
1230,1,4,2023-10-04,1610.9,22646,503,55,3629.33
1231,2,2,2023-10-04,365.05,4579,186,15,963.91
1232,3,7,2023-10-04,1763.69,18944,726,129,6865.56
1233,4,6,2023-10-04,427.85,5105,298,39,1151.59
1234,6,3,2023-10-04,1086.17,14015,393,71,2519.71
1235,1,3,2023-10-05,1824.3,22701,1049,139,4532.08
1236,2,3,2023-10-05,2075.71,30856,732,74,4451.3
1237,3,5,2023-10-05,761.81,9302,490,27,3708.29
1238,4,8,2023-10-05,2105.62,21451,679,64,8629.57
1239,5,7,2023-10-05,885.9,9694,522,67,1997.3
1240,6,3,2023-10-05,1438.08,14135,594,66,1875.11
1241,1,5,2023-10-06,2220.1,19109,782,46,6119.31
1242,2,1,2023-10-06,585.32,5734,335,34,1444.97
1243,3,4,2023-10-06,1041.73,15421,807,68,5760.54
1244,1,6,2023-10-07,1992.9,21359,483,92,6338.47
1245,3,2,2023-10-07,791.74,8702,211,40,4413.23
1246,1,8,2023-10-09,1044.77,12630,346,67,2512.34
1247,2,1,2023-10-09,1110.47,14934,336,62,2967.68
1248,3,8,2023-10-09,496.7,6472,319,44,1871.02
1249,4,4,2023-10-09,1523.79,16522,627,64,5329.95
1250,5,6,2023-10-09,326.15,2845,152,8,724.48
1251,6,7,2023-10-09,236.13,3429,152,7,394.61
1252,2,8,2023-10-10,1588.93,14685,791,157,3258.16
1253,3,6,2023-10-10,827.95,11588,342,67,3107.39
1254,4,7,2023-10-10,1894.88,27816,1150,124,7524.48
1255,6,5,2023-10-10,1505.05,14039,455,35,2289.44
1256,1,2,2023-10-11,952.68,11982,670,112,3594.06
1257,2,1,2023-10-11,592.16,5077,177,9,1910.44
1258,3,7,2023-10-11,1014.6,12687,364,26,5052.82
1259,4,7,2023-10-11,458.13,5981,180,23,2117.8
1260,5,2,2023-10-11,2453.15,32624,673,63,5397.04
1261,6,3,2023-10-11,580.75,5109,253,36,1350.47
1262,1,8,2023-10-12,735.61,6586,270,51,2306.1
1263,5,2,2023-10-12,1458.45,16079,529,60,2828.03
1264,6,7,2023-10-12,258.45,3132,186,18,522.45
1265,1,7,2023-10-13,2255.37,25304,975,184,8531.3
1266,2,7,2023-10-13,2499.43,36392,1825,191,7656.05
1267,3,6,2023-10-13,1466.03,16925,402,41,6159.6
1268,4,2,2023-10-13,404.81,5829,289,39,1732.97
1269,5,4,2023-10-13,370.08,3139,102,7,662.75
1270,6,3,2023-10-13,1418.07,18416,1056,157,2771.91
1271,1,7,2023-10-14,1547.25,21332,595,46,6008.05
1272,2,6,2023-10-14,1156.51,12917,275,38,2725.95
1273,3,1,2023-10-14,2351.55,19290,1088,202,10214.54
1274,5,5,2023-10-14,823.87,10200,591,34,1380.37
1275,1,1,2023-10-15,1681.05,24122,603,64,4104.07
1276,3,1,2023-10-15,877.28,9365,246,37,5054.53
1277,2,2,2023-10-16,2225.4,23724,731,45,4457.06
1278,4,8,2023-10-16,1970.06,20117,955,142,8677.59
1279,5,1,2023-10-16,2070.3,28535,1346,174,5682.23
1280,6,5,2023-10-16,329.66,3561,122,9,694.67
1281,2,4,2023-10-17,593.77,5928,302,22,1557.6
1282,4,6,2023-10-17,2063.3,17957,895,106,7931.08
1283,6,8,2023-10-17,1199.4,16039,687,64,2307.16
1284,1,5,2023-10-18,967.58,14172,519,85,2427.08
1285,2,3,2023-10-18,1008.77,13828,529,31,2506.2
1286,3,6,2023-10-18,386.75,4070,101,19,2192.03
1287,4,1,2023-10-18,1872.34,15783,910,78,5315.05
1288,5,1,2023-10-18,1859.72,25150,1438,146,5037.98
1289,6,1,2023-10-18,2350.87,24495,1279,152,4844.46
1290,1,8,2023-10-19,562.61,5059,180,21,2129.85
1291,2,1,2023-10-19,549.46,4850,135,16,1661.34
1292,3,2,2023-10-19,1157.54,10751,300,32,4793.0
1293,4,4,2023-10-19,477.7,6363,155,22,1354.92
1294,5,2,2023-10-19,962.05,13068,743,61,2615.44
1295,6,7,2023-10-19,1261.63,14269,680,85,1983.2
1296,1,2,2023-10-20,1291.87,18868,671,76,4868.72
1297,2,6,2023-10-20,1903.06,20681,929,50,5606.78
1298,3,3,2023-10-20,792.49,8070,170,9,2860.16
1299,4,1,2023-10-20,1329.98,18145,650,70,5496.21
1300,5,8,2023-10-20,514.8,7275,252,18,821.26
1301,6,5,2023-10-20,1786.69,17146,605,70,3917.61
1302,3,1,2023-10-21,743.62,10202,429,51,3171.41
1303,4,5,2023-10-21,560.85,7332,229,41,2576.4
1304,5,1,2023-10-21,1971.56,22303,1139,62,5359.89
1305,1,6,2023-10-22,406.66,3648,114,21,1522.3
1306,3,4,2023-10-22,1166.58,13336,374,63,6795.42
1307,5,2,2023-10-22,1237.92,15920,651,81,2894.44
1308,6,3,2023-10-22,1487.27,19332,1071,177,2138.86
1309,1,6,2023-10-23,1654.19,15440,572,47,6334.72
1310,2,1,2023-10-23,378.4,5393,304,21,1100.44
1311,3,1,2023-10-23,209.43,2413,113,19,1043.78
1312,4,3,2023-10-23,1165.33,14491,562,71,3253.25
1313,5,8,2023-10-23,273.96,3929,208,29,583.98
1314,6,6,2023-10-23,1062.01,11749,257,48,1340.8
1315,2,8,2023-10-24,1469.47,16377,560,101,4271.87
1316,4,1,2023-10-24,336.34,4067,105,16,1326.02
1317,5,8,2023-10-24,2262.57,32240,1250,184,5716.11
1318,6,7,2023-10-24,2289.91,24314,918,56,3130.33
1319,1,5,2023-10-25,2172.07,26828,948,151,5074.3
1320,2,7,2023-10-25,1625.58,19793,634,33,3637.94
1321,3,7,2023-10-25,606.25,5205,229,18,2334.86
1322,4,7,2023-10-25,2075.68,26567,572,92,7028.44
1323,5,1,2023-10-25,1151.48,16062,517,33,2436.89
1324,6,3,2023-10-25,1920.36,28572,835,150,3396.04
1325,1,3,2023-10-26,1971.89,16837,833,138,7339.0
1326,2,2,2023-10-26,1452.03,16453,389,37,3156.76
1327,3,6,2023-10-26,335.96,3517,178,25,1480.52
1328,4,3,2023-10-26,972.42,7863,370,48,2610.55
1329,5,3,2023-10-26,1456.62,15984,665,35,3369.13
1330,1,6,2023-10-27,1160.43,16181,475,41,3999.19
1331,3,4,2023-10-27,238.82,2667,125,6,794.68
1332,4,2,2023-10-27,1774.68,22096,849,69,4915.28
1333,5,5,2023-10-27,355.5,5073,120,11,670.64
1334,6,2,2023-10-27,1581.61,16877,509,88,2704.98
1335,3,6,2023-10-28,1943.34,26477,956,135,6171.92
1336,6,2,2023-10-28,866.75,10780,516,85,1155.72
1337,2,4,2023-10-29,1282.07,18638,635,32,4247.28
1338,3,1,2023-10-29,1612.09,18016,869,120,8282.22
1339,4,6,2023-10-29,1534.88,17081,378,61,6452.88
1340,1,1,2023-10-30,364.96,4154,177,27,1258.16
1341,2,8,2023-10-30,1454.27,14813,689,136,3976.43
1342,3,2,2023-10-30,1914.25,16801,552,91,9697.52
1343,4,1,2023-10-30,1714.08,16534,621,78,6628.67
1344,5,1,2023-10-30,1107.44,12345,402,73,1958.47
1345,6,5,2023-10-30,1283.17,11203,490,47,2510.06
1346,1,2,2023-10-31,936.18,8817,418,76,2602.1
1347,2,4,2023-10-31,245.92,3062,61,3,650.85
1348,3,7,2023-10-31,2219.88,27270,693,93,7918.41
1349,4,8,2023-10-31,2396.67,25546,547,92,8334.34
1350,5,5,2023-10-31,1991.69,16413,543,93,3141.24
1351,6,2,2023-10-31,595.93,6542,389,30,1095.25
1352,1,4,2023-11-01,394.48,4164,244,20,1525.4
1353,2,1,2023-11-01,1653.91,24724,1358,79,4851.76
1354,3,4,2023-11-01,821.87,9008,339,30,3780.81
1355,4,2,2023-11-01,2044.47,19727,750,144,8588.64
1356,5,1,2023-11-01,1998.58,18648,460,81,4102.87
1357,6,2,2023-11-01,2106.59,23846,509,84,3694.77
1358,1,1,2023-11-02,1530.31,16659,433,75,4743.23
1359,2,4,2023-11-02,2409.15,24988,1062,77,5814.05
1360,4,6,2023-11-02,1234.81,11590,657,113,4697.74
1361,5,6,2023-11-02,2185.76,30816,1604,287,5288.37
1362,6,2,2023-11-02,1263.46,14031,785,79,2166.88
1363,1,3,2023-11-03,1568.43,19232,1068,119,3960.32
1364,2,3,2023-11-03,1640.35,13643,451,89,5716.31
1365,3,4,2023-11-03,627.74,8247,320,44,2875.45
1366,4,4,2023-11-03,1537.17,14672,525,82,6060.45
1367,5,4,2023-11-03,935.01,13262,294,47,2521.56
1368,6,6,2023-11-03,1519.56,12945,448,37,3389.22
1369,2,4,2023-11-04,916.94,11736,244,16,2804.43
1370,3,4,2023-11-04,2138.72,29969,1769,117,8609.28
1371,5,2,2023-11-04,1850.03,16248,524,102,3159.98
1372,6,3,2023-11-04,2429.57,23037,561,91,5124.57
1373,1,2,2023-11-05,1003.72,11201,393,76,2718.74
1374,3,3,2023-11-05,1589.1,22784,1208,230,7828.3
1375,4,4,2023-11-05,2172.4,32041,708,35,7801.67
1376,5,8,2023-11-05,2184.12,19125,1023,57,3686.2
1377,6,5,2023-11-05,2297.67,26984,1250,133,4253.24
1378,1,8,2023-11-06,873.21,11048,613,69,2008.33
1379,2,7,2023-11-06,395.14,4223,158,11,972.79
1380,3,2,2023-11-06,1457.81,19081,919,165,6326.33
1381,4,5,2023-11-06,2444.83,21039,705,51,6668.52
1382,6,1,2023-11-06,380.79,4137,224,17,536.28
1383,1,2,2023-11-07,1973.79,28813,1461,111,6015.83
1384,2,1,2023-11-07,2384.6,20099,1152,167,6782.13
1385,3,6,2023-11-07,205.55,2973,96,16,751.22
1386,5,5,2023-11-07,688.6,9670,522,103,1766.89
1387,6,6,2023-11-07,1818.97,19224,1120,78,3838.32
1388,1,6,2023-11-08,1941.49,17588,624,120,4835.57
1389,2,4,2023-11-08,931.27,13035,626,76,2400.61
1390,3,7,2023-11-08,763.22,9556,236,44,2881.1
1391,4,8,2023-11-08,1256.56,10266,489,93,5504.62
1392,6,6,2023-11-08,1739.66,15451,549,54,2799.84
1393,3,5,2023-11-09,1600.82,14292,513,38,9099.93
1394,4,3,2023-11-09,224.76,2448,101,7,968.9
1395,5,5,2023-11-09,394.79,3794,223,33,1123.01
1396,6,2,2023-11-09,447.53,5367,229,26,637.61
1397,1,1,2023-11-10,1811.65,24381,1461,123,7145.32
1398,2,5,2023-11-10,1862.17,16829,602,51,4719.86
1399,3,6,2023-11-10,1438.94,12732,620,64,5260.92
1400,4,1,2023-11-10,2289.75,18609,680,54,9256.29
1401,5,4,2023-11-10,2414.01,28799,1692,316,6322.66
1402,3,6,2023-11-11,1148.76,13609,314,42,5356.34
1403,1,2,2023-11-12,243.34,2042,43,8,886.99
1404,2,4,2023-11-12,257.03,2968,97,5,700.71
1405,4,2,2023-11-12,1600.32,13635,519,89,4606.38
1406,6,7,2023-11-12,1782.97,24061,661,39,4123.29
1407,1,8,2023-11-13,849.34,11110,597,40,2907.91
1408,3,6,2023-11-13,1373.43,14244,382,61,5565.35
1409,4,3,2023-11-13,1158.25,12341,371,69,5040.55
1410,1,2,2023-11-14,2384.28,29511,1313,239,9814.68
1411,2,5,2023-11-14,2257.34,28138,1377,133,6858.56
1412,3,4,2023-11-14,1824.1,24531,1363,186,8331.45
1413,4,4,2023-11-14,2468.52,20588,791,120,8825.94
1414,5,1,2023-11-14,524.63,6682,276,14,1490.63
1415,6,6,2023-11-14,375.34,3554,140,22,613.78
1416,1,7,2023-11-15,295.46,3671,206,16,1153.02
1417,2,8,2023-11-15,399.22,3893,132,11,894.8
1418,3,5,2023-11-15,1620.45,23428,991,196,7100.09
1419,4,6,2023-11-15,1712.39,17380,921,157,5526.62
1420,5,1,2023-11-15,953.19,9100,246,25,1688.94
1421,6,1,2023-11-15,796.62,8648,187,37,1482.02
1422,1,4,2023-11-16,313.82,3015,106,6,750.61
1423,2,8,2023-11-16,502.83,6745,387,53,1534.27
1424,3,4,2023-11-16,251.91,3246,131,17,1282.56
1425,4,8,2023-11-16,1385.73,12683,632,92,5930.95
1426,5,1,2023-11-16,231.81,3336,135,7,504.76
1427,1,8,2023-11-17,438.39,5600,308,15,1492.17
1428,2,4,2023-11-17,1876.55,19983,775,84,4823.63
1429,3,2,2023-11-17,2321.05,33147,1758,328,13468.11
1430,4,6,2023-11-17,1925.26,25125,1415,222,7219.63
1431,5,5,2023-11-17,1851.96,18399,861,131,4885.22
1432,6,3,2023-11-17,883.5,12978,660,60,1674.16
1433,1,6,2023-11-18,1120.4,12668,293,42,4197.98
1434,3,1,2023-11-18,613.49,8634,500,52,1959.74
1435,4,3,2023-11-18,492.07,6403,295,19,1979.08
1436,5,8,2023-11-18,2379.1,24445,975,145,3749.83
1437,6,2,2023-11-18,1410.49,17759,885,164,2597.49
1438,2,2,2023-11-19,1227.06,12439,436,22,3644.72
1439,1,5,2023-11-20,930.31,12535,372,52,2722.25
1440,3,3,2023-11-20,2113.26,17057,357,29,11785.6
1441,4,8,2023-11-20,1707.59,20903,1240,71,7119.83
1442,5,5,2023-11-20,1140.45,9893,470,39,3136.6
1443,6,6,2023-11-20,605.76,5168,283,30,1069.31
1444,1,2,2023-11-21,865.27,10423,245,25,2356.3
1445,2,2,2023-11-21,2498.22,37321,1258,150,7248.79
1446,3,7,2023-11-21,757.61,6519,227,20,2392.87
1447,4,7,2023-11-21,1638.39,22322,1223,63,6108.27
1448,5,3,2023-11-21,2121.38,22586,1076,203,5246.85
1449,6,4,2023-11-21,2003.86,22913,1252,146,3041.67
1450,1,6,2023-11-22,628.79,7881,466,80,2326.71
1451,2,5,2023-11-22,1809.22,19946,1047,53,5199.34
1452,3,5,2023-11-22,247.32,3118,95,9,880.4
1453,4,5,2023-11-22,822.62,10208,255,35,2887.14
1454,5,4,2023-11-22,1220.04,14258,736,146,2498.98
1455,6,5,2023-11-22,1680.59,15681,603,90,3284.63
1456,1,4,2023-11-23,1230.72,13515,287,44,2892.17
1457,2,3,2023-11-23,1701.17,19464,806,102,5055.35
1458,4,8,2023-11-23,1619.16,16390,437,75,7807.43
1459,5,7,2023-11-23,1190.48,17791,1065,160,2730.13
1460,6,6,2023-11-23,938.51,8430,322,53,1831.52
1461,1,2,2023-11-24,1527.73,15141,713,61,4246.42
1462,3,3,2023-11-24,357.87,4497,256,45,1784.87
1463,4,8,2023-11-24,2381.02,32533,796,118,11559.68
1464,5,6,2023-11-24,1004.85,14985,613,108,1548.34
1465,3,1,2023-11-25,1132.76,10216,430,43,4504.88
1466,6,1,2023-11-25,2165.09,26384,1379,69,3858.09
1467,1,3,2023-11-26,2433.53,23717,1189,111,9725.9
1468,2,6,2023-11-26,1978.73,20759,774,77,4666.78
1469,3,1,2023-11-26,648.07,6200,215,13,3534.82
1470,6,5,2023-11-26,2064.74,24545,1390,195,3598.31
1471,1,4,2023-11-27,1580.44,13758,468,50,4298.7
1472,2,5,2023-11-27,420.61,4349,163,22,1173.73
1473,3,1,2023-11-27,1269.94,12732,542,49,5547.2
1474,4,2,2023-11-27,1542.58,22048,902,92,4821.63
1475,5,4,2023-11-27,2171.3,27098,1410,84,3644.22
1476,6,6,2023-11-27,304.94,2511,72,3,696.06
1477,1,7,2023-11-28,1153.29,12443,362,71,3274.02
1478,2,2,2023-11-28,1605.53,19354,811,117,5751.26
1479,3,7,2023-11-28,2230.0,31568,1112,100,8611.93
1480,4,3,2023-11-28,491.42,6806,251,18,2216.95
1481,5,4,2023-11-28,1917.88,21046,910,72,4749.51
1482,6,8,2023-11-28,1641.43,18070,595,37,2592.87
1483,1,1,2023-11-29,2298.01,33584,1515,119,7586.81
1484,2,8,2023-11-29,1636.69,24327,997,67,3331.72
1485,3,1,2023-11-29,1528.11,13321,514,67,7647.27
1486,1,1,2023-11-30,2191.23,18659,543,67,6513.0
1487,2,8,2023-11-30,1822.09,22389,1219,73,3979.9
1488,3,7,2023-11-30,1321.58,16823,626,39,7000.45
1489,5,6,2023-11-30,2236.07,23087,1077,97,5882.53
1490,1,5,2023-12-01,734.53,6134,235,12,2077.86
1491,2,7,2023-12-01,431.13,4080,106,5,1023.88
1492,3,4,2023-12-01,2108.16,23253,558,86,7898.91
1493,4,1,2023-12-01,466.41,5137,162,18,2140.46
1494,5,3,2023-12-01,498.33,5954,288,20,779.34
1495,6,1,2023-12-01,1503.61,17693,951,131,2268.81
1496,1,8,2023-12-02,1516.64,21367,795,130,4226.35
1497,3,1,2023-12-02,1525.5,13470,502,66,6056.14
1498,4,3,2023-12-02,1926.41,22607,1180,168,8284.71
1499,1,2,2023-12-03,2247.6,19524,941,152,5311.63
1500,2,5,2023-12-03,2493.96,23144,775,51,8221.7
1501,3,5,2023-12-03,1923.11,20102,555,46,6522.55
1502,4,2,2023-12-03,2368.29,21303,572,93,9624.36
1503,5,2,2023-12-03,2289.49,34019,1759,238,4940.74
1504,6,1,2023-12-03,1211.65,18172,658,56,2184.03
1505,1,3,2023-12-04,820.46,10222,611,88,2435.11
1506,2,6,2023-12-04,519.97,6411,298,41,1269.81
1507,3,8,2023-12-04,1711.38,16409,721,46,8732.45
1508,5,7,2023-12-04,1990.35,24920,712,62,3170.18
1509,6,1,2023-12-04,791.82,9805,466,24,1602.76
1510,1,7,2023-12-05,2486.17,20870,1104,113,8119.68
1511,2,2,2023-12-05,951.53,11674,589,66,3068.08
1512,3,4,2023-12-05,1337.53,18622,601,65,7693.15
1513,4,5,2023-12-05,2123.54,20226,673,51,7616.88
1514,5,3,2023-12-05,1646.33,22932,999,133,2896.54
1515,1,5,2023-12-06,2225.28,30188,1398,223,6548.01
1516,2,7,2023-12-06,742.54,8426,222,11,2134.09
1517,3,3,2023-12-06,1068.54,8633,186,28,4433.12
1518,5,1,2023-12-06,2077.84,23677,1346,146,4131.15
1519,6,2,2023-12-06,658.5,7592,217,38,1108.07
1520,1,6,2023-12-07,829.21,8371,415,55,3084.87
1521,3,6,2023-12-07,1857.09,17650,771,143,10202.04
1522,4,6,2023-12-07,2067.83,20059,584,33,5536.97
1523,5,4,2023-12-07,1767.78,18809,1097,195,4432.58
1524,6,4,2023-12-07,659.65,5319,234,21,855.64
1525,1,1,2023-12-08,244.6,3446,171,31,708.93
1526,2,4,2023-12-08,1388.06,11400,662,72,4035.42
1527,3,4,2023-12-08,1647.02,17242,750,50,8879.43
1528,4,8,2023-12-08,737.73,6450,175,28,2690.92
1529,5,7,2023-12-08,957.48,13383,479,76,2051.25
1530,6,4,2023-12-08,1516.34,14656,786,130,2745.15
1531,1,1,2023-12-09,492.12,5355,143,28,1713.84
1532,1,1,2023-12-10,1178.83,14787,524,75,3108.21
1533,3,8,2023-12-10,2488.0,22962,1372,165,13523.71
1534,4,7,2023-12-10,727.19,8426,450,30,2631.09
1535,5,8,2023-12-10,1352.54,12984,486,55,3098.41
1536,6,3,2023-12-10,1149.86,14859,878,116,1560.72
1537,1,1,2023-12-11,1712.45,14319,721,110,6815.25
1538,2,7,2023-12-11,1158.19,10150,314,53,2342.05
1539,3,5,2023-12-11,1668.84,17860,744,63,8173.19
1540,4,2,2023-12-11,2048.68,19079,973,167,7090.55
1541,5,8,2023-12-11,2095.88,20778,570,87,4114.01
1542,6,6,2023-12-11,2140.95,20702,1039,176,2712.95
1543,1,3,2023-12-12,449.09,6216,245,32,1069.9
1544,2,3,2023-12-12,2434.55,20984,1219,63,8469.25
1545,3,1,2023-12-12,1200.58,9950,440,34,4877.5
1546,4,5,2023-12-12,2152.51,31217,1617,211,9440.52
1547,5,1,2023-12-12,473.96,4383,112,16,976.56
1548,6,3,2023-12-12,2167.52,32167,1011,54,4980.66
1549,1,7,2023-12-13,1060.5,9801,397,29,3136.45
1550,2,3,2023-12-13,1135.05,11261,385,67,3455.65
1551,3,8,2023-12-13,1760.77,20944,930,109,7498.84
1552,4,2,2023-12-13,1979.29,23248,598,49,7567.7
1553,5,3,2023-12-13,1739.96,14487,772,105,4394.53
1554,6,4,2023-12-13,1653.0,19309,572,51,3402.52
1555,1,2,2023-12-14,2255.83,23661,874,111,9317.64
1556,2,2,2023-12-14,2165.85,26591,785,64,7628.59
1557,3,8,2023-12-14,489.09,7066,271,17,2039.33
1558,4,2,2023-12-14,1149.74,13951,432,37,3518.95
1559,5,1,2023-12-14,2407.78,25272,847,169,4918.07
1560,6,4,2023-12-14,1483.21,17925,523,34,3066.46
1561,2,4,2023-12-15,1919.75,24455,521,62,6279.84
1562,3,7,2023-12-15,737.46,7276,245,45,4094.24
1563,4,7,2023-12-15,374.62,3592,215,25,1609.05
1564,5,6,2023-12-15,1403.22,13570,470,79,2427.91
1565,6,4,2023-12-15,2205.41,32806,1340,256,4848.26
1566,1,6,2023-12-16,562.1,5840,280,38,1677.99
1567,6,8,2023-12-16,291.74,3695,90,8,596.45
1568,1,8,2023-12-17,829.23,9375,243,14,2789.94
1569,2,6,2023-12-17,1710.52,21471,1252,219,3654.97
1570,3,8,2023-12-17,690.03,8637,329,17,3526.43
1571,2,5,2023-12-18,2215.41,26234,819,103,5369.32
1572,3,8,2023-12-18,2490.32,26929,1095,129,13590.78
1573,4,5,2023-12-18,385.24,3235,66,5,1840.62
1574,6,6,2023-12-18,1109.76,11037,361,42,2497.85
1575,1,7,2023-12-19,2447.5,21375,1076,83,9614.37
1576,2,3,2023-12-19,1830.5,14908,524,85,4359.93
1577,3,1,2023-12-19,816.47,6956,181,26,2665.89
1578,4,8,2023-12-19,1136.55,13838,354,37,4948.31
1579,6,3,2023-12-19,1659.7,21464,949,93,2421.16
1580,1,5,2023-12-20,706.82,6639,165,11,2505.49
1581,2,2,2023-12-20,2020.38,19190,814,96,6485.28
1582,3,3,2023-12-20,2451.04,21844,442,86,9776.9
1583,4,5,2023-12-20,513.46,6080,200,31,2125.46
1584,5,6,2023-12-20,2308.4,33114,1492,227,4036.26
1585,6,4,2023-12-20,622.36,6576,164,29,1143.49
1586,1,1,2023-12-21,2351.71,34120,1700,282,6182.9
1587,2,7,2023-12-21,780.42,8178,232,30,2259.78
1588,3,7,2023-12-21,2363.23,25280,1454,93,13754.82
1589,4,6,2023-12-21,2373.75,31868,1771,195,10300.86
1590,5,6,2023-12-21,1787.12,20589,818,98,3575.17
1591,6,5,2023-12-21,1975.99,29197,1537,122,3320.33
1592,1,8,2023-12-22,1233.54,16918,535,50,4947.98
1593,2,7,2023-12-22,1557.87,20896,740,128,4451.94
1594,3,3,2023-12-22,1757.58,16569,687,42,9659.29
1595,4,7,2023-12-22,695.28,9159,393,48,3217.28
1596,5,1,2023-12-22,1056.43,15739,822,90,2108.43
1597,6,8,2023-12-22,1083.95,11223,294,47,1641.32
1598,1,4,2023-12-23,1798.14,16224,851,133,5725.01
1599,3,4,2023-12-23,2160.86,29442,994,90,10770.56
1600,5,4,2023-12-23,1656.75,20719,880,125,3470.83
1601,6,1,2023-12-23,2443.77,36271,1946,376,3862.97
1602,2,7,2023-12-24,1698.37,16514,795,135,3476.85
1603,4,2,2023-12-24,1101.67,9998,268,17,4359.61
1604,6,8,2023-12-24,570.79,7912,247,21,1024.4
1605,1,6,2023-12-25,862.14,10745,459,29,2012.81
1606,2,7,2023-12-25,856.5,7783,460,28,2180.79
1607,3,8,2023-12-25,1728.09,14520,473,71,6820.48
1608,5,4,2023-12-25,938.86,8081,188,34,2198.19
1609,1,1,2023-12-26,1045.54,14065,543,102,3368.65
1610,2,8,2023-12-26,2447.12,32068,1429,202,7284.62
1611,3,4,2023-12-26,2295.79,19692,918,125,8120.7
1612,4,5,2023-12-26,2387.84,34040,1254,82,11138.19
1613,6,3,2023-12-26,1363.93,13551,416,21,2595.96
1614,1,5,2023-12-27,2057.55,17877,722,68,7714.77
1615,2,6,2023-12-27,960.59,8062,444,82,3283.76
1616,4,7,2023-12-27,1812.77,17194,734,143,8553.43
1617,5,3,2023-12-27,573.93,8134,295,38,1154.73
1618,6,7,2023-12-27,994.28,13556,644,91,2088.45
1619,1,3,2023-12-28,2348.49,19404,514,72,6691.49
1620,3,6,2023-12-28,2308.27,29989,800,140,12862.2
1621,4,6,2023-12-28,494.62,5567,166,19,2206.02
1622,5,1,2023-12-28,498.0,4860,183,29,845.48
1623,6,2,2023-12-28,2479.87,31526,1839,326,4212.06
1624,1,3,2023-12-29,220.32,2551,77,9,665.11
1625,3,4,2023-12-29,1516.62,14947,328,49,6104.5
1626,5,8,2023-12-29,1540.61,21653,1213,202,2579.83
1627,6,6,2023-12-29,1026.44,13837,335,60,1927.05
1628,3,1,2023-12-30,1000.5,14099,762,89,4737.52
1629,4,1,2023-12-30,1060.09,13927,631,121,4989.61
1630,6,7,2023-12-30,369.17,4544,120,13,534.15
1631,1,2,2023-12-31,1167.93,10707,420,58,3079.32
1632,2,5,2023-12-31,2129.88,18794,739,80,5593.79
1633,3,1,2023-12-31,764.41,7821,246,27,2919.39
1634,1,6,2024-01-01,1158.05,9765,220,11,3466.48
1635,2,2,2024-01-01,213.56,2765,117,21,710.51
1636,3,1,2024-01-01,2350.59,19718,882,59,9202.17
1637,5,7,2024-01-01,1927.9,15723,734,45,3871.91
1638,6,6,2024-01-01,1782.06,15952,791,86,3556.73
1639,1,6,2024-01-02,1192.11,14135,538,55,4254.1
1640,2,3,2024-01-02,2284.71,20843,1100,130,6186.78
1641,3,4,2024-01-02,2345.07,24824,1333,174,8081.8
1642,4,6,2024-01-02,718.31,6001,306,54,2207.32
1643,5,6,2024-01-02,2122.57,22563,1305,76,5407.1
1644,6,3,2024-01-02,2365.61,32098,1887,342,3684.52
1645,1,7,2024-01-03,1434.6,16599,749,59,5862.59
1646,2,6,2024-01-03,779.24,9156,288,55,2551.69
1647,3,4,2024-01-03,990.04,9259,326,52,3252.1
1648,4,5,2024-01-03,2177.32,28824,1646,195,8373.82
1649,5,8,2024-01-03,2073.0,27961,990,134,3924.98
1650,6,3,2024-01-03,464.01,6882,197,27,687.53
1651,1,2,2024-01-04,1424.11,16826,983,177,3193.16
1652,2,2,2024-01-04,1718.84,18195,399,57,3960.47
1653,3,5,2024-01-04,1228.49,18368,1007,145,4302.98
1654,4,7,2024-01-04,2175.5,27873,703,47,5814.95
1655,5,6,2024-01-04,840.63,10787,473,91,1354.52
1656,6,2,2024-01-04,1068.31,9836,280,49,2100.55
1657,1,7,2024-01-05,1163.26,16586,490,72,4285.86
1658,2,1,2024-01-05,693.89,8736,426,79,1569.26
1659,3,7,2024-01-05,560.85,7646,404,21,1972.53
1660,4,4,2024-01-05,1071.46,15973,494,51,4305.18
1661,5,2,2024-01-05,2037.95,18847,797,136,4480.51
1662,6,3,2024-01-05,1516.48,18440,871,131,2907.43
1663,1,7,2024-01-06,1664.83,16691,486,51,3788.03
1664,2,6,2024-01-06,1964.73,21336,1043,72,4371.84
1665,4,5,2024-01-06,1633.08,17229,355,62,4944.01
1666,6,6,2024-01-06,1443.11,17011,632,113,2523.0
1667,1,3,2024-01-07,470.7,5201,181,30,1672.92
1668,5,1,2024-01-07,578.66,5909,193,23,1078.52
1669,6,4,2024-01-07,1229.98,11252,624,53,2132.93
1670,1,6,2024-01-08,1700.4,23738,740,46,6911.79
1671,2,5,2024-01-08,824.85,8565,417,74,2716.66
1672,4,5,2024-01-08,335.37,4805,188,32,1051.23
1673,5,3,2024-01-08,1993.32,21058,1083,110,4810.42
1674,2,4,2024-01-09,1416.92,12751,580,71,2917.44
1675,4,7,2024-01-09,1955.08,27573,1200,175,6952.77
1676,5,7,2024-01-09,2148.47,21858,572,40,4728.14
1677,6,1,2024-01-09,1909.62,19434,680,99,3043.52
1678,1,6,2024-01-10,1089.79,10933,620,51,4233.19
1679,2,6,2024-01-10,1692.12,23885,785,80,4695.19
1680,3,6,2024-01-10,733.23,6472,136,11,3105.82
1681,4,8,2024-01-10,1838.18,21844,515,78,8402.98
1682,5,6,2024-01-10,226.28,2637,72,7,598.75
1683,6,3,2024-01-10,1393.07,13792,550,57,1960.19
1684,1,1,2024-01-11,861.61,12753,743,68,2205.83
1685,2,2,2024-01-11,2482.89,22576,636,52,6058.92
1686,3,4,2024-01-11,2208.96,27702,1348,137,10674.08
1687,4,2,2024-01-11,1843.2,19988,473,44,6582.43
1688,5,2,2024-01-11,1554.65,21687,923,56,2506.67
1689,1,8,2024-01-12,2284.91,26993,1517,215,6606.36
1690,2,5,2024-01-12,787.89,8630,464,70,1758.13
1691,3,3,2024-01-12,2384.44,25594,1228,88,7625.01
1692,4,1,2024-01-12,606.28,8433,195,33,2088.23
1693,5,1,2024-01-12,1699.09,16561,888,87,4397.95
1694,6,7,2024-01-12,1842.96,23168,1389,240,2735.82
1695,3,7,2024-01-13,1345.07,15470,472,74,4384.61
1696,2,4,2024-01-14,1402.38,18450,379,30,3327.25
1697,3,8,2024-01-14,438.92,5744,207,20,2453.61
1698,1,7,2024-01-15,2316.65,30360,1469,279,8759.23
1699,2,6,2024-01-15,1708.75,17778,581,115,5740.23
1700,3,2,2024-01-15,1902.51,16254,693,87,8151.63
1701,4,6,2024-01-15,2494.15,32638,1789,275,9077.18
1702,5,7,2024-01-15,2171.52,31344,1315,118,4205.92
1703,1,3,2024-01-16,2480.57,35695,1943,153,8060.84
1704,2,8,2024-01-16,1740.67,17224,839,82,6045.69
1705,4,5,2024-01-16,2138.49,31691,1609,244,7883.42
1706,5,3,2024-01-16,1975.75,22994,1289,255,4825.82
1707,6,7,2024-01-16,404.96,4441,155,24,914.62
1708,1,2,2024-01-17,843.14,11815,458,72,2908.52
1709,2,4,2024-01-17,1543.26,16751,782,60,3712.19
1710,3,1,2024-01-17,2212.04,20588,652,105,12786.63
1711,4,8,2024-01-17,283.32,3977,117,10,761.53
1712,6,5,2024-01-17,1021.55,10589,598,51,2270.89
1713,1,3,2024-01-18,215.46,1853,65,11,576.49
1714,2,1,2024-01-18,1561.64,17790,692,43,4158.02
1715,4,3,2024-01-18,274.21,3599,199,31,815.12
1716,5,3,2024-01-18,1837.68,22911,967,184,4987.95
1717,6,3,2024-01-18,2391.92,22618,792,53,4283.35
1718,1,7,2024-01-19,525.69,6701,263,41,2146.67
1719,2,1,2024-01-19,729.59,8145,256,32,2195.92
1720,3,6,2024-01-19,829.67,11092,592,53,3240.17
1721,4,8,2024-01-19,2423.85,36316,944,108,9311.67
1722,5,2,2024-01-19,895.28,9988,450,76,2139.24
1723,1,3,2024-01-20,1703.18,14733,767,141,6169.72
1724,5,1,2024-01-20,2384.21,21637,549,28,4579.08
1725,2,4,2024-01-21,1376.78,11911,476,91,4438.95
1726,3,7,2024-01-21,2475.99,21687,1263,240,11850.4
1727,4,7,2024-01-21,682.87,7819,194,12,3296.37
1728,5,7,2024-01-21,1096.21,13203,512,55,2288.23
1729,1,3,2024-01-22,2263.51,31232,1218,150,8739.21
1730,2,8,2024-01-22,626.62,7755,169,31,1333.36
1731,3,6,2024-01-22,473.9,4026,195,33,1765.04
1732,4,8,2024-01-22,1058.32,13970,674,88,4008.43
1733,5,7,2024-01-22,2066.5,20576,526,51,4190.29
1734,6,3,2024-01-22,808.86,8258,441,33,1022.62
1735,1,7,2024-01-23,523.64,6455,297,58,2128.05
1736,2,6,2024-01-23,1524.25,20359,769,120,4367.24
1737,3,6,2024-01-23,1106.98,14554,603,95,5069.24
1738,4,5,2024-01-23,2448.48,32569,745,118,9196.77
1739,5,4,2024-01-23,1389.47,15566,339,51,2203.04
1740,6,2,2024-01-23,1181.67,9503,435,75,1688.74
1741,1,6,2024-01-24,480.17,6660,284,20,1120.12
1742,2,1,2024-01-24,952.99,11159,230,25,3100.15
1743,3,3,2024-01-24,1052.37,9400,286,44,5844.14
1744,4,7,2024-01-24,697.16,9247,364,60,3311.87
1745,5,3,2024-01-24,1906.14,27806,816,88,4700.99
1746,1,8,2024-01-25,454.77,5637,181,19,1591.15
1747,2,7,2024-01-25,527.83,6345,197,26,1486.27
1748,3,8,2024-01-25,380.65,3232,153,21,1215.7
1749,4,2,2024-01-25,1129.99,16429,817,81,5032.36
1750,5,1,2024-01-25,1552.28,22330,1010,54,3943.96
1751,6,7,2024-01-25,1117.04,16519,381,34,1697.86
1752,2,4,2024-01-26,529.24,7644,382,19,1136.39
1753,3,3,2024-01-26,817.03,12022,255,18,3308.45
1754,4,6,2024-01-26,2346.79,19179,941,148,9276.72
1755,6,2,2024-01-26,2166.05,18014,676,135,4070.87
1756,1,3,2024-01-27,1668.16,15253,377,33,5435.21
1757,3,6,2024-01-27,1330.34,11271,574,44,6969.66
1758,4,6,2024-01-27,1763.77,16714,903,171,5515.56
1759,5,6,2024-01-27,1399.09,13794,573,66,3513.97
1760,6,4,2024-01-27,2326.92,33458,1402,81,5327.95
1761,4,7,2024-01-28,2435.2,24557,1440,271,11332.62
1762,5,7,2024-01-28,219.03,2613,117,18,501.11
1763,6,3,2024-01-28,1703.04,13924,444,66,2588.15
1764,1,4,2024-01-29,347.48,3570,80,5,1026.25
1765,2,7,2024-01-29,1864.84,17432,870,80,5292.35
1766,3,2,2024-01-29,307.52,4485,213,27,1564.14
1767,4,8,2024-01-29,388.91,5543,260,43,1232.15
1768,5,6,2024-01-29,1465.54,11754,386,19,3297.86
1769,6,2,2024-01-29,1758.01,18449,410,79,3862.37
1770,1,4,2024-01-30,1643.03,15782,516,47,4027.74
1771,2,7,2024-01-30,1347.16,12849,637,40,3558.7
1772,3,7,2024-01-30,1004.14,8613,208,17,5295.81
1773,5,5,2024-01-30,213.38,2695,160,17,550.24
1774,6,1,2024-01-30,2032.53,28741,998,117,4028.35
1775,1,3,2024-01-31,1947.35,28396,1635,142,4894.9
1776,2,8,2024-01-31,323.66,3569,134,14,1166.61
1777,3,7,2024-01-31,204.23,2269,125,22,884.01
1778,4,8,2024-01-31,860.37,11184,493,91,2521.94
1779,5,2,2024-01-31,245.79,2947,86,16,538.78
1780,6,4,2024-01-31,807.6,6640,340,46,1128.55
1781,1,6,2024-02-01,435.52,5118,254,21,1603.6
1782,2,8,2024-02-01,1606.8,14288,347,23,4649.09
1783,4,1,2024-02-01,1183.29,9982,308,41,3634.41
1784,5,8,2024-02-01,1507.01,13051,533,99,3129.0
1785,6,7,2024-02-01,515.04,6200,241,25,858.14
1786,1,6,2024-02-02,1425.79,17830,909,90,4316.03
1787,3,5,2024-02-02,1860.96,23169,1318,222,8636.67
1788,5,6,2024-02-02,1286.13,15175,882,62,3620.34
1789,2,8,2024-02-03,856.92,8197,454,83,3096.89
1790,3,2,2024-02-03,981.53,10935,536,85,4270.11
1791,2,4,2024-02-04,480.59,4621,145,7,1372.94
1792,3,7,2024-02-04,2346.08,32401,655,83,10728.54
1793,4,5,2024-02-04,1531.1,13396,295,37,4835.98
1794,6,7,2024-02-04,572.13,5469,203,23,1009.01
1795,1,2,2024-02-05,648.61,8735,248,17,1560.22
1796,2,3,2024-02-05,2001.48,19836,536,81,6113.07
1797,6,4,2024-02-05,449.51,4650,234,14,591.1
1798,1,1,2024-02-06,1835.92,27426,1085,139,6867.55
1799,3,1,2024-02-06,287.51,2761,55,4,1213.53
1800,5,6,2024-02-06,799.12,9812,570,50,1901.73
1801,6,1,2024-02-06,1786.68,22832,992,183,3088.22
1802,2,8,2024-02-07,1229.28,12022,663,116,3698.56
1803,3,8,2024-02-07,2059.08,25876,575,88,11246.0
1804,4,2,2024-02-07,1425.56,20774,1064,172,4931.7
1805,6,1,2024-02-07,850.39,10583,484,81,1464.38
1806,1,8,2024-02-08,1568.24,22851,631,58,5105.34
1807,2,5,2024-02-08,2334.4,25609,1015,85,5483.44
1808,3,7,2024-02-08,830.88,8461,181,33,4852.28
1809,5,5,2024-02-08,854.76,7008,379,24,2361.45
1810,6,6,2024-02-08,1685.7,16145,832,141,2530.16
1811,1,6,2024-02-09,1908.5,16367,829,131,6509.47
1812,2,7,2024-02-09,2306.11,32542,1922,275,7821.65
1813,3,4,2024-02-09,1291.31,17508,965,164,4137.2
1814,4,4,2024-02-09,1662.81,19476,1042,93,5934.75
1815,5,1,2024-02-09,1434.1,12346,535,37,3343.23
1816,6,5,2024-02-09,1208.97,15679,862,84,2294.68
1817,4,6,2024-02-10,1201.54,16749,424,72,4740.51
1818,6,1,2024-02-10,1017.66,9333,195,19,2092.15
1819,1,2,2024-02-11,843.46,8616,271,29,1906.28
1820,3,5,2024-02-11,1675.48,22573,701,45,6728.84
1821,1,4,2024-02-12,2314.2,33440,1614,251,7068.98
1822,2,4,2024-02-12,994.37,8480,494,33,2950.92
1823,4,5,2024-02-12,844.24,12442,645,126,3749.86
1824,5,2,2024-02-12,1428.61,19875,543,38,3955.83
1825,6,4,2024-02-12,838.83,11826,698,70,1527.37
1826,1,5,2024-02-13,1710.43,21071,860,125,5185.29
1827,2,1,2024-02-13,666.76,9807,292,17,2088.47
1828,3,1,2024-02-13,1427.22,19128,872,168,6934.61
1829,4,7,2024-02-13,604.56,5348,156,27,1998.98
1830,5,4,2024-02-13,1647.52,19768,1167,66,4105.07
1831,6,6,2024-02-13,917.92,7681,184,29,1193.87
1832,1,6,2024-02-14,1975.93,16144,451,61,7837.78
1833,3,1,2024-02-14,2218.43,32814,1042,52,7857.03
1834,4,2,2024-02-14,1757.36,19182,646,111,6815.6
1835,1,8,2024-02-15,2035.83,28397,876,100,4584.66
1836,2,7,2024-02-15,409.14,5607,198,16,1048.17
1837,3,6,2024-02-15,2059.23,29907,1288,182,8143.15
1838,4,4,2024-02-15,845.41,9258,315,59,2378.74
1839,5,4,2024-02-15,283.77,2985,162,30,573.07
1840,6,1,2024-02-15,2399.23,19319,755,98,4986.74
1841,1,4,2024-02-16,371.7,3721,158,23,1052.78
1842,2,4,2024-02-16,1172.22,15295,713,78,2369.24
1843,3,2,2024-02-16,1333.64,12927,643,94,6244.74
1844,4,1,2024-02-16,2356.72,28773,1592,259,11357.06
1845,5,6,2024-02-16,554.42,4659,149,27,1449.49
1846,6,3,2024-02-16,625.86,5868,244,38,873.53
1847,2,6,2024-02-17,1382.3,15384,805,160,3210.42
1848,3,4,2024-02-17,2016.81,17171,395,54,9530.01
1849,5,1,2024-02-17,958.67,8388,181,34,1614.7
1850,1,5,2024-02-18,1758.89,20187,607,89,6650.51
1851,2,5,2024-02-18,948.95,10340,485,62,2391.09
1852,3,8,2024-02-18,2247.24,23299,898,160,12878.51
1853,4,7,2024-02-18,2049.59,25096,647,93,8620.66
1854,5,3,2024-02-18,1192.8,13445,730,120,2315.9
1855,1,2,2024-02-19,2483.62,36945,1857,95,6100.03
1856,2,6,2024-02-19,589.78,7622,312,26,1885.58
1857,3,1,2024-02-19,1263.22,14851,385,74,4468.73
1858,4,2,2024-02-19,251.78,2520,135,7,935.16
1859,5,6,2024-02-19,406.75,4625,256,38,831.68
1860,1,6,2024-02-20,1917.72,20973,705,136,7054.58
1861,2,5,2024-02-20,1756.66,26009,1234,122,4989.87
1862,4,1,2024-02-20,2439.72,25735,1021,53,9204.88
1863,5,1,2024-02-20,2449.62,21496,1081,137,6839.34
1864,6,4,2024-02-20,513.11,6406,294,46,1139.99
1865,2,4,2024-02-21,362.2,3409,73,12,1221.95
1866,4,3,2024-02-21,1064.1,11808,631,118,4984.65
1867,5,7,2024-02-21,1182.87,16635,448,48,2057.98
1868,1,4,2024-02-22,1878.16,19735,872,148,4936.62
1869,2,6,2024-02-22,410.72,4577,256,50,1404.74
1870,3,1,2024-02-22,451.48,5611,262,37,2591.84
1871,4,8,2024-02-22,2000.18,24840,1317,82,9448.39
1872,6,8,2024-02-22,2392.58,23279,1222,214,3150.8
1873,1,2,2024-02-23,2268.34,20335,911,150,6222.94
1874,2,3,2024-02-23,2098.9,30270,739,98,5254.1
1875,3,7,2024-02-23,449.53,5246,308,52,1635.21
1876,4,5,2024-02-23,1140.72,17101,641,119,5255.73
1877,5,7,2024-02-23,1295.22,11515,666,78,3430.25
1878,6,1,2024-02-23,2106.1,30782,704,133,3994.68
1879,1,6,2024-02-24,2153.27,22952,565,40,7823.18
1880,5,8,2024-02-24,908.52,11102,621,73,1850.64
1881,6,4,2024-02-24,1716.6,24793,718,45,3555.78
1882,2,5,2024-02-25,2397.96,26642,786,50,5922.59
1883,3,7,2024-02-25,1540.99,16579,394,65,9011.35
1884,4,3,2024-02-25,835.22,7076,277,21,3003.16
1885,1,6,2024-02-26,611.56,6997,232,39,2239.54
1886,2,2,2024-02-26,2370.24,32491,1165,107,8009.13
1887,3,4,2024-02-26,379.19,4802,208,40,2020.03
1888,5,5,2024-02-26,2273.97,21330,928,51,5832.53
1889,6,4,2024-02-26,1442.36,13969,342,19,2872.69
1890,2,4,2024-02-27,1478.59,15876,839,88,3877.96
1891,3,3,2024-02-27,1031.51,8434,484,60,5311.61
1892,4,5,2024-02-27,855.48,8455,397,57,2745.39
1893,5,1,2024-02-27,2432.1,22584,1088,158,6059.88
1894,6,2,2024-02-27,1237.16,10452,249,40,2373.6
1895,2,4,2024-02-28,1636.07,20092,890,71,4519.81
1896,3,2,2024-02-28,850.08,7801,438,25,2900.76
1897,4,8,2024-02-28,2189.48,25165,1328,248,10496.61
1898,5,6,2024-02-28,1418.4,18143,978,57,2209.06
1899,1,8,2024-02-29,2316.5,32880,991,173,7340.75
1900,2,2,2024-02-29,1434.83,18299,1015,175,4665.4
1901,3,1,2024-02-29,297.86,4245,132,9,1367.1
1902,4,8,2024-02-29,1377.51,20326,663,56,5201.33
1903,5,2,2024-02-29,2375.02,33117,801,87,5355.55
1904,6,3,2024-02-29,323.56,3446,179,20,598.57
1905,1,6,2024-03-01,673.5,10082,533,91,2282.78
1906,2,5,2024-03-01,2034.59,26545,1059,63,6276.78
1907,3,5,2024-03-01,2137.3,29590,598,61,11255.85
1908,4,1,2024-03-01,2499.08,20507,649,92,6792.28
1909,6,2,2024-03-01,665.94,9901,266,26,1030.44
1910,5,7,2024-03-02,691.63,5996,288,52,1629.78
1911,6,4,2024-03-02,2356.67,28891,582,84,3306.83
1912,1,8,2024-03-03,945.51,8711,383,20,2534.81
1913,3,4,2024-03-03,1215.57,13388,663,57,5260.22
1914,2,2,2024-03-04,343.78,3841,221,43,734.46
1915,3,3,2024-03-04,2076.02,18761,1065,90,12085.86
1916,5,2,2024-03-04,1545.2,21057,848,151,2478.3
1917,6,8,2024-03-04,393.87,4764,200,31,894.37
1918,1,3,2024-03-05,2156.23,30471,1316,194,8183.52
1919,2,3,2024-03-05,1160.45,16129,725,130,3542.37
1920,5,5,2024-03-05,2141.89,21787,779,93,3346.76
1921,6,8,2024-03-05,2052.2,30070,1044,78,4613.69
1922,1,3,2024-03-06,1979.38,25625,575,83,7330.96
1923,2,3,2024-03-06,1013.52,13226,295,38,2855.62
1924,3,4,2024-03-06,1113.78,11511,674,98,6286.61
1925,4,7,2024-03-06,2064.7,29111,1657,196,7837.61
1926,5,7,2024-03-06,2021.16,26875,1597,252,4470.9
1927,6,7,2024-03-06,1205.19,13057,586,60,2650.35
1928,1,7,2024-03-07,353.91,5242,236,23,1103.86
1929,2,5,2024-03-07,1102.99,11347,235,21,3329.48
1930,3,1,2024-03-07,1607.0,16477,910,121,7405.96
1931,4,1,2024-03-07,2138.04,28978,892,155,10128.15
1932,6,2,2024-03-07,2237.47,18332,789,52,2941.97
1933,1,3,2024-03-08,1620.44,19551,823,93,3656.59
1934,2,7,2024-03-08,1733.44,18259,563,91,5673.23
1935,4,6,2024-03-08,952.1,9709,563,87,3874.03
1936,5,6,2024-03-08,494.83,6301,322,57,1348.75
1937,6,3,2024-03-08,1675.71,16158,572,30,2218.78
1938,2,6,2024-03-09,693.56,9548,420,50,2001.32
1939,4,1,2024-03-09,2412.57,20269,955,58,7870.01
1940,5,8,2024-03-09,401.95,4674,95,8,906.71
1941,1,7,2024-03-10,777.06,6818,386,44,2437.2
1942,3,5,2024-03-10,1136.0,14171,442,61,5607.54
1943,5,1,2024-03-10,613.03,8116,216,37,944.4
1944,6,3,2024-03-10,491.45,6512,326,19,679.54
1945,1,6,2024-03-11,1370.24,16810,706,138,4280.44
1946,2,1,2024-03-11,1450.64,19904,762,145,4353.54
1947,5,7,2024-03-11,1623.0,18508,1017,195,3875.82
1948,6,8,2024-03-11,207.68,1764,37,3,419.83
1949,2,8,2024-03-12,533.35,6875,368,58,1361.72
1950,3,6,2024-03-12,1096.57,15753,381,66,4466.38
1951,4,3,2024-03-12,848.0,7920,400,39,4173.79
1952,5,8,2024-03-12,1312.79,17351,598,56,2703.07
1953,6,5,2024-03-12,1548.84,16381,541,60,2100.1
1954,1,4,2024-03-13,1584.91,18578,415,45,5046.47
1955,2,1,2024-03-13,918.04,11921,525,50,3253.3
1956,3,5,2024-03-13,1924.55,23100,760,67,7331.04
1957,5,7,2024-03-13,2216.2,25434,943,47,5895.79
1958,6,7,2024-03-13,2367.04,34374,1444,130,5159.37
1959,3,1,2024-03-14,316.53,4236,183,28,1182.52
1960,4,6,2024-03-14,985.98,13503,472,75,3394.68
1961,5,5,2024-03-14,1327.5,13570,449,50,3668.0
1962,1,4,2024-03-15,1063.48,12240,500,84,3800.85
1963,2,3,2024-03-15,364.64,5431,265,38,723.11
1964,3,5,2024-03-15,503.39,5856,202,20,2558.69
1965,4,2,2024-03-15,918.9,9872,477,43,2978.12
1966,5,2,2024-03-15,937.44,12100,692,106,2278.73
1967,6,8,2024-03-15,1481.76,12783,630,108,2745.76
1968,2,6,2024-03-16,1076.06,9364,429,45,2454.94
1969,4,2,2024-03-16,1245.86,17191,733,72,3564.88
1970,5,6,2024-03-16,676.02,8867,381,21,1724.41
1971,1,8,2024-03-17,1849.71,23106,1245,138,5102.07
1972,2,8,2024-03-17,406.77,4235,105,12,1328.74
1973,3,2,2024-03-17,1875.69,23278,1258,201,7908.61
1974,6,4,2024-03-17,457.48,4411,198,18,615.05
1975,1,3,2024-03-18,1668.9,23765,497,75,6271.77
1976,2,3,2024-03-18,1543.46,17584,983,115,5170.16
1977,3,5,2024-03-18,1710.43,17925,546,66,8794.57
1978,4,1,2024-03-18,1575.42,22988,1216,66,7242.01
1979,5,2,2024-03-18,925.28,9682,345,37,1712.41
1980,6,2,2024-03-18,542.73,7113,175,19,1231.42
1981,1,6,2024-03-19,2128.82,29759,853,156,7168.77
1982,2,1,2024-03-19,463.88,5446,115,11,1311.43
1983,3,1,2024-03-19,2252.46,28106,1155,102,9277.61
1984,4,1,2024-03-19,794.44,10852,329,44,3814.98
1985,5,5,2024-03-19,2372.87,26666,950,85,4370.64
1986,6,5,2024-03-19,1443.69,18178,1087,97,2195.62
1987,2,5,2024-03-20,726.35,10365,226,13,1456.23
1988,3,3,2024-03-20,986.08,10129,211,35,4636.23
1989,4,8,2024-03-20,1404.0,11379,676,83,4521.34
1990,5,6,2024-03-20,1457.68,17773,869,131,3694.55
1991,6,3,2024-03-20,1522.14,14261,383,24,2166.51
1992,1,3,2024-03-21,1758.91,14394,653,86,7139.65
1993,2,8,2024-03-21,1090.74,9175,402,27,2804.54
1994,3,8,2024-03-21,1692.86,21270,986,64,8767.48
1995,4,7,2024-03-21,1436.54,20428,567,77,3984.46
1996,5,5,2024-03-21,1056.26,9396,229,37,2752.39
1997,1,5,2024-03-22,362.54,3783,121,12,1096.99
1998,2,1,2024-03-22,2040.29,19857,800,138,6741.73
1999,3,8,2024-03-22,1775.33,19958,1104,132,8231.98
2000,4,3,2024-03-22,910.68,11271,403,44,2619.75
2001,2,6,2024-03-23,1127.6,9763,526,99,3470.19
2002,3,3,2024-03-23,404.9,5317,261,39,1821.35
2003,6,6,2024-03-23,440.96,3971,158,12,795.23
2004,1,6,2024-03-24,1344.22,12780,735,118,4360.58
2005,3,5,2024-03-24,1627.68,19329,789,142,9040.61
2006,5,2,2024-03-24,1093.39,9840,405,57,2529.67
2007,2,5,2024-03-25,1595.57,20469,1002,130,4779.92
2008,3,1,2024-03-25,1800.2,23049,713,136,9457.54
2009,5,1,2024-03-25,1688.3,18509,544,85,3348.33
2010,1,3,2024-03-26,1559.64,13282,702,131,5668.45
2011,2,2,2024-03-26,1108.29,13964,509,57,3420.11
2012,6,3,2024-03-26,616.2,9171,195,34,1013.07
2013,1,4,2024-03-27,1363.66,15320,778,93,4232.4
2014,2,3,2024-03-27,2300.82,20212,563,60,5916.26
2015,3,5,2024-03-27,754.79,6114,130,18,2938.95
2016,4,3,2024-03-27,1834.28,24292,1125,194,6438.53
2017,5,3,2024-03-27,1990.3,16617,597,113,3664.32
2018,6,5,2024-03-27,758.31,9530,474,55,1236.4
2019,1,2,2024-03-28,1613.54,18090,853,113,4154.07
2020,2,3,2024-03-28,1396.68,15882,949,52,4774.03
2021,4,8,2024-03-28,471.98,6592,243,34,1636.93
2022,5,2,2024-03-28,647.45,7034,235,37,1243.03
2023,6,8,2024-03-28,864.45,8416,493,74,1620.47
2024,2,4,2024-03-29,1258.55,11964,595,54,3926.05
2025,4,7,2024-03-29,215.19,1939,60,8,583.96
2026,5,2,2024-03-29,788.24,7442,197,28,1448.82
2027,6,3,2024-03-29,2270.14,20892,547,32,4065.16
2028,2,4,2024-03-30,969.22,12705,694,41,2120.88
2029,6,1,2024-03-30,272.62,4000,173,16,621.11
2030,1,5,2024-03-31,1822.88,22443,642,126,7320.13
2031,4,7,2024-03-31,1597.27,14112,527,63,7181.75
2032,5,6,2024-03-31,626.94,7966,375,51,1368.01
2033,6,5,2024-03-31,891.34,12167,436,68,1273.61
2034,1,3,2024-04-01,2305.81,33289,774,59,8052.33
2035,2,1,2024-04-01,636.49,9400,516,87,1516.62
2036,3,6,2024-04-01,497.97,5564,300,49,2801.41
2037,4,6,2024-04-01,867.56,7738,290,39,3533.73
2038,5,2,2024-04-01,1387.84,20219,1151,156,3817.07
2039,6,3,2024-04-01,699.92,7547,323,28,1078.48
2040,1,2,2024-04-02,2215.66,20259,633,47,7682.83
2041,2,5,2024-04-02,624.87,7934,329,54,2131.04
2042,3,5,2024-04-02,312.11,3960,99,10,1438.42
2043,4,4,2024-04-02,698.01,7774,416,74,2028.08
2044,6,7,2024-04-02,2123.46,29463,1411,218,3095.37
2045,1,2,2024-04-03,720.14,7530,326,57,1796.73
2046,2,2,2024-04-03,2168.0,22152,568,81,6086.14
2047,3,6,2024-04-03,1644.07,14261,497,44,9449.2
2048,4,4,2024-04-03,1993.38,17660,667,55,8090.89
2049,5,3,2024-04-03,279.5,2944,134,13,481.38
2050,6,1,2024-04-03,1029.35,11190,620,123,1554.04
2051,2,7,2024-04-04,228.83,2481,80,11,595.18
2052,3,7,2024-04-04,1786.69,23122,1301,146,10164.28
2053,5,5,2024-04-04,1514.31,17748,1004,129,3609.98
2054,6,2,2024-04-04,2141.01,17200,624,115,3807.41
2055,1,5,2024-04-05,2079.12,23487,1105,112,6598.93
2056,2,6,2024-04-05,206.58,2865,111,22,455.04
2057,3,2,2024-04-05,1920.66,15666,394,27,9706.02
2058,4,8,2024-04-05,2268.81,19581,874,158,8897.94
2059,5,3,2024-04-05,1907.08,25423,1081,118,5208.6
2060,1,3,2024-04-06,746.69,7426,412,73,2177.54
2061,5,2,2024-04-06,2274.26,18789,847,152,4629.11
2062,2,5,2024-04-07,634.01,5192,286,21,1640.86
2063,4,5,2024-04-07,762.11,8751,456,88,3495.16
2064,5,3,2024-04-07,1000.9,12363,320,61,1783.86
2065,6,8,2024-04-07,1470.44,20878,488,36,1969.58
2066,1,2,2024-04-08,1929.41,18026,662,34,7680.1
2067,2,7,2024-04-08,1817.36,14847,668,57,4859.92
2068,3,6,2024-04-08,954.16,11160,569,80,4198.51
2069,5,2,2024-04-08,301.76,4434,197,15,582.16
2070,6,5,2024-04-08,393.27,5669,240,24,514.96
2071,2,4,2024-04-09,368.17,5112,241,32,851.87
2072,3,5,2024-04-09,1195.8,10263,332,52,5410.8
2073,4,1,2024-04-09,1724.41,24259,1344,160,6070.17
2074,5,6,2024-04-09,1395.68,11341,659,46,2175.11
2075,6,5,2024-04-09,1521.32,22577,565,63,3157.75
2076,1,4,2024-04-10,1117.1,15575,684,53,3525.59
2077,2,3,2024-04-10,489.56,6430,233,41,1410.38
2078,3,7,2024-04-10,1722.22,21104,1045,98,8321.68
2079,4,3,2024-04-10,1679.5,14224,473,45,7886.57
2080,5,2,2024-04-10,1791.03,24986,1142,119,5063.27
2081,1,5,2024-04-11,2356.21,26567,1593,299,7679.06
2082,2,5,2024-04-11,1963.08,18076,774,71,4549.79
2083,3,2,2024-04-11,2315.43,25686,1276,132,13252.85
2084,4,1,2024-04-11,388.92,4257,253,24,1176.52
2085,5,5,2024-04-11,1486.61,16489,850,167,3842.41
2086,6,5,2024-04-11,1353.6,14976,470,35,2024.95
2087,1,1,2024-04-12,2211.29,22708,640,103,7733.24
2088,2,7,2024-04-12,780.21,8292,265,42,1817.39
2089,3,4,2024-04-12,1353.72,18310,711,124,6725.15
2090,4,1,2024-04-12,1774.61,23534,745,111,7092.84
2091,5,4,2024-04-12,2222.49,22390,617,38,4175.54
2092,6,7,2024-04-12,1725.52,19675,999,198,3442.83
2093,1,4,2024-04-13,2153.77,24224,1279,77,8237.75
2094,3,6,2024-04-13,1168.11,16018,434,76,6301.95
2095,6,7,2024-04-13,1236.84,10545,561,86,1605.88
2096,3,3,2024-04-14,1417.97,20074,537,89,5619.93
2097,5,2,2024-04-14,437.74,4653,276,51,874.96
2098,1,2,2024-04-15,1260.61,18904,735,86,3905.16
2099,3,4,2024-04-15,2022.72,18499,974,162,10049.67
2100,5,2,2024-04-15,2489.33,36484,1609,277,5085.48
2101,6,4,2024-04-15,2422.71,21158,1214,168,3855.56
2102,1,4,2024-04-16,459.76,5306,275,20,1716.58
2103,2,4,2024-04-16,1097.98,11327,530,97,3867.64
2104,3,2,2024-04-16,1504.47,14227,719,39,7579.99
2105,4,1,2024-04-16,1733.13,18625,599,61,6187.43
2106,5,7,2024-04-16,2243.47,19182,782,94,5678.24
2107,6,7,2024-04-16,2289.78,32821,1582,295,5069.88
2108,1,2,2024-04-17,1069.33,11494,276,46,3422.98
2109,2,3,2024-04-17,1594.27,23659,1039,98,5169.19
2110,3,7,2024-04-17,1259.12,13449,748,113,4006.16
2111,4,1,2024-04-17,821.94,12008,415,58,3285.73
2112,5,6,2024-04-17,2171.05,31342,1112,208,4991.14
2113,6,8,2024-04-17,318.54,4218,170,12,696.04
2114,1,7,2024-04-18,921.0,8280,316,62,3120.26
2115,3,1,2024-04-18,1427.3,14923,387,29,6237.11
2116,4,5,2024-04-18,2132.07,26377,1483,121,7406.63
2117,5,4,2024-04-18,2032.32,20219,524,88,5089.21
2118,6,8,2024-04-18,337.81,3941,162,24,707.9
2119,1,7,2024-04-19,2149.09,28213,844,164,6398.93
2120,3,6,2024-04-19,897.95,10051,562,59,4500.04
2121,4,1,2024-04-19,592.44,7458,318,24,2374.51
2122,5,4,2024-04-19,1607.42,16112,919,116,3529.65
2123,6,2,2024-04-19,1635.55,20226,533,46,3584.7
2124,1,1,2024-04-20,1684.18,15955,742,81,7005.87
2125,3,8,2024-04-20,2010.03,18423,450,88,6609.89
2126,4,8,2024-04-20,2193.69,32361,1188,208,8027.66
2127,1,2,2024-04-21,2385.23,21255,1045,90,5343.9
2128,2,1,2024-04-21,2124.73,23009,1267,172,4255.12
2129,4,7,2024-04-21,869.27,12107,507,66,3190.09
2130,5,2,2024-04-21,2450.9,30333,825,88,6307.46
2131,1,7,2024-04-22,1364.74,15697,381,60,4829.89
2132,4,3,2024-04-22,1827.97,19051,509,52,4997.01
2133,1,3,2024-04-23,1828.43,25383,1300,115,4277.13
2134,3,4,2024-04-23,1050.93,13083,583,60,5835.34
2135,4,8,2024-04-23,1444.99,17022,976,110,5839.87
2136,6,5,2024-04-23,569.04,4639,230,37,730.69
2137,1,8,2024-04-24,503.74,4837,185,16,2062.9
2138,2,8,2024-04-24,446.12,5679,169,10,946.4
2139,3,3,2024-04-24,1356.89,14113,726,62,5565.05
2140,4,5,2024-04-24,1609.85,20324,706,131,6090.99
2141,5,3,2024-04-24,1909.16,27419,1143,97,4389.13
2142,6,7,2024-04-24,1581.46,14043,529,34,2288.93
2143,1,6,2024-04-25,2123.39,18298,654,130,7006.78
2144,3,5,2024-04-25,274.38,2324,134,23,1169.07
2145,6,5,2024-04-25,1403.51,12581,343,25,2782.41
2146,1,1,2024-04-26,1435.8,12806,427,37,5099.2
2147,3,7,2024-04-26,1152.88,13774,759,122,4513.88
2148,4,1,2024-04-26,311.77,4576,127,14,1236.82
2149,6,5,2024-04-26,1002.3,11170,573,79,1670.61
2150,1,2,2024-04-27,538.09,7553,293,42,2135.4
2151,2,6,2024-04-27,522.61,7666,261,47,1313.58
2152,3,4,2024-04-28,2203.53,30120,645,100,8311.59
2153,5,4,2024-04-28,1771.5,15857,367,22,4808.64
2154,2,6,2024-04-29,1918.36,21101,780,95,4507.46
2155,3,2,2024-04-29,1544.99,18361,1027,53,5066.16
2156,5,1,2024-04-29,879.78,8833,400,51,1895.52
2157,6,4,2024-04-29,1483.04,16569,586,60,2158.25
2158,1,7,2024-04-30,604.53,7835,364,26,1798.34
2159,3,5,2024-04-30,2044.85,23897,969,168,6712.68
2160,4,3,2024-04-30,1412.98,14536,847,125,4611.71
2161,5,3,2024-04-30,2474.12,26107,1274,173,4420.66
2162,1,6,2024-05-01,616.7,7166,326,23,1860.9
2163,3,2,2024-05-01,247.11,3227,92,9,1395.61
2164,4,8,2024-05-01,1681.88,23864,1389,199,5333.98
2165,5,8,2024-05-01,2024.84,26803,719,142,3759.61
2166,6,6,2024-05-01,2450.46,31170,1456,168,5725.28
2167,2,1,2024-05-02,1844.64,22664,491,33,4724.68
2168,3,3,2024-05-02,1406.37,19179,1069,92,4476.47
2169,4,6,2024-05-02,1211.51,9918,473,36,4361.83
2170,5,5,2024-05-02,1255.85,16875,584,56,3557.19
2171,6,1,2024-05-02,219.03,3029,87,9,393.06
2172,1,8,2024-05-03,2157.38,30420,1125,219,6032.16
2173,3,6,2024-05-03,955.45,11439,509,75,3322.98
2174,4,8,2024-05-03,2027.81,27769,1169,132,9089.95
2175,6,3,2024-05-03,1896.69,18681,1073,179,3328.36
2176,1,8,2024-05-04,932.59,13476,683,43,2156.56
2177,2,7,2024-05-04,678.21,7760,203,40,1349.03
2178,3,4,2024-05-04,1617.13,16960,817,58,7139.28
2179,5,6,2024-05-04,1714.66,24458,935,64,3744.44
2180,1,7,2024-05-05,1524.94,20092,575,114,5927.43
2181,2,7,2024-05-05,228.56,3165,136,13,661.39
2182,3,6,2024-05-05,2184.29,20706,839,75,7439.42
2183,1,8,2024-05-06,819.95,8861,513,92,3051.33
2184,2,3,2024-05-06,2091.72,24547,1290,202,6881.25
2185,3,1,2024-05-06,892.86,10760,481,53,4234.27
2186,4,7,2024-05-06,427.63,6188,358,40,1414.64
2187,5,1,2024-05-06,2259.5,18366,870,151,5689.47
2188,6,5,2024-05-06,1236.3,16123,692,73,2167.52
2189,1,8,2024-05-07,747.54,11030,537,66,2963.24
2190,3,5,2024-05-07,391.8,4889,236,40,1421.6
2191,4,2,2024-05-07,486.94,7056,369,68,1816.06
2192,5,8,2024-05-07,2270.31,26225,608,57,6244.05
2193,6,1,2024-05-07,1216.69,16346,589,63,2427.77
2194,1,5,2024-05-08,742.02,6418,364,22,2645.1
2195,2,8,2024-05-08,2048.8,24295,1212,180,4109.2
2196,5,2,2024-05-08,723.12,8768,266,29,1855.66
2197,6,6,2024-05-08,899.24,8864,350,55,1527.33
2198,1,5,2024-05-09,1968.46,17046,793,134,5231.69
2199,2,5,2024-05-09,822.24,9555,417,61,1821.69
2200,3,1,2024-05-09,1641.29,17871,387,53,6009.0
2201,4,7,2024-05-09,1203.57,17815,927,121,4854.61
2202,5,6,2024-05-09,1359.57,18229,683,117,3691.24
2203,1,7,2024-05-10,982.27,13923,648,101,3457.6
2204,3,3,2024-05-10,1378.53,17936,943,57,7087.16
2205,5,6,2024-05-10,1538.12,17264,364,22,3081.11
2206,6,7,2024-05-10,1150.88,9485,231,40,1917.49
2207,1,1,2024-05-11,990.85,14365,646,58,2623.57
2208,1,3,2024-05-12,2450.96,21617,694,50,9872.69
2209,3,3,2024-05-12,2169.84,23365,1199,75,11551.08
2210,6,6,2024-05-12,2134.0,31821,1551,267,4803.45
2211,2,6,2024-05-13,270.84,3727,182,22,813.85
2212,3,3,2024-05-13,1380.36,15425,313,30,6837.76
2213,4,8,2024-05-13,622.89,7164,275,42,1898.37
2214,6,7,2024-05-13,1082.21,10667,525,34,2265.33
2215,6,5,2024-05-14,1445.72,11997,623,62,2975.68
2216,1,2,2024-05-15,1167.91,14916,711,130,4726.03
2217,2,8,2024-05-15,989.61,14640,661,44,3158.98
2218,3,4,2024-05-15,1919.61,18598,617,79,7127.53
2219,4,3,2024-05-15,776.43,7410,179,22,2108.93
2220,1,5,2024-05-16,895.19,9772,379,39,2892.54
2221,2,6,2024-05-16,1406.82,20258,454,67,3900.3
2222,5,1,2024-05-16,2287.88,30209,949,97,3898.82
2223,6,7,2024-05-16,301.39,3375,175,14,685.53
2224,1,5,2024-05-17,579.12,8002,187,9,2222.16
2225,2,3,2024-05-17,1078.33,10603,257,35,3116.91
2226,3,6,2024-05-17,1566.13,16237,724,126,7151.71
2227,5,2,2024-05-17,2128.07,26951,596,63,4011.36
2228,6,1,2024-05-17,1050.22,10237,473,82,1564.52
2229,3,3,2024-05-18,2254.42,29671,1110,140,7646.45
2230,4,4,2024-05-18,2483.91,30737,1068,160,9933.73
2231,6,1,2024-05-18,204.1,1749,86,6,437.39
2232,3,5,2024-05-19,679.21,7797,461,89,3811.04
2233,6,4,2024-05-19,287.93,3197,188,36,501.75
2234,1,7,2024-05-20,1143.33,15969,781,102,2947.8
2235,2,5,2024-05-20,2472.64,34505,1425,114,5127.78
2236,5,4,2024-05-20,1920.52,20402,1193,150,4380.8
2237,6,3,2024-05-20,1687.95,20800,1108,182,3157.5
2238,1,7,2024-05-21,914.92,12612,314,31,2486.79
2239,2,7,2024-05-21,1796.73,25170,1436,212,6415.08
2240,3,7,2024-05-21,2177.77,18689,578,89,12412.79
2241,4,6,2024-05-21,1571.14,15222,576,65,5028.53
2242,6,2,2024-05-21,2039.66,26773,1416,147,3812.61
2243,1,8,2024-05-22,992.54,12024,599,62,2408.99
2244,2,7,2024-05-22,951.92,13987,635,39,2329.09
2245,3,5,2024-05-22,1424.14,14864,574,99,5850.77
2246,4,1,2024-05-22,2356.16,24004,1120,177,7178.29
2247,6,8,2024-05-22,2445.49,25380,551,102,3658.09
2248,1,2,2024-05-23,524.73,4380,112,15,1413.98
2249,2,4,2024-05-23,1213.04,14913,622,33,3914.53
2250,3,2,2024-05-23,709.04,7830,308,58,2968.79
2251,4,8,2024-05-23,589.91,5660,128,20,1675.52
2252,5,6,2024-05-23,1339.88,19446,1153,197,3564.69
2253,6,6,2024-05-23,1782.56,18670,479,63,3881.92
2254,1,4,2024-05-24,1120.04,9303,218,28,4610.64
2255,2,3,2024-05-24,1532.05,22498,547,75,5009.58
2256,5,6,2024-05-24,2236.38,33530,794,121,4368.57
2257,6,8,2024-05-24,646.12,9133,190,29,1491.13
2258,2,3,2024-05-25,622.13,7362,195,11,1457.62
2259,3,7,2024-05-26,2368.34,32359,1482,232,11009.69
2260,4,5,2024-05-26,2493.46,28522,1482,144,12137.12
2261,5,1,2024-05-26,1964.09,19031,1001,95,4169.83
2262,2,7,2024-05-27,987.14,8424,202,12,3144.79
2263,3,7,2024-05-27,1923.67,27395,1262,227,7468.91
2264,5,1,2024-05-27,2445.41,23376,1355,140,6764.8
2265,6,1,2024-05-27,1954.31,22026,656,116,2522.91
2266,1,2,2024-05-28,1661.97,23017,1268,121,4939.97
2267,2,5,2024-05-28,1262.1,16402,690,119,2958.63
2268,3,8,2024-05-28,1676.68,21085,724,68,8940.11
2269,4,5,2024-05-28,2309.04,29608,1242,240,6562.15
2270,5,5,2024-05-28,1625.78,19296,735,84,4080.59
2271,1,5,2024-05-29,1392.81,18631,956,158,3398.67
2272,2,2,2024-05-29,1452.04,17445,920,173,4184.3
2273,3,7,2024-05-29,1708.81,16725,818,77,7402.98
2274,4,2,2024-05-29,1417.75,13703,425,22,6887.44
2275,6,4,2024-05-29,1835.69,25514,1499,94,3914.77
2276,1,8,2024-05-30,840.54,11236,534,60,2065.01
2277,2,1,2024-05-30,289.57,2418,51,4,1006.74
2278,3,7,2024-05-30,741.19,6678,236,38,2593.24
2279,4,8,2024-05-30,2459.91,36357,1858,369,11629.77
2280,6,8,2024-05-30,1286.38,12651,331,51,2196.95
2281,1,2,2024-05-31,1427.0,20746,1120,107,3212.96
2282,3,6,2024-05-31,1862.03,25431,1272,203,8561.62
2283,4,3,2024-05-31,736.87,7640,363,50,2838.3
2284,5,5,2024-05-31,208.12,2665,77,7,350.1
2285,6,1,2024-05-31,1152.71,12403,742,76,2348.23
2286,1,4,2024-06-01,343.84,3951,192,37,839.31
2287,4,7,2024-06-01,1509.16,22073,1097,130,6266.58
2288,5,3,2024-06-01,2029.17,22180,928,90,3808.05
2289,1,3,2024-06-02,929.25,13320,617,118,3264.88
2290,2,7,2024-06-02,1907.14,24268,768,56,4554.27
2291,4,1,2024-06-02,1454.23,19822,466,64,6119.84
2292,5,4,2024-06-02,879.63,13047,634,49,2071.43
2293,1,5,2024-06-03,2403.84,29654,1505,207,5529.01
2294,2,7,2024-06-03,1413.97,16831,839,57,3897.3
2295,3,8,2024-06-03,618.21,7431,244,45,2305.76
2296,5,3,2024-06-03,829.48,8078,431,69,2321.27
2297,6,1,2024-06-03,1582.35,18829,501,69,2693.17
2298,1,4,2024-06-04,1996.58,28812,1061,140,6408.75
2299,2,6,2024-06-04,1557.72,14109,330,65,4942.12
2300,3,8,2024-06-04,332.0,3892,208,17,1143.32
2301,4,8,2024-06-04,2282.49,32498,1885,313,10273.59
2302,5,2,2024-06-04,1327.01,10697,380,75,2685.01
2303,6,8,2024-06-04,2225.57,32042,1285,136,4051.6
2304,1,5,2024-06-05,1141.83,11026,305,52,3602.32
2305,2,7,2024-06-05,1839.36,23957,705,60,3726.99
2306,3,3,2024-06-05,1537.49,14626,365,71,8046.92
2307,4,1,2024-06-05,1823.84,22300,476,39,6437.81
2308,5,1,2024-06-05,1029.6,12949,471,65,1865.35
2309,6,3,2024-06-05,1435.9,15098,885,168,2347.59
2310,1,1,2024-06-06,1344.89,18166,436,70,5488.06
2311,2,2,2024-06-06,1221.6,13312,629,42,3009.61
2312,3,5,2024-06-06,1337.75,11243,526,76,5692.4
2313,4,2,2024-06-06,576.76,5763,131,7,2579.15
2314,5,6,2024-06-06,2080.03,17814,948,106,3356.17
2315,6,3,2024-06-06,1672.48,15785,892,107,2792.57
2316,1,6,2024-06-07,928.96,13402,792,120,2516.21
2317,3,4,2024-06-07,1514.78,17320,428,26,7005.71
2318,4,2,2024-06-07,1366.38,16106,418,48,5314.62
2319,5,1,2024-06-07,1823.58,23420,489,25,3340.26
2320,6,8,2024-06-07,673.06,9252,333,46,1296.77
2321,5,6,2024-06-08,1111.3,16601,626,83,2169.71
2322,6,3,2024-06-08,1809.77,17336,842,57,3310.13
2323,4,8,2024-06-09,459.42,5333,292,39,1665.42
2324,6,1,2024-06-09,2233.3,18847,999,190,3112.15
2325,1,5,2024-06-10,2303.7,32943,1416,119,5294.0
2326,2,1,2024-06-10,1156.94,14172,608,96,4140.66
2327,3,3,2024-06-10,374.66,4521,165,18,1464.88
2328,6,5,2024-06-10,1318.5,19292,623,100,2055.93
2329,1,6,2024-06-11,392.76,5692,158,25,1135.97
2330,2,7,2024-06-11,852.24,11114,442,29,3031.45
2331,3,3,2024-06-11,1754.48,19057,637,112,7570.24
2332,4,1,2024-06-11,2223.35,22315,789,96,10601.74
2333,5,5,2024-06-11,290.26,3623,214,42,462.7
2334,6,6,2024-06-11,1104.67,14547,579,92,1523.56
2335,1,7,2024-06-12,869.24,9318,506,76,3034.85
2336,3,1,2024-06-12,931.81,9252,296,33,4115.79
2337,4,3,2024-06-12,288.52,3038,104,10,919.1
2338,5,6,2024-06-12,988.28,10029,449,61,2211.53
2339,6,3,2024-06-12,2039.58,26132,1432,96,3358.05
2340,1,4,2024-06-13,2274.04,20838,498,54,6368.68
2341,2,4,2024-06-13,2283.74,21833,536,107,6435.88
2342,3,6,2024-06-13,1426.9,17148,853,66,7919.61
2343,4,3,2024-06-13,940.16,9205,226,31,3199.06
2344,5,3,2024-06-13,1430.15,12151,708,105,2275.54
2345,6,1,2024-06-13,1570.07,17721,700,89,3172.89
2346,1,3,2024-06-14,1760.38,26026,1040,157,4698.5
2347,3,8,2024-06-14,928.19,8245,325,38,3323.7
2348,4,7,2024-06-14,1816.46,21228,768,103,5866.88
2349,5,6,2024-06-14,437.6,5927,161,31,1233.1
2350,6,3,2024-06-14,1372.52,19668,998,86,2894.88
2351,4,1,2024-06-15,2416.61,19860,967,53,8380.08
2352,6,6,2024-06-15,926.09,7750,214,36,1624.11
2353,2,1,2024-06-16,1138.9,10172,292,39,2307.25
2354,3,5,2024-06-16,255.08,2178,124,6,1098.42
2355,6,4,2024-06-16,1926.8,26470,1446,247,2886.95
2356,1,4,2024-06-17,1077.41,14569,506,78,2605.37
2357,2,8,2024-06-17,2025.46,24879,619,49,4307.77
2358,3,6,2024-06-17,417.26,3802,182,11,1381.12
2359,4,1,2024-06-17,336.92,3990,143,12,918.05
2360,5,1,2024-06-17,2448.8,27697,1338,201,5128.65
2361,6,4,2024-06-17,2365.31,22714,1325,193,4805.37
2362,1,6,2024-06-18,608.13,6843,178,23,2017.14
2363,2,4,2024-06-18,1589.51,19757,600,85,3690.06
2364,3,3,2024-06-18,1046.16,14994,882,75,5972.7
2365,4,3,2024-06-18,2383.33,21273,1006,141,7905.01
2366,5,2,2024-06-18,2277.73,28252,1641,229,4831.27
2367,6,1,2024-06-18,1098.62,9818,450,43,2251.27
2368,1,2,2024-06-19,1374.47,14193,518,82,3380.74
2369,5,2,2024-06-19,1257.52,13135,583,79,2196.55
2370,6,5,2024-06-19,2253.41,20981,744,54,5231.99
2371,1,5,2024-06-20,1011.65,14610,672,39,2705.98
2372,2,6,2024-06-20,2432.05,35724,1560,126,6568.62
2373,3,1,2024-06-20,705.77,6204,178,35,2941.1
2374,5,7,2024-06-20,2405.47,29688,1532,131,5332.49
2375,6,6,2024-06-20,1312.17,10765,235,25,2735.74
2376,1,1,2024-06-21,929.7,10022,423,43,3685.21
2377,2,6,2024-06-21,971.42,12763,410,57,2410.23
2378,3,5,2024-06-21,871.46,7933,242,17,4398.87
2379,4,1,2024-06-21,1594.43,23845,778,46,7663.25
2380,5,2,2024-06-21,2081.86,18997,994,180,5041.66
2381,2,4,2024-06-22,632.77,6435,257,37,2016.59
2382,1,1,2024-06-23,2002.31,20786,913,113,6398.39
2383,3,3,2024-06-23,718.69,10009,412,81,3266.04
2384,5,1,2024-06-23,1610.63,20714,755,113,3824.06
2385,6,6,2024-06-23,1332.0,12778,381,59,1952.56
2386,1,3,2024-06-24,1928.35,24282,590,55,6210.44
2387,3,5,2024-06-24,1906.14,15897,541,91,9872.09
2388,4,6,2024-06-24,1705.09,14169,592,30,7719.74
2389,5,3,2024-06-24,1304.01,13281,336,64,2905.44
2390,6,2,2024-06-24,2252.57,19601,1092,128,3522.96
2391,1,4,2024-06-25,1450.25,19037,1040,122,5532.58
2392,2,3,2024-06-25,812.04,8763,249,16,2393.83
2393,3,7,2024-06-25,1371.26,13913,426,47,7273.05
2394,4,6,2024-06-25,2134.39,25691,1160,147,9985.91
2395,5,2,2024-06-25,1589.37,18007,1055,175,2873.52
2396,1,6,2024-06-26,1904.83,22825,1017,196,7827.91
2397,2,3,2024-06-26,1941.62,17659,694,124,5407.91
2398,3,3,2024-06-26,543.4,6165,300,40,2354.75
2399,4,7,2024-06-26,2214.4,29787,1014,107,5891.12
2400,1,7,2024-06-27,2499.47,33235,1278,134,7349.79
2401,2,8,2024-06-27,665.27,8555,237,11,1873.21
2402,4,3,2024-06-27,1618.1,23801,477,31,6730.52
2403,5,4,2024-06-27,1811.9,25514,1480,214,4509.49
2404,1,4,2024-06-28,1478.61,13049,317,21,3496.75
2405,3,8,2024-06-28,1300.81,12907,405,45,6439.61
2406,5,4,2024-06-28,1338.62,12371,597,42,2491.37
2407,6,2,2024-06-28,1962.62,21181,718,80,3353.65
2408,1,1,2024-06-29,766.71,10082,347,55,2232.05
2409,2,4,2024-06-29,2234.06,28801,1690,271,6177.72
2410,3,4,2024-06-29,1234.67,10975,233,41,4740.29
2411,4,2,2024-06-29,2271.94,21781,650,54,7274.24
2412,5,7,2024-06-29,1782.17,25180,1112,169,4726.81
2413,6,3,2024-06-29,1374.82,12119,271,30,2799.79
2414,1,6,2024-06-30,1378.91,18774,1054,120,3955.39
2415,5,6,2024-06-30,2004.12,18438,790,138,5054.26
2416,6,2,2024-06-30,1406.03,15415,489,38,2163.87
2417,1,7,2024-07-01,788.63,11567,398,40,2602.11
2418,2,7,2024-07-01,821.72,9247,493,49,1947.98
2419,3,7,2024-07-01,2214.39,26673,1110,111,9769.32
2420,4,2,2024-07-01,1013.21,13319,707,55,3806.94
2421,5,8,2024-07-01,1082.63,13511,493,67,2916.26
2422,6,2,2024-07-01,2308.11,19397,838,87,3810.7
2423,1,5,2024-07-02,616.0,8395,189,28,2521.7
2424,2,1,2024-07-02,450.72,6025,318,25,1331.82
2425,3,4,2024-07-02,1730.54,15261,900,170,7299.53
2426,4,5,2024-07-02,1614.97,19381,1020,148,5935.86
2427,5,8,2024-07-02,1583.45,17000,844,63,3596.08
2428,6,8,2024-07-02,948.74,9571,467,46,1575.73
2429,1,4,2024-07-03,2395.0,28032,773,112,9463.31
2430,2,7,2024-07-03,958.34,12459,373,46,3290.93
2431,3,3,2024-07-03,2436.33,35964,1634,95,10415.03
2432,4,6,2024-07-03,1681.07,13634,607,63,6777.88
2433,5,4,2024-07-03,2203.12,27393,1623,232,3865.21
2434,6,3,2024-07-03,1986.12,20245,604,102,3342.06
2435,1,8,2024-07-04,1545.91,18686,391,57,5461.2
2436,2,7,2024-07-04,1347.89,16318,862,145,3058.39
2437,4,2,2024-07-04,484.02,6931,309,27,1351.11
2438,6,7,2024-07-04,1219.64,15732,921,98,2020.16
2439,1,3,2024-07-05,209.79,2056,71,5,800.84
2440,2,8,2024-07-05,421.84,5246,245,13,1052.24
2441,3,1,2024-07-05,1396.93,11658,628,63,8167.14
2442,4,3,2024-07-05,846.92,7315,220,39,2505.16
2443,5,7,2024-07-05,586.15,6474,335,17,1325.7
2444,6,6,2024-07-05,2174.53,25505,901,120,3833.14
2445,3,2,2024-07-06,1336.95,11025,228,19,6530.37
2446,5,4,2024-07-06,1001.68,10592,381,59,1689.71
2447,6,5,2024-07-06,750.01,10782,451,32,957.0
2448,1,6,2024-07-07,212.16,2230,70,9,614.54
2449,2,5,2024-07-07,2308.37,23014,1263,92,6472.11
2450,3,7,2024-07-07,901.96,7349,275,45,4236.68
2451,4,3,2024-07-07,726.36,7523,261,16,2949.89
2452,1,4,2024-07-08,598.79,8343,194,15,2313.1
2453,2,2,2024-07-08,2161.18,24496,1129,207,6461.28
2454,3,6,2024-07-08,937.23,8501,251,46,3090.29
2455,4,1,2024-07-08,615.11,8933,393,23,1872.19
2456,5,7,2024-07-08,1348.35,18543,678,51,3597.46
2457,6,5,2024-07-08,1596.14,23412,1404,146,2771.13
2458,1,7,2024-07-09,1657.26,18843,522,77,3793.96
2459,2,7,2024-07-09,1174.1,16578,881,162,3672.87
2460,3,8,2024-07-09,744.44,6800,275,35,4216.22
2461,4,2,2024-07-09,888.85,10001,350,29,2382.48
2462,5,6,2024-07-09,2205.65,22899,1167,155,3686.26
2463,6,7,2024-07-09,1002.38,11923,506,96,1393.19
2464,1,2,2024-07-10,2324.49,22559,496,91,5993.17
2465,2,1,2024-07-10,1466.84,17024,667,56,4783.47
2466,3,3,2024-07-10,1293.15,17294,789,129,4727.16
2467,6,4,2024-07-10,820.77,7049,174,31,1053.24
2468,1,3,2024-07-11,1802.62,18055,595,114,6172.22
2469,2,2,2024-07-11,2188.98,29126,1534,148,7530.95
2470,3,6,2024-07-11,1005.96,10239,533,30,5843.41
2471,4,8,2024-07-11,415.0,3756,172,27,2042.55
2472,5,8,2024-07-11,1926.23,24593,1470,234,4795.3
2473,6,1,2024-07-11,398.48,4395,122,6,872.41
2474,1,6,2024-07-12,1980.9,27426,1277,216,5463.98
2475,2,4,2024-07-12,587.61,8592,423,31,1525.27
2476,4,3,2024-07-12,2435.92,34404,1846,239,10500.32
2477,5,1,2024-07-12,1970.14,17584,925,158,5273.73
2478,6,7,2024-07-12,2400.35,23321,1130,75,4215.91
2479,1,6,2024-07-13,2252.38,24715,1127,102,5698.79
2480,3,7,2024-07-13,650.33,7180,164,21,2195.63
2481,4,7,2024-07-13,1566.79,16123,875,138,7509.27
2482,5,8,2024-07-13,1029.87,9125,198,11,2871.69
2483,2,1,2024-07-14,1615.26,21845,1071,184,3917.46
2484,3,6,2024-07-14,308.35,3021,69,5,1500.37
2485,4,7,2024-07-14,1865.17,25800,1004,61,7312.68
2486,1,1,2024-07-15,1294.6,19107,1144,207,5254.54
2487,2,5,2024-07-15,261.33,3231,110,6,705.85
2488,3,8,2024-07-15,885.87,7493,425,22,2802.14
2489,4,1,2024-07-15,2311.2,24247,613,87,7061.27
2490,5,2,2024-07-15,1027.25,12859,564,96,2784.08
2491,6,1,2024-07-15,944.32,9646,276,30,2184.16
2492,1,7,2024-07-16,1506.79,12287,704,37,4654.25
2493,2,2,2024-07-16,289.37,3153,83,8,837.89
2494,3,6,2024-07-16,1815.0,20906,708,93,9755.09
2495,4,4,2024-07-16,480.0,6783,224,20,1522.91
2496,5,5,2024-07-16,1961.32,21345,1176,96,3303.49
2497,6,6,2024-07-16,453.11,4866,201,27,797.27
2498,1,7,2024-07-17,2023.73,20685,1226,229,7834.23
2499,3,8,2024-07-17,2107.33,17798,986,98,9997.37
2500,5,6,2024-07-17,1435.16,15626,799,158,2570.17
2501,6,5,2024-07-17,649.48,7556,163,13,1104.27
2502,3,2,2024-07-18,1297.68,14017,545,54,6178.63
2503,4,4,2024-07-18,845.9,9864,542,95,3879.56
2504,5,1,2024-07-18,1625.57,14230,550,73,3151.56
2505,2,1,2024-07-19,215.47,3219,170,24,620.06
2506,3,4,2024-07-19,206.67,2192,109,5,1114.81
2507,5,1,2024-07-19,1105.91,9127,337,62,3143.08
2508,2,5,2024-07-20,1652.59,15794,538,48,3395.3
2509,6,5,2024-07-20,2246.84,26816,832,133,2963.91
2510,2,3,2024-07-21,542.46,4411,154,29,1643.65
2511,5,8,2024-07-21,2005.85,28514,964,56,4651.16
2512,1,4,2024-07-22,1978.41,16940,525,78,6164.12
2513,2,8,2024-07-22,743.18,9455,265,52,1824.96
2514,3,6,2024-07-22,343.02,3159,112,20,1738.28
2515,4,1,2024-07-22,646.72,6224,301,56,2886.88
2516,5,8,2024-07-22,2091.38,18292,873,135,4711.13
2517,6,6,2024-07-22,1988.05,20331,994,84,3354.01
2518,1,4,2024-07-23,1564.57,13380,523,73,4188.61
2519,2,7,2024-07-23,856.16,8114,388,57,2563.59
2520,3,6,2024-07-23,1275.3,13454,389,62,5100.01
2521,4,3,2024-07-23,1294.81,11026,341,38,5825.56
2522,5,5,2024-07-23,448.93,6728,299,27,757.82
2523,6,8,2024-07-23,2201.24,28030,1230,78,4099.55
2524,1,3,2024-07-24,1621.78,20108,1183,132,4256.64
2525,2,5,2024-07-24,1272.37,12705,713,95,3213.46
2526,3,7,2024-07-24,862.34,11153,442,50,4007.51
2527,4,5,2024-07-24,1622.24,17542,384,32,5056.56
2528,5,2,2024-07-24,542.71,7255,323,29,867.37
2529,6,2,2024-07-24,743.53,7448,182,14,1267.85
2530,1,6,2024-07-25,2178.87,32421,797,106,7823.65
2531,3,6,2024-07-25,2210.18,18165,875,150,11429.27
2532,4,7,2024-07-25,2237.64,20689,776,70,10271.35
2533,5,3,2024-07-25,1999.71,25939,802,42,4109.73
2534,2,6,2024-07-26,1989.58,18457,380,29,5444.01
2535,3,5,2024-07-26,2241.26,22881,781,113,11351.94
2536,4,7,2024-07-26,814.98,10151,541,104,2797.59
2537,5,1,2024-07-26,1712.38,20378,728,76,4002.06
2538,6,8,2024-07-26,1554.27,13128,314,35,2934.77
2539,1,1,2024-07-27,1203.6,14391,437,39,3417.63
2540,3,7,2024-07-27,433.56,3547,163,18,2345.26
2541,5,6,2024-07-27,1633.75,16348,585,35,4388.74
2542,1,8,2024-07-28,234.13,1939,79,8,582.93
2543,2,5,2024-07-28,692.82,10178,432,56,2519.66
2544,3,6,2024-07-28,1620.91,16804,356,46,6046.76
2545,4,5,2024-07-28,2146.03,17417,614,101,8467.96
2546,1,4,2024-07-29,591.84,6835,369,50,2225.56
2547,3,8,2024-07-29,1579.94,14096,632,43,7504.38
2548,4,3,2024-07-29,579.82,5202,212,30,2380.03
2549,5,4,2024-07-29,968.55,12613,329,47,1700.39
2550,1,2,2024-07-30,488.52,5106,186,21,1592.15
2551,2,4,2024-07-30,2001.87,25534,1341,159,4018.51
2552,3,4,2024-07-30,289.91,3503,121,13,1220.51
2553,4,5,2024-07-30,2293.09,30263,856,169,9153.03
2554,5,2,2024-07-30,1179.85,13389,479,66,2751.63
2555,6,3,2024-07-30,1619.83,23824,612,120,2379.39
2556,1,6,2024-07-31,1327.48,15727,931,122,3705.23
2557,2,1,2024-07-31,220.36,3081,168,18,645.16
2558,4,3,2024-07-31,1768.45,16604,332,17,6477.53
2559,5,4,2024-07-31,1844.22,18179,546,35,4676.9
2560,6,1,2024-07-31,1842.97,21707,1187,217,3762.19
2561,1,1,2024-08-01,1915.91,23147,1320,241,7493.83
2562,2,1,2024-08-01,1016.98,10417,266,27,2339.92
2563,3,4,2024-08-01,2065.12,29512,1316,228,8286.0
2564,4,5,2024-08-01,2302.5,20339,1065,83,9146.14
2565,6,3,2024-08-01,285.7,3603,146,11,651.58
2566,1,3,2024-08-02,1381.45,18881,997,151,5239.11
2567,2,4,2024-08-02,2349.44,20622,1209,125,4976.66
2568,3,4,2024-08-02,220.13,2727,84,16,720.78
2569,4,6,2024-08-02,2038.25,18807,789,73,7648.89
2570,6,4,2024-08-02,2312.06,19066,535,44,3921.09
2571,1,2,2024-08-03,1367.41,15003,344,53,3774.11
2572,4,7,2024-08-03,768.1,9783,228,21,2464.64
2573,1,5,2024-08-04,2395.7,19918,968,63,9184.49
2574,4,5,2024-08-04,272.51,2426,103,9,924.56
2575,5,7,2024-08-04,1686.76,15660,528,103,3897.74
2576,6,7,2024-08-04,1213.22,11690,500,77,2706.18
2577,2,6,2024-08-05,850.79,7660,270,34,3081.84
2578,3,2,2024-08-05,1332.74,12662,464,77,4277.44
2579,4,5,2024-08-05,1742.9,15013,408,44,6597.46
2580,6,8,2024-08-05,1072.96,11330,356,58,2048.7
2581,2,8,2024-08-06,929.27,11148,655,58,2792.3
2582,3,1,2024-08-06,2289.7,27299,628,118,11828.51
2583,4,5,2024-08-06,1612.02,23298,787,86,5640.51
2584,6,3,2024-08-06,1658.88,23420,951,67,2471.05
2585,2,4,2024-08-07,2118.17,18895,1041,66,4626.0
2586,3,4,2024-08-07,1794.45,17413,709,103,7994.89
2587,4,4,2024-08-07,2320.17,27905,1099,134,10078.16
2588,5,8,2024-08-07,2164.58,22450,844,128,3478.53
2589,6,5,2024-08-07,1938.07,24894,521,49,4481.33
2590,1,5,2024-08-08,338.71,3173,83,15,954.39
2591,2,6,2024-08-08,501.57,5068,244,27,1588.7
2592,3,1,2024-08-08,353.9,4529,270,19,1190.73
2593,4,4,2024-08-08,1923.8,22408,787,54,5936.1
2594,5,1,2024-08-08,998.06,9799,517,102,1743.59
2595,6,7,2024-08-08,333.96,3248,190,27,607.49
2596,1,7,2024-08-09,1510.0,15318,501,80,4966.74
2597,2,2,2024-08-09,975.25,13681,803,133,3022.59
2598,3,8,2024-08-09,539.89,6316,138,15,2636.0
2599,4,3,2024-08-09,1990.76,23614,1076,160,8847.54
2600,5,2,2024-08-09,2322.2,19642,930,181,5959.15
2601,6,7,2024-08-09,398.82,3849,80,4,557.73
2602,1,8,2024-08-10,1229.84,11141,655,95,5083.23
2603,2,1,2024-08-10,1094.1,9645,360,57,3358.44
2604,3,5,2024-08-10,1881.75,15593,829,94,9550.05
2605,5,5,2024-08-10,796.96,6665,206,18,1503.87
2606,1,5,2024-08-11,1208.82,15566,756,120,2714.43
2607,2,2,2024-08-11,1357.26,16505,561,43,2745.17
2608,3,3,2024-08-11,839.41,7760,347,58,3685.81
2609,5,6,2024-08-11,407.1,5573,126,9,640.69
2610,2,5,2024-08-12,867.32,12698,460,52,2210.59
2611,3,5,2024-08-12,852.06,11940,582,86,3472.08
2612,4,3,2024-08-12,1515.96,20626,1039,64,4658.26
2613,6,6,2024-08-12,765.01,7121,360,62,1424.87
2614,1,5,2024-08-13,226.99,2844,160,28,705.42
2615,3,2,2024-08-13,1206.65,17525,544,102,5463.9
2616,5,5,2024-08-13,1725.76,14201,768,77,4764.01
2617,6,7,2024-08-13,978.55,8746,249,31,1861.11
2618,1,8,2024-08-14,1843.06,22066,805,87,5873.08
2619,2,7,2024-08-14,2287.68,25426,1173,169,7504.84
2620,3,6,2024-08-14,674.91,7651,344,52,2970.26
2621,4,8,2024-08-14,1845.47,20991,706,117,4930.98
2622,5,5,2024-08-14,1529.45,18693,465,41,3115.32
2623,6,5,2024-08-14,1802.78,23168,1366,183,4135.73
2624,1,1,2024-08-15,275.69,2618,69,6,949.48
2625,2,6,2024-08-15,2304.29,26754,1232,141,6401.11
2626,3,1,2024-08-15,1489.85,13147,787,140,7641.6
2627,4,1,2024-08-15,1603.21,20312,597,30,4576.55
2628,5,5,2024-08-15,980.22,13231,726,135,2454.53
2629,6,2,2024-08-15,265.44,3239,145,27,498.29
2630,1,7,2024-08-16,1245.42,15337,492,68,4971.66
2631,3,1,2024-08-16,1733.19,21613,1259,80,7012.91
2632,4,2,2024-08-16,297.54,4261,126,12,1087.56
2633,5,8,2024-08-16,437.49,3652,105,11,1236.59
2634,6,4,2024-08-16,1475.14,18146,768,110,3057.81
2635,1,1,2024-08-17,2108.13,27242,1001,85,8335.09
2636,2,3,2024-08-17,1347.07,15922,473,25,4100.65
2637,4,8,2024-08-17,1608.29,17407,627,108,6914.55
2638,1,2,2024-08-18,1404.92,17771,809,138,3173.57
2639,6,2,2024-08-18,502.16,6113,177,13,749.99
2640,1,5,2024-08-19,1453.68,20325,962,87,4340.26
2641,3,3,2024-08-19,535.22,5846,254,21,1859.82
2642,4,7,2024-08-19,1763.36,23040,871,68,8519.62
2643,5,8,2024-08-19,308.44,2919,172,13,803.58
2644,1,2,2024-08-20,982.54,9296,454,81,3350.07
2645,2,8,2024-08-20,901.26,13266,282,30,2041.46
2646,3,3,2024-08-20,1537.27,22513,1309,210,5145.95
2647,4,7,2024-08-20,1485.73,17569,584,49,6142.24
2648,5,4,2024-08-20,1658.81,14058,689,131,3915.51
2649,6,8,2024-08-20,991.8,11174,475,28,1493.83
2650,1,3,2024-08-21,1442.67,21232,635,66,5354.55
2651,3,3,2024-08-21,1473.63,16460,702,68,5676.3
2652,4,3,2024-08-21,1413.23,12283,592,118,5048.18
2653,6,8,2024-08-21,2009.57,17737,1029,201,3494.83
2654,1,5,2024-08-22,1316.05,12385,542,43,3723.08
2655,2,4,2024-08-22,1607.78,19790,892,144,5365.16
2656,3,8,2024-08-22,1125.38,11233,542,37,5274.92
2657,4,8,2024-08-22,1576.75,16157,515,31,7235.41
2658,5,7,2024-08-22,2085.81,19120,757,74,5817.88
2659,1,5,2024-08-23,1159.26,11476,493,61,3671.42
2660,3,2,2024-08-23,1387.88,19246,888,55,6456.91
2661,4,2,2024-08-23,279.65,2855,101,10,1173.46
2662,5,7,2024-08-23,467.04,5156,304,60,1252.52
2663,6,8,2024-08-23,1520.69,13059,662,91,3372.25
2664,2,4,2024-08-24,1979.77,27281,1070,107,4421.0
2665,4,5,2024-08-24,2052.42,21598,677,54,8209.39
2666,6,6,2024-08-24,207.19,2675,103,5,434.35
2667,2,4,2024-08-25,2351.61,28398,682,38,4901.51
2668,3,1,2024-08-25,1521.63,22682,871,171,7582.1
2669,1,5,2024-08-26,2464.2,36537,1084,127,10167.1
2670,2,7,2024-08-26,1849.82,27201,925,99,5410.55
2671,4,2,2024-08-26,1800.9,19212,1059,94,8045.33
2672,6,6,2024-08-26,1746.78,23794,1326,186,3537.54
2673,2,7,2024-08-27,2423.46,27344,1566,120,5199.43
2674,4,4,2024-08-27,2005.34,25797,606,59,7366.33
2675,5,5,2024-08-27,323.9,4073,146,17,806.4
2676,6,7,2024-08-27,524.91,6495,299,35,1158.14
2677,1,2,2024-08-28,1964.15,23609,1021,179,4713.03
2678,2,1,2024-08-28,401.22,4197,86,14,905.78
2679,3,1,2024-08-28,566.13,5646,227,19,3186.36
2680,4,3,2024-08-28,1462.71,19990,920,104,4503.41
2681,5,4,2024-08-28,1933.55,28918,1051,122,5300.77
2682,1,3,2024-08-29,409.61,3749,90,16,922.48
2683,3,8,2024-08-29,2324.45,30466,1618,171,11677.22
2684,4,5,2024-08-29,704.19,8210,382,55,2371.4
2685,1,3,2024-08-30,1178.19,14552,685,105,4305.54
2686,2,4,2024-08-30,1365.82,17512,636,61,4051.88
2687,3,6,2024-08-30,371.43,3897,152,19,1709.84
2688,4,1,2024-08-30,2496.14,23740,787,101,10870.94
2689,6,6,2024-08-30,290.66,2353,95,17,434.53
2690,2,5,2024-08-31,2168.98,26856,1504,294,7008.82
2691,4,5,2024-08-31,251.55,3583,147,22,705.71
2692,1,6,2024-09-01,1589.45,22659,1118,103,4651.38
2693,3,4,2024-09-01,1518.39,21686,830,111,7308.03
2694,4,3,2024-09-01,2050.3,21959,1310,242,8190.61
2695,6,3,2024-09-01,1651.43,15774,721,106,2521.25
2696,1,7,2024-09-02,464.59,5887,283,56,1244.54
2697,4,5,2024-09-02,278.76,2772,152,25,1015.79
2698,5,1,2024-09-02,1899.42,22469,458,50,3092.81
2699,1,3,2024-09-03,2299.35,33228,1593,82,9548.01
2700,2,1,2024-09-03,247.47,2472,131,19,710.72
2701,3,5,2024-09-03,1359.48,14838,589,116,4325.07
2702,4,8,2024-09-03,974.97,8908,197,20,3198.31
2703,5,6,2024-09-03,367.22,4693,263,19,983.24
2704,6,3,2024-09-03,2306.55,34511,1754,184,4252.27
2705,1,5,2024-09-04,589.67,5823,182,16,1806.71
2706,2,7,2024-09-04,624.08,7846,240,15,1229.53
2707,3,5,2024-09-04,527.92,6876,286,53,2819.72
2708,4,4,2024-09-04,1513.28,18615,501,25,5218.38
2709,5,7,2024-09-04,2225.5,23082,619,43,4783.66
2710,6,1,2024-09-04,242.08,2071,46,8,382.07
2711,2,2,2024-09-05,2308.53,25650,1478,259,8051.81
2712,3,2,2024-09-05,1050.96,10161,607,120,5021.06
2713,5,7,2024-09-05,1436.6,12380,569,103,3694.45
2714,6,6,2024-09-05,632.49,5348,291,16,1436.97
2715,1,1,2024-09-06,1419.37,18825,470,93,4979.18
2716,2,1,2024-09-06,1755.47,18558,1008,122,4123.06
2717,3,2,2024-09-06,1688.79,17242,891,177,7430.82
2718,4,1,2024-09-06,1669.78,15563,930,170,5136.76
2719,5,5,2024-09-06,522.72,6728,391,62,1123.48
2720,6,6,2024-09-06,2371.51,23535,652,50,3019.38
2721,1,8,2024-09-07,1828.31,25473,1210,227,4199.45
2722,3,5,2024-09-07,1121.86,9441,476,74,5480.87
2723,6,7,2024-09-07,2184.4,31679,1499,225,4760.65
2724,2,4,2024-09-08,1221.79,15045,394,50,3602.58
2725,3,2,2024-09-08,1428.27,15093,509,81,5290.28
2726,1,1,2024-09-09,1622.44,16828,372,56,5137.15
2727,2,4,2024-09-09,225.49,2420,50,5,614.79
2728,3,4,2024-09-09,704.4,7644,435,59,3756.38
2729,4,6,2024-09-09,759.78,9785,557,65,2174.6
2730,5,7,2024-09-09,1528.47,22696,1315,205,3942.57
2731,6,5,2024-09-09,2071.47,21532,858,66,4415.6
2732,1,5,2024-09-10,1370.02,13744,638,45,4942.46
2733,2,1,2024-09-10,701.83,6313,327,42,1674.24
2734,3,8,2024-09-10,2147.97,31667,1329,235,12300.82
2735,4,3,2024-09-10,1150.96,12336,326,46,4151.82
2736,5,8,2024-09-10,1687.6,15053,359,31,3385.38
2737,6,5,2024-09-10,700.34,9224,253,19,1098.59
2738,1,2,2024-09-11,2453.72,35292,1556,159,9059.9
2739,2,5,2024-09-11,1747.54,21423,932,110,3707.15
2740,3,5,2024-09-11,788.52,9785,266,30,2717.49
2741,4,1,2024-09-11,805.0,8072,408,71,3434.79
2742,5,6,2024-09-11,1891.71,21572,458,58,3954.41
2743,6,6,2024-09-11,560.59,7626,171,14,1213.28
2744,1,1,2024-09-12,1883.01,28087,853,114,7711.32
2745,2,4,2024-09-12,2295.17,31696,1740,285,4997.68
2746,3,8,2024-09-12,2132.96,30324,1766,151,8457.26
2747,4,5,2024-09-12,876.67,8619,257,40,4011.0
2748,5,7,2024-09-12,1083.83,16170,825,108,2192.55
2749,6,2,2024-09-12,553.15,5891,243,21,1107.25
2750,1,1,2024-09-13,2011.9,19600,865,71,4668.84
2751,2,6,2024-09-13,2066.8,22692,1182,77,4775.38
2752,3,8,2024-09-13,897.52,9706,357,60,4408.27
2753,4,3,2024-09-13,749.56,7818,325,60,2232.96
2754,5,3,2024-09-13,2214.83,22275,589,97,4063.54
2755,1,8,2024-09-14,1690.49,13890,574,73,6102.41
2756,2,4,2024-09-14,1431.26,21427,606,32,4429.62
2757,3,7,2024-09-14,1784.02,14430,803,127,10135.5
2758,4,6,2024-09-14,2007.95,21913,1220,227,8672.9
2759,5,1,2024-09-14,1395.09,19460,849,107,3291.5
2760,6,5,2024-09-14,1153.51,9763,427,24,2151.22
2761,2,4,2024-09-15,499.32,6149,235,12,1276.37
2762,3,2,2024-09-15,611.65,8527,453,24,3353.45
2763,5,3,2024-09-15,812.86,8693,427,80,1461.01
2764,6,7,2024-09-15,2197.78,32066,1029,114,4714.64
2765,1,1,2024-09-16,1605.4,14969,384,54,4000.57
2766,2,7,2024-09-16,2115.36,26486,1126,133,6704.33
2767,3,8,2024-09-16,1441.89,13206,363,44,4818.15
2768,4,4,2024-09-16,1517.1,20896,1055,167,6940.77
2769,5,5,2024-09-16,840.62,9606,379,19,1910.91
2770,1,2,2024-09-17,725.63,6424,164,19,2304.47
2771,2,5,2024-09-17,1157.29,14830,856,114,3844.8
2772,3,8,2024-09-17,438.62,4167,193,38,1714.56
2773,4,2,2024-09-17,849.9,11955,370,50,4123.41
2774,5,2,2024-09-17,2161.22,22661,1224,187,3965.4
2775,6,8,2024-09-17,1825.97,25840,1507,172,3603.92
2776,1,5,2024-09-18,203.74,2615,120,17,696.91
2777,2,6,2024-09-18,2481.91,29383,1214,87,8109.72
2778,3,3,2024-09-18,1584.18,12891,342,28,5807.72
2779,4,7,2024-09-18,449.65,5612,208,25,2154.3
2780,5,6,2024-09-18,1688.0,16358,828,99,3883.32
2781,6,8,2024-09-18,1904.89,24962,1491,260,3197.8
2782,1,7,2024-09-19,819.12,11894,318,43,2908.92
2783,2,5,2024-09-19,2199.66,25847,1021,130,6828.25
2784,3,5,2024-09-19,2396.9,29481,792,57,11347.94
2785,4,4,2024-09-19,1763.44,20220,459,64,6823.57
2786,5,6,2024-09-19,2185.0,22871,625,75,4715.99
2787,6,4,2024-09-19,2425.32,30399,1223,104,4888.45
2788,1,6,2024-09-20,2129.51,26403,1575,90,6715.66
2789,2,8,2024-09-20,1410.89,19408,395,22,3610.76
2790,3,3,2024-09-20,1275.77,11647,640,46,4371.95
2791,4,6,2024-09-20,1841.0,17689,842,140,8109.81
2792,5,6,2024-09-20,470.4,4413,216,22,889.91
2793,6,7,2024-09-20,2333.1,33353,976,150,3390.72
2794,3,7,2024-09-21,1953.47,18043,616,40,10446.22
2795,4,5,2024-09-21,1411.55,14132,789,103,3860.33
2796,5,1,2024-09-21,979.61,11728,483,89,2516.9
2797,1,6,2024-09-22,2467.69,27934,1582,115,9121.07
2798,2,3,2024-09-22,1602.54,16759,953,98,5209.99
2799,5,7,2024-09-22,560.97,5552,119,16,962.32
2800,1,4,2024-09-23,2396.75,21646,1172,203,6605.07
2801,2,1,2024-09-23,479.06,4285,143,10,1714.82
2802,3,5,2024-09-23,2135.31,17901,665,124,11599.5
2803,4,4,2024-09-23,1580.75,22871,1089,202,5148.07
2804,5,5,2024-09-23,2249.31,20624,886,162,3968.52
2805,6,8,2024-09-23,1776.29,24851,498,49,2648.23
2806,1,1,2024-09-24,1105.37,8984,450,84,2741.51
2807,2,4,2024-09-24,1494.64,12808,611,36,3752.27
2808,3,2,2024-09-24,2436.47,21741,1124,143,7716.12
2809,4,6,2024-09-24,1885.56,23575,1341,237,5581.6
2810,5,7,2024-09-24,787.11,7776,443,53,1490.23
2811,6,5,2024-09-24,645.52,7505,251,14,1366.8
2812,1,7,2024-09-25,1338.41,10792,512,98,4710.82
2813,2,3,2024-09-25,322.72,3826,157,11,667.43
2814,3,2,2024-09-25,1526.53,20726,472,45,8490.02
2815,4,2,2024-09-25,1720.46,23863,902,57,6611.51
2816,5,8,2024-09-25,1580.67,18477,439,68,3935.32
2817,1,3,2024-09-26,1755.49,14929,401,62,5025.63
2818,2,1,2024-09-26,1443.02,19274,736,82,3977.93
2819,3,1,2024-09-26,1523.92,21201,1265,245,7021.63
2820,4,8,2024-09-26,2160.01,21080,865,122,9939.54
2821,5,1,2024-09-26,2269.44,25492,633,41,3991.93
2822,6,3,2024-09-26,1866.83,22377,1191,157,4135.82
2823,1,7,2024-09-27,1603.77,17309,685,97,5958.88
2824,2,5,2024-09-27,324.11,3744,218,23,1162.99
2825,3,2,2024-09-27,1747.27,23519,524,97,9303.99
2826,4,2,2024-09-27,1327.64,14240,505,53,3532.06
2827,5,4,2024-09-27,401.67,3476,195,37,770.32
2828,6,4,2024-09-27,419.97,5623,118,13,655.16
2829,2,8,2024-09-28,1564.04,15590,725,38,5545.4
2830,4,7,2024-09-28,1659.49,17923,787,106,6725.93
2831,6,5,2024-09-28,889.92,11070,643,101,2003.56
2832,1,5,2024-09-29,915.33,13037,299,23,2915.8
2833,2,8,2024-09-29,1684.54,19616,1111,122,3625.54
2834,3,3,2024-09-29,1958.47,19053,692,93,10995.91
2835,4,6,2024-09-29,1513.77,19906,778,39,6085.45
2836,5,3,2024-09-29,812.89,10641,477,49,1299.55
2837,2,8,2024-09-30,2154.06,21081,1119,128,5910.38
2838,3,2,2024-09-30,1689.49,23279,641,117,8001.09
2839,5,5,2024-09-30,488.68,4116,231,12,959.11
2840,6,1,2024-09-30,348.49,3056,123,24,768.63
2841,1,4,2024-10-01,2360.6,25332,580,56,8825.66
2842,2,5,2024-10-01,665.17,7438,394,51,1975.83
2843,3,7,2024-10-01,1251.22,18216,469,83,5872.51
2844,4,7,2024-10-01,2465.95,20236,1175,167,11220.35
2845,5,6,2024-10-01,2048.1,22278,1259,79,5327.43
2846,6,3,2024-10-01,1411.43,18907,964,133,2618.27
2847,1,7,2024-10-02,1366.96,14902,693,70,5223.96
2848,2,4,2024-10-02,2478.11,25457,1403,202,8861.51
2849,5,7,2024-10-02,1777.99,16421,974,137,3408.56
2850,6,3,2024-10-02,1172.42,15168,652,65,2652.25
2851,1,4,2024-10-03,1161.25,13715,280,23,2959.22
2852,2,5,2024-10-03,404.49,5054,158,18,1077.02
2853,3,8,2024-10-03,1367.78,14245,340,45,5307.21
2854,5,8,2024-10-03,1920.51,26762,1553,252,4556.84
2855,6,7,2024-10-03,1696.53,13966,324,48,3909.36
2856,2,2,2024-10-04,1216.06,12566,703,69,2854.75
2857,4,4,2024-10-04,1759.1,14107,478,49,6110.03
2858,5,1,2024-10-04,465.03,5180,128,12,1120.5
2859,6,2,2024-10-04,1810.06,14505,687,123,4093.55
2860,1,3,2024-10-05,2197.1,23397,1194,128,8722.03
2861,4,3,2024-10-05,2028.72,24755,670,45,6202.83
2862,6,8,2024-10-05,2463.71,33405,1098,165,4095.27
2863,1,2,2024-10-06,285.07,3230,88,8,758.57
2864,2,3,2024-10-06,619.22,6308,251,43,2049.46
2865,4,3,2024-10-06,369.75,4416,118,22,1677.99
2866,1,7,2024-10-07,2390.66,29262,794,133,9136.77
2867,2,3,2024-10-07,1547.62,18910,1073,90,4191.3
2868,3,7,2024-10-07,469.54,5621,319,57,2572.52
2869,4,5,2024-10-07,926.42,10345,466,93,4524.66
2870,1,4,2024-10-08,914.8,10172,400,31,2360.13
2871,2,3,2024-10-08,2253.9,20508,736,106,6657.89
2872,3,2,2024-10-08,1039.77,11619,281,48,5385.5
2873,5,6,2024-10-08,2204.81,31536,1069,202,5278.31
2874,6,5,2024-10-08,2306.02,33567,1443,167,4977.24
2875,1,1,2024-10-09,346.47,4678,206,37,1120.76
2876,3,6,2024-10-09,2487.65,31658,1491,295,9665.14
2877,5,6,2024-10-09,1850.7,27430,606,91,5161.69
2878,6,7,2024-10-09,2289.85,29959,854,169,3218.46
2879,1,7,2024-10-10,1178.38,11369,294,48,3079.84
2880,2,5,2024-10-10,1212.3,17673,704,38,4169.9
2881,4,6,2024-10-10,1932.21,24527,1255,112,5847.31
2882,6,6,2024-10-10,345.42,3758,89,14,497.46
2883,1,1,2024-10-11,1135.32,14629,684,83,3623.34
2884,2,8,2024-10-11,293.27,3711,190,23,965.21
2885,3,1,2024-10-11,1083.68,10495,405,31,4143.18
2886,4,7,2024-10-11,2083.08,25271,1042,136,9607.91
2887,5,1,2024-10-11,498.86,4859,271,28,1169.52
2888,6,2,2024-10-11,1865.69,23839,857,73,2856.79
2889,3,7,2024-10-12,1431.12,15566,743,80,4804.07
2890,4,3,2024-10-12,229.38,2305,107,15,1052.66
2891,5,1,2024-10-12,1023.24,9047,438,68,2284.2
2892,6,6,2024-10-12,2294.11,33305,797,49,4305.75
2893,3,6,2024-10-13,1905.65,15887,494,41,8495.61
2894,6,1,2024-10-13,1739.93,14405,749,102,3094.41
2895,1,3,2024-10-14,1408.96,18150,677,108,3949.95
2896,2,4,2024-10-14,2310.58,21429,940,142,6793.58
2897,4,1,2024-10-14,413.95,5434,151,12,1167.39
2898,6,3,2024-10-14,2195.92,30247,1385,87,4528.33
2899,1,7,2024-10-15,1098.76,12572,371,68,2683.97
2900,3,1,2024-10-15,897.16,11582,500,64,4028.79
2901,4,6,2024-10-15,865.76,8156,467,67,3606.04
2902,1,7,2024-10-16,531.83,5993,357,50,1545.75
2903,2,5,2024-10-16,394.34,4454,182,18,1173.67
2904,4,1,2024-10-16,1439.7,13362,776,148,5533.33
2905,5,7,2024-10-16,440.57,5905,180,10,1253.34
2906,6,8,2024-10-16,1760.66,17399,931,48,3135.53
2907,1,5,2024-10-17,611.18,8030,246,17,1571.0
2908,2,7,2024-10-17,822.47,11178,446,77,1978.51
2909,4,5,2024-10-17,1222.4,17081,483,81,4509.9
2910,5,7,2024-10-17,2349.46,24504,1446,163,6154.0
2911,1,4,2024-10-18,1199.8,13045,353,25,2939.67
2912,2,6,2024-10-18,726.24,9641,322,57,2225.79
2913,3,8,2024-10-18,2220.22,33092,1122,109,9581.98
2914,4,4,2024-10-18,880.53,11278,243,36,3191.06
2915,5,6,2024-10-18,599.15,6458,264,18,990.54
2916,6,3,2024-10-18,825.28,7361,411,76,1702.69
2917,1,1,2024-10-19,1655.71,17313,968,82,5682.79
2918,3,6,2024-10-19,1568.46,15687,361,24,8965.47
2919,2,6,2024-10-20,1559.44,18561,622,48,3190.07
2920,3,5,2024-10-20,970.58,13149,477,27,3285.03
2921,1,3,2024-10-21,674.71,6092,190,19,1621.29
2922,3,4,2024-10-21,1493.85,18841,743,94,8132.92
2923,4,7,2024-10-21,835.83,12212,717,53,2473.41
2924,5,5,2024-10-21,214.09,2165,53,9,347.96
2925,6,5,2024-10-21,700.27,7912,246,32,1414.96
2926,2,2,2024-10-22,2294.0,21191,1099,176,5095.48
2927,4,6,2024-10-22,251.46,2276,81,6,1090.78
2928,5,8,2024-10-22,825.44,6859,212,14,1623.03
2929,6,6,2024-10-22,2258.18,20737,837,138,4699.66
2930,1,6,2024-10-23,1254.24,16803,430,29,4419.6
2931,2,6,2024-10-23,919.49,10579,623,108,2265.7
2932,3,3,2024-10-23,2138.51,17454,1007,171,10493.75
2933,4,5,2024-10-23,738.49,7906,179,25,2249.92
2934,5,2,2024-10-23,733.01,9604,514,42,1968.02
2935,6,1,2024-10-23,2197.39,21305,778,126,2779.61
2936,1,3,2024-10-24,1124.75,9663,415,73,3813.88
2937,3,4,2024-10-24,1850.44,16949,544,73,9875.93
2938,4,1,2024-10-24,938.0,8396,287,17,4079.65
2939,5,2,2024-10-24,2181.63,28853,1172,222,3916.1
2940,6,2,2024-10-24,1368.15,11815,708,44,1807.44
2941,2,8,2024-10-25,763.79,9441,448,33,2217.21
2942,3,5,2024-10-25,1219.34,14866,871,96,4179.35
2943,4,5,2024-10-25,1303.27,14485,723,138,3732.06
2944,5,6,2024-10-25,2145.82,25330,553,104,6066.84
2945,6,4,2024-10-25,292.12,3978,234,27,507.48
2946,1,5,2024-10-26,1651.0,18691,545,29,6728.27
2947,4,8,2024-10-26,2328.65,20826,899,95,9435.35
2948,2,7,2024-10-27,1699.9,19578,593,50,4469.63
2949,5,3,2024-10-27,629.43,8299,166,18,1290.86
2950,1,7,2024-10-28,1374.0,12329,621,111,5506.66
2951,2,4,2024-10-28,1587.28,15233,634,31,4967.94
2952,3,8,2024-10-28,1575.57,12907,382,62,7058.27
2953,4,6,2024-10-28,2039.9,24843,619,60,7917.25
2954,5,4,2024-10-28,1479.11,20990,751,75,3302.78
2955,6,4,2024-10-28,460.42,5666,323,50,624.22
2956,1,3,2024-10-29,1363.82,19467,1145,98,4659.51
2957,2,8,2024-10-29,1785.64,26701,958,158,4108.73
2958,3,6,2024-10-29,377.84,4558,225,26,1698.01
2959,4,5,2024-10-29,1462.77,15664,457,28,6889.63
2960,5,8,2024-10-29,396.61,5557,243,48,1053.06
2961,6,1,2024-10-29,733.04,9307,335,46,1695.1
2962,1,6,2024-10-30,251.14,2409,118,17,678.2
2963,3,3,2024-10-30,1431.78,12191,659,84,6004.91
2964,4,5,2024-10-30,1395.9,16891,543,69,4662.49
2965,1,6,2024-10-31,1511.1,17446,572,99,6269.48
2966,2,5,2024-10-31,661.29,5853,295,17,2191.6
2967,3,4,2024-10-31,218.87,2724,162,8,1020.84
2968,4,1,2024-10-31,1774.84,23359,988,104,8112.73
2969,5,6,2024-10-31,2196.78,24353,659,52,5943.91
2970,6,5,2024-10-31,715.32,7145,258,27,1342.66
2971,2,7,2024-11-01,1624.38,16177,752,63,4043.55
2972,4,8,2024-11-01,847.24,9620,540,60,3709.84
2973,5,2,2024-11-01,2059.83,23314,507,47,4932.09
2974,6,5,2024-11-01,1130.62,16945,597,89,1740.3
2975,1,4,2024-11-02,453.07,6376,219,43,1692.81
2976,2,4,2024-11-02,2082.14,26586,1348,131,5475.66
2977,6,7,2024-11-02,2394.23,22912,1038,116,4983.15
2978,1,3,2024-11-03,2449.27,35113,712,81,5893.12
2979,3,2,2024-11-03,2241.53,26192,1131,133,7486.96
2980,4,1,2024-11-03,443.89,4455,112,7,1481.63
2981,6,4,2024-11-03,1023.41,13905,385,43,1341.01
2982,1,4,2024-11-04,834.27,8298,200,33,3251.19
2983,2,7,2024-11-04,2209.77,24371,629,99,6562.26
2984,4,6,2024-11-04,756.55,7924,274,18,3495.07
2985,5,8,2024-11-04,288.02,3407,170,28,804.94
2986,6,5,2024-11-04,1833.61,18941,900,58,4197.35
2987,1,4,2024-11-05,1772.15,22212,1133,128,6220.57
2988,5,7,2024-11-05,2249.63,27805,1382,159,4015.2
2989,6,6,2024-11-05,1475.74,13257,636,65,2382.0
2990,2,5,2024-11-06,1508.14,14562,700,38,4545.49
2991,3,2,2024-11-06,1703.89,21650,608,84,6804.1
2992,5,3,2024-11-06,1087.9,10528,335,44,1750.02
2993,6,8,2024-11-06,1133.46,11404,375,28,2252.99
2994,1,3,2024-11-07,660.96,7796,259,28,2139.87
2995,2,7,2024-11-07,1347.05,16773,484,31,3641.85
2996,3,4,2024-11-07,1538.67,22303,769,99,5510.62
2997,4,1,2024-11-07,2128.98,19496,410,60,8087.66
2998,5,1,2024-11-07,1590.65,13788,576,88,2703.65
2999,6,4,2024-11-07,1245.95,11080,418,34,2065.56
3000,1,2,2024-11-08,806.11,11504,502,60,3296.78
3001,2,2,2024-11-08,1812.88,25244,693,87,3917.32
3002,3,7,2024-11-08,1368.68,19182,585,58,5005.21
3003,4,7,2024-11-08,1952.03,24040,1015,143,9138.22
3004,5,2,2024-11-08,1031.6,13468,316,63,1636.44
3005,6,5,2024-11-08,248.64,2890,72,10,410.98
3006,2,3,2024-11-09,1859.6,15012,323,51,5194.63
3007,3,3,2024-11-09,582.8,7596,212,41,2188.05
3008,4,5,2024-11-09,1246.67,16414,813,109,3597.01
3009,6,2,2024-11-09,510.64,5520,125,24,980.14
3010,2,5,2024-11-10,445.08,6373,140,25,1399.22
3011,3,7,2024-11-10,1125.53,9911,282,29,5264.14
3012,4,1,2024-11-10,823.08,8137,173,25,3926.83
3013,1,6,2024-11-11,1713.62,24933,700,55,6083.27
3014,2,1,2024-11-11,2188.35,28464,820,56,4626.73
3015,4,4,2024-11-11,755.59,6837,273,41,3651.9
3016,5,1,2024-11-11,743.36,9916,368,26,1864.73
3017,6,8,2024-11-11,2185.04,30655,1424,174,5028.28
3018,1,8,2024-11-12,1973.29,25128,1483,186,5931.11
3019,2,4,2024-11-12,1523.56,19859,1047,85,4438.43
3020,3,6,2024-11-12,1351.83,18198,732,133,4751.71
3021,4,7,2024-11-12,1269.27,10373,490,33,4944.59
3022,5,1,2024-11-12,638.58,8891,267,33,1083.94
3023,6,3,2024-11-12,1672.94,22272,1003,70,3118.21
3024,1,7,2024-11-13,851.93,10771,313,34,3225.19
3025,2,8,2024-11-13,2497.34,35833,1960,234,5534.2
3026,3,2,2024-11-13,1076.12,11947,285,38,3976.15
3027,5,1,2024-11-13,2248.21,26429,1429,259,6284.96
3028,6,4,2024-11-13,1883.17,17117,824,98,3493.4
3029,1,8,2024-11-14,248.36,2117,46,7,961.04
3030,2,5,2024-11-14,277.98,3487,204,33,639.45
3031,3,8,2024-11-14,1810.46,20017,1138,100,9836.51
3032,4,8,2024-11-14,2386.98,34150,1536,241,7484.9
3033,5,8,2024-11-14,1894.98,26705,1346,206,4737.39
3034,6,1,2024-11-14,1829.29,22816,898,171,3730.37
3035,1,4,2024-11-15,1065.6,15538,511,73,2402.79
3036,2,7,2024-11-15,2048.25,18009,777,46,5308.97
3037,3,3,2024-11-15,803.58,12021,549,70,4216.79
3038,5,6,2024-11-15,2487.14,32203,1853,205,5124.61
3039,6,1,2024-11-15,2091.32,30822,1486,223,3198.05
3040,1,3,2024-11-16,2439.31,30516,1716,160,10042.5
3041,2,7,2024-11-16,1143.63,10266,607,95,3946.07
3042,4,4,2024-11-16,555.13,7305,421,77,1687.35
3043,5,5,2024-11-16,389.75,5131,305,20,908.55
3044,6,8,2024-11-16,2388.36,28813,1697,250,4943.31
3045,1,4,2024-11-17,1222.48,17015,921,139,5058.92
3046,3,8,2024-11-17,923.5,10418,438,66,4997.67
3047,4,2,2024-11-17,982.56,12071,444,50,4315.07
3048,5,4,2024-11-17,1680.58,18573,925,55,3681.87
3049,6,6,2024-11-17,1652.65,19515,1132,56,3266.9
3050,1,3,2024-11-18,1923.87,25015,978,166,7371.03
3051,3,2,2024-11-18,1596.19,16382,945,69,6622.88
3052,4,4,2024-11-18,723.0,7000,386,66,2826.22
3053,5,7,2024-11-18,1511.86,12675,715,124,2789.35
3054,6,6,2024-11-18,949.44,10086,523,31,2067.99
3055,1,6,2024-11-19,2404.7,25487,1188,225,9339.23
3056,2,8,2024-11-19,838.28,12418,530,104,2059.46
3057,3,2,2024-11-19,1984.37,17878,767,101,10728.91
3058,4,6,2024-11-19,1265.45,15041,459,62,6125.56
3059,5,5,2024-11-19,2373.23,27630,1418,83,5179.35
3060,6,3,2024-11-19,2387.16,29780,1568,224,4382.37
3061,1,1,2024-11-20,903.86,7590,325,64,3205.38
3062,2,6,2024-11-20,1185.41,12276,318,37,2568.54
3063,3,6,2024-11-20,337.68,3317,129,12,1807.58
3064,4,4,2024-11-20,2120.19,21681,671,38,7820.57
3065,5,2,2024-11-20,1760.8,23607,1124,88,3299.41
3066,6,6,2024-11-20,2387.18,21862,1158,119,5209.19
3067,1,3,2024-11-21,276.33,3641,76,8,671.86
3068,2,7,2024-11-21,1407.41,14583,649,114,3073.6
3069,3,8,2024-11-21,2075.66,25945,1045,100,8344.62
3070,4,5,2024-11-21,1191.33,9900,299,55,3828.2
3071,5,7,2024-11-21,1733.9,14521,534,89,2707.91
3072,6,8,2024-11-21,2496.78,35680,1135,86,4353.18
3073,2,3,2024-11-22,1494.44,12074,681,72,3671.32
3074,3,6,2024-11-22,2338.79,26685,945,69,13559.37
3075,4,2,2024-11-22,849.02,10107,320,16,3742.63
3076,5,6,2024-11-22,971.97,9372,350,30,1887.74
3077,6,7,2024-11-22,1415.54,19077,933,88,3158.07
3078,1,1,2024-11-23,354.77,2948,122,10,906.14
3079,2,1,2024-11-23,2108.34,25138,581,53,4372.36
3080,3,3,2024-11-23,575.74,4614,121,12,2702.06
3081,4,6,2024-11-23,864.56,9893,498,82,2660.48
3082,6,8,2024-11-23,1530.4,22641,511,61,3071.1
3083,2,2,2024-11-24,1396.84,20450,677,127,3061.14
3084,4,5,2024-11-24,2010.77,18838,850,151,7345.42
3085,6,6,2024-11-24,418.95,3975,152,29,604.19
3086,1,2,2024-11-25,524.52,6387,336,51,1408.75
3087,2,7,2024-11-25,2332.8,33710,1647,225,8348.89
3088,3,3,2024-11-25,261.96,2974,101,14,921.65
3089,4,8,2024-11-25,2041.56,29631,1643,273,6476.95
3090,5,4,2024-11-25,2411.44,34625,1400,273,5495.71
3091,6,4,2024-11-25,884.26,7128,232,40,1478.45
3092,1,3,2024-11-26,1617.18,18810,882,136,6244.62
3093,2,8,2024-11-26,721.52,7538,366,31,1698.53
3094,3,8,2024-11-26,2126.9,17347,611,79,10607.9
3095,4,4,2024-11-26,1959.13,17816,1055,189,9354.76
3096,1,2,2024-11-27,819.65,10040,555,85,2595.33
3097,2,2,2024-11-27,1077.91,14198,287,42,2574.64
3098,3,4,2024-11-27,830.27,8274,375,74,3234.98
3099,4,5,2024-11-27,1793.59,23178,1071,209,6348.81
3100,5,1,2024-11-27,2025.98,20331,455,60,4612.77
3101,6,3,2024-11-27,649.84,5346,239,14,1413.06
3102,1,5,2024-11-28,1602.65,18229,912,58,3764.03
3103,2,6,2024-11-28,561.61,6677,294,30,1597.14
3104,3,3,2024-11-28,1477.45,20929,1110,68,7889.16
3105,4,2,2024-11-28,804.39,8526,375,72,3143.8
3106,6,7,2024-11-28,1213.27,15828,351,49,1822.8
3107,1,3,2024-11-29,1840.98,25284,1136,109,6794.69
3108,2,1,2024-11-29,942.51,10664,522,48,3135.37
3109,3,8,2024-11-29,1896.1,24991,626,80,8256.46
3110,4,5,2024-11-29,1779.66,14867,747,120,4744.15
3111,5,3,2024-11-29,2360.9,19636,1008,193,4284.31
3112,6,8,2024-11-29,1087.42,15581,691,93,1789.17
3113,4,2,2024-11-30,1187.3,14447,294,26,3475.74
3114,5,2,2024-11-30,440.65,6398,344,57,1164.94
3115,6,4,2024-11-30,1327.81,13409,287,42,1765.15
3116,1,7,2024-12-01,726.57,8431,210,19,2609.97
3117,2,5,2024-12-01,2450.68,35344,1632,210,8142.87
3118,5,4,2024-12-01,1055.94,14644,339,51,2671.48
3119,6,5,2024-12-01,1563.21,12546,296,56,2810.33
3120,2,6,2024-12-02,1371.33,14150,300,46,4642.01
3121,3,8,2024-12-02,1006.74,13690,774,153,3220.36
3122,4,5,2024-12-02,901.99,8865,384,66,2756.74
3123,5,4,2024-12-02,1578.95,14938,718,130,3827.08
3124,6,3,2024-12-02,585.1,6097,251,39,1232.85
3125,1,5,2024-12-03,310.74,3542,85,15,844.13
3126,2,2,2024-12-03,562.66,6786,333,46,1148.73
3127,3,2,2024-12-03,588.92,5587,181,29,2972.21
3128,4,8,2024-12-03,993.69,8113,360,29,3041.11
3129,5,1,2024-12-03,2109.05,23845,769,75,5592.68
3130,6,7,2024-12-03,1123.42,10530,356,54,1477.27
3131,1,1,2024-12-04,1496.9,18843,1002,184,4791.11
3132,2,1,2024-12-04,2355.6,26509,1140,218,5735.89
3133,3,2,2024-12-04,546.91,6563,133,16,2998.82
3134,4,1,2024-12-04,1076.31,13460,639,58,3404.87
3135,5,4,2024-12-04,1137.57,9805,223,23,1897.08
3136,6,6,2024-12-04,1215.6,16698,392,61,1902.31
3137,1,5,2024-12-05,684.55,8600,202,12,1821.7
3138,2,2,2024-12-05,758.06,8839,284,30,1860.1
3139,3,1,2024-12-05,696.54,7959,436,52,3129.18
3140,4,6,2024-12-05,1846.11,15691,903,108,5516.17
3141,5,3,2024-12-05,771.93,6967,253,37,1498.24
3142,6,5,2024-12-05,1107.94,10765,313,52,2533.41
3143,2,6,2024-12-06,2325.15,26979,872,71,5813.99
3144,3,7,2024-12-06,990.24,10516,596,44,4194.45
3145,4,1,2024-12-06,1000.0,10556,601,85,3085.06
3146,5,6,2024-12-06,239.59,3547,212,31,680.58
3147,6,3,2024-12-06,1426.52,12040,527,82,3226.27
3148,1,4,2024-12-07,2413.97,33633,698,95,6236.79
3149,2,1,2024-12-07,237.05,3480,121,15,689.54
3150,3,7,2024-12-07,1945.49,27005,1301,137,8414.71
3151,5,3,2024-12-07,1813.8,21854,981,96,3037.99
3152,6,7,2024-12-07,699.05,5763,176,30,1138.03
3153,3,4,2024-12-08,889.56,7910,466,36,4670.66
3154,4,6,2024-12-08,2114.4,24581,1063,99,6467.83
3155,5,6,2024-12-08,2431.24,25625,1499,145,6178.17
3156,6,6,2024-12-08,878.73,7889,464,76,1244.35
3157,2,5,2024-12-09,702.47,9690,365,61,1997.8
3158,3,5,2024-12-09,1241.56,12625,636,105,5034.99
3159,4,3,2024-12-09,1071.13,15980,592,84,3454.64
3160,1,7,2024-12-10,2098.51,23918,517,51,8133.65
3161,3,3,2024-12-10,1995.12,16680,947,149,7610.73
3162,4,7,2024-12-10,623.92,6556,347,68,1678.13
3163,5,6,2024-12-10,1656.46,21627,947,175,2602.1
3164,6,1,2024-12-10,2476.2,34776,1638,133,5366.08
3165,1,5,2024-12-11,1421.32,13847,725,69,4767.91
3166,2,4,2024-12-11,901.52,10126,264,28,2518.4
3167,3,3,2024-12-11,1130.01,15921,706,128,4559.88
3168,4,5,2024-12-11,1967.4,18072,733,98,8425.79
3169,6,1,2024-12-11,1843.87,17164,375,70,4275.19
3170,1,6,2024-12-12,1522.32,21152,1109,151,6010.11
3171,4,5,2024-12-12,1873.66,25245,875,91,7119.54
3172,5,3,2024-12-12,657.27,6420,316,38,1326.02
3173,1,8,2024-12-13,413.99,5485,323,48,1396.95
3174,3,3,2024-12-13,1384.41,20305,508,75,6086.83
3175,4,8,2024-12-13,968.18,8252,400,40,4417.34
3176,5,5,2024-12-13,2293.52,31350,1804,132,6158.42
3177,6,6,2024-12-13,1133.25,15439,883,151,2493.7
3178,1,2,2024-12-14,2132.03,28230,975,75,5850.2
3179,4,3,2024-12-14,1324.87,11751,631,56,4021.43
3180,5,2,2024-12-14,1484.46,21659,509,83,3457.93
3181,1,2,2024-12-15,396.36,3518,149,23,1077.84
3182,2,8,2024-12-15,1012.44,14412,571,57,2260.53
3183,3,8,2024-12-15,2080.87,18441,621,110,11699.51
3184,6,7,2024-12-15,2244.3,18812,417,73,4692.7
3185,1,5,2024-12-16,1578.54,14995,889,129,4866.28
3186,2,6,2024-12-16,462.44,6039,126,22,1131.21
3187,4,4,2024-12-16,427.31,5377,133,17,1946.97
3188,5,1,2024-12-16,957.06,14139,525,67,1665.69
3189,6,8,2024-12-16,2213.11,25597,1470,126,4966.46
3190,2,5,2024-12-17,1061.82,13699,764,62,2899.04
3191,3,3,2024-12-17,1166.25,9572,235,46,4930.59
3192,4,8,2024-12-17,1801.1,21511,1254,116,5591.23
3193,6,2,2024-12-17,2216.46,20045,720,126,2957.92
3194,1,4,2024-12-18,2281.28,18283,870,57,7596.09
3195,2,1,2024-12-18,628.26,8435,492,81,1800.06
3196,4,1,2024-12-18,1696.3,18824,719,72,7791.84
3197,6,6,2024-12-18,1549.6,16839,619,89,2098.01
3198,1,5,2024-12-19,1059.01,10936,627,122,2856.39
3199,2,8,2024-12-19,1860.47,19598,720,137,5732.92
3200,3,4,2024-12-19,2283.77,25090,852,80,7411.43
3201,4,3,2024-12-19,1498.17,14104,357,47,6878.59
3202,5,6,2024-12-19,213.12,2746,133,25,380.01
3203,6,1,2024-12-19,957.08,10225,287,15,1933.99
3204,1,4,2024-12-20,537.86,5803,126,11,1247.16
3205,3,1,2024-12-20,299.62,2932,154,11,1420.17
3206,5,7,2024-12-20,378.95,3870,125,19,878.37
3207,6,8,2024-12-20,1241.29,16197,521,50,1870.51
3208,1,8,2024-12-21,897.31,10587,431,85,2988.48
3209,2,6,2024-12-21,1961.65,21914,843,120,7011.98
3210,4,4,2024-12-21,1303.82,19225,609,50,4563.11
3211,1,4,2024-12-22,2184.18,20984,863,107,6387.05
3212,5,5,2024-12-22,2425.33,20118,1170,221,4318.81
3213,6,2,2024-12-22,1886.7,17461,1025,116,3299.7
3214,1,1,2024-12-23,1917.04,26934,1596,137,6664.99
3215,2,5,2024-12-23,1064.92,13109,757,150,2741.04
3216,3,8,2024-12-23,2297.53,20426,454,83,8124.05
3217,4,8,2024-12-23,828.15,6754,304,46,4073.35
3218,1,8,2024-12-24,812.61,10080,544,105,3150.0
3219,2,4,2024-12-24,945.3,12584,637,96,2712.03
3220,3,3,2024-12-24,836.13,11418,623,47,3655.06
3221,4,6,2024-12-24,1144.81,12817,346,17,3887.77
3222,5,4,2024-12-24,1832.66,18145,932,92,3024.81
3223,6,2,2024-12-24,2102.27,26505,925,91,4345.81
3224,2,6,2024-12-25,206.3,1786,53,5,598.06
3225,3,7,2024-12-25,750.87,11180,567,46,3408.5
3226,4,2,2024-12-25,450.83,4950,124,18,1711.13
3227,5,2,2024-12-25,1019.19,14269,702,119,2890.46
3228,6,2,2024-12-25,1717.28,23941,1399,184,3395.24
3229,2,4,2024-12-26,651.43,7014,384,54,1481.05
3230,3,5,2024-12-26,2440.83,33984,1060,173,12603.37
3231,4,6,2024-12-26,1715.19,14847,676,38,7154.56
3232,5,4,2024-12-26,2373.74,27725,652,125,5342.18
3233,1,5,2024-12-27,1509.72,20360,495,94,4402.08
3234,2,6,2024-12-27,1680.85,13508,791,52,5840.02
3235,4,2,2024-12-27,1186.24,13832,826,59,5830.92
3236,5,1,2024-12-27,795.79,9050,411,57,2242.0
3237,6,3,2024-12-27,1677.63,18383,815,111,2118.0
3238,2,5,2024-12-28,2429.87,26468,980,126,5893.46
3239,3,5,2024-12-28,231.38,3019,115,7,1051.09
3240,5,5,2024-12-28,2406.77,20083,825,144,6411.23
3241,6,4,2024-12-28,2268.43,21279,934,66,3759.97
3242,4,1,2024-12-29,692.59,8445,207,19,2243.19
3243,1,4,2024-12-30,604.45,7440,415,28,2084.52
3244,2,1,2024-12-30,1937.72,17947,432,31,6996.5
3245,3,2,2024-12-30,1038.59,15273,376,67,4129.22
3246,4,6,2024-12-30,846.24,6888,270,42,2992.45
3247,5,8,2024-12-30,1855.99,22190,1006,141,4765.74
3248,6,6,2024-12-30,591.21,6897,241,32,789.88
3249,3,2,2024-12-31,1433.52,20350,878,173,5626.7
3250,4,2,2024-12-31,1811.03,26146,523,84,7105.24
3251,5,8,2024-12-31,1564.57,19958,1130,151,4401.76
3252,6,5,2024-12-31,429.14,5920,247,24,592.61
