RowID,ProductID,WarehouseID,ConsDate,Scenario,ConsumptionQty,StockoutDays
1,1,1,2023-01-01,Actual,190.4,1
2,1,1,2023-01-01,Forecast,195.8,0
3,2,1,2023-01-01,Actual,299.0,4
4,2,1,2023-01-01,Forecast,315.6,0
5,3,1,2023-01-01,Actual,285.6,2
6,3,1,2023-01-01,Forecast,251.8,0
7,4,1,2023-01-01,Actual,252.8,2
8,4,1,2023-01-01,Forecast,298.4,0
9,5,1,2023-01-01,Actual,215.4,3
10,5,1,2023-01-01,Forecast,190.0,0
11,6,1,2023-01-01,Actual,335.0,3
12,6,1,2023-01-01,Forecast,383.4,0
13,7,1,2023-01-01,Actual,324.8,1
14,7,1,2023-01-01,Forecast,321.4,0
15,8,1,2023-01-01,Actual,75.1,3
16,8,1,2023-01-01,Forecast,90.5,0
17,9,1,2023-01-01,Actual,255.2,5
18,9,1,2023-01-01,Forecast,232.7,0
19,10,1,2023-01-01,Actual,177.8,0
20,10,1,2023-01-01,Forecast,210.8,0
21,11,1,2023-01-01,Actual,342.9,5
22,11,1,2023-01-01,Forecast,365.6,0
23,12,1,2023-01-01,Actual,250.8,2
24,12,1,2023-01-01,Forecast,263.5,0
25,13,1,2023-01-01,Actual,299.3,0
26,13,1,2023-01-01,Forecast,337.2,0
27,14,1,2023-01-01,Actual,152.6,3
28,14,1,2023-01-01,Forecast,173.0,0
29,15,1,2023-01-01,Actual,156.7,1
30,15,1,2023-01-01,Forecast,131.4,0
31,16,1,2023-01-01,Actual,157.7,2
32,16,1,2023-01-01,Forecast,171.0,0
33,17,1,2023-01-01,Actual,340.7,5
34,17,1,2023-01-01,Forecast,280.1,0
35,18,1,2023-01-01,Actual,292.1,2
36,18,1,2023-01-01,Forecast,277.8,0
37,19,1,2023-01-01,Actual,99.0,1
38,19,1,2023-01-01,Forecast,103.6,0
39,20,1,2023-01-01,Actual,115.5,4
40,20,1,2023-01-01,Forecast,128.1,0
41,21,1,2023-01-01,Actual,370.2,4
42,21,1,2023-01-01,Forecast,309.7,0
43,22,1,2023-01-01,Actual,121.6,3
44,22,1,2023-01-01,Forecast,133.6,0
45,23,1,2023-01-01,Actual,87.2,4
46,23,1,2023-01-01,Forecast,93.3,0
47,24,1,2023-01-01,Actual,202.5,0
48,24,1,2023-01-01,Forecast,202.4,0
49,25,1,2023-01-01,Actual,407.3,2
50,25,1,2023-01-01,Forecast,377.5,0
51,26,1,2023-01-01,Actual,209.5,3
52,26,1,2023-01-01,Forecast,228.9,0
53,27,1,2023-01-01,Actual,199.6,1
54,27,1,2023-01-01,Forecast,187.3,0
55,28,1,2023-01-01,Actual,356.7,1
56,28,1,2023-01-01,Forecast,322.0,0
57,29,1,2023-01-01,Actual,280.1,5
58,29,1,2023-01-01,Forecast,316.5,0
59,30,1,2023-01-01,Actual,162.1,5
60,30,1,2023-01-01,Forecast,175.2,0
61,31,1,2023-01-01,Actual,335.5,1
62,31,1,2023-01-01,Forecast,360.8,0
63,32,1,2023-01-01,Actual,352.3,3
64,32,1,2023-01-01,Forecast,373.6,0
65,33,1,2023-01-01,Actual,179.4,5
66,33,1,2023-01-01,Forecast,173.9,0
67,34,1,2023-01-01,Actual,288.1,5
68,34,1,2023-01-01,Forecast,286.3,0
69,35,1,2023-01-01,Actual,200.1,5
70,35,1,2023-01-01,Forecast,197.9,0
71,36,1,2023-01-01,Actual,148.9,3
72,36,1,2023-01-01,Forecast,132.5,0
73,37,1,2023-01-01,Actual,311.5,1
74,37,1,2023-01-01,Forecast,311.6,0
75,38,1,2023-01-01,Actual,338.9,0
76,38,1,2023-01-01,Forecast,348.2,0
77,39,1,2023-01-01,Actual,212.7,4
78,39,1,2023-01-01,Forecast,240.7,0
79,40,1,2023-01-01,Actual,287.4,2
80,40,1,2023-01-01,Forecast,337.4,0
81,1,2,2023-01-01,Actual,156.6,2
82,1,2,2023-01-01,Forecast,152.7,0
83,2,2,2023-01-01,Actual,258.9,4
84,2,2,2023-01-01,Forecast,256.5,0
85,3,2,2023-01-01,Actual,296.7,0
86,3,2,2023-01-01,Forecast,294.8,0
87,4,2,2023-01-01,Actual,182.7,2
88,4,2,2023-01-01,Forecast,194.9,0
89,5,2,2023-01-01,Actual,201.6,3
90,5,2,2023-01-01,Forecast,215.9,0
91,6,2,2023-01-01,Actual,187.9,4
92,6,2,2023-01-01,Forecast,191.6,0
93,7,2,2023-01-01,Actual,187.1,0
94,7,2,2023-01-01,Forecast,205.9,0
95,8,2,2023-01-01,Actual,119.9,4
96,8,2,2023-01-01,Forecast,130.3,0
97,9,2,2023-01-01,Actual,243.0,1
98,9,2,2023-01-01,Forecast,200.1,0
99,10,2,2023-01-01,Actual,171.2,2
100,10,2,2023-01-01,Forecast,180.6,0
101,11,2,2023-01-01,Actual,389.7,5
102,11,2,2023-01-01,Forecast,343.1,0
103,12,2,2023-01-01,Actual,362.0,0
104,12,2,2023-01-01,Forecast,340.5,0
105,13,2,2023-01-01,Actual,154.8,1
106,13,2,2023-01-01,Forecast,141.5,0
107,14,2,2023-01-01,Actual,226.4,3
108,14,2,2023-01-01,Forecast,249.3,0
109,15,2,2023-01-01,Actual,260.6,2
110,15,2,2023-01-01,Forecast,254.7,0
111,16,2,2023-01-01,Actual,136.6,0
112,16,2,2023-01-01,Forecast,121.1,0
113,17,2,2023-01-01,Actual,174.2,0
114,17,2,2023-01-01,Forecast,199.3,0
115,18,2,2023-01-01,Actual,233.4,4
116,18,2,2023-01-01,Forecast,216.9,0
117,19,2,2023-01-01,Actual,105.9,2
118,19,2,2023-01-01,Forecast,112.2,0
119,20,2,2023-01-01,Actual,235.6,4
120,20,2,2023-01-01,Forecast,262.2,0
121,21,2,2023-01-01,Actual,316.1,4
122,21,2,2023-01-01,Forecast,264.7,0
123,22,2,2023-01-01,Actual,342.3,0
124,22,2,2023-01-01,Forecast,290.1,0
125,23,2,2023-01-01,Actual,337.1,5
126,23,2,2023-01-01,Forecast,301.4,0
127,24,2,2023-01-01,Actual,320.1,3
128,24,2,2023-01-01,Forecast,325.5,0
129,25,2,2023-01-01,Actual,163.5,3
130,25,2,2023-01-01,Forecast,182.9,0
131,26,2,2023-01-01,Actual,126.7,2
132,26,2,2023-01-01,Forecast,129.3,0
133,27,2,2023-01-01,Actual,416.3,2
134,27,2,2023-01-01,Forecast,351.4,0
135,28,2,2023-01-01,Actual,262.2,1
136,28,2,2023-01-01,Forecast,315.9,0
137,29,2,2023-01-01,Actual,241.5,0
138,29,2,2023-01-01,Forecast,238.6,0
139,30,2,2023-01-01,Actual,380.0,4
140,30,2,2023-01-01,Forecast,364.7,0
141,31,2,2023-01-01,Actual,188.2,2
142,31,2,2023-01-01,Forecast,181.3,0
143,32,2,2023-01-01,Actual,158.2,5
144,32,2,2023-01-01,Forecast,191.8,0
145,33,2,2023-01-01,Actual,318.3,2
146,33,2,2023-01-01,Forecast,313.6,0
147,34,2,2023-01-01,Actual,98.6,1
148,34,2,2023-01-01,Forecast,105.3,0
149,35,2,2023-01-01,Actual,177.3,0
150,35,2,2023-01-01,Forecast,199.4,0
151,36,2,2023-01-01,Actual,351.7,4
152,36,2,2023-01-01,Forecast,343.7,0
153,37,2,2023-01-01,Actual,95.3,2
154,37,2,2023-01-01,Forecast,82.3,0
155,38,2,2023-01-01,Actual,273.3,3
156,38,2,2023-01-01,Forecast,230.6,0
157,39,2,2023-01-01,Actual,363.0,0
158,39,2,2023-01-01,Forecast,409.1,0
159,40,2,2023-01-01,Actual,256.4,0
160,40,2,2023-01-01,Forecast,264.9,0
161,1,3,2023-01-01,Actual,162.0,1
162,1,3,2023-01-01,Forecast,135.4,0
163,2,3,2023-01-01,Actual,367.4,2
164,2,3,2023-01-01,Forecast,402.9,0
165,3,3,2023-01-01,Actual,84.5,5
166,3,3,2023-01-01,Forecast,81.1,0
167,4,3,2023-01-01,Actual,342.4,2
168,4,3,2023-01-01,Forecast,399.5,0
169,5,3,2023-01-01,Actual,137.6,3
170,5,3,2023-01-01,Forecast,112.3,0
171,6,3,2023-01-01,Actual,157.8,5
172,6,3,2023-01-01,Forecast,145.4,0
173,7,3,2023-01-01,Actual,200.0,0
174,7,3,2023-01-01,Forecast,232.8,0
175,8,3,2023-01-01,Actual,292.3,1
176,8,3,2023-01-01,Forecast,337.8,0
177,9,3,2023-01-01,Actual,303.4,5
178,9,3,2023-01-01,Forecast,288.7,0
179,10,3,2023-01-01,Actual,233.6,4
180,10,3,2023-01-01,Forecast,255.1,0
181,11,3,2023-01-01,Actual,216.3,1
182,11,3,2023-01-01,Forecast,196.4,0
183,12,3,2023-01-01,Actual,309.3,4
184,12,3,2023-01-01,Forecast,305.2,0
185,13,3,2023-01-01,Actual,77.1,1
186,13,3,2023-01-01,Forecast,81.6,0
187,14,3,2023-01-01,Actual,90.0,5
188,14,3,2023-01-01,Forecast,91.5,0
189,15,3,2023-01-01,Actual,165.3,4
190,15,3,2023-01-01,Forecast,155.0,0
191,16,3,2023-01-01,Actual,111.1,1
192,16,3,2023-01-01,Forecast,108.2,0
193,17,3,2023-01-01,Actual,161.0,0
194,17,3,2023-01-01,Forecast,177.8,0
195,18,3,2023-01-01,Actual,159.1,2
196,18,3,2023-01-01,Forecast,164.4,0
197,19,3,2023-01-01,Actual,184.2,3
198,19,3,2023-01-01,Forecast,190.0,0
199,20,3,2023-01-01,Actual,282.2,1
200,20,3,2023-01-01,Forecast,308.2,0
201,21,3,2023-01-01,Actual,300.4,0
202,21,3,2023-01-01,Forecast,254.7,0
203,22,3,2023-01-01,Actual,114.2,5
204,22,3,2023-01-01,Forecast,120.9,0
205,23,3,2023-01-01,Actual,193.8,4
206,23,3,2023-01-01,Forecast,213.2,0
207,24,3,2023-01-01,Actual,343.1,4
208,24,3,2023-01-01,Forecast,385.0,0
209,25,3,2023-01-01,Actual,154.6,1
210,25,3,2023-01-01,Forecast,181.9,0
211,26,3,2023-01-01,Actual,162.4,3
212,26,3,2023-01-01,Forecast,198.2,0
213,27,3,2023-01-01,Actual,155.1,0
214,27,3,2023-01-01,Forecast,156.0,0
215,28,3,2023-01-01,Actual,277.7,4
216,28,3,2023-01-01,Forecast,310.6,0
217,29,3,2023-01-01,Actual,183.9,4
218,29,3,2023-01-01,Forecast,184.0,0
219,30,3,2023-01-01,Actual,244.1,5
220,30,3,2023-01-01,Forecast,208.5,0
221,31,3,2023-01-01,Actual,276.4,0
222,31,3,2023-01-01,Forecast,293.9,0
223,32,3,2023-01-01,Actual,185.9,5
224,32,3,2023-01-01,Forecast,156.9,0
225,33,3,2023-01-01,Actual,224.5,0
226,33,3,2023-01-01,Forecast,247.6,0
227,34,3,2023-01-01,Actual,88.0,5
228,34,3,2023-01-01,Forecast,88.7,0
229,35,3,2023-01-01,Actual,157.8,3
230,35,3,2023-01-01,Forecast,146.0,0
231,36,3,2023-01-01,Actual,94.0,4
232,36,3,2023-01-01,Forecast,81.4,0
233,37,3,2023-01-01,Actual,339.7,5
234,37,3,2023-01-01,Forecast,392.3,0
235,38,3,2023-01-01,Actual,189.2,4
236,38,3,2023-01-01,Forecast,182.8,0
237,39,3,2023-01-01,Actual,424.1,5
238,39,3,2023-01-01,Forecast,367.9,0
239,40,3,2023-01-01,Actual,309.6,1
240,40,3,2023-01-01,Forecast,294.7,0
241,1,4,2023-01-01,Actual,229.8,0
242,1,4,2023-01-01,Forecast,272.6,0
243,2,4,2023-01-01,Actual,148.8,4
244,2,4,2023-01-01,Forecast,176.1,0
245,3,4,2023-01-01,Actual,155.0,3
246,3,4,2023-01-01,Forecast,172.7,0
247,4,4,2023-01-01,Actual,171.9,1
248,4,4,2023-01-01,Forecast,157.7,0
249,5,4,2023-01-01,Actual,223.3,2
250,5,4,2023-01-01,Forecast,229.3,0
251,6,4,2023-01-01,Actual,121.1,3
252,6,4,2023-01-01,Forecast,118.2,0
253,7,4,2023-01-01,Actual,284.8,3
254,7,4,2023-01-01,Forecast,252.6,0
255,8,4,2023-01-01,Actual,337.3,4
256,8,4,2023-01-01,Forecast,319.3,0
257,9,4,2023-01-01,Actual,226.2,0
258,9,4,2023-01-01,Forecast,187.5,0
259,10,4,2023-01-01,Actual,198.2,5
260,10,4,2023-01-01,Forecast,212.7,0
261,11,4,2023-01-01,Actual,308.7,4
262,11,4,2023-01-01,Forecast,303.2,0
263,12,4,2023-01-01,Actual,276.5,3
264,12,4,2023-01-01,Forecast,310.0,0
265,13,4,2023-01-01,Actual,95.8,5
266,13,4,2023-01-01,Forecast,98.2,0
267,14,4,2023-01-01,Actual,166.6,3
268,14,4,2023-01-01,Forecast,159.3,0
269,15,4,2023-01-01,Actual,162.1,2
270,15,4,2023-01-01,Forecast,155.2,0
271,16,4,2023-01-01,Actual,88.8,5
272,16,4,2023-01-01,Forecast,101.5,0
273,17,4,2023-01-01,Actual,411.7,3
274,17,4,2023-01-01,Forecast,395.6,0
275,18,4,2023-01-01,Actual,291.5,3
276,18,4,2023-01-01,Forecast,298.8,0
277,19,4,2023-01-01,Actual,276.1,3
278,19,4,2023-01-01,Forecast,276.2,0
279,20,4,2023-01-01,Actual,89.3,0
280,20,4,2023-01-01,Forecast,83.9,0
281,21,4,2023-01-01,Actual,95.6,3
282,21,4,2023-01-01,Forecast,103.3,0
283,22,4,2023-01-01,Actual,312.9,5
284,22,4,2023-01-01,Forecast,335.0,0
285,23,4,2023-01-01,Actual,320.8,4
286,23,4,2023-01-01,Forecast,288.1,0
287,24,4,2023-01-01,Actual,172.7,1
288,24,4,2023-01-01,Forecast,176.8,0
289,25,4,2023-01-01,Actual,106.0,3
290,25,4,2023-01-01,Forecast,117.6,0
291,26,4,2023-01-01,Actual,207.7,1
292,26,4,2023-01-01,Forecast,216.1,0
293,27,4,2023-01-01,Actual,428.0,0
294,27,4,2023-01-01,Forecast,362.8,0
295,28,4,2023-01-01,Actual,335.4,1
296,28,4,2023-01-01,Forecast,290.0,0
297,29,4,2023-01-01,Actual,138.2,1
298,29,4,2023-01-01,Forecast,160.9,0
299,30,4,2023-01-01,Actual,368.2,4
300,30,4,2023-01-01,Forecast,350.5,0
301,31,4,2023-01-01,Actual,350.3,3
302,31,4,2023-01-01,Forecast,431.2,0
303,32,4,2023-01-01,Actual,369.2,3
304,32,4,2023-01-01,Forecast,328.8,0
305,33,4,2023-01-01,Actual,122.2,1
306,33,4,2023-01-01,Forecast,126.9,0
307,34,4,2023-01-01,Actual,211.3,2
308,34,4,2023-01-01,Forecast,233.7,0
309,35,4,2023-01-01,Actual,336.9,2
310,35,4,2023-01-01,Forecast,377.9,0
311,36,4,2023-01-01,Actual,191.3,0
312,36,4,2023-01-01,Forecast,193.7,0
313,37,4,2023-01-01,Actual,295.8,5
314,37,4,2023-01-01,Forecast,329.7,0
315,38,4,2023-01-01,Actual,438.7,4
316,38,4,2023-01-01,Forecast,377.6,0
317,39,4,2023-01-01,Actual,341.4,4
318,39,4,2023-01-01,Forecast,418.5,0
319,40,4,2023-01-01,Actual,372.7,4
320,40,4,2023-01-01,Forecast,389.1,0
321,1,1,2023-02-01,Actual,254.6,0
322,1,1,2023-02-01,Forecast,225.4,0
323,2,1,2023-02-01,Actual,172.4,5
324,2,1,2023-02-01,Forecast,148.4,0
325,3,1,2023-02-01,Actual,439.3,1
326,3,1,2023-02-01,Forecast,394.4,0
327,4,1,2023-02-01,Actual,297.1,0
328,4,1,2023-02-01,Forecast,287.0,0
329,5,1,2023-02-01,Actual,84.3,2
330,5,1,2023-02-01,Forecast,93.2,0
331,6,1,2023-02-01,Actual,214.3,1
332,6,1,2023-02-01,Forecast,209.4,0
333,7,1,2023-02-01,Actual,214.0,0
334,7,1,2023-02-01,Forecast,198.9,0
335,8,1,2023-02-01,Actual,203.5,1
336,8,1,2023-02-01,Forecast,186.8,0
337,9,1,2023-02-01,Actual,224.0,1
338,9,1,2023-02-01,Forecast,199.0,0
339,10,1,2023-02-01,Actual,337.5,5
340,10,1,2023-02-01,Forecast,343.0,0
341,11,1,2023-02-01,Actual,363.8,1
342,11,1,2023-02-01,Forecast,347.9,0
343,12,1,2023-02-01,Actual,416.0,5
344,12,1,2023-02-01,Forecast,371.1,0
345,13,1,2023-02-01,Actual,383.6,3
346,13,1,2023-02-01,Forecast,325.9,0
347,14,1,2023-02-01,Actual,140.1,2
348,14,1,2023-02-01,Forecast,147.9,0
349,15,1,2023-02-01,Actual,349.3,0
350,15,1,2023-02-01,Forecast,338.7,0
351,16,1,2023-02-01,Actual,213.1,3
352,16,1,2023-02-01,Forecast,243.9,0
353,17,1,2023-02-01,Actual,283.7,4
354,17,1,2023-02-01,Forecast,318.3,0
355,18,1,2023-02-01,Actual,92.5,0
356,18,1,2023-02-01,Forecast,98.6,0
357,19,1,2023-02-01,Actual,352.9,4
358,19,1,2023-02-01,Forecast,356.7,0
359,20,1,2023-02-01,Actual,427.7,1
360,20,1,2023-02-01,Forecast,397.8,0
361,21,1,2023-02-01,Actual,129.5,3
362,21,1,2023-02-01,Forecast,140.7,0
363,22,1,2023-02-01,Actual,182.5,1
364,22,1,2023-02-01,Forecast,148.2,0
365,23,1,2023-02-01,Actual,239.1,1
366,23,1,2023-02-01,Forecast,203.7,0
367,24,1,2023-02-01,Actual,273.2,1
368,24,1,2023-02-01,Forecast,310.1,0
369,25,1,2023-02-01,Actual,385.0,5
370,25,1,2023-02-01,Forecast,392.7,0
371,26,1,2023-02-01,Actual,331.4,5
372,26,1,2023-02-01,Forecast,284.7,0
373,27,1,2023-02-01,Actual,204.4,3
374,27,1,2023-02-01,Forecast,239.2,0
375,28,1,2023-02-01,Actual,128.5,0
376,28,1,2023-02-01,Forecast,130.7,0
377,29,1,2023-02-01,Actual,230.8,4
378,29,1,2023-02-01,Forecast,219.8,0
379,30,1,2023-02-01,Actual,242.7,3
380,30,1,2023-02-01,Forecast,237.6,0
381,31,1,2023-02-01,Actual,327.7,5
382,31,1,2023-02-01,Forecast,359.9,0
383,32,1,2023-02-01,Actual,199.8,2
384,32,1,2023-02-01,Forecast,225.0,0
385,33,1,2023-02-01,Actual,344.1,1
386,33,1,2023-02-01,Forecast,332.3,0
387,34,1,2023-02-01,Actual,320.0,2
388,34,1,2023-02-01,Forecast,390.5,0
389,35,1,2023-02-01,Actual,272.5,0
390,35,1,2023-02-01,Forecast,271.7,0
391,36,1,2023-02-01,Actual,243.3,4
392,36,1,2023-02-01,Forecast,292.8,0
393,37,1,2023-02-01,Actual,153.8,5
394,37,1,2023-02-01,Forecast,176.6,0
395,38,1,2023-02-01,Actual,280.4,3
396,38,1,2023-02-01,Forecast,307.2,0
397,39,1,2023-02-01,Actual,146.9,2
398,39,1,2023-02-01,Forecast,131.7,0
399,40,1,2023-02-01,Actual,255.3,5
400,40,1,2023-02-01,Forecast,225.3,0
401,1,2,2023-02-01,Actual,135.2,1
402,1,2,2023-02-01,Forecast,156.5,0
403,2,2,2023-02-01,Actual,422.9,1
404,2,2,2023-02-01,Forecast,419.2,0
405,3,2,2023-02-01,Actual,404.7,4
406,3,2,2023-02-01,Forecast,344.3,0
407,4,2,2023-02-01,Actual,179.4,2
408,4,2,2023-02-01,Forecast,205.0,0
409,5,2,2023-02-01,Actual,184.2,0
410,5,2,2023-02-01,Forecast,181.7,0
411,6,2,2023-02-01,Actual,90.1,0
412,6,2,2023-02-01,Forecast,81.9,0
413,7,2,2023-02-01,Actual,430.4,5
414,7,2,2023-02-01,Forecast,395.1,0
415,8,2,2023-02-01,Actual,339.3,2
416,8,2,2023-02-01,Forecast,270.9,0
417,9,2,2023-02-01,Actual,187.4,1
418,9,2,2023-02-01,Forecast,187.8,0
419,10,2,2023-02-01,Actual,360.9,2
420,10,2,2023-02-01,Forecast,344.8,0
421,11,2,2023-02-01,Actual,250.9,5
422,11,2,2023-02-01,Forecast,262.5,0
423,12,2,2023-02-01,Actual,221.1,4
424,12,2,2023-02-01,Forecast,251.4,0
425,13,2,2023-02-01,Actual,263.2,1
426,13,2,2023-02-01,Forecast,291.2,0
427,14,2,2023-02-01,Actual,139.2,3
428,14,2,2023-02-01,Forecast,160.9,0
429,15,2,2023-02-01,Actual,326.5,0
430,15,2,2023-02-01,Forecast,360.0,0
431,16,2,2023-02-01,Actual,171.6,4
432,16,2,2023-02-01,Forecast,180.4,0
433,17,2,2023-02-01,Actual,152.8,5
434,17,2,2023-02-01,Forecast,139.4,0
435,18,2,2023-02-01,Actual,75.8,5
436,18,2,2023-02-01,Forecast,79.2,0
437,19,2,2023-02-01,Actual,199.8,2
438,19,2,2023-02-01,Forecast,220.4,0
439,20,2,2023-02-01,Actual,153.8,1
440,20,2,2023-02-01,Forecast,154.3,0
441,21,2,2023-02-01,Actual,192.8,4
442,21,2,2023-02-01,Forecast,222.4,0
443,22,2,2023-02-01,Actual,141.9,1
444,22,2,2023-02-01,Forecast,141.4,0
445,23,2,2023-02-01,Actual,181.1,5
446,23,2,2023-02-01,Forecast,207.7,0
447,24,2,2023-02-01,Actual,300.4,3
448,24,2,2023-02-01,Forecast,323.8,0
449,25,2,2023-02-01,Actual,193.5,2
450,25,2,2023-02-01,Forecast,182.7,0
451,26,2,2023-02-01,Actual,164.1,4
452,26,2,2023-02-01,Forecast,153.1,0
453,27,2,2023-02-01,Actual,410.8,1
454,27,2,2023-02-01,Forecast,380.4,0
455,28,2,2023-02-01,Actual,274.0,5
456,28,2,2023-02-01,Forecast,240.5,0
457,29,2,2023-02-01,Actual,184.5,0
458,29,2,2023-02-01,Forecast,150.8,0
459,30,2,2023-02-01,Actual,74.5,0
460,30,2,2023-02-01,Forecast,77.8,0
461,31,2,2023-02-01,Actual,350.7,4
462,31,2,2023-02-01,Forecast,330.0,0
463,32,2,2023-02-01,Actual,297.2,0
464,32,2,2023-02-01,Forecast,321.8,0
465,33,2,2023-02-01,Actual,125.0,5
466,33,2,2023-02-01,Forecast,136.5,0
467,34,2,2023-02-01,Actual,204.4,1
468,34,2,2023-02-01,Forecast,199.6,0
469,35,2,2023-02-01,Actual,85.7,3
470,35,2,2023-02-01,Forecast,88.1,0
471,36,2,2023-02-01,Actual,189.4,0
472,36,2,2023-02-01,Forecast,185.2,0
473,37,2,2023-02-01,Actual,346.3,0
474,37,2,2023-02-01,Forecast,334.7,0
475,38,2,2023-02-01,Actual,207.0,1
476,38,2,2023-02-01,Forecast,245.6,0
477,39,2,2023-02-01,Actual,131.8,5
478,39,2,2023-02-01,Forecast,123.4,0
479,40,2,2023-02-01,Actual,309.3,4
480,40,2,2023-02-01,Forecast,335.6,0
481,1,3,2023-02-01,Actual,329.2,2
482,1,3,2023-02-01,Forecast,337.2,0
483,2,3,2023-02-01,Actual,284.5,5
484,2,3,2023-02-01,Forecast,288.1,0
485,3,3,2023-02-01,Actual,218.8,5
486,3,3,2023-02-01,Forecast,259.4,0
487,4,3,2023-02-01,Actual,284.7,4
488,4,3,2023-02-01,Forecast,264.6,0
489,5,3,2023-02-01,Actual,344.5,0
490,5,3,2023-02-01,Forecast,307.6,0
491,6,3,2023-02-01,Actual,373.2,1
492,6,3,2023-02-01,Forecast,334.3,0
493,7,3,2023-02-01,Actual,319.4,4
494,7,3,2023-02-01,Forecast,366.1,0
495,8,3,2023-02-01,Actual,148.0,4
496,8,3,2023-02-01,Forecast,169.2,0
497,9,3,2023-02-01,Actual,371.7,1
498,9,3,2023-02-01,Forecast,330.1,0
499,10,3,2023-02-01,Actual,224.9,0
500,10,3,2023-02-01,Forecast,225.1,0
501,11,3,2023-02-01,Actual,314.9,5
502,11,3,2023-02-01,Forecast,353.0,0
503,12,3,2023-02-01,Actual,199.8,1
504,12,3,2023-02-01,Forecast,178.9,0
505,13,3,2023-02-01,Actual,151.4,4
506,13,3,2023-02-01,Forecast,139.0,0
507,14,3,2023-02-01,Actual,269.3,1
508,14,3,2023-02-01,Forecast,290.0,0
509,15,3,2023-02-01,Actual,427.9,3
510,15,3,2023-02-01,Forecast,360.3,0
511,16,3,2023-02-01,Actual,322.6,5
512,16,3,2023-02-01,Forecast,306.4,0
513,17,3,2023-02-01,Actual,95.6,3
514,17,3,2023-02-01,Forecast,88.8,0
515,18,3,2023-02-01,Actual,146.5,3
516,18,3,2023-02-01,Forecast,163.4,0
517,19,3,2023-02-01,Actual,238.2,0
518,19,3,2023-02-01,Forecast,256.6,0
519,20,3,2023-02-01,Actual,88.1,3
520,20,3,2023-02-01,Forecast,87.4,0
521,21,3,2023-02-01,Actual,229.7,2
522,21,3,2023-02-01,Forecast,238.2,0
523,22,3,2023-02-01,Actual,268.5,0
524,22,3,2023-02-01,Forecast,266.2,0
525,23,3,2023-02-01,Actual,109.3,2
526,23,3,2023-02-01,Forecast,108.7,0
527,24,3,2023-02-01,Actual,167.6,3
528,24,3,2023-02-01,Forecast,197.1,0
529,25,3,2023-02-01,Actual,106.2,1
530,25,3,2023-02-01,Forecast,112.1,0
531,26,3,2023-02-01,Actual,283.3,4
532,26,3,2023-02-01,Forecast,263.5,0
533,27,3,2023-02-01,Actual,172.6,5
534,27,3,2023-02-01,Forecast,184.9,0
535,28,3,2023-02-01,Actual,397.2,3
536,28,3,2023-02-01,Forecast,348.5,0
537,29,3,2023-02-01,Actual,96.6,3
538,29,3,2023-02-01,Forecast,105.4,0
539,30,3,2023-02-01,Actual,143.8,0
540,30,3,2023-02-01,Forecast,141.0,0
541,31,3,2023-02-01,Actual,400.8,0
542,31,3,2023-02-01,Forecast,385.6,0
543,32,3,2023-02-01,Actual,389.0,1
544,32,3,2023-02-01,Forecast,315.0,0
545,33,3,2023-02-01,Actual,157.9,4
546,33,3,2023-02-01,Forecast,175.6,0
547,34,3,2023-02-01,Actual,299.6,4
548,34,3,2023-02-01,Forecast,273.3,0
549,35,3,2023-02-01,Actual,239.9,2
550,35,3,2023-02-01,Forecast,207.5,0
551,36,3,2023-02-01,Actual,154.8,0
552,36,3,2023-02-01,Forecast,157.0,0
553,37,3,2023-02-01,Actual,223.7,3
554,37,3,2023-02-01,Forecast,245.7,0
555,38,3,2023-02-01,Actual,246.6,4
556,38,3,2023-02-01,Forecast,222.9,0
557,39,3,2023-02-01,Actual,372.9,2
558,39,3,2023-02-01,Forecast,407.1,0
559,40,3,2023-02-01,Actual,78.8,3
560,40,3,2023-02-01,Forecast,81.6,0
561,1,4,2023-02-01,Actual,140.9,3
562,1,4,2023-02-01,Forecast,129.8,0
563,2,4,2023-02-01,Actual,387.8,3
564,2,4,2023-02-01,Forecast,384.8,0
565,3,4,2023-02-01,Actual,261.6,2
566,3,4,2023-02-01,Forecast,276.6,0
567,4,4,2023-02-01,Actual,228.5,0
568,4,4,2023-02-01,Forecast,219.5,0
569,5,4,2023-02-01,Actual,171.2,0
570,5,4,2023-02-01,Forecast,172.6,0
571,6,4,2023-02-01,Actual,228.4,2
572,6,4,2023-02-01,Forecast,237.0,0
573,7,4,2023-02-01,Actual,355.6,0
574,7,4,2023-02-01,Forecast,360.4,0
575,8,4,2023-02-01,Actual,391.8,3
576,8,4,2023-02-01,Forecast,344.5,0
577,9,4,2023-02-01,Actual,350.0,2
578,9,4,2023-02-01,Forecast,394.0,0
579,10,4,2023-02-01,Actual,378.1,0
580,10,4,2023-02-01,Forecast,351.0,0
581,11,4,2023-02-01,Actual,179.0,1
582,11,4,2023-02-01,Forecast,166.2,0
583,12,4,2023-02-01,Actual,165.1,4
584,12,4,2023-02-01,Forecast,168.8,0
585,13,4,2023-02-01,Actual,93.5,3
586,13,4,2023-02-01,Forecast,83.4,0
587,14,4,2023-02-01,Actual,159.0,0
588,14,4,2023-02-01,Forecast,148.6,0
589,15,4,2023-02-01,Actual,236.6,5
590,15,4,2023-02-01,Forecast,250.2,0
591,16,4,2023-02-01,Actual,455.9,3
592,16,4,2023-02-01,Forecast,364.3,0
593,17,4,2023-02-01,Actual,225.0,5
594,17,4,2023-02-01,Forecast,195.5,0
595,18,4,2023-02-01,Actual,110.4,2
596,18,4,2023-02-01,Forecast,117.7,0
597,19,4,2023-02-01,Actual,326.7,5
598,19,4,2023-02-01,Forecast,343.1,0
599,20,4,2023-02-01,Actual,110.8,4
600,20,4,2023-02-01,Forecast,113.8,0
601,21,4,2023-02-01,Actual,93.1,0
602,21,4,2023-02-01,Forecast,99.7,0
603,22,4,2023-02-01,Actual,90.9,3
604,22,4,2023-02-01,Forecast,77.4,0
605,23,4,2023-02-01,Actual,185.7,4
606,23,4,2023-02-01,Forecast,202.4,0
607,24,4,2023-02-01,Actual,342.1,4
608,24,4,2023-02-01,Forecast,333.0,0
609,25,4,2023-02-01,Actual,103.9,5
610,25,4,2023-02-01,Forecast,94.7,0
611,26,4,2023-02-01,Actual,354.0,2
612,26,4,2023-02-01,Forecast,326.9,0
613,27,4,2023-02-01,Actual,208.8,0
614,27,4,2023-02-01,Forecast,198.9,0
615,28,4,2023-02-01,Actual,109.9,3
616,28,4,2023-02-01,Forecast,100.4,0
617,29,4,2023-02-01,Actual,271.4,3
618,29,4,2023-02-01,Forecast,254.8,0
619,30,4,2023-02-01,Actual,364.9,0
620,30,4,2023-02-01,Forecast,343.6,0
621,31,4,2023-02-01,Actual,410.6,3
622,31,4,2023-02-01,Forecast,375.3,0
623,32,4,2023-02-01,Actual,355.2,4
624,32,4,2023-02-01,Forecast,342.0,0
625,33,4,2023-02-01,Actual,267.8,3
626,33,4,2023-02-01,Forecast,251.7,0
627,34,4,2023-02-01,Actual,236.0,2
628,34,4,2023-02-01,Forecast,278.9,0
629,35,4,2023-02-01,Actual,289.9,0
630,35,4,2023-02-01,Forecast,262.4,0
631,36,4,2023-02-01,Actual,343.5,1
632,36,4,2023-02-01,Forecast,356.6,0
633,37,4,2023-02-01,Actual,288.5,2
634,37,4,2023-02-01,Forecast,262.5,0
635,38,4,2023-02-01,Actual,147.7,4
636,38,4,2023-02-01,Forecast,137.8,0
637,39,4,2023-02-01,Actual,304.0,2
638,39,4,2023-02-01,Forecast,363.9,0
639,40,4,2023-02-01,Actual,148.6,0
640,40,4,2023-02-01,Forecast,154.8,0
641,1,1,2023-03-01,Actual,105.0,5
642,1,1,2023-03-01,Forecast,117.1,0
643,2,1,2023-03-01,Actual,208.1,4
644,2,1,2023-03-01,Forecast,176.6,0
645,3,1,2023-03-01,Actual,351.6,4
646,3,1,2023-03-01,Forecast,391.6,0
647,4,1,2023-03-01,Actual,69.6,1
648,4,1,2023-03-01,Forecast,79.9,0
649,5,1,2023-03-01,Actual,200.9,1
650,5,1,2023-03-01,Forecast,209.8,0
651,6,1,2023-03-01,Actual,325.4,5
652,6,1,2023-03-01,Forecast,360.8,0
653,7,1,2023-03-01,Actual,129.7,0
654,7,1,2023-03-01,Forecast,102.9,0
655,8,1,2023-03-01,Actual,283.6,3
656,8,1,2023-03-01,Forecast,297.8,0
657,9,1,2023-03-01,Actual,140.0,4
658,9,1,2023-03-01,Forecast,151.3,0
659,10,1,2023-03-01,Actual,285.5,3
660,10,1,2023-03-01,Forecast,305.1,0
661,11,1,2023-03-01,Actual,116.6,2
662,11,1,2023-03-01,Forecast,118.8,0
663,12,1,2023-03-01,Actual,303.8,5
664,12,1,2023-03-01,Forecast,326.7,0
665,13,1,2023-03-01,Actual,274.3,4
666,13,1,2023-03-01,Forecast,285.2,0
667,14,1,2023-03-01,Actual,246.6,5
668,14,1,2023-03-01,Forecast,260.4,0
669,15,1,2023-03-01,Actual,224.3,3
670,15,1,2023-03-01,Forecast,203.7,0
671,16,1,2023-03-01,Actual,165.9,1
672,16,1,2023-03-01,Forecast,165.7,0
673,17,1,2023-03-01,Actual,95.9,4
674,17,1,2023-03-01,Forecast,121.0,0
675,18,1,2023-03-01,Actual,139.8,0
676,18,1,2023-03-01,Forecast,151.6,0
677,19,1,2023-03-01,Actual,119.9,2
678,19,1,2023-03-01,Forecast,135.3,0
679,20,1,2023-03-01,Actual,98.9,4
680,20,1,2023-03-01,Forecast,98.8,0
681,21,1,2023-03-01,Actual,235.9,2
682,21,1,2023-03-01,Forecast,250.0,0
683,22,1,2023-03-01,Actual,145.2,4
684,22,1,2023-03-01,Forecast,159.8,0
685,23,1,2023-03-01,Actual,204.3,0
686,23,1,2023-03-01,Forecast,172.0,0
687,24,1,2023-03-01,Actual,151.0,3
688,24,1,2023-03-01,Forecast,136.6,0
689,25,1,2023-03-01,Actual,83.2,3
690,25,1,2023-03-01,Forecast,87.7,0
691,26,1,2023-03-01,Actual,293.7,4
692,26,1,2023-03-01,Forecast,295.5,0
693,27,1,2023-03-01,Actual,278.6,0
694,27,1,2023-03-01,Forecast,314.3,0
695,28,1,2023-03-01,Actual,136.3,5
696,28,1,2023-03-01,Forecast,136.3,0
697,29,1,2023-03-01,Actual,378.3,2
698,29,1,2023-03-01,Forecast,351.8,0
699,30,1,2023-03-01,Actual,318.1,0
700,30,1,2023-03-01,Forecast,356.2,0
701,31,1,2023-03-01,Actual,277.4,0
702,31,1,2023-03-01,Forecast,280.7,0
703,32,1,2023-03-01,Actual,175.2,2
704,32,1,2023-03-01,Forecast,210.4,0
705,33,1,2023-03-01,Actual,91.5,1
706,33,1,2023-03-01,Forecast,100.5,0
707,34,1,2023-03-01,Actual,310.4,3
708,34,1,2023-03-01,Forecast,271.5,0
709,35,1,2023-03-01,Actual,181.0,5
710,35,1,2023-03-01,Forecast,166.1,0
711,36,1,2023-03-01,Actual,267.6,5
712,36,1,2023-03-01,Forecast,222.1,0
713,37,1,2023-03-01,Actual,223.1,1
714,37,1,2023-03-01,Forecast,256.9,0
715,38,1,2023-03-01,Actual,69.7,2
716,38,1,2023-03-01,Forecast,72.1,0
717,39,1,2023-03-01,Actual,354.5,0
718,39,1,2023-03-01,Forecast,355.5,0
719,40,1,2023-03-01,Actual,277.3,2
720,40,1,2023-03-01,Forecast,261.2,0
721,1,2,2023-03-01,Actual,365.4,0
722,1,2,2023-03-01,Forecast,367.6,0
723,2,2,2023-03-01,Actual,187.7,1
724,2,2,2023-03-01,Forecast,148.6,0
725,3,2,2023-03-01,Actual,180.6,5
726,3,2,2023-03-01,Forecast,195.9,0
727,4,2,2023-03-01,Actual,299.1,5
728,4,2,2023-03-01,Forecast,299.4,0
729,5,2,2023-03-01,Actual,110.0,2
730,5,2,2023-03-01,Forecast,107.2,0
731,6,2,2023-03-01,Actual,281.8,5
732,6,2,2023-03-01,Forecast,300.5,0
733,7,2,2023-03-01,Actual,228.8,2
734,7,2,2023-03-01,Forecast,225.1,0
735,8,2,2023-03-01,Actual,112.0,4
736,8,2,2023-03-01,Forecast,122.8,0
737,9,2,2023-03-01,Actual,403.7,2
738,9,2,2023-03-01,Forecast,386.0,0
739,10,2,2023-03-01,Actual,377.2,1
740,10,2,2023-03-01,Forecast,381.3,0
741,11,2,2023-03-01,Actual,168.8,0
742,11,2,2023-03-01,Forecast,168.4,0
743,12,2,2023-03-01,Actual,376.5,0
744,12,2,2023-03-01,Forecast,337.0,0
745,13,2,2023-03-01,Actual,235.7,0
746,13,2,2023-03-01,Forecast,254.4,0
747,14,2,2023-03-01,Actual,89.5,4
748,14,2,2023-03-01,Forecast,89.0,0
749,15,2,2023-03-01,Actual,91.4,4
750,15,2,2023-03-01,Forecast,105.8,0
751,16,2,2023-03-01,Actual,404.1,1
752,16,2,2023-03-01,Forecast,360.0,0
753,17,2,2023-03-01,Actual,318.1,3
754,17,2,2023-03-01,Forecast,286.7,0
755,18,2,2023-03-01,Actual,225.7,3
756,18,2,2023-03-01,Forecast,192.4,0
757,19,2,2023-03-01,Actual,377.2,1
758,19,2,2023-03-01,Forecast,365.3,0
759,20,2,2023-03-01,Actual,120.3,3
760,20,2,2023-03-01,Forecast,120.6,0
761,21,2,2023-03-01,Actual,105.6,0
762,21,2,2023-03-01,Forecast,118.1,0
763,22,2,2023-03-01,Actual,168.4,2
764,22,2,2023-03-01,Forecast,144.9,0
765,23,2,2023-03-01,Actual,310.3,2
766,23,2,2023-03-01,Forecast,297.6,0
767,24,2,2023-03-01,Actual,243.3,4
768,24,2,2023-03-01,Forecast,232.2,0
769,25,2,2023-03-01,Actual,97.4,1
770,25,2,2023-03-01,Forecast,84.4,0
771,26,2,2023-03-01,Actual,196.0,2
772,26,2,2023-03-01,Forecast,170.8,0
773,27,2,2023-03-01,Actual,195.9,1
774,27,2,2023-03-01,Forecast,232.8,0
775,28,2,2023-03-01,Actual,125.5,2
776,28,2,2023-03-01,Forecast,119.6,0
777,29,2,2023-03-01,Actual,154.8,4
778,29,2,2023-03-01,Forecast,158.1,0
779,30,2,2023-03-01,Actual,139.7,5
780,30,2,2023-03-01,Forecast,168.8,0
781,31,2,2023-03-01,Actual,352.0,4
782,31,2,2023-03-01,Forecast,332.4,0
783,32,2,2023-03-01,Actual,400.6,1
784,32,2,2023-03-01,Forecast,331.4,0
785,33,2,2023-03-01,Actual,171.1,4
786,33,2,2023-03-01,Forecast,148.3,0
787,34,2,2023-03-01,Actual,331.6,4
788,34,2,2023-03-01,Forecast,341.5,0
789,35,2,2023-03-01,Actual,206.5,0
790,35,2,2023-03-01,Forecast,225.3,0
791,36,2,2023-03-01,Actual,311.8,5
792,36,2,2023-03-01,Forecast,304.8,0
793,37,2,2023-03-01,Actual,319.3,2
794,37,2,2023-03-01,Forecast,341.2,0
795,38,2,2023-03-01,Actual,97.2,4
796,38,2,2023-03-01,Forecast,104.1,0
797,39,2,2023-03-01,Actual,205.1,5
798,39,2,2023-03-01,Forecast,231.3,0
799,40,2,2023-03-01,Actual,213.0,3
800,40,2,2023-03-01,Forecast,210.9,0
801,1,3,2023-03-01,Actual,106.5,0
802,1,3,2023-03-01,Forecast,126.6,0
803,2,3,2023-03-01,Actual,314.8,2
804,2,3,2023-03-01,Forecast,320.3,0
805,3,3,2023-03-01,Actual,327.0,3
806,3,3,2023-03-01,Forecast,344.8,0
807,4,3,2023-03-01,Actual,135.2,5
808,4,3,2023-03-01,Forecast,156.1,0
809,5,3,2023-03-01,Actual,206.8,5
810,5,3,2023-03-01,Forecast,224.7,0
811,6,3,2023-03-01,Actual,149.5,1
812,6,3,2023-03-01,Forecast,145.6,0
813,7,3,2023-03-01,Actual,113.2,2
814,7,3,2023-03-01,Forecast,97.7,0
815,8,3,2023-03-01,Actual,238.2,4
816,8,3,2023-03-01,Forecast,226.2,0
817,9,3,2023-03-01,Actual,403.9,5
818,9,3,2023-03-01,Forecast,349.0,0
819,10,3,2023-03-01,Actual,196.5,5
820,10,3,2023-03-01,Forecast,195.3,0
821,11,3,2023-03-01,Actual,172.2,1
822,11,3,2023-03-01,Forecast,196.8,0
823,12,3,2023-03-01,Actual,183.4,5
824,12,3,2023-03-01,Forecast,227.6,0
825,13,3,2023-03-01,Actual,270.0,1
826,13,3,2023-03-01,Forecast,258.0,0
827,14,3,2023-03-01,Actual,245.4,5
828,14,3,2023-03-01,Forecast,278.6,0
829,15,3,2023-03-01,Actual,434.4,2
830,15,3,2023-03-01,Forecast,398.0,0
831,16,3,2023-03-01,Actual,245.5,5
832,16,3,2023-03-01,Forecast,214.0,0
833,17,3,2023-03-01,Actual,302.1,1
834,17,3,2023-03-01,Forecast,341.8,0
835,18,3,2023-03-01,Actual,108.8,0
836,18,3,2023-03-01,Forecast,111.9,0
837,19,3,2023-03-01,Actual,389.8,1
838,19,3,2023-03-01,Forecast,383.3,0
839,20,3,2023-03-01,Actual,276.0,3
840,20,3,2023-03-01,Forecast,276.9,0
841,21,3,2023-03-01,Actual,298.5,5
842,21,3,2023-03-01,Forecast,329.5,0
843,22,3,2023-03-01,Actual,344.6,2
844,22,3,2023-03-01,Forecast,276.3,0
845,23,3,2023-03-01,Actual,122.4,3
846,23,3,2023-03-01,Forecast,131.9,0
847,24,3,2023-03-01,Actual,305.5,3
848,24,3,2023-03-01,Forecast,276.1,0
849,25,3,2023-03-01,Actual,107.9,3
850,25,3,2023-03-01,Forecast,93.3,0
851,26,3,2023-03-01,Actual,142.4,4
852,26,3,2023-03-01,Forecast,126.4,0
853,27,3,2023-03-01,Actual,339.8,4
854,27,3,2023-03-01,Forecast,315.0,0
855,28,3,2023-03-01,Actual,328.0,4
856,28,3,2023-03-01,Forecast,404.9,0
857,29,3,2023-03-01,Actual,339.3,2
858,29,3,2023-03-01,Forecast,312.8,0
859,30,3,2023-03-01,Actual,315.4,0
860,30,3,2023-03-01,Forecast,275.7,0
861,31,3,2023-03-01,Actual,127.0,0
862,31,3,2023-03-01,Forecast,105.9,0
863,32,3,2023-03-01,Actual,95.6,4
864,32,3,2023-03-01,Forecast,101.8,0
865,33,3,2023-03-01,Actual,431.6,2
866,33,3,2023-03-01,Forecast,372.3,0
867,34,3,2023-03-01,Actual,144.1,1
868,34,3,2023-03-01,Forecast,123.8,0
869,35,3,2023-03-01,Actual,144.7,5
870,35,3,2023-03-01,Forecast,140.1,0
871,36,3,2023-03-01,Actual,350.7,0
872,36,3,2023-03-01,Forecast,365.2,0
873,37,3,2023-03-01,Actual,302.0,3
874,37,3,2023-03-01,Forecast,362.5,0
875,38,3,2023-03-01,Actual,393.4,2
876,38,3,2023-03-01,Forecast,353.9,0
877,39,3,2023-03-01,Actual,279.5,5
878,39,3,2023-03-01,Forecast,277.7,0
879,40,3,2023-03-01,Actual,119.6,3
880,40,3,2023-03-01,Forecast,102.0,0
881,1,4,2023-03-01,Actual,279.9,3
882,1,4,2023-03-01,Forecast,279.9,0
883,2,4,2023-03-01,Actual,249.5,3
884,2,4,2023-03-01,Forecast,276.6,0
885,3,4,2023-03-01,Actual,283.8,5
886,3,4,2023-03-01,Forecast,255.3,0
887,4,4,2023-03-01,Actual,240.0,5
888,4,4,2023-03-01,Forecast,256.1,0
889,5,4,2023-03-01,Actual,232.7,2
890,5,4,2023-03-01,Forecast,224.6,0
891,6,4,2023-03-01,Actual,186.7,4
892,6,4,2023-03-01,Forecast,164.4,0
893,7,4,2023-03-01,Actual,147.8,1
894,7,4,2023-03-01,Forecast,173.8,0
895,8,4,2023-03-01,Actual,269.5,2
896,8,4,2023-03-01,Forecast,274.7,0
897,9,4,2023-03-01,Actual,332.0,1
898,9,4,2023-03-01,Forecast,360.3,0
899,10,4,2023-03-01,Actual,271.3,1
900,10,4,2023-03-01,Forecast,257.8,0
901,11,4,2023-03-01,Actual,406.8,5
902,11,4,2023-03-01,Forecast,398.2,0
903,12,4,2023-03-01,Actual,379.5,1
904,12,4,2023-03-01,Forecast,388.8,0
905,13,4,2023-03-01,Actual,138.9,3
906,13,4,2023-03-01,Forecast,137.8,0
907,14,4,2023-03-01,Actual,264.7,2
908,14,4,2023-03-01,Forecast,265.0,0
909,15,4,2023-03-01,Actual,106.0,0
910,15,4,2023-03-01,Forecast,116.2,0
911,16,4,2023-03-01,Actual,102.5,2
912,16,4,2023-03-01,Forecast,108.4,0
913,17,4,2023-03-01,Actual,339.2,3
914,17,4,2023-03-01,Forecast,329.8,0
915,18,4,2023-03-01,Actual,353.6,1
916,18,4,2023-03-01,Forecast,404.5,0
917,19,4,2023-03-01,Actual,290.4,1
918,19,4,2023-03-01,Forecast,260.4,0
919,20,4,2023-03-01,Actual,163.9,1
920,20,4,2023-03-01,Forecast,197.1,0
921,21,4,2023-03-01,Actual,116.8,5
922,21,4,2023-03-01,Forecast,128.4,0
923,22,4,2023-03-01,Actual,344.4,5
924,22,4,2023-03-01,Forecast,347.9,0
925,23,4,2023-03-01,Actual,329.8,2
926,23,4,2023-03-01,Forecast,336.7,0
927,24,4,2023-03-01,Actual,324.2,0
928,24,4,2023-03-01,Forecast,319.4,0
929,25,4,2023-03-01,Actual,161.4,0
930,25,4,2023-03-01,Forecast,179.0,0
931,26,4,2023-03-01,Actual,136.6,5
932,26,4,2023-03-01,Forecast,133.2,0
933,27,4,2023-03-01,Actual,216.7,2
934,27,4,2023-03-01,Forecast,224.3,0
935,28,4,2023-03-01,Actual,308.7,2
936,28,4,2023-03-01,Forecast,370.8,0
937,29,4,2023-03-01,Actual,128.3,5
938,29,4,2023-03-01,Forecast,121.4,0
939,30,4,2023-03-01,Actual,189.3,4
940,30,4,2023-03-01,Forecast,171.5,0
941,31,4,2023-03-01,Actual,380.8,1
942,31,4,2023-03-01,Forecast,422.6,0
943,32,4,2023-03-01,Actual,136.3,0
944,32,4,2023-03-01,Forecast,128.4,0
945,33,4,2023-03-01,Actual,224.0,5
946,33,4,2023-03-01,Forecast,233.6,0
947,34,4,2023-03-01,Actual,416.7,1
948,34,4,2023-03-01,Forecast,365.3,0
949,35,4,2023-03-01,Actual,323.0,1
950,35,4,2023-03-01,Forecast,318.2,0
951,36,4,2023-03-01,Actual,351.6,0
952,36,4,2023-03-01,Forecast,372.8,0
953,37,4,2023-03-01,Actual,391.1,4
954,37,4,2023-03-01,Forecast,346.6,0
955,38,4,2023-03-01,Actual,378.9,3
956,38,4,2023-03-01,Forecast,398.0,0
957,39,4,2023-03-01,Actual,376.6,1
958,39,4,2023-03-01,Forecast,303.7,0
959,40,4,2023-03-01,Actual,97.7,3
960,40,4,2023-03-01,Forecast,101.1,0
961,1,1,2023-04-01,Actual,137.4,3
962,1,1,2023-04-01,Forecast,116.4,0
963,2,1,2023-04-01,Actual,98.3,5
964,2,1,2023-04-01,Forecast,93.3,0
965,3,1,2023-04-01,Actual,302.0,1
966,3,1,2023-04-01,Forecast,268.5,0
967,4,1,2023-04-01,Actual,339.9,0
968,4,1,2023-04-01,Forecast,350.5,0
969,5,1,2023-04-01,Actual,304.7,4
970,5,1,2023-04-01,Forecast,310.1,0
971,6,1,2023-04-01,Actual,146.2,5
972,6,1,2023-04-01,Forecast,156.5,0
973,7,1,2023-04-01,Actual,237.0,0
974,7,1,2023-04-01,Forecast,279.6,0
975,8,1,2023-04-01,Actual,325.1,1
976,8,1,2023-04-01,Forecast,273.0,0
977,9,1,2023-04-01,Actual,380.5,2
978,9,1,2023-04-01,Forecast,368.5,0
979,10,1,2023-04-01,Actual,160.6,5
980,10,1,2023-04-01,Forecast,143.0,0
981,11,1,2023-04-01,Actual,88.3,5
982,11,1,2023-04-01,Forecast,99.1,0
983,12,1,2023-04-01,Actual,235.5,1
984,12,1,2023-04-01,Forecast,252.1,0
985,13,1,2023-04-01,Actual,370.6,3
986,13,1,2023-04-01,Forecast,364.4,0
987,14,1,2023-04-01,Actual,245.5,5
988,14,1,2023-04-01,Forecast,202.2,0
989,15,1,2023-04-01,Actual,166.2,0
990,15,1,2023-04-01,Forecast,182.6,0
991,16,1,2023-04-01,Actual,235.6,0
992,16,1,2023-04-01,Forecast,232.1,0
993,17,1,2023-04-01,Actual,312.2,0
994,17,1,2023-04-01,Forecast,320.1,0
995,18,1,2023-04-01,Actual,414.5,3
996,18,1,2023-04-01,Forecast,393.9,0
997,19,1,2023-04-01,Actual,177.4,4
998,19,1,2023-04-01,Forecast,184.4,0
999,20,1,2023-04-01,Actual,105.4,4
1000,20,1,2023-04-01,Forecast,131.5,0
1001,21,1,2023-04-01,Actual,107.4,2
1002,21,1,2023-04-01,Forecast,101.5,0
1003,22,1,2023-04-01,Actual,309.1,5
1004,22,1,2023-04-01,Forecast,293.1,0
1005,23,1,2023-04-01,Actual,267.1,0
1006,23,1,2023-04-01,Forecast,303.2,0
1007,24,1,2023-04-01,Actual,188.1,3
1008,24,1,2023-04-01,Forecast,189.9,0
1009,25,1,2023-04-01,Actual,313.9,2
1010,25,1,2023-04-01,Forecast,364.7,0
1011,26,1,2023-04-01,Actual,245.7,4
1012,26,1,2023-04-01,Forecast,275.5,0
1013,27,1,2023-04-01,Actual,104.0,4
1014,27,1,2023-04-01,Forecast,118.1,0
1015,28,1,2023-04-01,Actual,321.3,4
1016,28,1,2023-04-01,Forecast,296.2,0
1017,29,1,2023-04-01,Actual,186.5,3
1018,29,1,2023-04-01,Forecast,183.3,0
1019,30,1,2023-04-01,Actual,184.8,5
1020,30,1,2023-04-01,Forecast,201.2,0
1021,31,1,2023-04-01,Actual,158.0,0
1022,31,1,2023-04-01,Forecast,192.1,0
1023,32,1,2023-04-01,Actual,249.2,5
1024,32,1,2023-04-01,Forecast,276.0,0
1025,33,1,2023-04-01,Actual,314.0,4
1026,33,1,2023-04-01,Forecast,305.2,0
1027,34,1,2023-04-01,Actual,318.3,0
1028,34,1,2023-04-01,Forecast,303.3,0
1029,35,1,2023-04-01,Actual,170.9,0
1030,35,1,2023-04-01,Forecast,177.2,0
1031,36,1,2023-04-01,Actual,115.2,2
1032,36,1,2023-04-01,Forecast,128.0,0
1033,37,1,2023-04-01,Actual,102.1,3
1034,37,1,2023-04-01,Forecast,93.3,0
1035,38,1,2023-04-01,Actual,187.8,2
1036,38,1,2023-04-01,Forecast,201.3,0
1037,39,1,2023-04-01,Actual,321.8,0
1038,39,1,2023-04-01,Forecast,369.7,0
1039,40,1,2023-04-01,Actual,270.0,0
1040,40,1,2023-04-01,Forecast,283.2,0
1041,1,2,2023-04-01,Actual,78.9,0
1042,1,2,2023-04-01,Forecast,84.5,0
1043,2,2,2023-04-01,Actual,437.0,2
1044,2,2,2023-04-01,Forecast,420.4,0
1045,3,2,2023-04-01,Actual,190.3,4
1046,3,2,2023-04-01,Forecast,170.2,0
1047,4,2,2023-04-01,Actual,333.6,4
1048,4,2,2023-04-01,Forecast,367.4,0
1049,5,2,2023-04-01,Actual,253.9,1
1050,5,2,2023-04-01,Forecast,265.9,0
1051,6,2,2023-04-01,Actual,154.9,5
1052,6,2,2023-04-01,Forecast,137.7,0
1053,7,2,2023-04-01,Actual,157.7,3
1054,7,2,2023-04-01,Forecast,174.5,0
1055,8,2,2023-04-01,Actual,236.4,5
1056,8,2,2023-04-01,Forecast,239.2,0
1057,9,2,2023-04-01,Actual,164.4,2
1058,9,2,2023-04-01,Forecast,160.7,0
1059,10,2,2023-04-01,Actual,325.3,4
1060,10,2,2023-04-01,Forecast,266.5,0
1061,11,2,2023-04-01,Actual,254.8,4
1062,11,2,2023-04-01,Forecast,270.7,0
1063,12,2,2023-04-01,Actual,442.9,1
1064,12,2,2023-04-01,Forecast,375.8,0
1065,13,2,2023-04-01,Actual,89.8,4
1066,13,2,2023-04-01,Forecast,86.7,0
1067,14,2,2023-04-01,Actual,291.9,2
1068,14,2,2023-04-01,Forecast,323.2,0
1069,15,2,2023-04-01,Actual,181.3,4
1070,15,2,2023-04-01,Forecast,165.6,0
1071,16,2,2023-04-01,Actual,110.4,4
1072,16,2,2023-04-01,Forecast,99.6,0
1073,17,2,2023-04-01,Actual,316.5,4
1074,17,2,2023-04-01,Forecast,324.9,0
1075,18,2,2023-04-01,Actual,412.2,2
1076,18,2,2023-04-01,Forecast,366.4,0
1077,19,2,2023-04-01,Actual,151.4,2
1078,19,2,2023-04-01,Forecast,138.6,0
1079,20,2,2023-04-01,Actual,155.6,0
1080,20,2,2023-04-01,Forecast,147.5,0
1081,21,2,2023-04-01,Actual,151.3,5
1082,21,2,2023-04-01,Forecast,160.6,0
1083,22,2,2023-04-01,Actual,222.2,0
1084,22,2,2023-04-01,Forecast,197.8,0
1085,23,2,2023-04-01,Actual,363.8,5
1086,23,2,2023-04-01,Forecast,394.7,0
1087,24,2,2023-04-01,Actual,255.4,3
1088,24,2,2023-04-01,Forecast,307.8,0
1089,25,2,2023-04-01,Actual,413.3,5
1090,25,2,2023-04-01,Forecast,368.9,0
1091,26,2,2023-04-01,Actual,271.5,1
1092,26,2,2023-04-01,Forecast,282.9,0
1093,27,2,2023-04-01,Actual,306.3,1
1094,27,2,2023-04-01,Forecast,375.9,0
1095,28,2,2023-04-01,Actual,317.4,4
1096,28,2,2023-04-01,Forecast,288.4,0
1097,29,2,2023-04-01,Actual,242.3,4
1098,29,2,2023-04-01,Forecast,263.2,0
1099,30,2,2023-04-01,Actual,324.8,2
1100,30,2,2023-04-01,Forecast,316.2,0
1101,31,2,2023-04-01,Actual,302.3,5
1102,31,2,2023-04-01,Forecast,277.5,0
1103,32,2,2023-04-01,Actual,380.6,0
1104,32,2,2023-04-01,Forecast,341.8,0
1105,33,2,2023-04-01,Actual,91.0,5
1106,33,2,2023-04-01,Forecast,87.9,0
1107,34,2,2023-04-01,Actual,103.2,5
1108,34,2,2023-04-01,Forecast,98.7,0
1109,35,2,2023-04-01,Actual,270.8,3
1110,35,2,2023-04-01,Forecast,315.4,0
1111,36,2,2023-04-01,Actual,437.4,0
1112,36,2,2023-04-01,Forecast,409.6,0
1113,37,2,2023-04-01,Actual,223.8,0
1114,37,2,2023-04-01,Forecast,198.6,0
1115,38,2,2023-04-01,Actual,422.9,0
1116,38,2,2023-04-01,Forecast,343.3,0
1117,39,2,2023-04-01,Actual,347.7,5
1118,39,2,2023-04-01,Forecast,367.7,0
1119,40,2,2023-04-01,Actual,338.4,4
1120,40,2,2023-04-01,Forecast,394.7,0
1121,1,3,2023-04-01,Actual,231.7,4
1122,1,3,2023-04-01,Forecast,274.5,0
1123,2,3,2023-04-01,Actual,406.5,1
1124,2,3,2023-04-01,Forecast,386.1,0
1125,3,3,2023-04-01,Actual,255.6,1
1126,3,3,2023-04-01,Forecast,281.2,0
1127,4,3,2023-04-01,Actual,265.9,2
1128,4,3,2023-04-01,Forecast,270.4,0
1129,5,3,2023-04-01,Actual,132.7,0
1130,5,3,2023-04-01,Forecast,116.6,0
1131,6,3,2023-04-01,Actual,253.4,2
1132,6,3,2023-04-01,Forecast,247.3,0
1133,7,3,2023-04-01,Actual,95.3,1
1134,7,3,2023-04-01,Forecast,86.2,0
1135,8,3,2023-04-01,Actual,399.7,2
1136,8,3,2023-04-01,Forecast,388.4,0
1137,9,3,2023-04-01,Actual,338.3,3
1138,9,3,2023-04-01,Forecast,352.7,0
1139,10,3,2023-04-01,Actual,165.4,4
1140,10,3,2023-04-01,Forecast,189.8,0
1141,11,3,2023-04-01,Actual,169.6,2
1142,11,3,2023-04-01,Forecast,199.0,0
1143,12,3,2023-04-01,Actual,331.2,1
1144,12,3,2023-04-01,Forecast,332.5,0
1145,13,3,2023-04-01,Actual,411.8,3
1146,13,3,2023-04-01,Forecast,371.9,0
1147,14,3,2023-04-01,Actual,90.4,1
1148,14,3,2023-04-01,Forecast,91.9,0
1149,15,3,2023-04-01,Actual,388.5,1
1150,15,3,2023-04-01,Forecast,368.9,0
1151,16,3,2023-04-01,Actual,258.3,1
1152,16,3,2023-04-01,Forecast,269.2,0
1153,17,3,2023-04-01,Actual,337.6,4
1154,17,3,2023-04-01,Forecast,323.0,0
1155,18,3,2023-04-01,Actual,216.0,3
1156,18,3,2023-04-01,Forecast,213.1,0
1157,19,3,2023-04-01,Actual,217.9,5
1158,19,3,2023-04-01,Forecast,246.2,0
1159,20,3,2023-04-01,Actual,91.9,5
1160,20,3,2023-04-01,Forecast,85.5,0
1161,21,3,2023-04-01,Actual,190.1,5
1162,21,3,2023-04-01,Forecast,210.7,0
1163,22,3,2023-04-01,Actual,159.2,3
1164,22,3,2023-04-01,Forecast,152.3,0
1165,23,3,2023-04-01,Actual,333.7,5
1166,23,3,2023-04-01,Forecast,297.1,0
1167,24,3,2023-04-01,Actual,389.5,5
1168,24,3,2023-04-01,Forecast,375.6,0
1169,25,3,2023-04-01,Actual,153.1,4
1170,25,3,2023-04-01,Forecast,142.9,0
1171,26,3,2023-04-01,Actual,134.1,0
1172,26,3,2023-04-01,Forecast,143.3,0
1173,27,3,2023-04-01,Actual,338.6,3
1174,27,3,2023-04-01,Forecast,402.5,0
1175,28,3,2023-04-01,Actual,248.0,3
1176,28,3,2023-04-01,Forecast,236.1,0
1177,29,3,2023-04-01,Actual,187.1,4
1178,29,3,2023-04-01,Forecast,191.6,0
1179,30,3,2023-04-01,Actual,375.7,4
1180,30,3,2023-04-01,Forecast,341.6,0
1181,31,3,2023-04-01,Actual,231.0,4
1182,31,3,2023-04-01,Forecast,243.7,0
1183,32,3,2023-04-01,Actual,226.5,5
1184,32,3,2023-04-01,Forecast,215.7,0
1185,33,3,2023-04-01,Actual,264.4,4
1186,33,3,2023-04-01,Forecast,266.5,0
1187,34,3,2023-04-01,Actual,163.0,3
1188,34,3,2023-04-01,Forecast,146.6,0
1189,35,3,2023-04-01,Actual,146.0,0
1190,35,3,2023-04-01,Forecast,161.1,0
1191,36,3,2023-04-01,Actual,225.6,2
1192,36,3,2023-04-01,Forecast,252.6,0
1193,37,3,2023-04-01,Actual,382.3,3
1194,37,3,2023-04-01,Forecast,370.4,0
1195,38,3,2023-04-01,Actual,148.9,4
1196,38,3,2023-04-01,Forecast,162.0,0
1197,39,3,2023-04-01,Actual,260.1,0
1198,39,3,2023-04-01,Forecast,259.4,0
1199,40,3,2023-04-01,Actual,130.3,2
1200,40,3,2023-04-01,Forecast,111.0,0
1201,1,4,2023-04-01,Actual,142.1,3
1202,1,4,2023-04-01,Forecast,118.6,0
1203,2,4,2023-04-01,Actual,132.6,3
1204,2,4,2023-04-01,Forecast,134.1,0
1205,3,4,2023-04-01,Actual,115.6,1
1206,3,4,2023-04-01,Forecast,134.4,0
1207,4,4,2023-04-01,Actual,115.1,5
1208,4,4,2023-04-01,Forecast,104.8,0
1209,5,4,2023-04-01,Actual,334.1,5
1210,5,4,2023-04-01,Forecast,291.8,0
1211,6,4,2023-04-01,Actual,164.7,5
1212,6,4,2023-04-01,Forecast,176.5,0
1213,7,4,2023-04-01,Actual,344.0,0
1214,7,4,2023-04-01,Forecast,398.4,0
1215,8,4,2023-04-01,Actual,191.4,4
1216,8,4,2023-04-01,Forecast,171.2,0
1217,9,4,2023-04-01,Actual,354.0,4
1218,9,4,2023-04-01,Forecast,346.1,0
1219,10,4,2023-04-01,Actual,298.3,1
1220,10,4,2023-04-01,Forecast,279.0,0
1221,11,4,2023-04-01,Actual,162.8,0
1222,11,4,2023-04-01,Forecast,199.4,0
1223,12,4,2023-04-01,Actual,126.8,3
1224,12,4,2023-04-01,Forecast,125.8,0
1225,13,4,2023-04-01,Actual,170.9,3
1226,13,4,2023-04-01,Forecast,177.0,0
1227,14,4,2023-04-01,Actual,262.6,3
1228,14,4,2023-04-01,Forecast,247.4,0
1229,15,4,2023-04-01,Actual,277.2,3
1230,15,4,2023-04-01,Forecast,291.1,0
1231,16,4,2023-04-01,Actual,204.6,2
1232,16,4,2023-04-01,Forecast,209.1,0
1233,17,4,2023-04-01,Actual,367.6,0
1234,17,4,2023-04-01,Forecast,363.9,0
1235,18,4,2023-04-01,Actual,274.3,0
1236,18,4,2023-04-01,Forecast,290.8,0
1237,19,4,2023-04-01,Actual,214.6,1
1238,19,4,2023-04-01,Forecast,217.6,0
1239,20,4,2023-04-01,Actual,77.2,4
1240,20,4,2023-04-01,Forecast,94.0,0
1241,21,4,2023-04-01,Actual,333.7,5
1242,21,4,2023-04-01,Forecast,330.2,0
1243,22,4,2023-04-01,Actual,222.7,5
1244,22,4,2023-04-01,Forecast,217.8,0
1245,23,4,2023-04-01,Actual,401.8,2
1246,23,4,2023-04-01,Forecast,367.3,0
1247,24,4,2023-04-01,Actual,191.0,0
1248,24,4,2023-04-01,Forecast,227.4,0
1249,25,4,2023-04-01,Actual,235.4,2
1250,25,4,2023-04-01,Forecast,297.7,0
1251,26,4,2023-04-01,Actual,188.8,0
1252,26,4,2023-04-01,Forecast,173.2,0
1253,27,4,2023-04-01,Actual,141.5,5
1254,27,4,2023-04-01,Forecast,139.0,0
1255,28,4,2023-04-01,Actual,375.3,2
1256,28,4,2023-04-01,Forecast,360.6,0
1257,29,4,2023-04-01,Actual,202.5,2
1258,29,4,2023-04-01,Forecast,236.1,0
1259,30,4,2023-04-01,Actual,162.1,1
1260,30,4,2023-04-01,Forecast,173.4,0
1261,31,4,2023-04-01,Actual,380.8,4
1262,31,4,2023-04-01,Forecast,393.9,0
1263,32,4,2023-04-01,Actual,116.0,2
1264,32,4,2023-04-01,Forecast,109.3,0
1265,33,4,2023-04-01,Actual,149.1,4
1266,33,4,2023-04-01,Forecast,168.4,0
1267,34,4,2023-04-01,Actual,163.2,0
1268,34,4,2023-04-01,Forecast,151.0,0
1269,35,4,2023-04-01,Actual,182.0,1
1270,35,4,2023-04-01,Forecast,198.6,0
1271,36,4,2023-04-01,Actual,217.5,4
1272,36,4,2023-04-01,Forecast,199.3,0
1273,37,4,2023-04-01,Actual,409.8,2
1274,37,4,2023-04-01,Forecast,391.1,0
1275,38,4,2023-04-01,Actual,225.1,4
1276,38,4,2023-04-01,Forecast,188.1,0
1277,39,4,2023-04-01,Actual,306.3,5
1278,39,4,2023-04-01,Forecast,330.5,0
1279,40,4,2023-04-01,Actual,284.9,5
1280,40,4,2023-04-01,Forecast,253.5,0
1281,1,1,2023-05-01,Actual,94.3,5
1282,1,1,2023-05-01,Forecast,92.0,0
1283,2,1,2023-05-01,Actual,289.1,1
1284,2,1,2023-05-01,Forecast,238.9,0
1285,3,1,2023-05-01,Actual,139.4,2
1286,3,1,2023-05-01,Forecast,146.7,0
1287,4,1,2023-05-01,Actual,161.5,0
1288,4,1,2023-05-01,Forecast,154.0,0
1289,5,1,2023-05-01,Actual,295.8,0
1290,5,1,2023-05-01,Forecast,323.8,0
1291,6,1,2023-05-01,Actual,273.9,2
1292,6,1,2023-05-01,Forecast,332.8,0
1293,7,1,2023-05-01,Actual,127.3,3
1294,7,1,2023-05-01,Forecast,131.2,0
1295,8,1,2023-05-01,Actual,248.8,1
1296,8,1,2023-05-01,Forecast,289.0,0
1297,9,1,2023-05-01,Actual,322.1,3
1298,9,1,2023-05-01,Forecast,353.0,0
1299,10,1,2023-05-01,Actual,270.2,0
1300,10,1,2023-05-01,Forecast,282.6,0
1301,11,1,2023-05-01,Actual,158.4,2
1302,11,1,2023-05-01,Forecast,166.3,0
1303,12,1,2023-05-01,Actual,270.6,4
1304,12,1,2023-05-01,Forecast,299.4,0
1305,13,1,2023-05-01,Actual,119.9,3
1306,13,1,2023-05-01,Forecast,117.2,0
1307,14,1,2023-05-01,Actual,169.7,2
1308,14,1,2023-05-01,Forecast,154.9,0
1309,15,1,2023-05-01,Actual,248.2,3
1310,15,1,2023-05-01,Forecast,255.7,0
1311,16,1,2023-05-01,Actual,303.1,3
1312,16,1,2023-05-01,Forecast,290.7,0
1313,17,1,2023-05-01,Actual,117.8,2
1314,17,1,2023-05-01,Forecast,117.7,0
1315,18,1,2023-05-01,Actual,218.1,2
1316,18,1,2023-05-01,Forecast,220.5,0
1317,19,1,2023-05-01,Actual,106.1,5
1318,19,1,2023-05-01,Forecast,104.2,0
1319,20,1,2023-05-01,Actual,380.5,5
1320,20,1,2023-05-01,Forecast,390.2,0
1321,21,1,2023-05-01,Actual,128.7,3
1322,21,1,2023-05-01,Forecast,144.1,0
1323,22,1,2023-05-01,Actual,148.6,5
1324,22,1,2023-05-01,Forecast,156.3,0
1325,23,1,2023-05-01,Actual,307.1,3
1326,23,1,2023-05-01,Forecast,344.9,0
1327,24,1,2023-05-01,Actual,306.4,3
1328,24,1,2023-05-01,Forecast,277.7,0
1329,25,1,2023-05-01,Actual,150.1,4
1330,25,1,2023-05-01,Forecast,169.0,0
1331,26,1,2023-05-01,Actual,115.9,1
1332,26,1,2023-05-01,Forecast,130.1,0
1333,27,1,2023-05-01,Actual,293.6,3
1334,27,1,2023-05-01,Forecast,337.7,0
1335,28,1,2023-05-01,Actual,371.9,1
1336,28,1,2023-05-01,Forecast,389.3,0
1337,29,1,2023-05-01,Actual,262.6,0
1338,29,1,2023-05-01,Forecast,297.9,0
1339,30,1,2023-05-01,Actual,355.5,0
1340,30,1,2023-05-01,Forecast,411.2,0
1341,31,1,2023-05-01,Actual,256.6,5
1342,31,1,2023-05-01,Forecast,267.0,0
1343,32,1,2023-05-01,Actual,181.7,1
1344,32,1,2023-05-01,Forecast,156.2,0
1345,33,1,2023-05-01,Actual,306.8,2
1346,33,1,2023-05-01,Forecast,338.9,0
1347,34,1,2023-05-01,Actual,240.0,1
1348,34,1,2023-05-01,Forecast,248.4,0
1349,35,1,2023-05-01,Actual,394.9,5
1350,35,1,2023-05-01,Forecast,341.3,0
1351,36,1,2023-05-01,Actual,216.5,2
1352,36,1,2023-05-01,Forecast,227.3,0
1353,37,1,2023-05-01,Actual,271.7,2
1354,37,1,2023-05-01,Forecast,265.7,0
1355,38,1,2023-05-01,Actual,215.4,2
1356,38,1,2023-05-01,Forecast,210.8,0
1357,39,1,2023-05-01,Actual,202.6,3
1358,39,1,2023-05-01,Forecast,214.9,0
1359,40,1,2023-05-01,Actual,140.4,3
1360,40,1,2023-05-01,Forecast,151.1,0
1361,1,2,2023-05-01,Actual,164.7,3
1362,1,2,2023-05-01,Forecast,186.0,0
1363,2,2,2023-05-01,Actual,226.0,0
1364,2,2,2023-05-01,Forecast,213.9,0
1365,3,2,2023-05-01,Actual,268.0,5
1366,3,2,2023-05-01,Forecast,269.0,0
1367,4,2,2023-05-01,Actual,246.8,4
1368,4,2,2023-05-01,Forecast,215.5,0
1369,5,2,2023-05-01,Actual,236.2,2
1370,5,2,2023-05-01,Forecast,224.9,0
1371,6,2,2023-05-01,Actual,190.8,3
1372,6,2,2023-05-01,Forecast,186.0,0
1373,7,2,2023-05-01,Actual,387.6,4
1374,7,2,2023-05-01,Forecast,346.5,0
1375,8,2,2023-05-01,Actual,290.2,3
1376,8,2,2023-05-01,Forecast,286.0,0
1377,9,2,2023-05-01,Actual,214.6,5
1378,9,2,2023-05-01,Forecast,219.0,0
1379,10,2,2023-05-01,Actual,172.9,2
1380,10,2,2023-05-01,Forecast,181.6,0
1381,11,2,2023-05-01,Actual,148.6,2
1382,11,2,2023-05-01,Forecast,147.8,0
1383,12,2,2023-05-01,Actual,372.0,2
1384,12,2,2023-05-01,Forecast,397.9,0
1385,13,2,2023-05-01,Actual,398.0,3
1386,13,2,2023-05-01,Forecast,329.1,0
1387,14,2,2023-05-01,Actual,155.4,1
1388,14,2,2023-05-01,Forecast,146.8,0
1389,15,2,2023-05-01,Actual,332.5,5
1390,15,2,2023-05-01,Forecast,277.2,0
1391,16,2,2023-05-01,Actual,303.6,0
1392,16,2,2023-05-01,Forecast,357.7,0
1393,17,2,2023-05-01,Actual,251.0,3
1394,17,2,2023-05-01,Forecast,300.1,0
1395,18,2,2023-05-01,Actual,202.4,1
1396,18,2,2023-05-01,Forecast,194.7,0
1397,19,2,2023-05-01,Actual,166.4,0
1398,19,2,2023-05-01,Forecast,151.4,0
1399,20,2,2023-05-01,Actual,234.5,0
1400,20,2,2023-05-01,Forecast,222.8,0
1401,21,2,2023-05-01,Actual,329.5,5
1402,21,2,2023-05-01,Forecast,321.6,0
1403,22,2,2023-05-01,Actual,396.2,5
1404,22,2,2023-05-01,Forecast,404.7,0
1405,23,2,2023-05-01,Actual,124.4,0
1406,23,2,2023-05-01,Forecast,135.2,0
1407,24,2,2023-05-01,Actual,184.6,2
1408,24,2,2023-05-01,Forecast,182.2,0
1409,25,2,2023-05-01,Actual,185.4,5
1410,25,2,2023-05-01,Forecast,220.0,0
1411,26,2,2023-05-01,Actual,153.9,1
1412,26,2,2023-05-01,Forecast,153.5,0
1413,27,2,2023-05-01,Actual,228.8,4
1414,27,2,2023-05-01,Forecast,256.0,0
1415,28,2,2023-05-01,Actual,369.0,1
1416,28,2,2023-05-01,Forecast,367.8,0
1417,29,2,2023-05-01,Actual,190.8,5
1418,29,2,2023-05-01,Forecast,166.8,0
1419,30,2,2023-05-01,Actual,394.7,4
1420,30,2,2023-05-01,Forecast,354.9,0
1421,31,2,2023-05-01,Actual,391.1,5
1422,31,2,2023-05-01,Forecast,395.2,0
1423,32,2,2023-05-01,Actual,125.9,5
1424,32,2,2023-05-01,Forecast,134.6,0
1425,33,2,2023-05-01,Actual,120.3,0
1426,33,2,2023-05-01,Forecast,124.8,0
1427,34,2,2023-05-01,Actual,79.9,2
1428,34,2,2023-05-01,Forecast,89.4,0
1429,35,2,2023-05-01,Actual,176.7,2
1430,35,2,2023-05-01,Forecast,170.3,0
1431,36,2,2023-05-01,Actual,354.7,5
1432,36,2,2023-05-01,Forecast,352.7,0
1433,37,2,2023-05-01,Actual,87.3,4
1434,37,2,2023-05-01,Forecast,84.7,0
1435,38,2,2023-05-01,Actual,131.4,1
1436,38,2,2023-05-01,Forecast,126.3,0
1437,39,2,2023-05-01,Actual,379.4,3
1438,39,2,2023-05-01,Forecast,387.6,0
1439,40,2,2023-05-01,Actual,128.7,4
1440,40,2,2023-05-01,Forecast,121.9,0
1441,1,3,2023-05-01,Actual,318.3,0
1442,1,3,2023-05-01,Forecast,365.6,0
1443,2,3,2023-05-01,Actual,272.8,0
1444,2,3,2023-05-01,Forecast,276.1,0
1445,3,3,2023-05-01,Actual,420.6,4
1446,3,3,2023-05-01,Forecast,371.3,0
1447,4,3,2023-05-01,Actual,83.5,5
1448,4,3,2023-05-01,Forecast,92.3,0
1449,5,3,2023-05-01,Actual,160.4,4
1450,5,3,2023-05-01,Forecast,179.5,0
1451,6,3,2023-05-01,Actual,230.8,5
1452,6,3,2023-05-01,Forecast,221.6,0
1453,7,3,2023-05-01,Actual,194.3,0
1454,7,3,2023-05-01,Forecast,178.1,0
1455,8,3,2023-05-01,Actual,190.4,4
1456,8,3,2023-05-01,Forecast,228.5,0
1457,9,3,2023-05-01,Actual,364.6,1
1458,9,3,2023-05-01,Forecast,356.1,0
1459,10,3,2023-05-01,Actual,396.3,0
1460,10,3,2023-05-01,Forecast,420.4,0
1461,11,3,2023-05-01,Actual,210.7,4
1462,11,3,2023-05-01,Forecast,237.7,0
1463,12,3,2023-05-01,Actual,396.7,2
1464,12,3,2023-05-01,Forecast,404.0,0
1465,13,3,2023-05-01,Actual,177.0,2
1466,13,3,2023-05-01,Forecast,176.7,0
1467,14,3,2023-05-01,Actual,207.3,5
1468,14,3,2023-05-01,Forecast,189.6,0
1469,15,3,2023-05-01,Actual,320.6,2
1470,15,3,2023-05-01,Forecast,285.3,0
1471,16,3,2023-05-01,Actual,202.1,5
1472,16,3,2023-05-01,Forecast,201.1,0
1473,17,3,2023-05-01,Actual,209.7,5
1474,17,3,2023-05-01,Forecast,241.3,0
1475,18,3,2023-05-01,Actual,404.8,0
1476,18,3,2023-05-01,Forecast,357.4,0
1477,19,3,2023-05-01,Actual,174.5,0
1478,19,3,2023-05-01,Forecast,169.2,0
1479,20,3,2023-05-01,Actual,209.4,4
1480,20,3,2023-05-01,Forecast,217.7,0
1481,21,3,2023-05-01,Actual,282.8,5
1482,21,3,2023-05-01,Forecast,265.0,0
1483,22,3,2023-05-01,Actual,409.9,0
1484,22,3,2023-05-01,Forecast,388.6,0
1485,23,3,2023-05-01,Actual,112.2,2
1486,23,3,2023-05-01,Forecast,112.3,0
1487,24,3,2023-05-01,Actual,227.6,5
1488,24,3,2023-05-01,Forecast,215.9,0
1489,25,3,2023-05-01,Actual,367.1,4
1490,25,3,2023-05-01,Forecast,327.7,0
1491,26,3,2023-05-01,Actual,304.8,0
1492,26,3,2023-05-01,Forecast,283.0,0
1493,27,3,2023-05-01,Actual,304.7,5
1494,27,3,2023-05-01,Forecast,287.1,0
1495,28,3,2023-05-01,Actual,349.3,4
1496,28,3,2023-05-01,Forecast,363.4,0
1497,29,3,2023-05-01,Actual,133.8,5
1498,29,3,2023-05-01,Forecast,149.5,0
1499,30,3,2023-05-01,Actual,292.2,2
1500,30,3,2023-05-01,Forecast,294.7,0
1501,31,3,2023-05-01,Actual,391.4,4
1502,31,3,2023-05-01,Forecast,338.4,0
1503,32,3,2023-05-01,Actual,229.4,1
1504,32,3,2023-05-01,Forecast,208.8,0
1505,33,3,2023-05-01,Actual,110.8,0
1506,33,3,2023-05-01,Forecast,127.8,0
1507,34,3,2023-05-01,Actual,378.3,1
1508,34,3,2023-05-01,Forecast,362.7,0
1509,35,3,2023-05-01,Actual,148.4,0
1510,35,3,2023-05-01,Forecast,141.6,0
1511,36,3,2023-05-01,Actual,144.3,5
1512,36,3,2023-05-01,Forecast,130.0,0
1513,37,3,2023-05-01,Actual,97.6,0
1514,37,3,2023-05-01,Forecast,111.4,0
1515,38,3,2023-05-01,Actual,119.4,3
1516,38,3,2023-05-01,Forecast,117.6,0
1517,39,3,2023-05-01,Actual,219.2,1
1518,39,3,2023-05-01,Forecast,230.5,0
1519,40,3,2023-05-01,Actual,340.5,3
1520,40,3,2023-05-01,Forecast,310.0,0
1521,1,4,2023-05-01,Actual,193.6,3
1522,1,4,2023-05-01,Forecast,186.6,0
1523,2,4,2023-05-01,Actual,138.0,4
1524,2,4,2023-05-01,Forecast,145.1,0
1525,3,4,2023-05-01,Actual,389.5,3
1526,3,4,2023-05-01,Forecast,368.1,0
1527,4,4,2023-05-01,Actual,175.3,4
1528,4,4,2023-05-01,Forecast,171.7,0
1529,5,4,2023-05-01,Actual,227.2,5
1530,5,4,2023-05-01,Forecast,207.3,0
1531,6,4,2023-05-01,Actual,276.0,4
1532,6,4,2023-05-01,Forecast,288.0,0
1533,7,4,2023-05-01,Actual,193.9,0
1534,7,4,2023-05-01,Forecast,207.9,0
1535,8,4,2023-05-01,Actual,331.0,1
1536,8,4,2023-05-01,Forecast,344.6,0
1537,9,4,2023-05-01,Actual,171.1,3
1538,9,4,2023-05-01,Forecast,175.9,0
1539,10,4,2023-05-01,Actual,233.0,5
1540,10,4,2023-05-01,Forecast,257.0,0
1541,11,4,2023-05-01,Actual,115.5,1
1542,11,4,2023-05-01,Forecast,108.5,0
1543,12,4,2023-05-01,Actual,221.2,5
1544,12,4,2023-05-01,Forecast,240.2,0
1545,13,4,2023-05-01,Actual,283.8,5
1546,13,4,2023-05-01,Forecast,292.8,0
1547,14,4,2023-05-01,Actual,269.7,3
1548,14,4,2023-05-01,Forecast,267.3,0
1549,15,4,2023-05-01,Actual,180.7,4
1550,15,4,2023-05-01,Forecast,158.7,0
1551,16,4,2023-05-01,Actual,194.6,0
1552,16,4,2023-05-01,Forecast,190.8,0
1553,17,4,2023-05-01,Actual,382.2,2
1554,17,4,2023-05-01,Forecast,420.6,0
1555,18,4,2023-05-01,Actual,102.8,2
1556,18,4,2023-05-01,Forecast,84.8,0
1557,19,4,2023-05-01,Actual,305.1,2
1558,19,4,2023-05-01,Forecast,265.8,0
1559,20,4,2023-05-01,Actual,164.0,4
1560,20,4,2023-05-01,Forecast,156.8,0
1561,21,4,2023-05-01,Actual,86.1,4
1562,21,4,2023-05-01,Forecast,90.9,0
1563,22,4,2023-05-01,Actual,99.2,1
1564,22,4,2023-05-01,Forecast,89.2,0
1565,23,4,2023-05-01,Actual,184.8,1
1566,23,4,2023-05-01,Forecast,190.0,0
1567,24,4,2023-05-01,Actual,320.9,4
1568,24,4,2023-05-01,Forecast,388.2,0
1569,25,4,2023-05-01,Actual,373.5,1
1570,25,4,2023-05-01,Forecast,370.4,0
1571,26,4,2023-05-01,Actual,220.0,2
1572,26,4,2023-05-01,Forecast,203.8,0
1573,27,4,2023-05-01,Actual,222.3,2
1574,27,4,2023-05-01,Forecast,256.8,0
1575,28,4,2023-05-01,Actual,235.8,5
1576,28,4,2023-05-01,Forecast,260.3,0
1577,29,4,2023-05-01,Actual,310.0,1
1578,29,4,2023-05-01,Forecast,309.9,0
1579,30,4,2023-05-01,Actual,381.2,1
1580,30,4,2023-05-01,Forecast,370.7,0
1581,31,4,2023-05-01,Actual,390.6,1
1582,31,4,2023-05-01,Forecast,365.0,0
1583,32,4,2023-05-01,Actual,78.7,1
1584,32,4,2023-05-01,Forecast,75.3,0
1585,33,4,2023-05-01,Actual,149.1,5
1586,33,4,2023-05-01,Forecast,143.8,0
1587,34,4,2023-05-01,Actual,223.7,5
1588,34,4,2023-05-01,Forecast,255.7,0
1589,35,4,2023-05-01,Actual,133.5,4
1590,35,4,2023-05-01,Forecast,149.5,0
1591,36,4,2023-05-01,Actual,200.2,4
1592,36,4,2023-05-01,Forecast,195.4,0
1593,37,4,2023-05-01,Actual,339.9,2
1594,37,4,2023-05-01,Forecast,366.2,0
1595,38,4,2023-05-01,Actual,126.7,2
1596,38,4,2023-05-01,Forecast,128.5,0
1597,39,4,2023-05-01,Actual,398.9,2
1598,39,4,2023-05-01,Forecast,389.6,0
1599,40,4,2023-05-01,Actual,141.5,3
1600,40,4,2023-05-01,Forecast,146.8,0
1601,1,1,2023-06-01,Actual,242.9,2
1602,1,1,2023-06-01,Forecast,208.2,0
1603,2,1,2023-06-01,Actual,186.4,1
1604,2,1,2023-06-01,Forecast,159.2,0
1605,3,1,2023-06-01,Actual,291.3,2
1606,3,1,2023-06-01,Forecast,282.9,0
1607,4,1,2023-06-01,Actual,152.4,0
1608,4,1,2023-06-01,Forecast,136.2,0
1609,5,1,2023-06-01,Actual,158.3,4
1610,5,1,2023-06-01,Forecast,157.6,0
1611,6,1,2023-06-01,Actual,329.4,1
1612,6,1,2023-06-01,Forecast,271.8,0
1613,7,1,2023-06-01,Actual,129.7,2
1614,7,1,2023-06-01,Forecast,127.5,0
1615,8,1,2023-06-01,Actual,211.0,0
1616,8,1,2023-06-01,Forecast,182.2,0
1617,9,1,2023-06-01,Actual,140.0,4
1618,9,1,2023-06-01,Forecast,134.2,0
1619,10,1,2023-06-01,Actual,251.2,1
1620,10,1,2023-06-01,Forecast,264.2,0
1621,11,1,2023-06-01,Actual,358.4,3
1622,11,1,2023-06-01,Forecast,343.7,0
1623,12,1,2023-06-01,Actual,405.6,1
1624,12,1,2023-06-01,Forecast,358.8,0
1625,13,1,2023-06-01,Actual,207.0,0
1626,13,1,2023-06-01,Forecast,221.3,0
1627,14,1,2023-06-01,Actual,224.8,5
1628,14,1,2023-06-01,Forecast,219.5,0
1629,15,1,2023-06-01,Actual,360.3,0
1630,15,1,2023-06-01,Forecast,350.6,0
1631,16,1,2023-06-01,Actual,353.9,2
1632,16,1,2023-06-01,Forecast,358.6,0
1633,17,1,2023-06-01,Actual,104.1,1
1634,17,1,2023-06-01,Forecast,103.2,0
1635,18,1,2023-06-01,Actual,373.1,5
1636,18,1,2023-06-01,Forecast,419.2,0
1637,19,1,2023-06-01,Actual,140.5,5
1638,19,1,2023-06-01,Forecast,115.6,0
1639,20,1,2023-06-01,Actual,173.4,1
1640,20,1,2023-06-01,Forecast,162.2,0
1641,21,1,2023-06-01,Actual,255.1,1
1642,21,1,2023-06-01,Forecast,286.4,0
1643,22,1,2023-06-01,Actual,119.7,3
1644,22,1,2023-06-01,Forecast,137.0,0
1645,23,1,2023-06-01,Actual,242.1,5
1646,23,1,2023-06-01,Forecast,270.8,0
1647,24,1,2023-06-01,Actual,221.1,4
1648,24,1,2023-06-01,Forecast,228.4,0
1649,25,1,2023-06-01,Actual,321.1,0
1650,25,1,2023-06-01,Forecast,323.3,0
1651,26,1,2023-06-01,Actual,343.5,4
1652,26,1,2023-06-01,Forecast,355.2,0
1653,27,1,2023-06-01,Actual,229.9,4
1654,27,1,2023-06-01,Forecast,221.8,0
1655,28,1,2023-06-01,Actual,222.4,0
1656,28,1,2023-06-01,Forecast,230.2,0
1657,29,1,2023-06-01,Actual,152.9,1
1658,29,1,2023-06-01,Forecast,130.0,0
1659,30,1,2023-06-01,Actual,132.6,0
1660,30,1,2023-06-01,Forecast,131.9,0
1661,31,1,2023-06-01,Actual,202.1,0
1662,31,1,2023-06-01,Forecast,159.9,0
1663,32,1,2023-06-01,Actual,276.5,2
1664,32,1,2023-06-01,Forecast,269.8,0
1665,33,1,2023-06-01,Actual,166.8,0
1666,33,1,2023-06-01,Forecast,184.8,0
1667,34,1,2023-06-01,Actual,148.7,0
1668,34,1,2023-06-01,Forecast,129.1,0
1669,35,1,2023-06-01,Actual,131.0,1
1670,35,1,2023-06-01,Forecast,147.2,0
1671,36,1,2023-06-01,Actual,364.3,3
1672,36,1,2023-06-01,Forecast,362.6,0
1673,37,1,2023-06-01,Actual,348.8,3
1674,37,1,2023-06-01,Forecast,333.7,0
1675,38,1,2023-06-01,Actual,401.2,3
1676,38,1,2023-06-01,Forecast,420.1,0
1677,39,1,2023-06-01,Actual,244.4,2
1678,39,1,2023-06-01,Forecast,265.1,0
1679,40,1,2023-06-01,Actual,199.0,2
1680,40,1,2023-06-01,Forecast,205.9,0
1681,1,2,2023-06-01,Actual,286.4,3
1682,1,2,2023-06-01,Forecast,361.7,0
1683,2,2,2023-06-01,Actual,203.4,5
1684,2,2,2023-06-01,Forecast,219.0,0
1685,3,2,2023-06-01,Actual,85.2,2
1686,3,2,2023-06-01,Forecast,93.0,0
1687,4,2,2023-06-01,Actual,275.0,0
1688,4,2,2023-06-01,Forecast,287.7,0
1689,5,2,2023-06-01,Actual,194.8,3
1690,5,2,2023-06-01,Forecast,207.3,0
1691,6,2,2023-06-01,Actual,336.4,1
1692,6,2,2023-06-01,Forecast,315.4,0
1693,7,2,2023-06-01,Actual,236.8,3
1694,7,2,2023-06-01,Forecast,269.0,0
1695,8,2,2023-06-01,Actual,312.2,5
1696,8,2,2023-06-01,Forecast,345.6,0
1697,9,2,2023-06-01,Actual,275.1,3
1698,9,2,2023-06-01,Forecast,334.4,0
1699,10,2,2023-06-01,Actual,114.4,1
1700,10,2,2023-06-01,Forecast,130.1,0
1701,11,2,2023-06-01,Actual,90.6,2
1702,11,2,2023-06-01,Forecast,98.4,0
1703,12,2,2023-06-01,Actual,322.6,4
1704,12,2,2023-06-01,Forecast,360.2,0
1705,13,2,2023-06-01,Actual,258.2,4
1706,13,2,2023-06-01,Forecast,303.3,0
1707,14,2,2023-06-01,Actual,100.2,1
1708,14,2,2023-06-01,Forecast,101.7,0
1709,15,2,2023-06-01,Actual,364.3,0
1710,15,2,2023-06-01,Forecast,324.8,0
1711,16,2,2023-06-01,Actual,319.6,1
1712,16,2,2023-06-01,Forecast,328.4,0
1713,17,2,2023-06-01,Actual,222.7,3
1714,17,2,2023-06-01,Forecast,248.4,0
1715,18,2,2023-06-01,Actual,381.2,5
1716,18,2,2023-06-01,Forecast,370.9,0
1717,19,2,2023-06-01,Actual,113.4,0
1718,19,2,2023-06-01,Forecast,99.5,0
1719,20,2,2023-06-01,Actual,294.1,2
1720,20,2,2023-06-01,Forecast,253.8,0
1721,21,2,2023-06-01,Actual,191.2,4
1722,21,2,2023-06-01,Forecast,231.3,0
1723,22,2,2023-06-01,Actual,434.7,1
1724,22,2,2023-06-01,Forecast,397.7,0
1725,23,2,2023-06-01,Actual,279.0,5
1726,23,2,2023-06-01,Forecast,296.4,0
1727,24,2,2023-06-01,Actual,404.8,3
1728,24,2,2023-06-01,Forecast,412.7,0
1729,25,2,2023-06-01,Actual,227.0,5
1730,25,2,2023-06-01,Forecast,206.7,0
1731,26,2,2023-06-01,Actual,140.6,5
1732,26,2,2023-06-01,Forecast,155.0,0
1733,27,2,2023-06-01,Actual,253.8,1
1734,27,2,2023-06-01,Forecast,253.0,0
1735,28,2,2023-06-01,Actual,230.3,5
1736,28,2,2023-06-01,Forecast,273.6,0
1737,29,2,2023-06-01,Actual,325.9,0
1738,29,2,2023-06-01,Forecast,344.7,0
1739,30,2,2023-06-01,Actual,327.3,0
1740,30,2,2023-06-01,Forecast,333.1,0
1741,31,2,2023-06-01,Actual,401.0,5
1742,31,2,2023-06-01,Forecast,339.2,0
1743,32,2,2023-06-01,Actual,197.2,1
1744,32,2,2023-06-01,Forecast,178.0,0
1745,33,2,2023-06-01,Actual,75.5,4
1746,33,2,2023-06-01,Forecast,84.2,0
1747,34,2,2023-06-01,Actual,342.8,1
1748,34,2,2023-06-01,Forecast,370.7,0
1749,35,2,2023-06-01,Actual,270.3,1
1750,35,2,2023-06-01,Forecast,228.4,0
1751,36,2,2023-06-01,Actual,230.0,1
1752,36,2,2023-06-01,Forecast,193.6,0
1753,37,2,2023-06-01,Actual,166.0,5
1754,37,2,2023-06-01,Forecast,188.2,0
1755,38,2,2023-06-01,Actual,142.9,3
1756,38,2,2023-06-01,Forecast,144.1,0
1757,39,2,2023-06-01,Actual,273.7,1
1758,39,2,2023-06-01,Forecast,301.2,0
1759,40,2,2023-06-01,Actual,274.9,5
1760,40,2,2023-06-01,Forecast,249.2,0
1761,1,3,2023-06-01,Actual,415.5,0
1762,1,3,2023-06-01,Forecast,368.6,0
1763,2,3,2023-06-01,Actual,365.2,0
1764,2,3,2023-06-01,Forecast,335.6,0
1765,3,3,2023-06-01,Actual,84.3,5
1766,3,3,2023-06-01,Forecast,101.0,0
1767,4,3,2023-06-01,Actual,379.0,5
1768,4,3,2023-06-01,Forecast,355.3,0
1769,5,3,2023-06-01,Actual,160.5,5
1770,5,3,2023-06-01,Forecast,152.0,0
1771,6,3,2023-06-01,Actual,319.7,0
1772,6,3,2023-06-01,Forecast,345.9,0
1773,7,3,2023-06-01,Actual,262.5,1
1774,7,3,2023-06-01,Forecast,227.4,0
1775,8,3,2023-06-01,Actual,239.0,1
1776,8,3,2023-06-01,Forecast,227.4,0
1777,9,3,2023-06-01,Actual,97.8,2
1778,9,3,2023-06-01,Forecast,104.7,0
1779,10,3,2023-06-01,Actual,160.2,2
1780,10,3,2023-06-01,Forecast,157.3,0
1781,11,3,2023-06-01,Actual,425.1,1
1782,11,3,2023-06-01,Forecast,385.2,0
1783,12,3,2023-06-01,Actual,389.6,5
1784,12,3,2023-06-01,Forecast,416.3,0
1785,13,3,2023-06-01,Actual,345.4,1
1786,13,3,2023-06-01,Forecast,325.8,0
1787,14,3,2023-06-01,Actual,263.9,3
1788,14,3,2023-06-01,Forecast,246.6,0
1789,15,3,2023-06-01,Actual,187.1,1
1790,15,3,2023-06-01,Forecast,213.6,0
1791,16,3,2023-06-01,Actual,299.1,5
1792,16,3,2023-06-01,Forecast,282.3,0
1793,17,3,2023-06-01,Actual,164.7,1
1794,17,3,2023-06-01,Forecast,186.1,0
1795,18,3,2023-06-01,Actual,202.7,2
1796,18,3,2023-06-01,Forecast,196.9,0
1797,19,3,2023-06-01,Actual,425.2,5
1798,19,3,2023-06-01,Forecast,377.8,0
1799,20,3,2023-06-01,Actual,305.7,0
1800,20,3,2023-06-01,Forecast,288.5,0
1801,21,3,2023-06-01,Actual,314.4,2
1802,21,3,2023-06-01,Forecast,359.2,0
1803,22,3,2023-06-01,Actual,110.9,0
1804,22,3,2023-06-01,Forecast,110.9,0
1805,23,3,2023-06-01,Actual,187.9,1
1806,23,3,2023-06-01,Forecast,148.9,0
1807,24,3,2023-06-01,Actual,141.0,3
1808,24,3,2023-06-01,Forecast,120.2,0
1809,25,3,2023-06-01,Actual,209.8,0
1810,25,3,2023-06-01,Forecast,180.6,0
1811,26,3,2023-06-01,Actual,103.7,2
1812,26,3,2023-06-01,Forecast,104.2,0
1813,27,3,2023-06-01,Actual,103.7,2
1814,27,3,2023-06-01,Forecast,90.6,0
1815,28,3,2023-06-01,Actual,299.6,2
1816,28,3,2023-06-01,Forecast,287.7,0
1817,29,3,2023-06-01,Actual,323.7,1
1818,29,3,2023-06-01,Forecast,339.4,0
1819,30,3,2023-06-01,Actual,164.3,1
1820,30,3,2023-06-01,Forecast,176.2,0
1821,31,3,2023-06-01,Actual,78.4,0
1822,31,3,2023-06-01,Forecast,91.6,0
1823,32,3,2023-06-01,Actual,164.2,5
1824,32,3,2023-06-01,Forecast,176.8,0
1825,33,3,2023-06-01,Actual,196.2,1
1826,33,3,2023-06-01,Forecast,181.2,0
1827,34,3,2023-06-01,Actual,243.2,3
1828,34,3,2023-06-01,Forecast,223.1,0
1829,35,3,2023-06-01,Actual,325.8,1
1830,35,3,2023-06-01,Forecast,309.6,0
1831,36,3,2023-06-01,Actual,230.2,3
1832,36,3,2023-06-01,Forecast,209.7,0
1833,37,3,2023-06-01,Actual,271.5,3
1834,37,3,2023-06-01,Forecast,258.0,0
1835,38,3,2023-06-01,Actual,195.3,2
1836,38,3,2023-06-01,Forecast,198.0,0
1837,39,3,2023-06-01,Actual,346.6,2
1838,39,3,2023-06-01,Forecast,349.7,0
1839,40,3,2023-06-01,Actual,279.2,1
1840,40,3,2023-06-01,Forecast,332.8,0
1841,1,4,2023-06-01,Actual,160.5,5
1842,1,4,2023-06-01,Forecast,133.6,0
1843,2,4,2023-06-01,Actual,292.4,3
1844,2,4,2023-06-01,Forecast,273.5,0
1845,3,4,2023-06-01,Actual,94.0,2
1846,3,4,2023-06-01,Forecast,81.5,0
1847,4,4,2023-06-01,Actual,165.1,0
1848,4,4,2023-06-01,Forecast,164.1,0
1849,5,4,2023-06-01,Actual,248.5,5
1850,5,4,2023-06-01,Forecast,237.3,0
1851,6,4,2023-06-01,Actual,377.0,2
1852,6,4,2023-06-01,Forecast,352.3,0
1853,7,4,2023-06-01,Actual,263.5,2
1854,7,4,2023-06-01,Forecast,249.3,0
1855,8,4,2023-06-01,Actual,145.1,1
1856,8,4,2023-06-01,Forecast,144.8,0
1857,9,4,2023-06-01,Actual,329.0,2
1858,9,4,2023-06-01,Forecast,393.4,0
1859,10,4,2023-06-01,Actual,126.0,4
1860,10,4,2023-06-01,Forecast,130.9,0
1861,11,4,2023-06-01,Actual,410.6,2
1862,11,4,2023-06-01,Forecast,372.2,0
1863,12,4,2023-06-01,Actual,96.9,1
1864,12,4,2023-06-01,Forecast,100.4,0
1865,13,4,2023-06-01,Actual,202.7,1
1866,13,4,2023-06-01,Forecast,208.1,0
1867,14,4,2023-06-01,Actual,215.1,0
1868,14,4,2023-06-01,Forecast,194.8,0
1869,15,4,2023-06-01,Actual,168.8,0
1870,15,4,2023-06-01,Forecast,199.6,0
1871,16,4,2023-06-01,Actual,99.9,0
1872,16,4,2023-06-01,Forecast,104.4,0
1873,17,4,2023-06-01,Actual,320.0,5
1874,17,4,2023-06-01,Forecast,373.1,0
1875,18,4,2023-06-01,Actual,119.3,1
1876,18,4,2023-06-01,Forecast,122.8,0
1877,19,4,2023-06-01,Actual,310.8,2
1878,19,4,2023-06-01,Forecast,305.2,0
1879,20,4,2023-06-01,Actual,366.7,2
1880,20,4,2023-06-01,Forecast,352.6,0
1881,21,4,2023-06-01,Actual,339.0,0
1882,21,4,2023-06-01,Forecast,402.7,0
1883,22,4,2023-06-01,Actual,171.1,2
1884,22,4,2023-06-01,Forecast,170.0,0
1885,23,4,2023-06-01,Actual,154.5,3
1886,23,4,2023-06-01,Forecast,145.1,0
1887,24,4,2023-06-01,Actual,415.6,1
1888,24,4,2023-06-01,Forecast,406.8,0
1889,25,4,2023-06-01,Actual,347.5,1
1890,25,4,2023-06-01,Forecast,382.2,0
1891,26,4,2023-06-01,Actual,170.6,1
1892,26,4,2023-06-01,Forecast,189.7,0
1893,27,4,2023-06-01,Actual,310.8,2
1894,27,4,2023-06-01,Forecast,272.5,0
1895,28,4,2023-06-01,Actual,330.4,2
1896,28,4,2023-06-01,Forecast,311.5,0
1897,29,4,2023-06-01,Actual,318.6,5
1898,29,4,2023-06-01,Forecast,343.4,0
1899,30,4,2023-06-01,Actual,297.3,3
1900,30,4,2023-06-01,Forecast,332.3,0
1901,31,4,2023-06-01,Actual,175.8,5
1902,31,4,2023-06-01,Forecast,174.5,0
1903,32,4,2023-06-01,Actual,142.2,5
1904,32,4,2023-06-01,Forecast,157.9,0
1905,33,4,2023-06-01,Actual,268.6,5
1906,33,4,2023-06-01,Forecast,292.6,0
1907,34,4,2023-06-01,Actual,199.7,0
1908,34,4,2023-06-01,Forecast,246.7,0
1909,35,4,2023-06-01,Actual,196.9,5
1910,35,4,2023-06-01,Forecast,193.5,0
1911,36,4,2023-06-01,Actual,107.0,1
1912,36,4,2023-06-01,Forecast,110.6,0
1913,37,4,2023-06-01,Actual,226.6,3
1914,37,4,2023-06-01,Forecast,222.8,0
1915,38,4,2023-06-01,Actual,267.6,4
1916,38,4,2023-06-01,Forecast,303.8,0
1917,39,4,2023-06-01,Actual,162.9,4
1918,39,4,2023-06-01,Forecast,152.4,0
1919,40,4,2023-06-01,Actual,312.4,3
1920,40,4,2023-06-01,Forecast,272.2,0
1921,1,1,2023-07-01,Actual,293.5,3
1922,1,1,2023-07-01,Forecast,248.4,0
1923,2,1,2023-07-01,Actual,354.1,1
1924,2,1,2023-07-01,Forecast,297.7,0
1925,3,1,2023-07-01,Actual,90.0,5
1926,3,1,2023-07-01,Forecast,82.4,0
1927,4,1,2023-07-01,Actual,209.5,5
1928,4,1,2023-07-01,Forecast,195.7,0
1929,5,1,2023-07-01,Actual,158.0,0
1930,5,1,2023-07-01,Forecast,165.3,0
1931,6,1,2023-07-01,Actual,356.6,5
1932,6,1,2023-07-01,Forecast,386.8,0
1933,7,1,2023-07-01,Actual,83.2,1
1934,7,1,2023-07-01,Forecast,91.9,0
1935,8,1,2023-07-01,Actual,358.8,2
1936,8,1,2023-07-01,Forecast,358.0,0
1937,9,1,2023-07-01,Actual,219.7,5
1938,9,1,2023-07-01,Forecast,216.9,0
1939,10,1,2023-07-01,Actual,189.5,5
1940,10,1,2023-07-01,Forecast,169.8,0
1941,11,1,2023-07-01,Actual,250.4,3
1942,11,1,2023-07-01,Forecast,213.2,0
1943,12,1,2023-07-01,Actual,143.5,0
1944,12,1,2023-07-01,Forecast,179.5,0
1945,13,1,2023-07-01,Actual,229.2,1
1946,13,1,2023-07-01,Forecast,194.5,0
1947,14,1,2023-07-01,Actual,188.1,4
1948,14,1,2023-07-01,Forecast,162.2,0
1949,15,1,2023-07-01,Actual,136.9,2
1950,15,1,2023-07-01,Forecast,135.7,0
1951,16,1,2023-07-01,Actual,279.6,2
1952,16,1,2023-07-01,Forecast,309.3,0
1953,17,1,2023-07-01,Actual,265.5,3
1954,17,1,2023-07-01,Forecast,302.3,0
1955,18,1,2023-07-01,Actual,201.7,5
1956,18,1,2023-07-01,Forecast,183.8,0
1957,19,1,2023-07-01,Actual,386.6,1
1958,19,1,2023-07-01,Forecast,367.1,0
1959,20,1,2023-07-01,Actual,142.8,4
1960,20,1,2023-07-01,Forecast,148.2,0
1961,21,1,2023-07-01,Actual,266.6,3
1962,21,1,2023-07-01,Forecast,290.3,0
1963,22,1,2023-07-01,Actual,250.5,5
1964,22,1,2023-07-01,Forecast,226.8,0
1965,23,1,2023-07-01,Actual,147.3,3
1966,23,1,2023-07-01,Forecast,168.3,0
1967,24,1,2023-07-01,Actual,87.9,2
1968,24,1,2023-07-01,Forecast,78.3,0
1969,25,1,2023-07-01,Actual,200.4,1
1970,25,1,2023-07-01,Forecast,203.9,0
1971,26,1,2023-07-01,Actual,321.3,0
1972,26,1,2023-07-01,Forecast,364.2,0
1973,27,1,2023-07-01,Actual,301.4,4
1974,27,1,2023-07-01,Forecast,305.0,0
1975,28,1,2023-07-01,Actual,349.7,0
1976,28,1,2023-07-01,Forecast,318.1,0
1977,29,1,2023-07-01,Actual,314.2,2
1978,29,1,2023-07-01,Forecast,324.1,0
1979,30,1,2023-07-01,Actual,127.4,4
1980,30,1,2023-07-01,Forecast,136.5,0
1981,31,1,2023-07-01,Actual,103.7,2
1982,31,1,2023-07-01,Forecast,96.1,0
1983,32,1,2023-07-01,Actual,280.4,0
1984,32,1,2023-07-01,Forecast,280.3,0
1985,33,1,2023-07-01,Actual,113.9,3
1986,33,1,2023-07-01,Forecast,110.6,0
1987,34,1,2023-07-01,Actual,84.1,5
1988,34,1,2023-07-01,Forecast,80.1,0
1989,35,1,2023-07-01,Actual,270.6,1
1990,35,1,2023-07-01,Forecast,266.6,0
1991,36,1,2023-07-01,Actual,244.5,4
1992,36,1,2023-07-01,Forecast,258.3,0
1993,37,1,2023-07-01,Actual,229.8,4
1994,37,1,2023-07-01,Forecast,221.1,0
1995,38,1,2023-07-01,Actual,281.1,0
1996,38,1,2023-07-01,Forecast,305.3,0
1997,39,1,2023-07-01,Actual,133.6,1
1998,39,1,2023-07-01,Forecast,119.0,0
1999,40,1,2023-07-01,Actual,170.1,4
2000,40,1,2023-07-01,Forecast,155.5,0
2001,1,2,2023-07-01,Actual,224.5,4
2002,1,2,2023-07-01,Forecast,245.5,0
2003,2,2,2023-07-01,Actual,102.2,4
2004,2,2,2023-07-01,Forecast,84.9,0
2005,3,2,2023-07-01,Actual,373.5,0
2006,3,2,2023-07-01,Forecast,322.2,0
2007,4,2,2023-07-01,Actual,142.3,0
2008,4,2,2023-07-01,Forecast,136.0,0
2009,5,2,2023-07-01,Actual,379.9,1
2010,5,2,2023-07-01,Forecast,407.2,0
2011,6,2,2023-07-01,Actual,87.4,5
2012,6,2,2023-07-01,Forecast,87.1,0
2013,7,2,2023-07-01,Actual,100.7,2
2014,7,2,2023-07-01,Forecast,93.5,0
2015,8,2,2023-07-01,Actual,305.1,3
2016,8,2,2023-07-01,Forecast,297.3,0
2017,9,2,2023-07-01,Actual,246.8,2
2018,9,2,2023-07-01,Forecast,219.4,0
2019,10,2,2023-07-01,Actual,268.4,1
2020,10,2,2023-07-01,Forecast,297.6,0
2021,11,2,2023-07-01,Actual,114.2,3
2022,11,2,2023-07-01,Forecast,109.9,0
2023,12,2,2023-07-01,Actual,332.2,1
2024,12,2,2023-07-01,Forecast,317.8,0
2025,13,2,2023-07-01,Actual,107.6,1
2026,13,2,2023-07-01,Forecast,106.7,0
2027,14,2,2023-07-01,Actual,242.0,0
2028,14,2,2023-07-01,Forecast,243.2,0
2029,15,2,2023-07-01,Actual,333.5,5
2030,15,2,2023-07-01,Forecast,312.4,0
2031,16,2,2023-07-01,Actual,385.2,0
2032,16,2,2023-07-01,Forecast,430.1,0
2033,17,2,2023-07-01,Actual,207.8,2
2034,17,2,2023-07-01,Forecast,185.4,0
2035,18,2,2023-07-01,Actual,384.2,3
2036,18,2,2023-07-01,Forecast,315.7,0
2037,19,2,2023-07-01,Actual,331.6,1
2038,19,2,2023-07-01,Forecast,380.9,0
2039,20,2,2023-07-01,Actual,210.2,5
2040,20,2,2023-07-01,Forecast,214.0,0
2041,21,2,2023-07-01,Actual,366.4,5
2042,21,2,2023-07-01,Forecast,387.3,0
2043,22,2,2023-07-01,Actual,88.8,3
2044,22,2,2023-07-01,Forecast,74.7,0
2045,23,2,2023-07-01,Actual,183.2,4
2046,23,2,2023-07-01,Forecast,201.9,0
2047,24,2,2023-07-01,Actual,300.8,5
2048,24,2,2023-07-01,Forecast,320.4,0
2049,25,2,2023-07-01,Actual,374.5,4
2050,25,2,2023-07-01,Forecast,354.6,0
2051,26,2,2023-07-01,Actual,90.0,5
2052,26,2,2023-07-01,Forecast,100.3,0
2053,27,2,2023-07-01,Actual,139.2,3
2054,27,2,2023-07-01,Forecast,123.7,0
2055,28,2,2023-07-01,Actual,96.4,3
2056,28,2,2023-07-01,Forecast,96.6,0
2057,29,2,2023-07-01,Actual,111.7,2
2058,29,2,2023-07-01,Forecast,100.4,0
2059,30,2,2023-07-01,Actual,227.4,4
2060,30,2,2023-07-01,Forecast,207.8,0
2061,31,2,2023-07-01,Actual,188.2,2
2062,31,2,2023-07-01,Forecast,226.2,0
2063,32,2,2023-07-01,Actual,280.5,4
2064,32,2,2023-07-01,Forecast,250.1,0
2065,33,2,2023-07-01,Actual,162.7,2
2066,33,2,2023-07-01,Forecast,163.1,0
2067,34,2,2023-07-01,Actual,215.8,0
2068,34,2,2023-07-01,Forecast,231.4,0
2069,35,2,2023-07-01,Actual,377.3,0
2070,35,2,2023-07-01,Forecast,353.1,0
2071,36,2,2023-07-01,Actual,377.3,5
2072,36,2,2023-07-01,Forecast,362.3,0
2073,37,2,2023-07-01,Actual,251.1,4
2074,37,2,2023-07-01,Forecast,300.9,0
2075,38,2,2023-07-01,Actual,132.6,3
2076,38,2,2023-07-01,Forecast,125.3,0
2077,39,2,2023-07-01,Actual,344.4,1
2078,39,2,2023-07-01,Forecast,334.6,0
2079,40,2,2023-07-01,Actual,266.5,0
2080,40,2,2023-07-01,Forecast,299.2,0
2081,1,3,2023-07-01,Actual,417.1,1
2082,1,3,2023-07-01,Forecast,414.9,0
2083,2,3,2023-07-01,Actual,196.9,3
2084,2,3,2023-07-01,Forecast,200.6,0
2085,3,3,2023-07-01,Actual,310.2,5
2086,3,3,2023-07-01,Forecast,363.4,0
2087,4,3,2023-07-01,Actual,291.8,1
2088,4,3,2023-07-01,Forecast,300.0,0
2089,5,3,2023-07-01,Actual,362.8,4
2090,5,3,2023-07-01,Forecast,335.9,0
2091,6,3,2023-07-01,Actual,212.1,2
2092,6,3,2023-07-01,Forecast,209.8,0
2093,7,3,2023-07-01,Actual,150.2,4
2094,7,3,2023-07-01,Forecast,155.9,0
2095,8,3,2023-07-01,Actual,82.2,4
2096,8,3,2023-07-01,Forecast,87.5,0
2097,9,3,2023-07-01,Actual,195.2,5
2098,9,3,2023-07-01,Forecast,213.0,0
2099,10,3,2023-07-01,Actual,296.3,4
2100,10,3,2023-07-01,Forecast,292.0,0
2101,11,3,2023-07-01,Actual,262.3,1
2102,11,3,2023-07-01,Forecast,272.3,0
2103,12,3,2023-07-01,Actual,400.8,4
2104,12,3,2023-07-01,Forecast,394.5,0
2105,13,3,2023-07-01,Actual,264.1,2
2106,13,3,2023-07-01,Forecast,317.6,0
2107,14,3,2023-07-01,Actual,230.6,4
2108,14,3,2023-07-01,Forecast,245.7,0
2109,15,3,2023-07-01,Actual,186.8,3
2110,15,3,2023-07-01,Forecast,165.2,0
2111,16,3,2023-07-01,Actual,359.4,0
2112,16,3,2023-07-01,Forecast,365.7,0
2113,17,3,2023-07-01,Actual,334.5,3
2114,17,3,2023-07-01,Forecast,336.0,0
2115,18,3,2023-07-01,Actual,259.9,5
2116,18,3,2023-07-01,Forecast,222.7,0
2117,19,3,2023-07-01,Actual,181.0,5
2118,19,3,2023-07-01,Forecast,178.3,0
2119,20,3,2023-07-01,Actual,395.1,3
2120,20,3,2023-07-01,Forecast,389.1,0
2121,21,3,2023-07-01,Actual,138.1,0
2122,21,3,2023-07-01,Forecast,112.9,0
2123,22,3,2023-07-01,Actual,141.4,0
2124,22,3,2023-07-01,Forecast,139.4,0
2125,23,3,2023-07-01,Actual,302.5,5
2126,23,3,2023-07-01,Forecast,257.2,0
2127,24,3,2023-07-01,Actual,245.4,1
2128,24,3,2023-07-01,Forecast,220.2,0
2129,25,3,2023-07-01,Actual,232.3,2
2130,25,3,2023-07-01,Forecast,228.0,0
2131,26,3,2023-07-01,Actual,138.8,5
2132,26,3,2023-07-01,Forecast,159.1,0
2133,27,3,2023-07-01,Actual,279.9,5
2134,27,3,2023-07-01,Forecast,311.7,0
2135,28,3,2023-07-01,Actual,105.5,4
2136,28,3,2023-07-01,Forecast,107.3,0
2137,29,3,2023-07-01,Actual,333.3,1
2138,29,3,2023-07-01,Forecast,291.8,0
2139,30,3,2023-07-01,Actual,118.3,4
2140,30,3,2023-07-01,Forecast,118.6,0
2141,31,3,2023-07-01,Actual,202.0,1
2142,31,3,2023-07-01,Forecast,160.1,0
2143,32,3,2023-07-01,Actual,298.1,0
2144,32,3,2023-07-01,Forecast,280.3,0
2145,33,3,2023-07-01,Actual,127.2,2
2146,33,3,2023-07-01,Forecast,112.1,0
2147,34,3,2023-07-01,Actual,313.4,3
2148,34,3,2023-07-01,Forecast,332.5,0
2149,35,3,2023-07-01,Actual,165.6,2
2150,35,3,2023-07-01,Forecast,171.4,0
2151,36,3,2023-07-01,Actual,179.8,0
2152,36,3,2023-07-01,Forecast,210.1,0
2153,37,3,2023-07-01,Actual,122.8,2
2154,37,3,2023-07-01,Forecast,133.5,0
2155,38,3,2023-07-01,Actual,320.3,2
2156,38,3,2023-07-01,Forecast,359.4,0
2157,39,3,2023-07-01,Actual,261.8,4
2158,39,3,2023-07-01,Forecast,281.9,0
2159,40,3,2023-07-01,Actual,378.5,3
2160,40,3,2023-07-01,Forecast,424.9,0
2161,1,4,2023-07-01,Actual,202.0,1
2162,1,4,2023-07-01,Forecast,207.0,0
2163,2,4,2023-07-01,Actual,297.2,5
2164,2,4,2023-07-01,Forecast,288.3,0
2165,3,4,2023-07-01,Actual,327.3,4
2166,3,4,2023-07-01,Forecast,355.6,0
2167,4,4,2023-07-01,Actual,328.1,0
2168,4,4,2023-07-01,Forecast,373.5,0
2169,5,4,2023-07-01,Actual,169.8,5
2170,5,4,2023-07-01,Forecast,170.7,0
2171,6,4,2023-07-01,Actual,370.3,1
2172,6,4,2023-07-01,Forecast,332.5,0
2173,7,4,2023-07-01,Actual,149.4,2
2174,7,4,2023-07-01,Forecast,145.2,0
2175,8,4,2023-07-01,Actual,141.5,5
2176,8,4,2023-07-01,Forecast,131.5,0
2177,9,4,2023-07-01,Actual,174.5,4
2178,9,4,2023-07-01,Forecast,155.3,0
2179,10,4,2023-07-01,Actual,99.2,0
2180,10,4,2023-07-01,Forecast,82.4,0
2181,11,4,2023-07-01,Actual,225.2,0
2182,11,4,2023-07-01,Forecast,187.1,0
2183,12,4,2023-07-01,Actual,373.7,4
2184,12,4,2023-07-01,Forecast,376.6,0
2185,13,4,2023-07-01,Actual,188.3,1
2186,13,4,2023-07-01,Forecast,209.6,0
2187,14,4,2023-07-01,Actual,85.2,5
2188,14,4,2023-07-01,Forecast,91.7,0
2189,15,4,2023-07-01,Actual,221.5,1
2190,15,4,2023-07-01,Forecast,225.7,0
2191,16,4,2023-07-01,Actual,213.1,4
2192,16,4,2023-07-01,Forecast,192.6,0
2193,17,4,2023-07-01,Actual,192.9,0
2194,17,4,2023-07-01,Forecast,213.3,0
2195,18,4,2023-07-01,Actual,165.8,5
2196,18,4,2023-07-01,Forecast,132.5,0
2197,19,4,2023-07-01,Actual,282.2,2
2198,19,4,2023-07-01,Forecast,322.1,0
2199,20,4,2023-07-01,Actual,95.8,0
2200,20,4,2023-07-01,Forecast,84.3,0
2201,21,4,2023-07-01,Actual,77.6,1
2202,21,4,2023-07-01,Forecast,92.2,0
2203,22,4,2023-07-01,Actual,212.6,2
2204,22,4,2023-07-01,Forecast,209.5,0
2205,23,4,2023-07-01,Actual,276.7,2
2206,23,4,2023-07-01,Forecast,275.3,0
2207,24,4,2023-07-01,Actual,180.8,2
2208,24,4,2023-07-01,Forecast,169.9,0
2209,25,4,2023-07-01,Actual,303.0,1
2210,25,4,2023-07-01,Forecast,281.0,0
2211,26,4,2023-07-01,Actual,271.8,0
2212,26,4,2023-07-01,Forecast,286.0,0
2213,27,4,2023-07-01,Actual,247.8,0
2214,27,4,2023-07-01,Forecast,255.9,0
2215,28,4,2023-07-01,Actual,188.9,3
2216,28,4,2023-07-01,Forecast,168.6,0
2217,29,4,2023-07-01,Actual,146.0,4
2218,29,4,2023-07-01,Forecast,171.6,0
2219,30,4,2023-07-01,Actual,210.8,3
2220,30,4,2023-07-01,Forecast,229.8,0
2221,31,4,2023-07-01,Actual,376.9,4
2222,31,4,2023-07-01,Forecast,411.6,0
2223,32,4,2023-07-01,Actual,312.0,4
2224,32,4,2023-07-01,Forecast,351.3,0
2225,33,4,2023-07-01,Actual,264.3,0
2226,33,4,2023-07-01,Forecast,296.4,0
2227,34,4,2023-07-01,Actual,154.5,3
2228,34,4,2023-07-01,Forecast,162.3,0
2229,35,4,2023-07-01,Actual,359.9,4
2230,35,4,2023-07-01,Forecast,404.8,0
2231,36,4,2023-07-01,Actual,253.6,1
2232,36,4,2023-07-01,Forecast,214.1,0
2233,37,4,2023-07-01,Actual,269.4,5
2234,37,4,2023-07-01,Forecast,235.6,0
2235,38,4,2023-07-01,Actual,109.8,5
2236,38,4,2023-07-01,Forecast,106.9,0
2237,39,4,2023-07-01,Actual,388.9,3
2238,39,4,2023-07-01,Forecast,390.7,0
2239,40,4,2023-07-01,Actual,232.5,2
2240,40,4,2023-07-01,Forecast,214.0,0
2241,1,1,2023-08-01,Actual,408.2,3
2242,1,1,2023-08-01,Forecast,371.2,0
2243,2,1,2023-08-01,Actual,188.5,1
2244,2,1,2023-08-01,Forecast,173.7,0
2245,3,1,2023-08-01,Actual,92.5,2
2246,3,1,2023-08-01,Forecast,109.8,0
2247,4,1,2023-08-01,Actual,311.0,0
2248,4,1,2023-08-01,Forecast,292.4,0
2249,5,1,2023-08-01,Actual,268.4,0
2250,5,1,2023-08-01,Forecast,265.3,0
2251,6,1,2023-08-01,Actual,200.1,5
2252,6,1,2023-08-01,Forecast,227.3,0
2253,7,1,2023-08-01,Actual,317.7,0
2254,7,1,2023-08-01,Forecast,324.8,0
2255,8,1,2023-08-01,Actual,108.1,3
2256,8,1,2023-08-01,Forecast,118.8,0
2257,9,1,2023-08-01,Actual,325.2,1
2258,9,1,2023-08-01,Forecast,379.9,0
2259,10,1,2023-08-01,Actual,216.4,3
2260,10,1,2023-08-01,Forecast,233.4,0
2261,11,1,2023-08-01,Actual,352.3,4
2262,11,1,2023-08-01,Forecast,311.8,0
2263,12,1,2023-08-01,Actual,88.4,2
2264,12,1,2023-08-01,Forecast,81.7,0
2265,13,1,2023-08-01,Actual,244.3,0
2266,13,1,2023-08-01,Forecast,265.1,0
2267,14,1,2023-08-01,Actual,161.0,3
2268,14,1,2023-08-01,Forecast,133.9,0
2269,15,1,2023-08-01,Actual,259.9,4
2270,15,1,2023-08-01,Forecast,265.8,0
2271,16,1,2023-08-01,Actual,320.0,5
2272,16,1,2023-08-01,Forecast,368.9,0
2273,17,1,2023-08-01,Actual,325.2,0
2274,17,1,2023-08-01,Forecast,328.5,0
2275,18,1,2023-08-01,Actual,296.2,0
2276,18,1,2023-08-01,Forecast,284.5,0
2277,19,1,2023-08-01,Actual,357.9,4
2278,19,1,2023-08-01,Forecast,387.8,0
2279,20,1,2023-08-01,Actual,108.4,3
2280,20,1,2023-08-01,Forecast,108.8,0
2281,21,1,2023-08-01,Actual,77.7,3
2282,21,1,2023-08-01,Forecast,87.5,0
2283,22,1,2023-08-01,Actual,365.3,0
2284,22,1,2023-08-01,Forecast,364.8,0
2285,23,1,2023-08-01,Actual,418.2,4
2286,23,1,2023-08-01,Forecast,387.0,0
2287,24,1,2023-08-01,Actual,234.3,3
2288,24,1,2023-08-01,Forecast,265.6,0
2289,25,1,2023-08-01,Actual,138.2,2
2290,25,1,2023-08-01,Forecast,151.1,0
2291,26,1,2023-08-01,Actual,314.1,3
2292,26,1,2023-08-01,Forecast,386.1,0
2293,27,1,2023-08-01,Actual,224.1,0
2294,27,1,2023-08-01,Forecast,246.3,0
2295,28,1,2023-08-01,Actual,220.5,2
2296,28,1,2023-08-01,Forecast,261.2,0
2297,29,1,2023-08-01,Actual,270.4,3
2298,29,1,2023-08-01,Forecast,241.3,0
2299,30,1,2023-08-01,Actual,313.2,4
2300,30,1,2023-08-01,Forecast,359.6,0
2301,31,1,2023-08-01,Actual,168.0,5
2302,31,1,2023-08-01,Forecast,173.5,0
2303,32,1,2023-08-01,Actual,268.5,0
2304,32,1,2023-08-01,Forecast,275.3,0
2305,33,1,2023-08-01,Actual,138.8,1
2306,33,1,2023-08-01,Forecast,125.7,0
2307,34,1,2023-08-01,Actual,188.8,5
2308,34,1,2023-08-01,Forecast,177.1,0
2309,35,1,2023-08-01,Actual,311.5,2
2310,35,1,2023-08-01,Forecast,312.1,0
2311,36,1,2023-08-01,Actual,259.2,4
2312,36,1,2023-08-01,Forecast,276.1,0
2313,37,1,2023-08-01,Actual,189.0,3
2314,37,1,2023-08-01,Forecast,189.6,0
2315,38,1,2023-08-01,Actual,229.6,5
2316,38,1,2023-08-01,Forecast,224.6,0
2317,39,1,2023-08-01,Actual,250.7,1
2318,39,1,2023-08-01,Forecast,273.9,0
2319,40,1,2023-08-01,Actual,245.5,1
2320,40,1,2023-08-01,Forecast,262.5,0
2321,1,2,2023-08-01,Actual,233.1,2
2322,1,2,2023-08-01,Forecast,239.2,0
2323,2,2,2023-08-01,Actual,295.7,0
2324,2,2,2023-08-01,Forecast,260.9,0
2325,3,2,2023-08-01,Actual,96.3,2
2326,3,2,2023-08-01,Forecast,108.4,0
2327,4,2,2023-08-01,Actual,410.4,1
2328,4,2,2023-08-01,Forecast,388.5,0
2329,5,2,2023-08-01,Actual,168.2,5
2330,5,2,2023-08-01,Forecast,188.9,0
2331,6,2,2023-08-01,Actual,176.1,0
2332,6,2,2023-08-01,Forecast,177.9,0
2333,7,2,2023-08-01,Actual,90.4,4
2334,7,2,2023-08-01,Forecast,89.9,0
2335,8,2,2023-08-01,Actual,253.9,0
2336,8,2,2023-08-01,Forecast,249.1,0
2337,9,2,2023-08-01,Actual,355.1,2
2338,9,2,2023-08-01,Forecast,348.6,0
2339,10,2,2023-08-01,Actual,161.3,0
2340,10,2,2023-08-01,Forecast,154.4,0
2341,11,2,2023-08-01,Actual,308.6,0
2342,11,2,2023-08-01,Forecast,320.8,0
2343,12,2,2023-08-01,Actual,352.3,3
2344,12,2,2023-08-01,Forecast,360.9,0
2345,13,2,2023-08-01,Actual,92.8,0
2346,13,2,2023-08-01,Forecast,101.3,0
2347,14,2,2023-08-01,Actual,176.1,4
2348,14,2,2023-08-01,Forecast,189.6,0
2349,15,2,2023-08-01,Actual,260.3,4
2350,15,2,2023-08-01,Forecast,251.5,0
2351,16,2,2023-08-01,Actual,390.1,1
2352,16,2,2023-08-01,Forecast,393.5,0
2353,17,2,2023-08-01,Actual,210.9,4
2354,17,2,2023-08-01,Forecast,227.9,0
2355,18,2,2023-08-01,Actual,285.0,2
2356,18,2,2023-08-01,Forecast,265.1,0
2357,19,2,2023-08-01,Actual,103.2,0
2358,19,2,2023-08-01,Forecast,94.6,0
2359,20,2,2023-08-01,Actual,125.5,3
2360,20,2,2023-08-01,Forecast,121.3,0
2361,21,2,2023-08-01,Actual,353.4,2
2362,21,2,2023-08-01,Forecast,341.1,0
2363,22,2,2023-08-01,Actual,186.7,0
2364,22,2,2023-08-01,Forecast,166.8,0
2365,23,2,2023-08-01,Actual,226.0,0
2366,23,2,2023-08-01,Forecast,254.7,0
2367,24,2,2023-08-01,Actual,315.3,2
2368,24,2,2023-08-01,Forecast,318.4,0
2369,25,2,2023-08-01,Actual,174.8,0
2370,25,2,2023-08-01,Forecast,176.4,0
2371,26,2,2023-08-01,Actual,171.1,2
2372,26,2,2023-08-01,Forecast,197.3,0
2373,27,2,2023-08-01,Actual,196.3,4
2374,27,2,2023-08-01,Forecast,176.6,0
2375,28,2,2023-08-01,Actual,186.2,1
2376,28,2,2023-08-01,Forecast,208.6,0
2377,29,2,2023-08-01,Actual,111.6,0
2378,29,2,2023-08-01,Forecast,95.7,0
2379,30,2,2023-08-01,Actual,135.6,3
2380,30,2,2023-08-01,Forecast,165.0,0
2381,31,2,2023-08-01,Actual,196.1,3
2382,31,2,2023-08-01,Forecast,204.0,0
2383,32,2,2023-08-01,Actual,159.7,4
2384,32,2,2023-08-01,Forecast,151.3,0
2385,33,2,2023-08-01,Actual,247.4,1
2386,33,2,2023-08-01,Forecast,244.0,0
2387,34,2,2023-08-01,Actual,139.7,2
2388,34,2,2023-08-01,Forecast,139.4,0
2389,35,2,2023-08-01,Actual,382.7,4
2390,35,2,2023-08-01,Forecast,327.0,0
2391,36,2,2023-08-01,Actual,254.6,0
2392,36,2,2023-08-01,Forecast,268.0,0
2393,37,2,2023-08-01,Actual,244.7,4
2394,37,2,2023-08-01,Forecast,235.0,0
2395,38,2,2023-08-01,Actual,344.7,5
2396,38,2,2023-08-01,Forecast,324.3,0
2397,39,2,2023-08-01,Actual,422.0,3
2398,39,2,2023-08-01,Forecast,379.0,0
2399,40,2,2023-08-01,Actual,209.2,0
2400,40,2,2023-08-01,Forecast,246.4,0
2401,1,3,2023-08-01,Actual,386.4,5
2402,1,3,2023-08-01,Forecast,366.7,0
2403,2,3,2023-08-01,Actual,326.5,1
2404,2,3,2023-08-01,Forecast,306.5,0
2405,3,3,2023-08-01,Actual,236.0,0
2406,3,3,2023-08-01,Forecast,238.9,0
2407,4,3,2023-08-01,Actual,129.8,4
2408,4,3,2023-08-01,Forecast,140.5,0
2409,5,3,2023-08-01,Actual,268.5,5
2410,5,3,2023-08-01,Forecast,249.7,0
2411,6,3,2023-08-01,Actual,98.1,2
2412,6,3,2023-08-01,Forecast,107.9,0
2413,7,3,2023-08-01,Actual,170.4,3
2414,7,3,2023-08-01,Forecast,187.6,0
2415,8,3,2023-08-01,Actual,192.3,0
2416,8,3,2023-08-01,Forecast,225.8,0
2417,9,3,2023-08-01,Actual,310.4,0
2418,9,3,2023-08-01,Forecast,342.9,0
2419,10,3,2023-08-01,Actual,181.6,2
2420,10,3,2023-08-01,Forecast,188.9,0
2421,11,3,2023-08-01,Actual,147.4,5
2422,11,3,2023-08-01,Forecast,145.2,0
2423,12,3,2023-08-01,Actual,85.3,5
2424,12,3,2023-08-01,Forecast,88.5,0
2425,13,3,2023-08-01,Actual,302.0,3
2426,13,3,2023-08-01,Forecast,342.7,0
2427,14,3,2023-08-01,Actual,188.6,1
2428,14,3,2023-08-01,Forecast,191.3,0
2429,15,3,2023-08-01,Actual,238.8,4
2430,15,3,2023-08-01,Forecast,220.8,0
2431,16,3,2023-08-01,Actual,313.3,3
2432,16,3,2023-08-01,Forecast,307.5,0
2433,17,3,2023-08-01,Actual,391.4,1
2434,17,3,2023-08-01,Forecast,404.9,0
2435,18,3,2023-08-01,Actual,425.2,3
2436,18,3,2023-08-01,Forecast,391.0,0
2437,19,3,2023-08-01,Actual,114.4,5
2438,19,3,2023-08-01,Forecast,119.4,0
2439,20,3,2023-08-01,Actual,335.7,0
2440,20,3,2023-08-01,Forecast,417.3,0
2441,21,3,2023-08-01,Actual,314.1,4
2442,21,3,2023-08-01,Forecast,365.7,0
2443,22,3,2023-08-01,Actual,182.6,3
2444,22,3,2023-08-01,Forecast,171.1,0
2445,23,3,2023-08-01,Actual,120.9,1
2446,23,3,2023-08-01,Forecast,116.7,0
2447,24,3,2023-08-01,Actual,148.8,5
2448,24,3,2023-08-01,Forecast,164.6,0
2449,25,3,2023-08-01,Actual,139.6,5
2450,25,3,2023-08-01,Forecast,142.8,0
2451,26,3,2023-08-01,Actual,240.2,3
2452,26,3,2023-08-01,Forecast,249.8,0
2453,27,3,2023-08-01,Actual,171.7,5
2454,27,3,2023-08-01,Forecast,215.9,0
2455,28,3,2023-08-01,Actual,285.5,1
2456,28,3,2023-08-01,Forecast,307.5,0
2457,29,3,2023-08-01,Actual,219.2,5
2458,29,3,2023-08-01,Forecast,198.7,0
2459,30,3,2023-08-01,Actual,334.1,5
2460,30,3,2023-08-01,Forecast,334.1,0
2461,31,3,2023-08-01,Actual,314.6,4
2462,31,3,2023-08-01,Forecast,307.3,0
2463,32,3,2023-08-01,Actual,85.0,1
2464,32,3,2023-08-01,Forecast,83.5,0
2465,33,3,2023-08-01,Actual,253.1,5
2466,33,3,2023-08-01,Forecast,225.3,0
2467,34,3,2023-08-01,Actual,217.5,2
2468,34,3,2023-08-01,Forecast,208.7,0
2469,35,3,2023-08-01,Actual,168.5,4
2470,35,3,2023-08-01,Forecast,176.4,0
2471,36,3,2023-08-01,Actual,340.7,4
2472,36,3,2023-08-01,Forecast,357.7,0
2473,37,3,2023-08-01,Actual,146.6,5
2474,37,3,2023-08-01,Forecast,152.2,0
2475,38,3,2023-08-01,Actual,334.0,2
2476,38,3,2023-08-01,Forecast,397.5,0
2477,39,3,2023-08-01,Actual,359.3,3
2478,39,3,2023-08-01,Forecast,367.1,0
2479,40,3,2023-08-01,Actual,159.7,5
2480,40,3,2023-08-01,Forecast,183.0,0
2481,1,4,2023-08-01,Actual,323.6,3
2482,1,4,2023-08-01,Forecast,385.7,0
2483,2,4,2023-08-01,Actual,108.3,2
2484,2,4,2023-08-01,Forecast,97.5,0
2485,3,4,2023-08-01,Actual,230.5,5
2486,3,4,2023-08-01,Forecast,238.3,0
2487,4,4,2023-08-01,Actual,305.1,1
2488,4,4,2023-08-01,Forecast,285.0,0
2489,5,4,2023-08-01,Actual,364.6,2
2490,5,4,2023-08-01,Forecast,327.4,0
2491,6,4,2023-08-01,Actual,356.6,1
2492,6,4,2023-08-01,Forecast,347.7,0
2493,7,4,2023-08-01,Actual,178.7,3
2494,7,4,2023-08-01,Forecast,174.3,0
2495,8,4,2023-08-01,Actual,167.6,4
2496,8,4,2023-08-01,Forecast,160.9,0
2497,9,4,2023-08-01,Actual,308.1,3
2498,9,4,2023-08-01,Forecast,336.9,0
2499,10,4,2023-08-01,Actual,109.8,1
2500,10,4,2023-08-01,Forecast,101.3,0
2501,11,4,2023-08-01,Actual,153.0,2
2502,11,4,2023-08-01,Forecast,168.5,0
2503,12,4,2023-08-01,Actual,292.9,0
2504,12,4,2023-08-01,Forecast,259.4,0
2505,13,4,2023-08-01,Actual,349.0,4
2506,13,4,2023-08-01,Forecast,331.4,0
2507,14,4,2023-08-01,Actual,227.6,2
2508,14,4,2023-08-01,Forecast,273.4,0
2509,15,4,2023-08-01,Actual,235.2,0
2510,15,4,2023-08-01,Forecast,244.0,0
2511,16,4,2023-08-01,Actual,378.9,1
2512,16,4,2023-08-01,Forecast,307.5,0
2513,17,4,2023-08-01,Actual,163.6,3
2514,17,4,2023-08-01,Forecast,185.9,0
2515,18,4,2023-08-01,Actual,422.7,5
2516,18,4,2023-08-01,Forecast,388.7,0
2517,19,4,2023-08-01,Actual,226.5,2
2518,19,4,2023-08-01,Forecast,197.5,0
2519,20,4,2023-08-01,Actual,305.7,5
2520,20,4,2023-08-01,Forecast,333.2,0
2521,21,4,2023-08-01,Actual,191.0,2
2522,21,4,2023-08-01,Forecast,178.3,0
2523,22,4,2023-08-01,Actual,205.5,2
2524,22,4,2023-08-01,Forecast,195.3,0
2525,23,4,2023-08-01,Actual,371.7,0
2526,23,4,2023-08-01,Forecast,396.2,0
2527,24,4,2023-08-01,Actual,221.5,3
2528,24,4,2023-08-01,Forecast,217.7,0
2529,25,4,2023-08-01,Actual,364.2,5
2530,25,4,2023-08-01,Forecast,351.7,0
2531,26,4,2023-08-01,Actual,225.6,5
2532,26,4,2023-08-01,Forecast,203.4,0
2533,27,4,2023-08-01,Actual,120.3,4
2534,27,4,2023-08-01,Forecast,119.3,0
2535,28,4,2023-08-01,Actual,173.2,1
2536,28,4,2023-08-01,Forecast,166.2,0
2537,29,4,2023-08-01,Actual,101.2,5
2538,29,4,2023-08-01,Forecast,97.9,0
2539,30,4,2023-08-01,Actual,268.7,4
2540,30,4,2023-08-01,Forecast,315.9,0
2541,31,4,2023-08-01,Actual,254.8,1
2542,31,4,2023-08-01,Forecast,290.8,0
2543,32,4,2023-08-01,Actual,251.0,1
2544,32,4,2023-08-01,Forecast,306.4,0
2545,33,4,2023-08-01,Actual,285.0,3
2546,33,4,2023-08-01,Forecast,273.1,0
2547,34,4,2023-08-01,Actual,216.7,2
2548,34,4,2023-08-01,Forecast,208.4,0
2549,35,4,2023-08-01,Actual,235.3,0
2550,35,4,2023-08-01,Forecast,223.1,0
2551,36,4,2023-08-01,Actual,105.9,0
2552,36,4,2023-08-01,Forecast,128.0,0
2553,37,4,2023-08-01,Actual,223.0,1
2554,37,4,2023-08-01,Forecast,235.2,0
2555,38,4,2023-08-01,Actual,104.4,5
2556,38,4,2023-08-01,Forecast,102.1,0
2557,39,4,2023-08-01,Actual,213.0,4
2558,39,4,2023-08-01,Forecast,229.1,0
2559,40,4,2023-08-01,Actual,106.2,0
2560,40,4,2023-08-01,Forecast,127.5,0
2561,1,1,2023-09-01,Actual,107.0,0
2562,1,1,2023-09-01,Forecast,117.4,0
2563,2,1,2023-09-01,Actual,203.5,5
2564,2,1,2023-09-01,Forecast,167.6,0
2565,3,1,2023-09-01,Actual,283.1,5
2566,3,1,2023-09-01,Forecast,298.0,0
2567,4,1,2023-09-01,Actual,299.6,2
2568,4,1,2023-09-01,Forecast,285.3,0
2569,5,1,2023-09-01,Actual,405.5,1
2570,5,1,2023-09-01,Forecast,366.5,0
2571,6,1,2023-09-01,Actual,189.3,4
2572,6,1,2023-09-01,Forecast,181.1,0
2573,7,1,2023-09-01,Actual,127.6,3
2574,7,1,2023-09-01,Forecast,142.8,0
2575,8,1,2023-09-01,Actual,446.8,2
2576,8,1,2023-09-01,Forecast,377.4,0
2577,9,1,2023-09-01,Actual,180.7,0
2578,9,1,2023-09-01,Forecast,203.2,0
2579,10,1,2023-09-01,Actual,320.2,4
2580,10,1,2023-09-01,Forecast,330.8,0
2581,11,1,2023-09-01,Actual,164.4,4
2582,11,1,2023-09-01,Forecast,177.4,0
2583,12,1,2023-09-01,Actual,225.0,4
2584,12,1,2023-09-01,Forecast,249.5,0
2585,13,1,2023-09-01,Actual,326.4,5
2586,13,1,2023-09-01,Forecast,308.3,0
2587,14,1,2023-09-01,Actual,86.1,2
2588,14,1,2023-09-01,Forecast,89.1,0
2589,15,1,2023-09-01,Actual,311.0,0
2590,15,1,2023-09-01,Forecast,363.5,0
2591,16,1,2023-09-01,Actual,216.5,5
2592,16,1,2023-09-01,Forecast,176.7,0
2593,17,1,2023-09-01,Actual,129.6,0
2594,17,1,2023-09-01,Forecast,153.8,0
2595,18,1,2023-09-01,Actual,104.4,3
2596,18,1,2023-09-01,Forecast,94.3,0
2597,19,1,2023-09-01,Actual,318.4,1
2598,19,1,2023-09-01,Forecast,352.6,0
2599,20,1,2023-09-01,Actual,287.9,1
2600,20,1,2023-09-01,Forecast,309.3,0
2601,21,1,2023-09-01,Actual,176.1,3
2602,21,1,2023-09-01,Forecast,185.1,0
2603,22,1,2023-09-01,Actual,103.8,3
2604,22,1,2023-09-01,Forecast,123.7,0
2605,23,1,2023-09-01,Actual,197.1,5
2606,23,1,2023-09-01,Forecast,168.5,0
2607,24,1,2023-09-01,Actual,147.9,4
2608,24,1,2023-09-01,Forecast,161.9,0
2609,25,1,2023-09-01,Actual,358.8,0
2610,25,1,2023-09-01,Forecast,350.2,0
2611,26,1,2023-09-01,Actual,133.0,4
2612,26,1,2023-09-01,Forecast,140.6,0
2613,27,1,2023-09-01,Actual,114.1,4
2614,27,1,2023-09-01,Forecast,124.8,0
2615,28,1,2023-09-01,Actual,178.6,5
2616,28,1,2023-09-01,Forecast,166.1,0
2617,29,1,2023-09-01,Actual,305.2,1
2618,29,1,2023-09-01,Forecast,383.1,0
2619,30,1,2023-09-01,Actual,289.0,3
2620,30,1,2023-09-01,Forecast,272.9,0
2621,31,1,2023-09-01,Actual,255.0,5
2622,31,1,2023-09-01,Forecast,226.0,0
2623,32,1,2023-09-01,Actual,188.9,0
2624,32,1,2023-09-01,Forecast,195.5,0
2625,33,1,2023-09-01,Actual,379.9,4
2626,33,1,2023-09-01,Forecast,353.3,0
2627,34,1,2023-09-01,Actual,416.8,3
2628,34,1,2023-09-01,Forecast,349.4,0
2629,35,1,2023-09-01,Actual,121.9,3
2630,35,1,2023-09-01,Forecast,116.2,0
2631,36,1,2023-09-01,Actual,289.9,0
2632,36,1,2023-09-01,Forecast,273.4,0
2633,37,1,2023-09-01,Actual,84.5,2
2634,37,1,2023-09-01,Forecast,89.6,0
2635,38,1,2023-09-01,Actual,273.2,0
2636,38,1,2023-09-01,Forecast,276.8,0
2637,39,1,2023-09-01,Actual,142.2,3
2638,39,1,2023-09-01,Forecast,150.0,0
2639,40,1,2023-09-01,Actual,231.9,0
2640,40,1,2023-09-01,Forecast,269.4,0
2641,1,2,2023-09-01,Actual,273.5,1
2642,1,2,2023-09-01,Forecast,311.6,0
2643,2,2,2023-09-01,Actual,213.3,4
2644,2,2,2023-09-01,Forecast,176.1,0
2645,3,2,2023-09-01,Actual,276.9,5
2646,3,2,2023-09-01,Forecast,288.2,0
2647,4,2,2023-09-01,Actual,106.7,2
2648,4,2,2023-09-01,Forecast,98.6,0
2649,5,2,2023-09-01,Actual,394.6,1
2650,5,2,2023-09-01,Forecast,337.2,0
2651,6,2,2023-09-01,Actual,105.4,0
2652,6,2,2023-09-01,Forecast,98.1,0
2653,7,2,2023-09-01,Actual,173.1,3
2654,7,2,2023-09-01,Forecast,170.2,0
2655,8,2,2023-09-01,Actual,193.7,0
2656,8,2,2023-09-01,Forecast,211.6,0
2657,9,2,2023-09-01,Actual,268.9,4
2658,9,2,2023-09-01,Forecast,224.1,0
2659,10,2,2023-09-01,Actual,362.3,4
2660,10,2,2023-09-01,Forecast,345.9,0
2661,11,2,2023-09-01,Actual,171.3,4
2662,11,2,2023-09-01,Forecast,195.7,0
2663,12,2,2023-09-01,Actual,118.6,2
2664,12,2,2023-09-01,Forecast,119.4,0
2665,13,2,2023-09-01,Actual,154.1,0
2666,13,2,2023-09-01,Forecast,140.1,0
2667,14,2,2023-09-01,Actual,375.8,0
2668,14,2,2023-09-01,Forecast,349.1,0
2669,15,2,2023-09-01,Actual,174.4,1
2670,15,2,2023-09-01,Forecast,162.5,0
2671,16,2,2023-09-01,Actual,170.3,0
2672,16,2,2023-09-01,Forecast,198.9,0
2673,17,2,2023-09-01,Actual,194.3,4
2674,17,2,2023-09-01,Forecast,196.8,0
2675,18,2,2023-09-01,Actual,369.9,3
2676,18,2,2023-09-01,Forecast,360.2,0
2677,19,2,2023-09-01,Actual,260.4,1
2678,19,2,2023-09-01,Forecast,296.7,0
2679,20,2,2023-09-01,Actual,275.5,0
2680,20,2,2023-09-01,Forecast,241.6,0
2681,21,2,2023-09-01,Actual,315.5,1
2682,21,2,2023-09-01,Forecast,299.1,0
2683,22,2,2023-09-01,Actual,327.0,5
2684,22,2,2023-09-01,Forecast,297.6,0
2685,23,2,2023-09-01,Actual,240.8,0
2686,23,2,2023-09-01,Forecast,289.1,0
2687,24,2,2023-09-01,Actual,130.3,1
2688,24,2,2023-09-01,Forecast,128.8,0
2689,25,2,2023-09-01,Actual,303.4,2
2690,25,2,2023-09-01,Forecast,330.9,0
2691,26,2,2023-09-01,Actual,91.4,0
2692,26,2,2023-09-01,Forecast,75.5,0
2693,27,2,2023-09-01,Actual,87.4,2
2694,27,2,2023-09-01,Forecast,91.5,0
2695,28,2,2023-09-01,Actual,170.5,1
2696,28,2,2023-09-01,Forecast,175.5,0
2697,29,2,2023-09-01,Actual,117.1,1
2698,29,2,2023-09-01,Forecast,114.3,0
2699,30,2,2023-09-01,Actual,111.7,2
2700,30,2,2023-09-01,Forecast,128.2,0
2701,31,2,2023-09-01,Actual,201.7,1
2702,31,2,2023-09-01,Forecast,241.8,0
2703,32,2,2023-09-01,Actual,152.6,2
2704,32,2,2023-09-01,Forecast,151.8,0
2705,33,2,2023-09-01,Actual,325.4,0
2706,33,2,2023-09-01,Forecast,315.4,0
2707,34,2,2023-09-01,Actual,252.5,0
2708,34,2,2023-09-01,Forecast,275.1,0
2709,35,2,2023-09-01,Actual,265.1,4
2710,35,2,2023-09-01,Forecast,274.9,0
2711,36,2,2023-09-01,Actual,163.6,5
2712,36,2,2023-09-01,Forecast,153.7,0
2713,37,2,2023-09-01,Actual,185.0,1
2714,37,2,2023-09-01,Forecast,166.7,0
2715,38,2,2023-09-01,Actual,287.9,1
2716,38,2,2023-09-01,Forecast,260.8,0
2717,39,2,2023-09-01,Actual,144.0,0
2718,39,2,2023-09-01,Forecast,161.4,0
2719,40,2,2023-09-01,Actual,235.8,5
2720,40,2,2023-09-01,Forecast,245.8,0
2721,1,3,2023-09-01,Actual,196.7,4
2722,1,3,2023-09-01,Forecast,207.9,0
2723,2,3,2023-09-01,Actual,286.4,0
2724,2,3,2023-09-01,Forecast,276.4,0
2725,3,3,2023-09-01,Actual,236.6,4
2726,3,3,2023-09-01,Forecast,247.9,0
2727,4,3,2023-09-01,Actual,129.3,0
2728,4,3,2023-09-01,Forecast,117.7,0
2729,5,3,2023-09-01,Actual,250.6,1
2730,5,3,2023-09-01,Forecast,205.3,0
2731,6,3,2023-09-01,Actual,257.3,2
2732,6,3,2023-09-01,Forecast,236.1,0
2733,7,3,2023-09-01,Actual,78.6,3
2734,7,3,2023-09-01,Forecast,92.6,0
2735,8,3,2023-09-01,Actual,365.9,5
2736,8,3,2023-09-01,Forecast,404.4,0
2737,9,3,2023-09-01,Actual,326.9,5
2738,9,3,2023-09-01,Forecast,365.4,0
2739,10,3,2023-09-01,Actual,244.3,1
2740,10,3,2023-09-01,Forecast,219.4,0
2741,11,3,2023-09-01,Actual,107.8,3
2742,11,3,2023-09-01,Forecast,105.6,0
2743,12,3,2023-09-01,Actual,183.3,3
2744,12,3,2023-09-01,Forecast,197.5,0
2745,13,3,2023-09-01,Actual,113.5,1
2746,13,3,2023-09-01,Forecast,127.1,0
2747,14,3,2023-09-01,Actual,283.0,0
2748,14,3,2023-09-01,Forecast,342.8,0
2749,15,3,2023-09-01,Actual,203.7,0
2750,15,3,2023-09-01,Forecast,241.0,0
2751,16,3,2023-09-01,Actual,117.0,5
2752,16,3,2023-09-01,Forecast,99.3,0
2753,17,3,2023-09-01,Actual,235.5,0
2754,17,3,2023-09-01,Forecast,221.5,0
2755,18,3,2023-09-01,Actual,336.6,0
2756,18,3,2023-09-01,Forecast,306.5,0
2757,19,3,2023-09-01,Actual,245.7,4
2758,19,3,2023-09-01,Forecast,290.0,0
2759,20,3,2023-09-01,Actual,358.9,5
2760,20,3,2023-09-01,Forecast,307.7,0
2761,21,3,2023-09-01,Actual,150.4,3
2762,21,3,2023-09-01,Forecast,162.6,0
2763,22,3,2023-09-01,Actual,342.9,0
2764,22,3,2023-09-01,Forecast,293.8,0
2765,23,3,2023-09-01,Actual,332.9,0
2766,23,3,2023-09-01,Forecast,290.4,0
2767,24,3,2023-09-01,Actual,264.7,5
2768,24,3,2023-09-01,Forecast,277.5,0
2769,25,3,2023-09-01,Actual,318.7,1
2770,25,3,2023-09-01,Forecast,300.8,0
2771,26,3,2023-09-01,Actual,334.2,3
2772,26,3,2023-09-01,Forecast,340.5,0
2773,27,3,2023-09-01,Actual,217.3,0
2774,27,3,2023-09-01,Forecast,225.4,0
2775,28,3,2023-09-01,Actual,206.2,1
2776,28,3,2023-09-01,Forecast,212.7,0
2777,29,3,2023-09-01,Actual,138.3,5
2778,29,3,2023-09-01,Forecast,149.7,0
2779,30,3,2023-09-01,Actual,318.4,0
2780,30,3,2023-09-01,Forecast,306.3,0
2781,31,3,2023-09-01,Actual,378.0,3
2782,31,3,2023-09-01,Forecast,348.4,0
2783,32,3,2023-09-01,Actual,261.2,2
2784,32,3,2023-09-01,Forecast,298.0,0
2785,33,3,2023-09-01,Actual,191.6,5
2786,33,3,2023-09-01,Forecast,185.4,0
2787,34,3,2023-09-01,Actual,254.9,2
2788,34,3,2023-09-01,Forecast,273.7,0
2789,35,3,2023-09-01,Actual,323.7,5
2790,35,3,2023-09-01,Forecast,368.0,0
2791,36,3,2023-09-01,Actual,219.8,4
2792,36,3,2023-09-01,Forecast,204.6,0
2793,37,3,2023-09-01,Actual,233.6,0
2794,37,3,2023-09-01,Forecast,239.3,0
2795,38,3,2023-09-01,Actual,336.5,5
2796,38,3,2023-09-01,Forecast,349.8,0
2797,39,3,2023-09-01,Actual,173.2,2
2798,39,3,2023-09-01,Forecast,160.8,0
2799,40,3,2023-09-01,Actual,307.4,3
2800,40,3,2023-09-01,Forecast,261.5,0
2801,1,4,2023-09-01,Actual,356.0,3
2802,1,4,2023-09-01,Forecast,349.7,0
2803,2,4,2023-09-01,Actual,193.6,0
2804,2,4,2023-09-01,Forecast,210.3,0
2805,3,4,2023-09-01,Actual,331.6,5
2806,3,4,2023-09-01,Forecast,284.1,0
2807,4,4,2023-09-01,Actual,81.8,3
2808,4,4,2023-09-01,Forecast,82.7,0
2809,5,4,2023-09-01,Actual,141.9,3
2810,5,4,2023-09-01,Forecast,177.5,0
2811,6,4,2023-09-01,Actual,97.3,2
2812,6,4,2023-09-01,Forecast,82.1,0
2813,7,4,2023-09-01,Actual,349.6,4
2814,7,4,2023-09-01,Forecast,300.0,0
2815,8,4,2023-09-01,Actual,235.4,4
2816,8,4,2023-09-01,Forecast,247.8,0
2817,9,4,2023-09-01,Actual,151.0,2
2818,9,4,2023-09-01,Forecast,154.8,0
2819,10,4,2023-09-01,Actual,406.7,2
2820,10,4,2023-09-01,Forecast,355.2,0
2821,11,4,2023-09-01,Actual,288.3,2
2822,11,4,2023-09-01,Forecast,282.4,0
2823,12,4,2023-09-01,Actual,260.3,4
2824,12,4,2023-09-01,Forecast,270.0,0
2825,13,4,2023-09-01,Actual,326.0,3
2826,13,4,2023-09-01,Forecast,331.6,0
2827,14,4,2023-09-01,Actual,178.2,4
2828,14,4,2023-09-01,Forecast,158.5,0
2829,15,4,2023-09-01,Actual,118.5,1
2830,15,4,2023-09-01,Forecast,137.2,0
2831,16,4,2023-09-01,Actual,308.8,1
2832,16,4,2023-09-01,Forecast,359.8,0
2833,17,4,2023-09-01,Actual,269.8,3
2834,17,4,2023-09-01,Forecast,288.1,0
2835,18,4,2023-09-01,Actual,403.9,5
2836,18,4,2023-09-01,Forecast,383.3,0
2837,19,4,2023-09-01,Actual,245.7,1
2838,19,4,2023-09-01,Forecast,234.8,0
2839,20,4,2023-09-01,Actual,138.6,4
2840,20,4,2023-09-01,Forecast,150.2,0
2841,21,4,2023-09-01,Actual,386.0,4
2842,21,4,2023-09-01,Forecast,343.0,0
2843,22,4,2023-09-01,Actual,221.7,1
2844,22,4,2023-09-01,Forecast,235.3,0
2845,23,4,2023-09-01,Actual,415.2,0
2846,23,4,2023-09-01,Forecast,379.8,0
2847,24,4,2023-09-01,Actual,232.5,5
2848,24,4,2023-09-01,Forecast,248.0,0
2849,25,4,2023-09-01,Actual,347.2,0
2850,25,4,2023-09-01,Forecast,358.1,0
2851,26,4,2023-09-01,Actual,267.7,2
2852,26,4,2023-09-01,Forecast,232.4,0
2853,27,4,2023-09-01,Actual,193.8,1
2854,27,4,2023-09-01,Forecast,157.0,0
2855,28,4,2023-09-01,Actual,123.7,5
2856,28,4,2023-09-01,Forecast,107.1,0
2857,29,4,2023-09-01,Actual,201.3,3
2858,29,4,2023-09-01,Forecast,220.9,0
2859,30,4,2023-09-01,Actual,402.3,3
2860,30,4,2023-09-01,Forecast,381.1,0
2861,31,4,2023-09-01,Actual,224.7,0
2862,31,4,2023-09-01,Forecast,208.2,0
2863,32,4,2023-09-01,Actual,108.5,3
2864,32,4,2023-09-01,Forecast,102.2,0
2865,33,4,2023-09-01,Actual,262.0,3
2866,33,4,2023-09-01,Forecast,304.2,0
2867,34,4,2023-09-01,Actual,200.5,3
2868,34,4,2023-09-01,Forecast,218.2,0
2869,35,4,2023-09-01,Actual,104.1,5
2870,35,4,2023-09-01,Forecast,89.8,0
2871,36,4,2023-09-01,Actual,318.0,4
2872,36,4,2023-09-01,Forecast,300.5,0
2873,37,4,2023-09-01,Actual,286.8,0
2874,37,4,2023-09-01,Forecast,269.6,0
2875,38,4,2023-09-01,Actual,193.8,4
2876,38,4,2023-09-01,Forecast,206.8,0
2877,39,4,2023-09-01,Actual,369.6,3
2878,39,4,2023-09-01,Forecast,417.4,0
2879,40,4,2023-09-01,Actual,337.5,2
2880,40,4,2023-09-01,Forecast,380.7,0
2881,1,1,2023-10-01,Actual,305.4,3
2882,1,1,2023-10-01,Forecast,303.7,0
2883,2,1,2023-10-01,Actual,296.6,2
2884,2,1,2023-10-01,Forecast,301.8,0
2885,3,1,2023-10-01,Actual,193.5,0
2886,3,1,2023-10-01,Forecast,173.9,0
2887,4,1,2023-10-01,Actual,320.7,3
2888,4,1,2023-10-01,Forecast,345.9,0
2889,5,1,2023-10-01,Actual,227.0,2
2890,5,1,2023-10-01,Forecast,263.6,0
2891,6,1,2023-10-01,Actual,430.1,3
2892,6,1,2023-10-01,Forecast,370.7,0
2893,7,1,2023-10-01,Actual,130.7,3
2894,7,1,2023-10-01,Forecast,140.8,0
2895,8,1,2023-10-01,Actual,152.6,5
2896,8,1,2023-10-01,Forecast,138.4,0
2897,9,1,2023-10-01,Actual,227.7,3
2898,9,1,2023-10-01,Forecast,243.2,0
2899,10,1,2023-10-01,Actual,300.1,3
2900,10,1,2023-10-01,Forecast,281.1,0
2901,11,1,2023-10-01,Actual,178.7,5
2902,11,1,2023-10-01,Forecast,158.8,0
2903,12,1,2023-10-01,Actual,281.5,5
2904,12,1,2023-10-01,Forecast,237.7,0
2905,13,1,2023-10-01,Actual,190.0,4
2906,13,1,2023-10-01,Forecast,173.2,0
2907,14,1,2023-10-01,Actual,251.4,4
2908,14,1,2023-10-01,Forecast,210.6,0
2909,15,1,2023-10-01,Actual,378.1,0
2910,15,1,2023-10-01,Forecast,343.3,0
2911,16,1,2023-10-01,Actual,345.4,0
2912,16,1,2023-10-01,Forecast,307.6,0
2913,17,1,2023-10-01,Actual,258.4,4
2914,17,1,2023-10-01,Forecast,283.5,0
2915,18,1,2023-10-01,Actual,200.8,4
2916,18,1,2023-10-01,Forecast,188.9,0
2917,19,1,2023-10-01,Actual,122.0,3
2918,19,1,2023-10-01,Forecast,122.2,0
2919,20,1,2023-10-01,Actual,313.5,5
2920,20,1,2023-10-01,Forecast,270.6,0
2921,21,1,2023-10-01,Actual,367.6,3
2922,21,1,2023-10-01,Forecast,298.0,0
2923,22,1,2023-10-01,Actual,140.8,2
2924,22,1,2023-10-01,Forecast,131.7,0
2925,23,1,2023-10-01,Actual,115.4,0
2926,23,1,2023-10-01,Forecast,122.5,0
2927,24,1,2023-10-01,Actual,98.3,3
2928,24,1,2023-10-01,Forecast,84.2,0
2929,25,1,2023-10-01,Actual,288.9,3
2930,25,1,2023-10-01,Forecast,243.2,0
2931,26,1,2023-10-01,Actual,408.4,1
2932,26,1,2023-10-01,Forecast,410.8,0
2933,27,1,2023-10-01,Actual,214.4,2
2934,27,1,2023-10-01,Forecast,214.4,0
2935,28,1,2023-10-01,Actual,313.8,4
2936,28,1,2023-10-01,Forecast,301.3,0
2937,29,1,2023-10-01,Actual,191.5,4
2938,29,1,2023-10-01,Forecast,171.4,0
2939,30,1,2023-10-01,Actual,322.8,1
2940,30,1,2023-10-01,Forecast,401.9,0
2941,31,1,2023-10-01,Actual,194.3,5
2942,31,1,2023-10-01,Forecast,202.4,0
2943,32,1,2023-10-01,Actual,227.5,3
2944,32,1,2023-10-01,Forecast,263.8,0
2945,33,1,2023-10-01,Actual,212.9,3
2946,33,1,2023-10-01,Forecast,197.7,0
2947,34,1,2023-10-01,Actual,125.6,4
2948,34,1,2023-10-01,Forecast,146.1,0
2949,35,1,2023-10-01,Actual,197.4,5
2950,35,1,2023-10-01,Forecast,189.4,0
2951,36,1,2023-10-01,Actual,176.3,5
2952,36,1,2023-10-01,Forecast,156.9,0
2953,37,1,2023-10-01,Actual,328.4,4
2954,37,1,2023-10-01,Forecast,299.4,0
2955,38,1,2023-10-01,Actual,182.0,3
2956,38,1,2023-10-01,Forecast,179.8,0
2957,39,1,2023-10-01,Actual,218.8,2
2958,39,1,2023-10-01,Forecast,232.2,0
2959,40,1,2023-10-01,Actual,314.7,0
2960,40,1,2023-10-01,Forecast,299.1,0
2961,1,2,2023-10-01,Actual,354.9,4
2962,1,2,2023-10-01,Forecast,339.0,0
2963,2,2,2023-10-01,Actual,132.6,2
2964,2,2,2023-10-01,Forecast,144.6,0
2965,3,2,2023-10-01,Actual,144.1,2
2966,3,2,2023-10-01,Forecast,143.5,0
2967,4,2,2023-10-01,Actual,146.4,1
2968,4,2,2023-10-01,Forecast,155.5,0
2969,5,2,2023-10-01,Actual,342.6,2
2970,5,2,2023-10-01,Forecast,323.7,0
2971,6,2,2023-10-01,Actual,256.5,1
2972,6,2,2023-10-01,Forecast,262.7,0
2973,7,2,2023-10-01,Actual,161.6,5
2974,7,2,2023-10-01,Forecast,198.4,0
2975,8,2,2023-10-01,Actual,210.7,0
2976,8,2,2023-10-01,Forecast,215.3,0
2977,9,2,2023-10-01,Actual,126.3,1
2978,9,2,2023-10-01,Forecast,136.5,0
2979,10,2,2023-10-01,Actual,284.3,5
2980,10,2,2023-10-01,Forecast,300.2,0
2981,11,2,2023-10-01,Actual,262.5,2
2982,11,2,2023-10-01,Forecast,275.7,0
2983,12,2,2023-10-01,Actual,110.5,3
2984,12,2,2023-10-01,Forecast,101.6,0
2985,13,2,2023-10-01,Actual,304.2,5
2986,13,2,2023-10-01,Forecast,325.4,0
2987,14,2,2023-10-01,Actual,157.9,0
2988,14,2,2023-10-01,Forecast,176.9,0
2989,15,2,2023-10-01,Actual,147.1,2
2990,15,2,2023-10-01,Forecast,164.0,0
2991,16,2,2023-10-01,Actual,104.6,1
2992,16,2,2023-10-01,Forecast,114.3,0
2993,17,2,2023-10-01,Actual,276.8,4
2994,17,2,2023-10-01,Forecast,278.3,0
2995,18,2,2023-10-01,Actual,121.1,3
2996,18,2,2023-10-01,Forecast,117.0,0
2997,19,2,2023-10-01,Actual,398.5,3
2998,19,2,2023-10-01,Forecast,413.0,0
2999,20,2,2023-10-01,Actual,429.1,1
3000,20,2,2023-10-01,Forecast,416.5,0
3001,21,2,2023-10-01,Actual,302.2,1
3002,21,2,2023-10-01,Forecast,317.6,0
3003,22,2,2023-10-01,Actual,181.3,4
3004,22,2,2023-10-01,Forecast,182.1,0
3005,23,2,2023-10-01,Actual,283.9,1
3006,23,2,2023-10-01,Forecast,277.2,0
3007,24,2,2023-10-01,Actual,163.5,1
3008,24,2,2023-10-01,Forecast,166.5,0
3009,25,2,2023-10-01,Actual,323.1,1
3010,25,2,2023-10-01,Forecast,340.9,0
3011,26,2,2023-10-01,Actual,252.9,4
3012,26,2,2023-10-01,Forecast,263.7,0
3013,27,2,2023-10-01,Actual,184.3,2
3014,27,2,2023-10-01,Forecast,187.3,0
3015,28,2,2023-10-01,Actual,218.6,1
3016,28,2,2023-10-01,Forecast,228.2,0
3017,29,2,2023-10-01,Actual,227.0,0
3018,29,2,2023-10-01,Forecast,202.4,0
3019,30,2,2023-10-01,Actual,176.1,2
3020,30,2,2023-10-01,Forecast,183.1,0
3021,31,2,2023-10-01,Actual,154.9,3
3022,31,2,2023-10-01,Forecast,161.4,0
3023,32,2,2023-10-01,Actual,380.5,5
3024,32,2,2023-10-01,Forecast,348.0,0
3025,33,2,2023-10-01,Actual,128.4,1
3026,33,2,2023-10-01,Forecast,120.4,0
3027,34,2,2023-10-01,Actual,282.6,1
3028,34,2,2023-10-01,Forecast,356.4,0
3029,35,2,2023-10-01,Actual,128.2,2
3030,35,2,2023-10-01,Forecast,126.6,0
3031,36,2,2023-10-01,Actual,332.8,5
3032,36,2,2023-10-01,Forecast,349.1,0
3033,37,2,2023-10-01,Actual,109.4,1
3034,37,2,2023-10-01,Forecast,122.5,0
3035,38,2,2023-10-01,Actual,146.0,3
3036,38,2,2023-10-01,Forecast,133.4,0
3037,39,2,2023-10-01,Actual,356.5,5
3038,39,2,2023-10-01,Forecast,395.7,0
3039,40,2,2023-10-01,Actual,162.7,0
3040,40,2,2023-10-01,Forecast,169.0,0
3041,1,3,2023-10-01,Actual,251.2,0
3042,1,3,2023-10-01,Forecast,204.9,0
3043,2,3,2023-10-01,Actual,200.0,0
3044,2,3,2023-10-01,Forecast,195.3,0
3045,3,3,2023-10-01,Actual,374.5,4
3046,3,3,2023-10-01,Forecast,342.5,0
3047,4,3,2023-10-01,Actual,117.0,2
3048,4,3,2023-10-01,Forecast,108.4,0
3049,5,3,2023-10-01,Actual,332.4,0
3050,5,3,2023-10-01,Forecast,362.1,0
3051,6,3,2023-10-01,Actual,159.5,3
3052,6,3,2023-10-01,Forecast,141.6,0
3053,7,3,2023-10-01,Actual,342.8,0
3054,7,3,2023-10-01,Forecast,364.6,0
3055,8,3,2023-10-01,Actual,185.7,5
3056,8,3,2023-10-01,Forecast,167.3,0
3057,9,3,2023-10-01,Actual,285.1,5
3058,9,3,2023-10-01,Forecast,300.9,0
3059,10,3,2023-10-01,Actual,349.9,2
3060,10,3,2023-10-01,Forecast,341.6,0
3061,11,3,2023-10-01,Actual,140.8,1
3062,11,3,2023-10-01,Forecast,141.6,0
3063,12,3,2023-10-01,Actual,172.6,5
3064,12,3,2023-10-01,Forecast,169.8,0
3065,13,3,2023-10-01,Actual,267.0,3
3066,13,3,2023-10-01,Forecast,237.7,0
3067,14,3,2023-10-01,Actual,351.7,5
3068,14,3,2023-10-01,Forecast,361.8,0
3069,15,3,2023-10-01,Actual,389.0,3
3070,15,3,2023-10-01,Forecast,431.9,0
3071,16,3,2023-10-01,Actual,285.5,0
3072,16,3,2023-10-01,Forecast,357.5,0
3073,17,3,2023-10-01,Actual,420.7,0
3074,17,3,2023-10-01,Forecast,334.8,0
3075,18,3,2023-10-01,Actual,327.0,0
3076,18,3,2023-10-01,Forecast,356.5,0
3077,19,3,2023-10-01,Actual,127.4,5
3078,19,3,2023-10-01,Forecast,125.3,0
3079,20,3,2023-10-01,Actual,307.4,4
3080,20,3,2023-10-01,Forecast,336.2,0
3081,21,3,2023-10-01,Actual,234.7,4
3082,21,3,2023-10-01,Forecast,229.0,0
3083,22,3,2023-10-01,Actual,294.1,1
3084,22,3,2023-10-01,Forecast,355.3,0
3085,23,3,2023-10-01,Actual,206.6,5
3086,23,3,2023-10-01,Forecast,221.2,0
3087,24,3,2023-10-01,Actual,194.1,3
3088,24,3,2023-10-01,Forecast,221.8,0
3089,25,3,2023-10-01,Actual,311.0,5
3090,25,3,2023-10-01,Forecast,351.4,0
3091,26,3,2023-10-01,Actual,427.0,1
3092,26,3,2023-10-01,Forecast,426.0,0
3093,27,3,2023-10-01,Actual,415.6,4
3094,27,3,2023-10-01,Forecast,424.2,0
3095,28,3,2023-10-01,Actual,92.2,2
3096,28,3,2023-10-01,Forecast,95.3,0
3097,29,3,2023-10-01,Actual,117.1,3
3098,29,3,2023-10-01,Forecast,107.2,0
3099,30,3,2023-10-01,Actual,125.9,4
3100,30,3,2023-10-01,Forecast,134.6,0
3101,31,3,2023-10-01,Actual,429.1,4
3102,31,3,2023-10-01,Forecast,401.0,0
3103,32,3,2023-10-01,Actual,300.8,3
3104,32,3,2023-10-01,Forecast,313.7,0
3105,33,3,2023-10-01,Actual,88.5,5
3106,33,3,2023-10-01,Forecast,100.9,0
3107,34,3,2023-10-01,Actual,284.8,0
3108,34,3,2023-10-01,Forecast,279.2,0
3109,35,3,2023-10-01,Actual,91.9,2
3110,35,3,2023-10-01,Forecast,80.3,0
3111,36,3,2023-10-01,Actual,230.5,1
3112,36,3,2023-10-01,Forecast,267.6,0
3113,37,3,2023-10-01,Actual,412.5,5
3114,37,3,2023-10-01,Forecast,346.0,0
3115,38,3,2023-10-01,Actual,125.8,0
3116,38,3,2023-10-01,Forecast,146.9,0
3117,39,3,2023-10-01,Actual,287.6,3
3118,39,3,2023-10-01,Forecast,340.7,0
3119,40,3,2023-10-01,Actual,170.9,0
3120,40,3,2023-10-01,Forecast,160.2,0
3121,1,4,2023-10-01,Actual,321.6,3
3122,1,4,2023-10-01,Forecast,299.0,0
3123,2,4,2023-10-01,Actual,392.5,3
3124,2,4,2023-10-01,Forecast,424.3,0
3125,3,4,2023-10-01,Actual,144.4,0
3126,3,4,2023-10-01,Forecast,128.7,0
3127,4,4,2023-10-01,Actual,424.5,0
3128,4,4,2023-10-01,Forecast,369.4,0
3129,5,4,2023-10-01,Actual,328.2,4
3130,5,4,2023-10-01,Forecast,385.1,0
3131,6,4,2023-10-01,Actual,294.6,0
3132,6,4,2023-10-01,Forecast,260.3,0
3133,7,4,2023-10-01,Actual,228.4,4
3134,7,4,2023-10-01,Forecast,224.3,0
3135,8,4,2023-10-01,Actual,249.0,4
3136,8,4,2023-10-01,Forecast,293.5,0
3137,9,4,2023-10-01,Actual,171.5,5
3138,9,4,2023-10-01,Forecast,176.5,0
3139,10,4,2023-10-01,Actual,283.8,1
3140,10,4,2023-10-01,Forecast,298.4,0
3141,11,4,2023-10-01,Actual,190.8,3
3142,11,4,2023-10-01,Forecast,209.3,0
3143,12,4,2023-10-01,Actual,176.6,3
3144,12,4,2023-10-01,Forecast,185.1,0
3145,13,4,2023-10-01,Actual,92.7,0
3146,13,4,2023-10-01,Forecast,89.5,0
3147,14,4,2023-10-01,Actual,211.8,0
3148,14,4,2023-10-01,Forecast,232.8,0
3149,15,4,2023-10-01,Actual,304.5,2
3150,15,4,2023-10-01,Forecast,328.0,0
3151,16,4,2023-10-01,Actual,271.1,2
3152,16,4,2023-10-01,Forecast,229.4,0
3153,17,4,2023-10-01,Actual,204.8,3
3154,17,4,2023-10-01,Forecast,224.4,0
3155,18,4,2023-10-01,Actual,319.6,5
3156,18,4,2023-10-01,Forecast,341.2,0
3157,19,4,2023-10-01,Actual,211.2,2
3158,19,4,2023-10-01,Forecast,224.5,0
3159,20,4,2023-10-01,Actual,183.8,1
3160,20,4,2023-10-01,Forecast,232.0,0
3161,21,4,2023-10-01,Actual,139.6,5
3162,21,4,2023-10-01,Forecast,120.2,0
3163,22,4,2023-10-01,Actual,160.1,4
3164,22,4,2023-10-01,Forecast,138.3,0
3165,23,4,2023-10-01,Actual,339.8,0
3166,23,4,2023-10-01,Forecast,374.5,0
3167,24,4,2023-10-01,Actual,114.1,4
3168,24,4,2023-10-01,Forecast,103.3,0
3169,25,4,2023-10-01,Actual,369.4,3
3170,25,4,2023-10-01,Forecast,397.9,0
3171,26,4,2023-10-01,Actual,113.3,4
3172,26,4,2023-10-01,Forecast,99.8,0
3173,27,4,2023-10-01,Actual,256.0,1
3174,27,4,2023-10-01,Forecast,297.5,0
3175,28,4,2023-10-01,Actual,392.7,5
3176,28,4,2023-10-01,Forecast,351.2,0
3177,29,4,2023-10-01,Actual,88.1,2
3178,29,4,2023-10-01,Forecast,89.3,0
3179,30,4,2023-10-01,Actual,344.7,5
3180,30,4,2023-10-01,Forecast,346.5,0
3181,31,4,2023-10-01,Actual,121.8,5
3182,31,4,2023-10-01,Forecast,131.6,0
3183,32,4,2023-10-01,Actual,312.2,1
3184,32,4,2023-10-01,Forecast,277.5,0
3185,33,4,2023-10-01,Actual,241.0,5
3186,33,4,2023-10-01,Forecast,252.1,0
3187,34,4,2023-10-01,Actual,415.1,4
3188,34,4,2023-10-01,Forecast,428.3,0
3189,35,4,2023-10-01,Actual,214.9,2
3190,35,4,2023-10-01,Forecast,207.7,0
3191,36,4,2023-10-01,Actual,374.2,5
3192,36,4,2023-10-01,Forecast,363.5,0
3193,37,4,2023-10-01,Actual,417.0,3
3194,37,4,2023-10-01,Forecast,374.5,0
3195,38,4,2023-10-01,Actual,286.3,0
3196,38,4,2023-10-01,Forecast,308.4,0
3197,39,4,2023-10-01,Actual,257.8,1
3198,39,4,2023-10-01,Forecast,282.1,0
3199,40,4,2023-10-01,Actual,157.4,0
3200,40,4,2023-10-01,Forecast,170.7,0
3201,1,1,2023-11-01,Actual,338.7,0
3202,1,1,2023-11-01,Forecast,313.2,0
3203,2,1,2023-11-01,Actual,243.9,2
3204,2,1,2023-11-01,Forecast,295.8,0
3205,3,1,2023-11-01,Actual,177.4,4
3206,3,1,2023-11-01,Forecast,170.8,0
3207,4,1,2023-11-01,Actual,305.2,2
3208,4,1,2023-11-01,Forecast,283.9,0
3209,5,1,2023-11-01,Actual,426.3,5
3210,5,1,2023-11-01,Forecast,357.9,0
3211,6,1,2023-11-01,Actual,213.6,4
3212,6,1,2023-11-01,Forecast,203.7,0
3213,7,1,2023-11-01,Actual,139.5,0
3214,7,1,2023-11-01,Forecast,115.6,0
3215,8,1,2023-11-01,Actual,401.1,0
3216,8,1,2023-11-01,Forecast,363.3,0
3217,9,1,2023-11-01,Actual,310.7,4
3218,9,1,2023-11-01,Forecast,349.1,0
3219,10,1,2023-11-01,Actual,104.1,3
3220,10,1,2023-11-01,Forecast,130.0,0
3221,11,1,2023-11-01,Actual,193.0,2
3222,11,1,2023-11-01,Forecast,213.6,0
3223,12,1,2023-11-01,Actual,275.4,5
3224,12,1,2023-11-01,Forecast,270.0,0
3225,13,1,2023-11-01,Actual,260.2,0
3226,13,1,2023-11-01,Forecast,214.1,0
3227,14,1,2023-11-01,Actual,341.4,4
3228,14,1,2023-11-01,Forecast,351.0,0
3229,15,1,2023-11-01,Actual,289.3,3
3230,15,1,2023-11-01,Forecast,306.1,0
3231,16,1,2023-11-01,Actual,275.3,2
3232,16,1,2023-11-01,Forecast,294.0,0
3233,17,1,2023-11-01,Actual,255.4,3
3234,17,1,2023-11-01,Forecast,317.7,0
3235,18,1,2023-11-01,Actual,230.4,1
3236,18,1,2023-11-01,Forecast,280.7,0
3237,19,1,2023-11-01,Actual,369.3,4
3238,19,1,2023-11-01,Forecast,333.6,0
3239,20,1,2023-11-01,Actual,322.6,4
3240,20,1,2023-11-01,Forecast,285.9,0
3241,21,1,2023-11-01,Actual,377.5,5
3242,21,1,2023-11-01,Forecast,399.5,0
3243,22,1,2023-11-01,Actual,85.1,5
3244,22,1,2023-11-01,Forecast,87.0,0
3245,23,1,2023-11-01,Actual,326.8,4
3246,23,1,2023-11-01,Forecast,286.4,0
3247,24,1,2023-11-01,Actual,163.4,4
3248,24,1,2023-11-01,Forecast,203.5,0
3249,25,1,2023-11-01,Actual,83.5,2
3250,25,1,2023-11-01,Forecast,90.7,0
3251,26,1,2023-11-01,Actual,144.9,4
3252,26,1,2023-11-01,Forecast,153.2,0
3253,27,1,2023-11-01,Actual,220.0,0
3254,27,1,2023-11-01,Forecast,233.1,0
3255,28,1,2023-11-01,Actual,294.9,5
3256,28,1,2023-11-01,Forecast,289.5,0
3257,29,1,2023-11-01,Actual,116.2,2
3258,29,1,2023-11-01,Forecast,134.7,0
3259,30,1,2023-11-01,Actual,252.3,3
3260,30,1,2023-11-01,Forecast,268.0,0
3261,31,1,2023-11-01,Actual,390.1,3
3262,31,1,2023-11-01,Forecast,325.5,0
3263,32,1,2023-11-01,Actual,133.2,0
3264,32,1,2023-11-01,Forecast,145.2,0
3265,33,1,2023-11-01,Actual,360.3,3
3266,33,1,2023-11-01,Forecast,337.6,0
3267,34,1,2023-11-01,Actual,232.6,3
3268,34,1,2023-11-01,Forecast,270.8,0
3269,35,1,2023-11-01,Actual,97.4,1
3270,35,1,2023-11-01,Forecast,103.9,0
3271,36,1,2023-11-01,Actual,157.8,0
3272,36,1,2023-11-01,Forecast,182.8,0
3273,37,1,2023-11-01,Actual,187.7,0
3274,37,1,2023-11-01,Forecast,177.6,0
3275,38,1,2023-11-01,Actual,103.8,4
3276,38,1,2023-11-01,Forecast,88.3,0
3277,39,1,2023-11-01,Actual,74.1,5
3278,39,1,2023-11-01,Forecast,86.0,0
3279,40,1,2023-11-01,Actual,334.9,5
3280,40,1,2023-11-01,Forecast,396.6,0
3281,1,2,2023-11-01,Actual,149.8,0
3282,1,2,2023-11-01,Forecast,166.3,0
3283,2,2,2023-11-01,Actual,150.6,0
3284,2,2,2023-11-01,Forecast,183.2,0
3285,3,2,2023-11-01,Actual,123.3,3
3286,3,2,2023-11-01,Forecast,117.5,0
3287,4,2,2023-11-01,Actual,183.0,3
3288,4,2,2023-11-01,Forecast,176.4,0
3289,5,2,2023-11-01,Actual,174.0,2
3290,5,2,2023-11-01,Forecast,176.0,0
3291,6,2,2023-11-01,Actual,319.3,2
3292,6,2,2023-11-01,Forecast,330.7,0
3293,7,2,2023-11-01,Actual,302.4,5
3294,7,2,2023-11-01,Forecast,313.5,0
3295,8,2,2023-11-01,Actual,354.7,1
3296,8,2,2023-11-01,Forecast,328.0,0
3297,9,2,2023-11-01,Actual,188.0,1
3298,9,2,2023-11-01,Forecast,186.8,0
3299,10,2,2023-11-01,Actual,309.1,1
3300,10,2,2023-11-01,Forecast,351.2,0
3301,11,2,2023-11-01,Actual,236.9,4
3302,11,2,2023-11-01,Forecast,253.9,0
3303,12,2,2023-11-01,Actual,413.4,4
3304,12,2,2023-11-01,Forecast,373.7,0
3305,13,2,2023-11-01,Actual,386.2,1
3306,13,2,2023-11-01,Forecast,364.1,0
3307,14,2,2023-11-01,Actual,340.3,0
3308,14,2,2023-11-01,Forecast,315.1,0
3309,15,2,2023-11-01,Actual,156.7,2
3310,15,2,2023-11-01,Forecast,137.9,0
3311,16,2,2023-11-01,Actual,429.1,5
3312,16,2,2023-11-01,Forecast,354.1,0
3313,17,2,2023-11-01,Actual,83.5,0
3314,17,2,2023-11-01,Forecast,85.5,0
3315,18,2,2023-11-01,Actual,88.8,3
3316,18,2,2023-11-01,Forecast,86.7,0
3317,19,2,2023-11-01,Actual,271.6,4
3318,19,2,2023-11-01,Forecast,286.7,0
3319,20,2,2023-11-01,Actual,151.7,4
3320,20,2,2023-11-01,Forecast,143.7,0
3321,21,2,2023-11-01,Actual,173.9,1
3322,21,2,2023-11-01,Forecast,157.3,0
3323,22,2,2023-11-01,Actual,267.2,3
3324,22,2,2023-11-01,Forecast,276.0,0
3325,23,2,2023-11-01,Actual,370.4,2
3326,23,2,2023-11-01,Forecast,376.5,0
3327,24,2,2023-11-01,Actual,407.3,2
3328,24,2,2023-11-01,Forecast,376.9,0
3329,25,2,2023-11-01,Actual,310.9,3
3330,25,2,2023-11-01,Forecast,252.2,0
3331,26,2,2023-11-01,Actual,101.1,4
3332,26,2,2023-11-01,Forecast,85.6,0
3333,27,2,2023-11-01,Actual,246.2,3
3334,27,2,2023-11-01,Forecast,235.9,0
3335,28,2,2023-11-01,Actual,326.0,1
3336,28,2,2023-11-01,Forecast,357.1,0
3337,29,2,2023-11-01,Actual,191.2,0
3338,29,2,2023-11-01,Forecast,199.0,0
3339,30,2,2023-11-01,Actual,200.1,3
3340,30,2,2023-11-01,Forecast,210.2,0
3341,31,2,2023-11-01,Actual,182.4,2
3342,31,2,2023-11-01,Forecast,213.1,0
3343,32,2,2023-11-01,Actual,146.6,1
3344,32,2,2023-11-01,Forecast,129.0,0
3345,33,2,2023-11-01,Actual,250.3,4
3346,33,2,2023-11-01,Forecast,238.9,0
3347,34,2,2023-11-01,Actual,132.8,2
3348,34,2,2023-11-01,Forecast,132.7,0
3349,35,2,2023-11-01,Actual,301.8,2
3350,35,2,2023-11-01,Forecast,293.2,0
3351,36,2,2023-11-01,Actual,411.6,0
3352,36,2,2023-11-01,Forecast,400.9,0
3353,37,2,2023-11-01,Actual,261.9,5
3354,37,2,2023-11-01,Forecast,253.9,0
3355,38,2,2023-11-01,Actual,149.5,3
3356,38,2,2023-11-01,Forecast,128.2,0
3357,39,2,2023-11-01,Actual,342.3,4
3358,39,2,2023-11-01,Forecast,362.0,0
3359,40,2,2023-11-01,Actual,276.5,0
3360,40,2,2023-11-01,Forecast,224.0,0
3361,1,3,2023-11-01,Actual,345.3,0
3362,1,3,2023-11-01,Forecast,290.0,0
3363,2,3,2023-11-01,Actual,398.6,4
3364,2,3,2023-11-01,Forecast,383.4,0
3365,3,3,2023-11-01,Actual,87.2,0
3366,3,3,2023-11-01,Forecast,93.7,0
3367,4,3,2023-11-01,Actual,306.8,2
3368,4,3,2023-11-01,Forecast,304.7,0
3369,5,3,2023-11-01,Actual,193.3,3
3370,5,3,2023-11-01,Forecast,190.0,0
3371,6,3,2023-11-01,Actual,413.2,2
3372,6,3,2023-11-01,Forecast,428.5,0
3373,7,3,2023-11-01,Actual,218.8,2
3374,7,3,2023-11-01,Forecast,226.6,0
3375,8,3,2023-11-01,Actual,388.0,5
3376,8,3,2023-11-01,Forecast,327.2,0
3377,9,3,2023-11-01,Actual,244.2,4
3378,9,3,2023-11-01,Forecast,212.0,0
3379,10,3,2023-11-01,Actual,284.7,2
3380,10,3,2023-11-01,Forecast,299.2,0
3381,11,3,2023-11-01,Actual,358.6,5
3382,11,3,2023-11-01,Forecast,375.7,0
3383,12,3,2023-11-01,Actual,87.0,4
3384,12,3,2023-11-01,Forecast,87.5,0
3385,13,3,2023-11-01,Actual,332.1,4
3386,13,3,2023-11-01,Forecast,310.3,0
3387,14,3,2023-11-01,Actual,232.5,3
3388,14,3,2023-11-01,Forecast,214.5,0
3389,15,3,2023-11-01,Actual,210.3,2
3390,15,3,2023-11-01,Forecast,196.2,0
3391,16,3,2023-11-01,Actual,149.0,3
3392,16,3,2023-11-01,Forecast,177.4,0
3393,17,3,2023-11-01,Actual,428.8,2
3394,17,3,2023-11-01,Forecast,356.8,0
3395,18,3,2023-11-01,Actual,359.1,3
3396,18,3,2023-11-01,Forecast,325.1,0
3397,19,3,2023-11-01,Actual,394.8,2
3398,19,3,2023-11-01,Forecast,369.2,0
3399,20,3,2023-11-01,Actual,162.6,4
3400,20,3,2023-11-01,Forecast,158.7,0
3401,21,3,2023-11-01,Actual,162.6,0
3402,21,3,2023-11-01,Forecast,177.5,0
3403,22,3,2023-11-01,Actual,335.5,4
3404,22,3,2023-11-01,Forecast,322.9,0
3405,23,3,2023-11-01,Actual,215.7,3
3406,23,3,2023-11-01,Forecast,204.4,0
3407,24,3,2023-11-01,Actual,321.8,2
3408,24,3,2023-11-01,Forecast,342.3,0
3409,25,3,2023-11-01,Actual,252.6,5
3410,25,3,2023-11-01,Forecast,265.7,0
3411,26,3,2023-11-01,Actual,252.4,0
3412,26,3,2023-11-01,Forecast,268.0,0
3413,27,3,2023-11-01,Actual,85.6,1
3414,27,3,2023-11-01,Forecast,85.7,0
3415,28,3,2023-11-01,Actual,279.8,0
3416,28,3,2023-11-01,Forecast,315.7,0
3417,29,3,2023-11-01,Actual,116.9,0
3418,29,3,2023-11-01,Forecast,143.3,0
3419,30,3,2023-11-01,Actual,305.5,5
3420,30,3,2023-11-01,Forecast,321.9,0
3421,31,3,2023-11-01,Actual,435.9,3
3422,31,3,2023-11-01,Forecast,403.2,0
3423,32,3,2023-11-01,Actual,106.1,1
3424,32,3,2023-11-01,Forecast,110.3,0
3425,33,3,2023-11-01,Actual,133.3,3
3426,33,3,2023-11-01,Forecast,130.3,0
3427,34,3,2023-11-01,Actual,362.3,1
3428,34,3,2023-11-01,Forecast,305.4,0
3429,35,3,2023-11-01,Actual,129.9,1
3430,35,3,2023-11-01,Forecast,127.9,0
3431,36,3,2023-11-01,Actual,311.9,0
3432,36,3,2023-11-01,Forecast,321.3,0
3433,37,3,2023-11-01,Actual,265.7,3
3434,37,3,2023-11-01,Forecast,258.5,0
3435,38,3,2023-11-01,Actual,339.5,4
3436,38,3,2023-11-01,Forecast,272.5,0
3437,39,3,2023-11-01,Actual,297.4,1
3438,39,3,2023-11-01,Forecast,288.6,0
3439,40,3,2023-11-01,Actual,109.9,1
3440,40,3,2023-11-01,Forecast,103.7,0
3441,1,4,2023-11-01,Actual,317.7,3
3442,1,4,2023-11-01,Forecast,397.1,0
3443,2,4,2023-11-01,Actual,289.4,1
3444,2,4,2023-11-01,Forecast,286.9,0
3445,3,4,2023-11-01,Actual,172.2,3
3446,3,4,2023-11-01,Forecast,181.9,0
3447,4,4,2023-11-01,Actual,105.9,4
3448,4,4,2023-11-01,Forecast,109.9,0
3449,5,4,2023-11-01,Actual,275.0,3
3450,5,4,2023-11-01,Forecast,231.0,0
3451,6,4,2023-11-01,Actual,260.5,5
3452,6,4,2023-11-01,Forecast,282.7,0
3453,7,4,2023-11-01,Actual,177.5,2
3454,7,4,2023-11-01,Forecast,193.1,0
3455,8,4,2023-11-01,Actual,149.0,2
3456,8,4,2023-11-01,Forecast,162.3,0
3457,9,4,2023-11-01,Actual,346.3,0
3458,9,4,2023-11-01,Forecast,354.6,0
3459,10,4,2023-11-01,Actual,312.6,3
3460,10,4,2023-11-01,Forecast,322.9,0
3461,11,4,2023-11-01,Actual,213.8,4
3462,11,4,2023-11-01,Forecast,186.8,0
3463,12,4,2023-11-01,Actual,295.1,2
3464,12,4,2023-11-01,Forecast,326.2,0
3465,13,4,2023-11-01,Actual,304.3,5
3466,13,4,2023-11-01,Forecast,308.7,0
3467,14,4,2023-11-01,Actual,149.8,3
3468,14,4,2023-11-01,Forecast,149.0,0
3469,15,4,2023-11-01,Actual,117.0,3
3470,15,4,2023-11-01,Forecast,126.1,0
3471,16,4,2023-11-01,Actual,113.5,2
3472,16,4,2023-11-01,Forecast,136.2,0
3473,17,4,2023-11-01,Actual,352.1,1
3474,17,4,2023-11-01,Forecast,403.7,0
3475,18,4,2023-11-01,Actual,405.2,0
3476,18,4,2023-11-01,Forecast,415.1,0
3477,19,4,2023-11-01,Actual,399.7,5
3478,19,4,2023-11-01,Forecast,335.3,0
3479,20,4,2023-11-01,Actual,99.3,2
3480,20,4,2023-11-01,Forecast,94.1,0
3481,21,4,2023-11-01,Actual,287.0,5
3482,21,4,2023-11-01,Forecast,258.9,0
3483,22,4,2023-11-01,Actual,151.2,3
3484,22,4,2023-11-01,Forecast,148.5,0
3485,23,4,2023-11-01,Actual,235.5,3
3486,23,4,2023-11-01,Forecast,227.6,0
3487,24,4,2023-11-01,Actual,179.3,0
3488,24,4,2023-11-01,Forecast,187.9,0
3489,25,4,2023-11-01,Actual,325.2,0
3490,25,4,2023-11-01,Forecast,311.4,0
3491,26,4,2023-11-01,Actual,130.5,2
3492,26,4,2023-11-01,Forecast,117.1,0
3493,27,4,2023-11-01,Actual,106.1,1
3494,27,4,2023-11-01,Forecast,103.4,0
3495,28,4,2023-11-01,Actual,337.7,1
3496,28,4,2023-11-01,Forecast,362.3,0
3497,29,4,2023-11-01,Actual,297.2,0
3498,29,4,2023-11-01,Forecast,325.5,0
3499,30,4,2023-11-01,Actual,241.7,3
3500,30,4,2023-11-01,Forecast,290.9,0
3501,31,4,2023-11-01,Actual,283.4,2
3502,31,4,2023-11-01,Forecast,285.1,0
3503,32,4,2023-11-01,Actual,203.3,3
3504,32,4,2023-11-01,Forecast,174.5,0
3505,33,4,2023-11-01,Actual,402.2,1
3506,33,4,2023-11-01,Forecast,358.9,0
3507,34,4,2023-11-01,Actual,237.2,4
3508,34,4,2023-11-01,Forecast,201.2,0
3509,35,4,2023-11-01,Actual,159.9,4
3510,35,4,2023-11-01,Forecast,157.3,0
3511,36,4,2023-11-01,Actual,142.0,4
3512,36,4,2023-11-01,Forecast,136.3,0
3513,37,4,2023-11-01,Actual,234.3,2
3514,37,4,2023-11-01,Forecast,247.0,0
3515,38,4,2023-11-01,Actual,358.9,1
3516,38,4,2023-11-01,Forecast,284.4,0
3517,39,4,2023-11-01,Actual,381.3,3
3518,39,4,2023-11-01,Forecast,366.0,0
3519,40,4,2023-11-01,Actual,90.2,1
3520,40,4,2023-11-01,Forecast,92.6,0
3521,1,1,2023-12-01,Actual,400.1,1
3522,1,1,2023-12-01,Forecast,371.6,0
3523,2,1,2023-12-01,Actual,88.1,4
3524,2,1,2023-12-01,Forecast,96.3,0
3525,3,1,2023-12-01,Actual,281.0,0
3526,3,1,2023-12-01,Forecast,263.4,0
3527,4,1,2023-12-01,Actual,376.8,1
3528,4,1,2023-12-01,Forecast,400.8,0
3529,5,1,2023-12-01,Actual,358.3,1
3530,5,1,2023-12-01,Forecast,366.4,0
3531,6,1,2023-12-01,Actual,298.4,2
3532,6,1,2023-12-01,Forecast,259.6,0
3533,7,1,2023-12-01,Actual,147.4,5
3534,7,1,2023-12-01,Forecast,153.1,0
3535,8,1,2023-12-01,Actual,292.6,2
3536,8,1,2023-12-01,Forecast,275.1,0
3537,9,1,2023-12-01,Actual,99.7,3
3538,9,1,2023-12-01,Forecast,81.8,0
3539,10,1,2023-12-01,Actual,407.4,5
3540,10,1,2023-12-01,Forecast,327.5,0
3541,11,1,2023-12-01,Actual,408.3,5
3542,11,1,2023-12-01,Forecast,353.3,0
3543,12,1,2023-12-01,Actual,210.9,4
3544,12,1,2023-12-01,Forecast,196.1,0
3545,13,1,2023-12-01,Actual,316.7,1
3546,13,1,2023-12-01,Forecast,300.4,0
3547,14,1,2023-12-01,Actual,214.1,0
3548,14,1,2023-12-01,Forecast,211.5,0
3549,15,1,2023-12-01,Actual,151.1,5
3550,15,1,2023-12-01,Forecast,138.6,0
3551,16,1,2023-12-01,Actual,387.0,4
3552,16,1,2023-12-01,Forecast,356.9,0
3553,17,1,2023-12-01,Actual,269.3,2
3554,17,1,2023-12-01,Forecast,228.5,0
3555,18,1,2023-12-01,Actual,141.6,5
3556,18,1,2023-12-01,Forecast,177.1,0
3557,19,1,2023-12-01,Actual,132.1,0
3558,19,1,2023-12-01,Forecast,134.2,0
3559,20,1,2023-12-01,Actual,368.0,3
3560,20,1,2023-12-01,Forecast,393.0,0
3561,21,1,2023-12-01,Actual,104.2,0
3562,21,1,2023-12-01,Forecast,121.4,0
3563,22,1,2023-12-01,Actual,260.7,1
3564,22,1,2023-12-01,Forecast,284.3,0
3565,23,1,2023-12-01,Actual,111.4,5
3566,23,1,2023-12-01,Forecast,116.8,0
3567,24,1,2023-12-01,Actual,402.1,0
3568,24,1,2023-12-01,Forecast,369.2,0
3569,25,1,2023-12-01,Actual,257.2,2
3570,25,1,2023-12-01,Forecast,221.1,0
3571,26,1,2023-12-01,Actual,168.5,1
3572,26,1,2023-12-01,Forecast,183.7,0
3573,27,1,2023-12-01,Actual,171.0,2
3574,27,1,2023-12-01,Forecast,180.2,0
3575,28,1,2023-12-01,Actual,307.2,0
3576,28,1,2023-12-01,Forecast,284.6,0
3577,29,1,2023-12-01,Actual,77.3,1
3578,29,1,2023-12-01,Forecast,82.2,0
3579,30,1,2023-12-01,Actual,402.2,5
3580,30,1,2023-12-01,Forecast,347.3,0
3581,31,1,2023-12-01,Actual,309.4,1
3582,31,1,2023-12-01,Forecast,255.5,0
3583,32,1,2023-12-01,Actual,322.6,0
3584,32,1,2023-12-01,Forecast,293.9,0
3585,33,1,2023-12-01,Actual,246.8,4
3586,33,1,2023-12-01,Forecast,263.1,0
3587,34,1,2023-12-01,Actual,124.4,4
3588,34,1,2023-12-01,Forecast,119.4,0
3589,35,1,2023-12-01,Actual,198.7,5
3590,35,1,2023-12-01,Forecast,161.2,0
3591,36,1,2023-12-01,Actual,308.5,4
3592,36,1,2023-12-01,Forecast,276.3,0
3593,37,1,2023-12-01,Actual,239.5,0
3594,37,1,2023-12-01,Forecast,255.8,0
3595,38,1,2023-12-01,Actual,181.2,2
3596,38,1,2023-12-01,Forecast,189.9,0
3597,39,1,2023-12-01,Actual,301.8,4
3598,39,1,2023-12-01,Forecast,326.9,0
3599,40,1,2023-12-01,Actual,151.5,4
3600,40,1,2023-12-01,Forecast,132.2,0
3601,1,2,2023-12-01,Actual,301.4,2
3602,1,2,2023-12-01,Forecast,268.5,0
3603,2,2,2023-12-01,Actual,364.4,2
3604,2,2,2023-12-01,Forecast,345.6,0
3605,3,2,2023-12-01,Actual,326.4,0
3606,3,2,2023-12-01,Forecast,298.4,0
3607,4,2,2023-12-01,Actual,139.1,2
3608,4,2,2023-12-01,Forecast,118.5,0
3609,5,2,2023-12-01,Actual,259.5,3
3610,5,2,2023-12-01,Forecast,290.5,0
3611,6,2,2023-12-01,Actual,434.0,0
3612,6,2,2023-12-01,Forecast,375.8,0
3613,7,2,2023-12-01,Actual,222.4,4
3614,7,2,2023-12-01,Forecast,211.7,0
3615,8,2,2023-12-01,Actual,257.4,2
3616,8,2,2023-12-01,Forecast,287.5,0
3617,9,2,2023-12-01,Actual,158.4,0
3618,9,2,2023-12-01,Forecast,144.2,0
3619,10,2,2023-12-01,Actual,293.8,0
3620,10,2,2023-12-01,Forecast,292.7,0
3621,11,2,2023-12-01,Actual,298.3,5
3622,11,2,2023-12-01,Forecast,301.6,0
3623,12,2,2023-12-01,Actual,105.7,4
3624,12,2,2023-12-01,Forecast,128.9,0
3625,13,2,2023-12-01,Actual,156.1,1
3626,13,2,2023-12-01,Forecast,139.8,0
3627,14,2,2023-12-01,Actual,223.6,5
3628,14,2,2023-12-01,Forecast,235.6,0
3629,15,2,2023-12-01,Actual,304.4,5
3630,15,2,2023-12-01,Forecast,338.6,0
3631,16,2,2023-12-01,Actual,91.3,3
3632,16,2,2023-12-01,Forecast,93.0,0
3633,17,2,2023-12-01,Actual,359.8,5
3634,17,2,2023-12-01,Forecast,361.2,0
3635,18,2,2023-12-01,Actual,222.1,5
3636,18,2,2023-12-01,Forecast,246.6,0
3637,19,2,2023-12-01,Actual,282.3,1
3638,19,2,2023-12-01,Forecast,230.8,0
3639,20,2,2023-12-01,Actual,77.8,5
3640,20,2,2023-12-01,Forecast,81.9,0
3641,21,2,2023-12-01,Actual,222.0,5
3642,21,2,2023-12-01,Forecast,235.5,0
3643,22,2,2023-12-01,Actual,256.5,4
3644,22,2,2023-12-01,Forecast,261.6,0
3645,23,2,2023-12-01,Actual,84.2,1
3646,23,2,2023-12-01,Forecast,101.1,0
3647,24,2,2023-12-01,Actual,131.0,0
3648,24,2,2023-12-01,Forecast,115.3,0
3649,25,2,2023-12-01,Actual,287.0,2
3650,25,2,2023-12-01,Forecast,316.6,0
3651,26,2,2023-12-01,Actual,237.1,0
3652,26,2,2023-12-01,Forecast,271.7,0
3653,27,2,2023-12-01,Actual,220.9,2
3654,27,2,2023-12-01,Forecast,256.9,0
3655,28,2,2023-12-01,Actual,138.9,4
3656,28,2,2023-12-01,Forecast,116.3,0
3657,29,2,2023-12-01,Actual,128.9,1
3658,29,2,2023-12-01,Forecast,125.7,0
3659,30,2,2023-12-01,Actual,94.3,5
3660,30,2,2023-12-01,Forecast,99.4,0
3661,31,2,2023-12-01,Actual,153.6,4
3662,31,2,2023-12-01,Forecast,174.5,0
3663,32,2,2023-12-01,Actual,173.6,5
3664,32,2,2023-12-01,Forecast,154.6,0
3665,33,2,2023-12-01,Actual,98.4,5
3666,33,2,2023-12-01,Forecast,93.0,0
3667,34,2,2023-12-01,Actual,98.4,0
3668,34,2,2023-12-01,Forecast,107.2,0
3669,35,2,2023-12-01,Actual,125.0,5
3670,35,2,2023-12-01,Forecast,144.2,0
3671,36,2,2023-12-01,Actual,81.1,2
3672,36,2,2023-12-01,Forecast,92.9,0
3673,37,2,2023-12-01,Actual,302.1,4
3674,37,2,2023-12-01,Forecast,289.6,0
3675,38,2,2023-12-01,Actual,289.1,2
3676,38,2,2023-12-01,Forecast,265.8,0
3677,39,2,2023-12-01,Actual,253.5,4
3678,39,2,2023-12-01,Forecast,240.0,0
3679,40,2,2023-12-01,Actual,382.8,1
3680,40,2,2023-12-01,Forecast,381.3,0
3681,1,3,2023-12-01,Actual,428.5,4
3682,1,3,2023-12-01,Forecast,346.7,0
3683,2,3,2023-12-01,Actual,155.1,1
3684,2,3,2023-12-01,Forecast,175.5,0
3685,3,3,2023-12-01,Actual,420.0,2
3686,3,3,2023-12-01,Forecast,354.3,0
3687,4,3,2023-12-01,Actual,189.7,5
3688,4,3,2023-12-01,Forecast,158.3,0
3689,5,3,2023-12-01,Actual,362.5,2
3690,5,3,2023-12-01,Forecast,398.6,0
3691,6,3,2023-12-01,Actual,324.1,5
3692,6,3,2023-12-01,Forecast,327.5,0
3693,7,3,2023-12-01,Actual,301.3,1
3694,7,3,2023-12-01,Forecast,287.1,0
3695,8,3,2023-12-01,Actual,420.6,4
3696,8,3,2023-12-01,Forecast,418.5,0
3697,9,3,2023-12-01,Actual,308.7,0
3698,9,3,2023-12-01,Forecast,346.0,0
3699,10,3,2023-12-01,Actual,145.4,5
3700,10,3,2023-12-01,Forecast,169.3,0
3701,11,3,2023-12-01,Actual,352.7,0
3702,11,3,2023-12-01,Forecast,342.9,0
3703,12,3,2023-12-01,Actual,127.4,1
3704,12,3,2023-12-01,Forecast,118.9,0
3705,13,3,2023-12-01,Actual,99.4,3
3706,13,3,2023-12-01,Forecast,108.8,0
3707,14,3,2023-12-01,Actual,384.4,3
3708,14,3,2023-12-01,Forecast,382.8,0
3709,15,3,2023-12-01,Actual,272.8,1
3710,15,3,2023-12-01,Forecast,232.7,0
3711,16,3,2023-12-01,Actual,77.1,2
3712,16,3,2023-12-01,Forecast,88.1,0
3713,17,3,2023-12-01,Actual,300.4,2
3714,17,3,2023-12-01,Forecast,292.4,0
3715,18,3,2023-12-01,Actual,345.0,1
3716,18,3,2023-12-01,Forecast,408.6,0
3717,19,3,2023-12-01,Actual,202.8,1
3718,19,3,2023-12-01,Forecast,207.3,0
3719,20,3,2023-12-01,Actual,211.6,3
3720,20,3,2023-12-01,Forecast,205.8,0
3721,21,3,2023-12-01,Actual,148.8,3
3722,21,3,2023-12-01,Forecast,124.6,0
3723,22,3,2023-12-01,Actual,266.6,5
3724,22,3,2023-12-01,Forecast,252.3,0
3725,23,3,2023-12-01,Actual,170.7,1
3726,23,3,2023-12-01,Forecast,188.8,0
3727,24,3,2023-12-01,Actual,271.8,1
3728,24,3,2023-12-01,Forecast,308.1,0
3729,25,3,2023-12-01,Actual,217.0,2
3730,25,3,2023-12-01,Forecast,193.8,0
3731,26,3,2023-12-01,Actual,312.6,0
3732,26,3,2023-12-01,Forecast,302.2,0
3733,27,3,2023-12-01,Actual,139.2,5
3734,27,3,2023-12-01,Forecast,145.2,0
3735,28,3,2023-12-01,Actual,135.7,3
3736,28,3,2023-12-01,Forecast,131.5,0
3737,29,3,2023-12-01,Actual,342.7,4
3738,29,3,2023-12-01,Forecast,378.6,0
3739,30,3,2023-12-01,Actual,229.7,4
3740,30,3,2023-12-01,Forecast,275.6,0
3741,31,3,2023-12-01,Actual,210.1,2
3742,31,3,2023-12-01,Forecast,215.5,0
3743,32,3,2023-12-01,Actual,366.4,0
3744,32,3,2023-12-01,Forecast,379.4,0
3745,33,3,2023-12-01,Actual,148.2,2
3746,33,3,2023-12-01,Forecast,169.8,0
3747,34,3,2023-12-01,Actual,245.8,2
3748,34,3,2023-12-01,Forecast,255.2,0
3749,35,3,2023-12-01,Actual,232.6,2
3750,35,3,2023-12-01,Forecast,243.4,0
3751,36,3,2023-12-01,Actual,315.4,2
3752,36,3,2023-12-01,Forecast,292.5,0
3753,37,3,2023-12-01,Actual,367.0,5
3754,37,3,2023-12-01,Forecast,332.7,0
3755,38,3,2023-12-01,Actual,362.2,5
3756,38,3,2023-12-01,Forecast,389.8,0
3757,39,3,2023-12-01,Actual,355.2,2
3758,39,3,2023-12-01,Forecast,330.5,0
3759,40,3,2023-12-01,Actual,182.3,3
3760,40,3,2023-12-01,Forecast,179.9,0
3761,1,4,2023-12-01,Actual,155.9,0
3762,1,4,2023-12-01,Forecast,174.7,0
3763,2,4,2023-12-01,Actual,172.2,1
3764,2,4,2023-12-01,Forecast,190.6,0
3765,3,4,2023-12-01,Actual,225.2,0
3766,3,4,2023-12-01,Forecast,218.4,0
3767,4,4,2023-12-01,Actual,150.0,5
3768,4,4,2023-12-01,Forecast,172.5,0
3769,5,4,2023-12-01,Actual,128.4,0
3770,5,4,2023-12-01,Forecast,130.9,0
3771,6,4,2023-12-01,Actual,223.8,4
3772,6,4,2023-12-01,Forecast,236.4,0
3773,7,4,2023-12-01,Actual,77.9,1
3774,7,4,2023-12-01,Forecast,90.3,0
3775,8,4,2023-12-01,Actual,166.8,2
3776,8,4,2023-12-01,Forecast,172.2,0
3777,9,4,2023-12-01,Actual,91.9,1
3778,9,4,2023-12-01,Forecast,106.7,0
3779,10,4,2023-12-01,Actual,85.0,1
3780,10,4,2023-12-01,Forecast,81.3,0
3781,11,4,2023-12-01,Actual,312.2,4
3782,11,4,2023-12-01,Forecast,297.0,0
3783,12,4,2023-12-01,Actual,147.2,5
3784,12,4,2023-12-01,Forecast,163.5,0
3785,13,4,2023-12-01,Actual,111.9,4
3786,13,4,2023-12-01,Forecast,117.9,0
3787,14,4,2023-12-01,Actual,178.8,3
3788,14,4,2023-12-01,Forecast,167.3,0
3789,15,4,2023-12-01,Actual,265.7,0
3790,15,4,2023-12-01,Forecast,300.0,0
3791,16,4,2023-12-01,Actual,233.8,1
3792,16,4,2023-12-01,Forecast,277.8,0
3793,17,4,2023-12-01,Actual,78.9,1
3794,17,4,2023-12-01,Forecast,83.8,0
3795,18,4,2023-12-01,Actual,97.4,0
3796,18,4,2023-12-01,Forecast,108.7,0
3797,19,4,2023-12-01,Actual,88.3,5
3798,19,4,2023-12-01,Forecast,76.9,0
3799,20,4,2023-12-01,Actual,272.0,0
3800,20,4,2023-12-01,Forecast,325.1,0
3801,21,4,2023-12-01,Actual,292.1,3
3802,21,4,2023-12-01,Forecast,266.4,0
3803,22,4,2023-12-01,Actual,264.2,4
3804,22,4,2023-12-01,Forecast,284.0,0
3805,23,4,2023-12-01,Actual,284.2,4
3806,23,4,2023-12-01,Forecast,239.0,0
3807,24,4,2023-12-01,Actual,265.8,3
3808,24,4,2023-12-01,Forecast,288.4,0
3809,25,4,2023-12-01,Actual,341.6,3
3810,25,4,2023-12-01,Forecast,311.3,0
3811,26,4,2023-12-01,Actual,264.1,3
3812,26,4,2023-12-01,Forecast,291.5,0
3813,27,4,2023-12-01,Actual,144.7,2
3814,27,4,2023-12-01,Forecast,120.9,0
3815,28,4,2023-12-01,Actual,110.7,3
3816,28,4,2023-12-01,Forecast,111.1,0
3817,29,4,2023-12-01,Actual,378.2,5
3818,29,4,2023-12-01,Forecast,375.5,0
3819,30,4,2023-12-01,Actual,298.9,2
3820,30,4,2023-12-01,Forecast,303.1,0
3821,31,4,2023-12-01,Actual,244.9,1
3822,31,4,2023-12-01,Forecast,274.2,0
3823,32,4,2023-12-01,Actual,245.5,0
3824,32,4,2023-12-01,Forecast,280.5,0
3825,33,4,2023-12-01,Actual,206.6,0
3826,33,4,2023-12-01,Forecast,206.0,0
3827,34,4,2023-12-01,Actual,311.5,0
3828,34,4,2023-12-01,Forecast,300.7,0
3829,35,4,2023-12-01,Actual,250.5,3
3830,35,4,2023-12-01,Forecast,231.6,0
3831,36,4,2023-12-01,Actual,409.1,3
3832,36,4,2023-12-01,Forecast,418.5,0
3833,37,4,2023-12-01,Actual,236.4,3
3834,37,4,2023-12-01,Forecast,231.0,0
3835,38,4,2023-12-01,Actual,312.0,4
3836,38,4,2023-12-01,Forecast,372.2,0
3837,39,4,2023-12-01,Actual,180.4,0
3838,39,4,2023-12-01,Forecast,176.7,0
3839,40,4,2023-12-01,Actual,176.3,3
3840,40,4,2023-12-01,Forecast,173.2,0
3841,1,1,2024-01-01,Actual,205.2,3
3842,1,1,2024-01-01,Forecast,182.0,0
3843,2,1,2024-01-01,Actual,190.0,0
3844,2,1,2024-01-01,Forecast,183.1,0
3845,3,1,2024-01-01,Actual,396.9,2
3846,3,1,2024-01-01,Forecast,413.1,0
3847,4,1,2024-01-01,Actual,374.8,4
3848,4,1,2024-01-01,Forecast,356.7,0
3849,5,1,2024-01-01,Actual,98.9,3
3850,5,1,2024-01-01,Forecast,112.6,0
3851,6,1,2024-01-01,Actual,161.8,1
3852,6,1,2024-01-01,Forecast,193.1,0
3853,7,1,2024-01-01,Actual,231.1,5
3854,7,1,2024-01-01,Forecast,221.2,0
3855,8,1,2024-01-01,Actual,224.6,4
3856,8,1,2024-01-01,Forecast,207.6,0
3857,9,1,2024-01-01,Actual,256.9,0
3858,9,1,2024-01-01,Forecast,224.9,0
3859,10,1,2024-01-01,Actual,186.5,3
3860,10,1,2024-01-01,Forecast,213.9,0
3861,11,1,2024-01-01,Actual,200.5,1
3862,11,1,2024-01-01,Forecast,207.1,0
3863,12,1,2024-01-01,Actual,249.0,3
3864,12,1,2024-01-01,Forecast,251.2,0
3865,13,1,2024-01-01,Actual,326.7,5
3866,13,1,2024-01-01,Forecast,380.8,0
3867,14,1,2024-01-01,Actual,282.2,4
3868,14,1,2024-01-01,Forecast,260.8,0
3869,15,1,2024-01-01,Actual,216.3,4
3870,15,1,2024-01-01,Forecast,237.9,0
3871,16,1,2024-01-01,Actual,217.8,1
3872,16,1,2024-01-01,Forecast,207.3,0
3873,17,1,2024-01-01,Actual,380.0,2
3874,17,1,2024-01-01,Forecast,347.4,0
3875,18,1,2024-01-01,Actual,144.7,3
3876,18,1,2024-01-01,Forecast,160.4,0
3877,19,1,2024-01-01,Actual,78.7,1
3878,19,1,2024-01-01,Forecast,89.3,0
3879,20,1,2024-01-01,Actual,325.7,4
3880,20,1,2024-01-01,Forecast,335.7,0
3881,21,1,2024-01-01,Actual,193.4,4
3882,21,1,2024-01-01,Forecast,229.7,0
3883,22,1,2024-01-01,Actual,181.6,4
3884,22,1,2024-01-01,Forecast,156.2,0
3885,23,1,2024-01-01,Actual,114.2,0
3886,23,1,2024-01-01,Forecast,115.7,0
3887,24,1,2024-01-01,Actual,292.4,2
3888,24,1,2024-01-01,Forecast,305.3,0
3889,25,1,2024-01-01,Actual,102.1,3
3890,25,1,2024-01-01,Forecast,97.2,0
3891,26,1,2024-01-01,Actual,211.4,2
3892,26,1,2024-01-01,Forecast,244.6,0
3893,27,1,2024-01-01,Actual,371.6,2
3894,27,1,2024-01-01,Forecast,350.4,0
3895,28,1,2024-01-01,Actual,82.3,2
3896,28,1,2024-01-01,Forecast,80.9,0
3897,29,1,2024-01-01,Actual,165.2,0
3898,29,1,2024-01-01,Forecast,182.2,0
3899,30,1,2024-01-01,Actual,355.7,0
3900,30,1,2024-01-01,Forecast,333.0,0
3901,31,1,2024-01-01,Actual,355.7,0
3902,31,1,2024-01-01,Forecast,331.7,0
3903,32,1,2024-01-01,Actual,313.6,0
3904,32,1,2024-01-01,Forecast,275.9,0
3905,33,1,2024-01-01,Actual,129.1,5
3906,33,1,2024-01-01,Forecast,137.1,0
3907,34,1,2024-01-01,Actual,103.7,5
3908,34,1,2024-01-01,Forecast,104.1,0
3909,35,1,2024-01-01,Actual,341.2,4
3910,35,1,2024-01-01,Forecast,407.8,0
3911,36,1,2024-01-01,Actual,233.3,4
3912,36,1,2024-01-01,Forecast,229.7,0
3913,37,1,2024-01-01,Actual,277.2,4
3914,37,1,2024-01-01,Forecast,237.9,0
3915,38,1,2024-01-01,Actual,347.7,2
3916,38,1,2024-01-01,Forecast,416.0,0
3917,39,1,2024-01-01,Actual,356.9,3
3918,39,1,2024-01-01,Forecast,348.8,0
3919,40,1,2024-01-01,Actual,102.0,4
3920,40,1,2024-01-01,Forecast,111.9,0
3921,1,2,2024-01-01,Actual,355.1,4
3922,1,2,2024-01-01,Forecast,416.4,0
3923,2,2,2024-01-01,Actual,278.3,3
3924,2,2,2024-01-01,Forecast,284.4,0
3925,3,2,2024-01-01,Actual,165.6,4
3926,3,2,2024-01-01,Forecast,160.7,0
3927,4,2,2024-01-01,Actual,368.8,0
3928,4,2,2024-01-01,Forecast,353.1,0
3929,5,2,2024-01-01,Actual,309.9,5
3930,5,2,2024-01-01,Forecast,261.5,0
3931,6,2,2024-01-01,Actual,276.9,2
3932,6,2,2024-01-01,Forecast,318.6,0
3933,7,2,2024-01-01,Actual,287.3,0
3934,7,2,2024-01-01,Forecast,254.6,0
3935,8,2,2024-01-01,Actual,274.3,5
3936,8,2,2024-01-01,Forecast,265.7,0
3937,9,2,2024-01-01,Actual,157.3,3
3938,9,2,2024-01-01,Forecast,202.2,0
3939,10,2,2024-01-01,Actual,248.3,5
3940,10,2,2024-01-01,Forecast,268.7,0
3941,11,2,2024-01-01,Actual,335.5,0
3942,11,2,2024-01-01,Forecast,310.2,0
3943,12,2,2024-01-01,Actual,147.4,2
3944,12,2,2024-01-01,Forecast,139.1,0
3945,13,2,2024-01-01,Actual,226.9,3
3946,13,2,2024-01-01,Forecast,224.5,0
3947,14,2,2024-01-01,Actual,224.8,1
3948,14,2,2024-01-01,Forecast,240.7,0
3949,15,2,2024-01-01,Actual,356.7,1
3950,15,2,2024-01-01,Forecast,374.7,0
3951,16,2,2024-01-01,Actual,243.3,3
3952,16,2,2024-01-01,Forecast,249.3,0
3953,17,2,2024-01-01,Actual,391.1,5
3954,17,2,2024-01-01,Forecast,363.9,0
3955,18,2,2024-01-01,Actual,190.2,5
3956,18,2,2024-01-01,Forecast,154.7,0
3957,19,2,2024-01-01,Actual,98.9,3
3958,19,2,2024-01-01,Forecast,111.7,0
3959,20,2,2024-01-01,Actual,90.3,1
3960,20,2,2024-01-01,Forecast,94.4,0
3961,21,2,2024-01-01,Actual,240.9,5
3962,21,2,2024-01-01,Forecast,271.1,0
3963,22,2,2024-01-01,Actual,257.0,5
3964,22,2,2024-01-01,Forecast,246.7,0
3965,23,2,2024-01-01,Actual,210.4,5
3966,23,2,2024-01-01,Forecast,186.8,0
3967,24,2,2024-01-01,Actual,101.6,3
3968,24,2,2024-01-01,Forecast,85.3,0
3969,25,2,2024-01-01,Actual,341.5,5
3970,25,2,2024-01-01,Forecast,339.3,0
3971,26,2,2024-01-01,Actual,230.7,4
3972,26,2,2024-01-01,Forecast,212.0,0
3973,27,2,2024-01-01,Actual,138.4,4
3974,27,2,2024-01-01,Forecast,133.7,0
3975,28,2,2024-01-01,Actual,210.9,3
3976,28,2,2024-01-01,Forecast,188.0,0
3977,29,2,2024-01-01,Actual,339.0,0
3978,29,2,2024-01-01,Forecast,360.9,0
3979,30,2,2024-01-01,Actual,421.2,0
3980,30,2,2024-01-01,Forecast,409.1,0
3981,31,2,2024-01-01,Actual,375.3,1
3982,31,2,2024-01-01,Forecast,418.5,0
3983,32,2,2024-01-01,Actual,159.9,1
3984,32,2,2024-01-01,Forecast,164.6,0
3985,33,2,2024-01-01,Actual,297.6,3
3986,33,2,2024-01-01,Forecast,268.1,0
3987,34,2,2024-01-01,Actual,289.2,2
3988,34,2,2024-01-01,Forecast,281.2,0
3989,35,2,2024-01-01,Actual,222.2,0
3990,35,2,2024-01-01,Forecast,233.8,0
3991,36,2,2024-01-01,Actual,82.5,1
3992,36,2,2024-01-01,Forecast,97.6,0
3993,37,2,2024-01-01,Actual,320.8,0
3994,37,2,2024-01-01,Forecast,333.4,0
3995,38,2,2024-01-01,Actual,225.5,3
3996,38,2,2024-01-01,Forecast,186.8,0
3997,39,2,2024-01-01,Actual,369.6,2
3998,39,2,2024-01-01,Forecast,349.3,0
3999,40,2,2024-01-01,Actual,278.2,4
4000,40,2,2024-01-01,Forecast,272.1,0
4001,1,3,2024-01-01,Actual,329.3,3
4002,1,3,2024-01-01,Forecast,323.1,0
4003,2,3,2024-01-01,Actual,327.4,5
4004,2,3,2024-01-01,Forecast,279.4,0
4005,3,3,2024-01-01,Actual,139.6,0
4006,3,3,2024-01-01,Forecast,133.8,0
4007,4,3,2024-01-01,Actual,232.6,0
4008,4,3,2024-01-01,Forecast,252.3,0
4009,5,3,2024-01-01,Actual,286.9,1
4010,5,3,2024-01-01,Forecast,269.0,0
4011,6,3,2024-01-01,Actual,236.7,2
4012,6,3,2024-01-01,Forecast,300.0,0
4013,7,3,2024-01-01,Actual,306.8,0
4014,7,3,2024-01-01,Forecast,295.4,0
4015,8,3,2024-01-01,Actual,340.2,4
4016,8,3,2024-01-01,Forecast,335.6,0
4017,9,3,2024-01-01,Actual,203.3,1
4018,9,3,2024-01-01,Forecast,247.4,0
4019,10,3,2024-01-01,Actual,194.5,4
4020,10,3,2024-01-01,Forecast,193.5,0
4021,11,3,2024-01-01,Actual,336.0,2
4022,11,3,2024-01-01,Forecast,306.3,0
4023,12,3,2024-01-01,Actual,276.7,1
4024,12,3,2024-01-01,Forecast,277.9,0
4025,13,3,2024-01-01,Actual,126.8,2
4026,13,3,2024-01-01,Forecast,117.8,0
4027,14,3,2024-01-01,Actual,322.7,0
4028,14,3,2024-01-01,Forecast,376.6,0
4029,15,3,2024-01-01,Actual,272.1,1
4030,15,3,2024-01-01,Forecast,267.0,0
4031,16,3,2024-01-01,Actual,108.4,4
4032,16,3,2024-01-01,Forecast,121.0,0
4033,17,3,2024-01-01,Actual,153.8,2
4034,17,3,2024-01-01,Forecast,150.0,0
4035,18,3,2024-01-01,Actual,289.9,3
4036,18,3,2024-01-01,Forecast,286.5,0
4037,19,3,2024-01-01,Actual,128.4,2
4038,19,3,2024-01-01,Forecast,130.8,0
4039,20,3,2024-01-01,Actual,366.0,1
4040,20,3,2024-01-01,Forecast,360.5,0
4041,21,3,2024-01-01,Actual,212.8,4
4042,21,3,2024-01-01,Forecast,211.9,0
4043,22,3,2024-01-01,Actual,173.0,1
4044,22,3,2024-01-01,Forecast,185.1,0
4045,23,3,2024-01-01,Actual,279.8,0
4046,23,3,2024-01-01,Forecast,269.5,0
4047,24,3,2024-01-01,Actual,115.9,1
4048,24,3,2024-01-01,Forecast,106.9,0
4049,25,3,2024-01-01,Actual,114.1,5
4050,25,3,2024-01-01,Forecast,94.7,0
4051,26,3,2024-01-01,Actual,167.8,0
4052,26,3,2024-01-01,Forecast,154.1,0
4053,27,3,2024-01-01,Actual,111.6,2
4054,27,3,2024-01-01,Forecast,106.9,0
4055,28,3,2024-01-01,Actual,300.0,1
4056,28,3,2024-01-01,Forecast,258.2,0
4057,29,3,2024-01-01,Actual,241.5,1
4058,29,3,2024-01-01,Forecast,213.2,0
4059,30,3,2024-01-01,Actual,286.6,3
4060,30,3,2024-01-01,Forecast,306.6,0
4061,31,3,2024-01-01,Actual,318.2,4
4062,31,3,2024-01-01,Forecast,292.3,0
4063,32,3,2024-01-01,Actual,139.0,3
4064,32,3,2024-01-01,Forecast,148.7,0
4065,33,3,2024-01-01,Actual,125.7,3
4066,33,3,2024-01-01,Forecast,127.4,0
4067,34,3,2024-01-01,Actual,236.9,1
4068,34,3,2024-01-01,Forecast,241.8,0
4069,35,3,2024-01-01,Actual,262.9,3
4070,35,3,2024-01-01,Forecast,219.0,0
4071,36,3,2024-01-01,Actual,259.4,3
4072,36,3,2024-01-01,Forecast,273.2,0
4073,37,3,2024-01-01,Actual,329.9,1
4074,37,3,2024-01-01,Forecast,343.0,0
4075,38,3,2024-01-01,Actual,214.2,2
4076,38,3,2024-01-01,Forecast,194.8,0
4077,39,3,2024-01-01,Actual,273.9,2
4078,39,3,2024-01-01,Forecast,305.0,0
4079,40,3,2024-01-01,Actual,335.2,2
4080,40,3,2024-01-01,Forecast,381.2,0
4081,1,4,2024-01-01,Actual,221.4,3
4082,1,4,2024-01-01,Forecast,259.4,0
4083,2,4,2024-01-01,Actual,173.9,0
4084,2,4,2024-01-01,Forecast,194.1,0
4085,3,4,2024-01-01,Actual,98.5,3
4086,3,4,2024-01-01,Forecast,115.9,0
4087,4,4,2024-01-01,Actual,258.6,1
4088,4,4,2024-01-01,Forecast,311.1,0
4089,5,4,2024-01-01,Actual,164.2,3
4090,5,4,2024-01-01,Forecast,151.7,0
4091,6,4,2024-01-01,Actual,168.2,5
4092,6,4,2024-01-01,Forecast,154.3,0
4093,7,4,2024-01-01,Actual,238.1,3
4094,7,4,2024-01-01,Forecast,256.9,0
4095,8,4,2024-01-01,Actual,90.9,2
4096,8,4,2024-01-01,Forecast,83.2,0
4097,9,4,2024-01-01,Actual,304.3,4
4098,9,4,2024-01-01,Forecast,360.1,0
4099,10,4,2024-01-01,Actual,250.7,0
4100,10,4,2024-01-01,Forecast,243.5,0
4101,11,4,2024-01-01,Actual,194.5,0
4102,11,4,2024-01-01,Forecast,187.7,0
4103,12,4,2024-01-01,Actual,225.5,1
4104,12,4,2024-01-01,Forecast,196.3,0
4105,13,4,2024-01-01,Actual,250.6,3
4106,13,4,2024-01-01,Forecast,218.5,0
4107,14,4,2024-01-01,Actual,334.2,4
4108,14,4,2024-01-01,Forecast,367.2,0
4109,15,4,2024-01-01,Actual,332.1,2
4110,15,4,2024-01-01,Forecast,384.9,0
4111,16,4,2024-01-01,Actual,202.6,4
4112,16,4,2024-01-01,Forecast,197.4,0
4113,17,4,2024-01-01,Actual,144.6,2
4114,17,4,2024-01-01,Forecast,157.2,0
4115,18,4,2024-01-01,Actual,184.1,1
4116,18,4,2024-01-01,Forecast,213.9,0
4117,19,4,2024-01-01,Actual,297.5,1
4118,19,4,2024-01-01,Forecast,270.6,0
4119,20,4,2024-01-01,Actual,349.3,1
4120,20,4,2024-01-01,Forecast,313.4,0
4121,21,4,2024-01-01,Actual,110.1,3
4122,21,4,2024-01-01,Forecast,100.1,0
4123,22,4,2024-01-01,Actual,285.9,3
4124,22,4,2024-01-01,Forecast,273.9,0
4125,23,4,2024-01-01,Actual,232.7,0
4126,23,4,2024-01-01,Forecast,252.0,0
4127,24,4,2024-01-01,Actual,118.6,2
4128,24,4,2024-01-01,Forecast,124.6,0
4129,25,4,2024-01-01,Actual,360.9,0
4130,25,4,2024-01-01,Forecast,405.5,0
4131,26,4,2024-01-01,Actual,106.3,4
4132,26,4,2024-01-01,Forecast,98.6,0
4133,27,4,2024-01-01,Actual,356.3,4
4134,27,4,2024-01-01,Forecast,386.4,0
4135,28,4,2024-01-01,Actual,84.7,4
4136,28,4,2024-01-01,Forecast,85.8,0
4137,29,4,2024-01-01,Actual,164.8,1
4138,29,4,2024-01-01,Forecast,170.4,0
4139,30,4,2024-01-01,Actual,279.5,3
4140,30,4,2024-01-01,Forecast,254.8,0
4141,31,4,2024-01-01,Actual,144.6,2
4142,31,4,2024-01-01,Forecast,153.2,0
4143,32,4,2024-01-01,Actual,204.0,4
4144,32,4,2024-01-01,Forecast,224.5,0
4145,33,4,2024-01-01,Actual,118.9,4
4146,33,4,2024-01-01,Forecast,107.7,0
4147,34,4,2024-01-01,Actual,93.9,3
4148,34,4,2024-01-01,Forecast,94.0,0
4149,35,4,2024-01-01,Actual,374.8,2
4150,35,4,2024-01-01,Forecast,330.5,0
4151,36,4,2024-01-01,Actual,282.8,5
4152,36,4,2024-01-01,Forecast,294.9,0
4153,37,4,2024-01-01,Actual,75.6,3
4154,37,4,2024-01-01,Forecast,86.5,0
4155,38,4,2024-01-01,Actual,201.9,4
4156,38,4,2024-01-01,Forecast,217.0,0
4157,39,4,2024-01-01,Actual,243.4,4
4158,39,4,2024-01-01,Forecast,262.9,0
4159,40,4,2024-01-01,Actual,267.7,3
4160,40,4,2024-01-01,Forecast,262.2,0
4161,1,1,2024-02-01,Actual,363.2,3
4162,1,1,2024-02-01,Forecast,364.6,0
4163,2,1,2024-02-01,Actual,95.7,4
4164,2,1,2024-02-01,Forecast,82.4,0
4165,3,1,2024-02-01,Actual,217.2,5
4166,3,1,2024-02-01,Forecast,185.1,0
4167,4,1,2024-02-01,Actual,178.4,5
4168,4,1,2024-02-01,Forecast,169.6,0
4169,5,1,2024-02-01,Actual,280.0,5
4170,5,1,2024-02-01,Forecast,281.1,0
4171,6,1,2024-02-01,Actual,130.6,3
4172,6,1,2024-02-01,Forecast,129.0,0
4173,7,1,2024-02-01,Actual,326.8,5
4174,7,1,2024-02-01,Forecast,311.1,0
4175,8,1,2024-02-01,Actual,134.6,5
4176,8,1,2024-02-01,Forecast,154.0,0
4177,9,1,2024-02-01,Actual,179.4,0
4178,9,1,2024-02-01,Forecast,210.1,0
4179,10,1,2024-02-01,Actual,162.1,2
4180,10,1,2024-02-01,Forecast,178.4,0
4181,11,1,2024-02-01,Actual,295.2,0
4182,11,1,2024-02-01,Forecast,309.1,0
4183,12,1,2024-02-01,Actual,259.6,0
4184,12,1,2024-02-01,Forecast,288.9,0
4185,13,1,2024-02-01,Actual,141.6,3
4186,13,1,2024-02-01,Forecast,170.0,0
4187,14,1,2024-02-01,Actual,291.7,1
4188,14,1,2024-02-01,Forecast,287.8,0
4189,15,1,2024-02-01,Actual,202.0,1
4190,15,1,2024-02-01,Forecast,221.8,0
4191,16,1,2024-02-01,Actual,359.5,5
4192,16,1,2024-02-01,Forecast,434.0,0
4193,17,1,2024-02-01,Actual,152.0,4
4194,17,1,2024-02-01,Forecast,159.0,0
4195,18,1,2024-02-01,Actual,189.7,1
4196,18,1,2024-02-01,Forecast,180.7,0
4197,19,1,2024-02-01,Actual,301.1,4
4198,19,1,2024-02-01,Forecast,295.1,0
4199,20,1,2024-02-01,Actual,375.2,2
4200,20,1,2024-02-01,Forecast,365.4,0
4201,21,1,2024-02-01,Actual,78.7,4
4202,21,1,2024-02-01,Forecast,90.5,0
4203,22,1,2024-02-01,Actual,387.1,4
4204,22,1,2024-02-01,Forecast,337.2,0
4205,23,1,2024-02-01,Actual,149.0,4
4206,23,1,2024-02-01,Forecast,146.9,0
4207,24,1,2024-02-01,Actual,336.1,5
4208,24,1,2024-02-01,Forecast,332.6,0
4209,25,1,2024-02-01,Actual,239.2,0
4210,25,1,2024-02-01,Forecast,211.3,0
4211,26,1,2024-02-01,Actual,96.0,4
4212,26,1,2024-02-01,Forecast,98.7,0
4213,27,1,2024-02-01,Actual,383.4,5
4214,27,1,2024-02-01,Forecast,349.6,0
4215,28,1,2024-02-01,Actual,413.7,3
4216,28,1,2024-02-01,Forecast,412.0,0
4217,29,1,2024-02-01,Actual,262.2,4
4218,29,1,2024-02-01,Forecast,264.5,0
4219,30,1,2024-02-01,Actual,396.8,3
4220,30,1,2024-02-01,Forecast,385.1,0
4221,31,1,2024-02-01,Actual,194.4,1
4222,31,1,2024-02-01,Forecast,243.7,0
4223,32,1,2024-02-01,Actual,113.8,2
4224,32,1,2024-02-01,Forecast,133.8,0
4225,33,1,2024-02-01,Actual,171.3,1
4226,33,1,2024-02-01,Forecast,185.5,0
4227,34,1,2024-02-01,Actual,225.7,3
4228,34,1,2024-02-01,Forecast,256.7,0
4229,35,1,2024-02-01,Actual,144.1,2
4230,35,1,2024-02-01,Forecast,171.0,0
4231,36,1,2024-02-01,Actual,195.1,0
4232,36,1,2024-02-01,Forecast,200.2,0
4233,37,1,2024-02-01,Actual,376.6,0
4234,37,1,2024-02-01,Forecast,369.8,0
4235,38,1,2024-02-01,Actual,262.7,5
4236,38,1,2024-02-01,Forecast,275.1,0
4237,39,1,2024-02-01,Actual,366.5,5
4238,39,1,2024-02-01,Forecast,404.6,0
4239,40,1,2024-02-01,Actual,189.9,4
4240,40,1,2024-02-01,Forecast,192.4,0
4241,1,2,2024-02-01,Actual,169.1,2
4242,1,2,2024-02-01,Forecast,185.5,0
4243,2,2,2024-02-01,Actual,125.5,2
4244,2,2,2024-02-01,Forecast,120.2,0
4245,3,2,2024-02-01,Actual,196.0,4
4246,3,2,2024-02-01,Forecast,182.5,0
4247,4,2,2024-02-01,Actual,137.0,1
4248,4,2,2024-02-01,Forecast,154.5,0
4249,5,2,2024-02-01,Actual,287.0,5
4250,5,2,2024-02-01,Forecast,289.9,0
4251,6,2,2024-02-01,Actual,173.9,3
4252,6,2,2024-02-01,Forecast,163.7,0
4253,7,2,2024-02-01,Actual,252.8,1
4254,7,2,2024-02-01,Forecast,287.8,0
4255,8,2,2024-02-01,Actual,139.9,0
4256,8,2,2024-02-01,Forecast,147.0,0
4257,9,2,2024-02-01,Actual,328.6,2
4258,9,2,2024-02-01,Forecast,370.9,0
4259,10,2,2024-02-01,Actual,79.8,0
4260,10,2,2024-02-01,Forecast,78.0,0
4261,11,2,2024-02-01,Actual,134.9,4
4262,11,2,2024-02-01,Forecast,141.5,0
4263,12,2,2024-02-01,Actual,219.9,3
4264,12,2,2024-02-01,Forecast,204.3,0
4265,13,2,2024-02-01,Actual,233.1,1
4266,13,2,2024-02-01,Forecast,200.4,0
4267,14,2,2024-02-01,Actual,149.0,0
4268,14,2,2024-02-01,Forecast,177.9,0
4269,15,2,2024-02-01,Actual,213.6,5
4270,15,2,2024-02-01,Forecast,192.4,0
4271,16,2,2024-02-01,Actual,239.0,2
4272,16,2,2024-02-01,Forecast,207.7,0
4273,17,2,2024-02-01,Actual,114.1,3
4274,17,2,2024-02-01,Forecast,119.6,0
4275,18,2,2024-02-01,Actual,204.3,4
4276,18,2,2024-02-01,Forecast,215.2,0
4277,19,2,2024-02-01,Actual,431.1,2
4278,19,2,2024-02-01,Forecast,381.0,0
4279,20,2,2024-02-01,Actual,254.6,5
4280,20,2,2024-02-01,Forecast,268.1,0
4281,21,2,2024-02-01,Actual,269.2,0
4282,21,2,2024-02-01,Forecast,247.4,0
4283,22,2,2024-02-01,Actual,161.2,3
4284,22,2,2024-02-01,Forecast,197.6,0
4285,23,2,2024-02-01,Actual,151.2,4
4286,23,2,2024-02-01,Forecast,156.1,0
4287,24,2,2024-02-01,Actual,90.8,2
4288,24,2,2024-02-01,Forecast,92.3,0
4289,25,2,2024-02-01,Actual,335.6,4
4290,25,2,2024-02-01,Forecast,286.4,0
4291,26,2,2024-02-01,Actual,239.8,2
4292,26,2,2024-02-01,Forecast,222.7,0
4293,27,2,2024-02-01,Actual,103.5,2
4294,27,2,2024-02-01,Forecast,84.1,0
4295,28,2,2024-02-01,Actual,100.5,0
4296,28,2,2024-02-01,Forecast,104.9,0
4297,29,2,2024-02-01,Actual,229.5,3
4298,29,2,2024-02-01,Forecast,242.4,0
4299,30,2,2024-02-01,Actual,146.1,5
4300,30,2,2024-02-01,Forecast,125.3,0
4301,31,2,2024-02-01,Actual,301.1,5
4302,31,2,2024-02-01,Forecast,297.3,0
4303,32,2,2024-02-01,Actual,157.1,0
4304,32,2,2024-02-01,Forecast,180.7,0
4305,33,2,2024-02-01,Actual,171.1,0
4306,33,2,2024-02-01,Forecast,149.6,0
4307,34,2,2024-02-01,Actual,397.0,4
4308,34,2,2024-02-01,Forecast,336.5,0
4309,35,2,2024-02-01,Actual,177.7,5
4310,35,2,2024-02-01,Forecast,179.9,0
4311,36,2,2024-02-01,Actual,145.1,5
4312,36,2,2024-02-01,Forecast,150.7,0
4313,37,2,2024-02-01,Actual,405.8,0
4314,37,2,2024-02-01,Forecast,371.5,0
4315,38,2,2024-02-01,Actual,267.9,4
4316,38,2,2024-02-01,Forecast,258.4,0
4317,39,2,2024-02-01,Actual,237.9,3
4318,39,2,2024-02-01,Forecast,214.6,0
4319,40,2,2024-02-01,Actual,281.5,3
4320,40,2,2024-02-01,Forecast,297.3,0
4321,1,3,2024-02-01,Actual,115.9,5
4322,1,3,2024-02-01,Forecast,129.5,0
4323,2,3,2024-02-01,Actual,302.1,5
4324,2,3,2024-02-01,Forecast,328.6,0
4325,3,3,2024-02-01,Actual,137.8,3
4326,3,3,2024-02-01,Forecast,173.2,0
4327,4,3,2024-02-01,Actual,396.5,4
4328,4,3,2024-02-01,Forecast,385.0,0
4329,5,3,2024-02-01,Actual,295.4,3
4330,5,3,2024-02-01,Forecast,276.9,0
4331,6,3,2024-02-01,Actual,217.6,5
4332,6,3,2024-02-01,Forecast,197.9,0
4333,7,3,2024-02-01,Actual,96.1,0
4334,7,3,2024-02-01,Forecast,89.0,0
4335,8,3,2024-02-01,Actual,212.9,4
4336,8,3,2024-02-01,Forecast,209.3,0
4337,9,3,2024-02-01,Actual,302.5,3
4338,9,3,2024-02-01,Forecast,335.5,0
4339,10,3,2024-02-01,Actual,330.6,2
4340,10,3,2024-02-01,Forecast,310.3,0
4341,11,3,2024-02-01,Actual,291.6,0
4342,11,3,2024-02-01,Forecast,306.8,0
4343,12,3,2024-02-01,Actual,241.0,3
4344,12,3,2024-02-01,Forecast,227.4,0
4345,13,3,2024-02-01,Actual,317.3,1
4346,13,3,2024-02-01,Forecast,353.4,0
4347,14,3,2024-02-01,Actual,335.3,1
4348,14,3,2024-02-01,Forecast,379.5,0
4349,15,3,2024-02-01,Actual,175.5,3
4350,15,3,2024-02-01,Forecast,173.4,0
4351,16,3,2024-02-01,Actual,372.8,0
4352,16,3,2024-02-01,Forecast,373.3,0
4353,17,3,2024-02-01,Actual,406.2,2
4354,17,3,2024-02-01,Forecast,373.5,0
4355,18,3,2024-02-01,Actual,205.4,2
4356,18,3,2024-02-01,Forecast,168.2,0
4357,19,3,2024-02-01,Actual,263.0,1
4358,19,3,2024-02-01,Forecast,309.1,0
4359,20,3,2024-02-01,Actual,317.4,1
4360,20,3,2024-02-01,Forecast,319.8,0
4361,21,3,2024-02-01,Actual,276.1,1
4362,21,3,2024-02-01,Forecast,290.6,0
4363,22,3,2024-02-01,Actual,334.2,5
4364,22,3,2024-02-01,Forecast,312.7,0
4365,23,3,2024-02-01,Actual,381.1,3
4366,23,3,2024-02-01,Forecast,360.7,0
4367,24,3,2024-02-01,Actual,225.1,0
4368,24,3,2024-02-01,Forecast,259.0,0
4369,25,3,2024-02-01,Actual,152.4,3
4370,25,3,2024-02-01,Forecast,151.1,0
4371,26,3,2024-02-01,Actual,324.9,1
4372,26,3,2024-02-01,Forecast,340.5,0
4373,27,3,2024-02-01,Actual,235.8,2
4374,27,3,2024-02-01,Forecast,219.1,0
4375,28,3,2024-02-01,Actual,97.2,3
4376,28,3,2024-02-01,Forecast,95.6,0
4377,29,3,2024-02-01,Actual,157.6,0
4378,29,3,2024-02-01,Forecast,150.0,0
4379,30,3,2024-02-01,Actual,346.9,1
4380,30,3,2024-02-01,Forecast,340.1,0
4381,31,3,2024-02-01,Actual,129.7,4
4382,31,3,2024-02-01,Forecast,147.0,0
4383,32,3,2024-02-01,Actual,344.0,4
4384,32,3,2024-02-01,Forecast,386.7,0
4385,33,3,2024-02-01,Actual,249.6,0
4386,33,3,2024-02-01,Forecast,224.0,0
4387,34,3,2024-02-01,Actual,270.4,4
4388,34,3,2024-02-01,Forecast,266.1,0
4389,35,3,2024-02-01,Actual,74.5,3
4390,35,3,2024-02-01,Forecast,92.3,0
4391,36,3,2024-02-01,Actual,324.6,5
4392,36,3,2024-02-01,Forecast,381.8,0
4393,37,3,2024-02-01,Actual,269.2,3
4394,37,3,2024-02-01,Forecast,321.9,0
4395,38,3,2024-02-01,Actual,278.0,5
4396,38,3,2024-02-01,Forecast,249.1,0
4397,39,3,2024-02-01,Actual,261.5,1
4398,39,3,2024-02-01,Forecast,256.6,0
4399,40,3,2024-02-01,Actual,296.0,4
4400,40,3,2024-02-01,Forecast,258.3,0
4401,1,4,2024-02-01,Actual,233.7,5
4402,1,4,2024-02-01,Forecast,244.0,0
4403,2,4,2024-02-01,Actual,423.4,4
4404,2,4,2024-02-01,Forecast,390.7,0
4405,3,4,2024-02-01,Actual,320.9,1
4406,3,4,2024-02-01,Forecast,313.9,0
4407,4,4,2024-02-01,Actual,336.9,5
4408,4,4,2024-02-01,Forecast,284.0,0
4409,5,4,2024-02-01,Actual,240.4,2
4410,5,4,2024-02-01,Forecast,271.1,0
4411,6,4,2024-02-01,Actual,173.1,4
4412,6,4,2024-02-01,Forecast,169.4,0
4413,7,4,2024-02-01,Actual,266.0,5
4414,7,4,2024-02-01,Forecast,273.0,0
4415,8,4,2024-02-01,Actual,286.5,0
4416,8,4,2024-02-01,Forecast,252.4,0
4417,9,4,2024-02-01,Actual,91.2,5
4418,9,4,2024-02-01,Forecast,86.9,0
4419,10,4,2024-02-01,Actual,299.4,5
4420,10,4,2024-02-01,Forecast,288.4,0
4421,11,4,2024-02-01,Actual,139.7,2
4422,11,4,2024-02-01,Forecast,119.7,0
4423,12,4,2024-02-01,Actual,339.5,5
4424,12,4,2024-02-01,Forecast,404.9,0
4425,13,4,2024-02-01,Actual,150.2,4
4426,13,4,2024-02-01,Forecast,144.4,0
4427,14,4,2024-02-01,Actual,335.9,2
4428,14,4,2024-02-01,Forecast,351.8,0
4429,15,4,2024-02-01,Actual,299.4,2
4430,15,4,2024-02-01,Forecast,236.6,0
4431,16,4,2024-02-01,Actual,307.2,3
4432,16,4,2024-02-01,Forecast,281.6,0
4433,17,4,2024-02-01,Actual,201.4,5
4434,17,4,2024-02-01,Forecast,223.3,0
4435,18,4,2024-02-01,Actual,248.0,1
4436,18,4,2024-02-01,Forecast,253.9,0
4437,19,4,2024-02-01,Actual,397.6,5
4438,19,4,2024-02-01,Forecast,360.9,0
4439,20,4,2024-02-01,Actual,164.5,0
4440,20,4,2024-02-01,Forecast,198.5,0
4441,21,4,2024-02-01,Actual,384.2,3
4442,21,4,2024-02-01,Forecast,400.3,0
4443,22,4,2024-02-01,Actual,133.8,5
4444,22,4,2024-02-01,Forecast,149.4,0
4445,23,4,2024-02-01,Actual,163.5,1
4446,23,4,2024-02-01,Forecast,153.7,0
4447,24,4,2024-02-01,Actual,451.6,1
4448,24,4,2024-02-01,Forecast,418.9,0
4449,25,4,2024-02-01,Actual,204.2,4
4450,25,4,2024-02-01,Forecast,239.5,0
4451,26,4,2024-02-01,Actual,262.8,4
4452,26,4,2024-02-01,Forecast,253.1,0
4453,27,4,2024-02-01,Actual,340.9,4
4454,27,4,2024-02-01,Forecast,290.5,0
4455,28,4,2024-02-01,Actual,213.1,4
4456,28,4,2024-02-01,Forecast,265.6,0
4457,29,4,2024-02-01,Actual,351.8,1
4458,29,4,2024-02-01,Forecast,338.7,0
4459,30,4,2024-02-01,Actual,251.2,0
4460,30,4,2024-02-01,Forecast,290.2,0
4461,31,4,2024-02-01,Actual,160.3,4
4462,31,4,2024-02-01,Forecast,163.3,0
4463,32,4,2024-02-01,Actual,158.0,1
4464,32,4,2024-02-01,Forecast,169.8,0
4465,33,4,2024-02-01,Actual,143.1,4
4466,33,4,2024-02-01,Forecast,176.0,0
4467,34,4,2024-02-01,Actual,284.0,1
4468,34,4,2024-02-01,Forecast,322.8,0
4469,35,4,2024-02-01,Actual,289.0,1
4470,35,4,2024-02-01,Forecast,270.6,0
4471,36,4,2024-02-01,Actual,245.6,0
4472,36,4,2024-02-01,Forecast,254.9,0
4473,37,4,2024-02-01,Actual,305.4,4
4474,37,4,2024-02-01,Forecast,288.9,0
4475,38,4,2024-02-01,Actual,341.9,1
4476,38,4,2024-02-01,Forecast,304.9,0
4477,39,4,2024-02-01,Actual,267.1,3
4478,39,4,2024-02-01,Forecast,279.9,0
4479,40,4,2024-02-01,Actual,420.4,0
4480,40,4,2024-02-01,Forecast,398.9,0
4481,1,1,2024-03-01,Actual,320.6,2
4482,1,1,2024-03-01,Forecast,330.7,0
4483,2,1,2024-03-01,Actual,226.9,2
4484,2,1,2024-03-01,Forecast,222.8,0
4485,3,1,2024-03-01,Actual,315.8,1
4486,3,1,2024-03-01,Forecast,285.1,0
4487,4,1,2024-03-01,Actual,129.3,0
4488,4,1,2024-03-01,Forecast,134.6,0
4489,5,1,2024-03-01,Actual,200.2,5
4490,5,1,2024-03-01,Forecast,222.7,0
4491,6,1,2024-03-01,Actual,279.7,2
4492,6,1,2024-03-01,Forecast,309.9,0
4493,7,1,2024-03-01,Actual,206.8,3
4494,7,1,2024-03-01,Forecast,200.4,0
4495,8,1,2024-03-01,Actual,201.5,4
4496,8,1,2024-03-01,Forecast,197.6,0
4497,9,1,2024-03-01,Actual,96.3,1
4498,9,1,2024-03-01,Forecast,103.7,0
4499,10,1,2024-03-01,Actual,339.2,0
4500,10,1,2024-03-01,Forecast,337.7,0
4501,11,1,2024-03-01,Actual,77.2,4
4502,11,1,2024-03-01,Forecast,81.3,0
4503,12,1,2024-03-01,Actual,134.5,3
4504,12,1,2024-03-01,Forecast,111.6,0
4505,13,1,2024-03-01,Actual,91.6,3
4506,13,1,2024-03-01,Forecast,99.6,0
4507,14,1,2024-03-01,Actual,290.4,3
4508,14,1,2024-03-01,Forecast,318.9,0
4509,15,1,2024-03-01,Actual,362.4,1
4510,15,1,2024-03-01,Forecast,329.4,0
4511,16,1,2024-03-01,Actual,215.7,1
4512,16,1,2024-03-01,Forecast,187.8,0
4513,17,1,2024-03-01,Actual,421.2,4
4514,17,1,2024-03-01,Forecast,404.3,0
4515,18,1,2024-03-01,Actual,129.1,5
4516,18,1,2024-03-01,Forecast,118.0,0
4517,19,1,2024-03-01,Actual,107.6,1
4518,19,1,2024-03-01,Forecast,108.7,0
4519,20,1,2024-03-01,Actual,280.5,0
4520,20,1,2024-03-01,Forecast,291.1,0
4521,21,1,2024-03-01,Actual,268.3,4
4522,21,1,2024-03-01,Forecast,291.7,0
4523,22,1,2024-03-01,Actual,166.8,0
4524,22,1,2024-03-01,Forecast,160.4,0
4525,23,1,2024-03-01,Actual,305.2,2
4526,23,1,2024-03-01,Forecast,302.2,0
4527,24,1,2024-03-01,Actual,95.3,0
4528,24,1,2024-03-01,Forecast,106.2,0
4529,25,1,2024-03-01,Actual,353.1,2
4530,25,1,2024-03-01,Forecast,370.3,0
4531,26,1,2024-03-01,Actual,306.4,2
4532,26,1,2024-03-01,Forecast,308.3,0
4533,27,1,2024-03-01,Actual,381.2,5
4534,27,1,2024-03-01,Forecast,373.5,0
4535,28,1,2024-03-01,Actual,213.1,3
4536,28,1,2024-03-01,Forecast,251.2,0
4537,29,1,2024-03-01,Actual,103.4,1
4538,29,1,2024-03-01,Forecast,104.6,0
4539,30,1,2024-03-01,Actual,156.1,1
4540,30,1,2024-03-01,Forecast,181.8,0
4541,31,1,2024-03-01,Actual,268.6,1
4542,31,1,2024-03-01,Forecast,299.6,0
4543,32,1,2024-03-01,Actual,137.1,5
4544,32,1,2024-03-01,Forecast,123.3,0
4545,33,1,2024-03-01,Actual,124.3,0
4546,33,1,2024-03-01,Forecast,150.1,0
4547,34,1,2024-03-01,Actual,164.8,0
4548,34,1,2024-03-01,Forecast,205.2,0
4549,35,1,2024-03-01,Actual,198.2,2
4550,35,1,2024-03-01,Forecast,188.4,0
4551,36,1,2024-03-01,Actual,195.2,0
4552,36,1,2024-03-01,Forecast,219.8,0
4553,37,1,2024-03-01,Actual,207.7,3
4554,37,1,2024-03-01,Forecast,183.9,0
4555,38,1,2024-03-01,Actual,117.3,4
4556,38,1,2024-03-01,Forecast,134.3,0
4557,39,1,2024-03-01,Actual,173.3,5
4558,39,1,2024-03-01,Forecast,170.5,0
4559,40,1,2024-03-01,Actual,343.1,0
4560,40,1,2024-03-01,Forecast,370.6,0
4561,1,2,2024-03-01,Actual,182.3,0
4562,1,2,2024-03-01,Forecast,210.9,0
4563,2,2,2024-03-01,Actual,128.3,5
4564,2,2,2024-03-01,Forecast,107.0,0
4565,3,2,2024-03-01,Actual,186.2,5
4566,3,2,2024-03-01,Forecast,187.0,0
4567,4,2,2024-03-01,Actual,210.3,3
4568,4,2,2024-03-01,Forecast,198.5,0
4569,5,2,2024-03-01,Actual,398.5,1
4570,5,2,2024-03-01,Forecast,347.5,0
4571,6,2,2024-03-01,Actual,158.6,3
4572,6,2,2024-03-01,Forecast,136.7,0
4573,7,2,2024-03-01,Actual,121.8,0
4574,7,2,2024-03-01,Forecast,119.9,0
4575,8,2,2024-03-01,Actual,233.8,5
4576,8,2,2024-03-01,Forecast,214.9,0
4577,9,2,2024-03-01,Actual,269.8,3
4578,9,2,2024-03-01,Forecast,304.9,0
4579,10,2,2024-03-01,Actual,333.9,2
4580,10,2,2024-03-01,Forecast,330.6,0
4581,11,2,2024-03-01,Actual,342.2,4
4582,11,2,2024-03-01,Forecast,405.5,0
4583,12,2,2024-03-01,Actual,166.1,0
4584,12,2,2024-03-01,Forecast,172.1,0
4585,13,2,2024-03-01,Actual,140.0,5
4586,13,2,2024-03-01,Forecast,115.0,0
4587,14,2,2024-03-01,Actual,248.5,4
4588,14,2,2024-03-01,Forecast,250.1,0
4589,15,2,2024-03-01,Actual,133.3,3
4590,15,2,2024-03-01,Forecast,133.6,0
4591,16,2,2024-03-01,Actual,282.7,3
4592,16,2,2024-03-01,Forecast,292.7,0
4593,17,2,2024-03-01,Actual,417.6,2
4594,17,2,2024-03-01,Forecast,402.0,0
4595,18,2,2024-03-01,Actual,96.2,5
4596,18,2,2024-03-01,Forecast,117.8,0
4597,19,2,2024-03-01,Actual,367.9,3
4598,19,2,2024-03-01,Forecast,374.6,0
4599,20,2,2024-03-01,Actual,255.1,0
4600,20,2,2024-03-01,Forecast,262.7,0
4601,21,2,2024-03-01,Actual,337.2,2
4602,21,2,2024-03-01,Forecast,317.6,0
4603,22,2,2024-03-01,Actual,402.4,3
4604,22,2,2024-03-01,Forecast,364.7,0
4605,23,2,2024-03-01,Actual,162.0,5
4606,23,2,2024-03-01,Forecast,157.2,0
4607,24,2,2024-03-01,Actual,315.7,5
4608,24,2,2024-03-01,Forecast,306.8,0
4609,25,2,2024-03-01,Actual,194.5,3
4610,25,2,2024-03-01,Forecast,194.6,0
4611,26,2,2024-03-01,Actual,117.6,2
4612,26,2,2024-03-01,Forecast,130.9,0
4613,27,2,2024-03-01,Actual,300.4,3
4614,27,2,2024-03-01,Forecast,250.7,0
4615,28,2,2024-03-01,Actual,185.9,2
4616,28,2,2024-03-01,Forecast,232.5,0
4617,29,2,2024-03-01,Actual,314.0,1
4618,29,2,2024-03-01,Forecast,293.2,0
4619,30,2,2024-03-01,Actual,345.4,1
4620,30,2,2024-03-01,Forecast,296.8,0
4621,31,2,2024-03-01,Actual,376.7,1
4622,31,2,2024-03-01,Forecast,303.7,0
4623,32,2,2024-03-01,Actual,276.8,2
4624,32,2,2024-03-01,Forecast,333.5,0
4625,33,2,2024-03-01,Actual,372.7,1
4626,33,2,2024-03-01,Forecast,322.2,0
4627,34,2,2024-03-01,Actual,195.1,5
4628,34,2,2024-03-01,Forecast,174.1,0
4629,35,2,2024-03-01,Actual,149.8,3
4630,35,2,2024-03-01,Forecast,131.3,0
4631,36,2,2024-03-01,Actual,290.8,5
4632,36,2,2024-03-01,Forecast,298.4,0
4633,37,2,2024-03-01,Actual,265.1,4
4634,37,2,2024-03-01,Forecast,268.1,0
4635,38,2,2024-03-01,Actual,172.6,2
4636,38,2,2024-03-01,Forecast,194.0,0
4637,39,2,2024-03-01,Actual,397.9,4
4638,39,2,2024-03-01,Forecast,361.6,0
4639,40,2,2024-03-01,Actual,135.8,5
4640,40,2,2024-03-01,Forecast,128.9,0
4641,1,3,2024-03-01,Actual,394.4,5
4642,1,3,2024-03-01,Forecast,382.5,0
4643,2,3,2024-03-01,Actual,283.5,0
4644,2,3,2024-03-01,Forecast,285.2,0
4645,3,3,2024-03-01,Actual,288.5,2
4646,3,3,2024-03-01,Forecast,272.2,0
4647,4,3,2024-03-01,Actual,399.7,2
4648,4,3,2024-03-01,Forecast,368.0,0
4649,5,3,2024-03-01,Actual,334.9,5
4650,5,3,2024-03-01,Forecast,391.6,0
4651,6,3,2024-03-01,Actual,232.5,0
4652,6,3,2024-03-01,Forecast,201.1,0
4653,7,3,2024-03-01,Actual,119.0,5
4654,7,3,2024-03-01,Forecast,119.4,0
4655,8,3,2024-03-01,Actual,285.1,0
4656,8,3,2024-03-01,Forecast,234.1,0
4657,9,3,2024-03-01,Actual,264.7,4
4658,9,3,2024-03-01,Forecast,229.3,0
4659,10,3,2024-03-01,Actual,267.0,2
4660,10,3,2024-03-01,Forecast,218.7,0
4661,11,3,2024-03-01,Actual,388.8,1
4662,11,3,2024-03-01,Forecast,352.0,0
4663,12,3,2024-03-01,Actual,232.7,1
4664,12,3,2024-03-01,Forecast,209.0,0
4665,13,3,2024-03-01,Actual,119.5,2
4666,13,3,2024-03-01,Forecast,120.5,0
4667,14,3,2024-03-01,Actual,185.0,0
4668,14,3,2024-03-01,Forecast,163.6,0
4669,15,3,2024-03-01,Actual,70.6,0
4670,15,3,2024-03-01,Forecast,80.9,0
4671,16,3,2024-03-01,Actual,175.4,1
4672,16,3,2024-03-01,Forecast,184.0,0
4673,17,3,2024-03-01,Actual,350.8,3
4674,17,3,2024-03-01,Forecast,356.0,0
4675,18,3,2024-03-01,Actual,291.6,3
4676,18,3,2024-03-01,Forecast,245.6,0
4677,19,3,2024-03-01,Actual,351.5,2
4678,19,3,2024-03-01,Forecast,352.8,0
4679,20,3,2024-03-01,Actual,137.7,4
4680,20,3,2024-03-01,Forecast,127.5,0
4681,21,3,2024-03-01,Actual,137.0,1
4682,21,3,2024-03-01,Forecast,157.2,0
4683,22,3,2024-03-01,Actual,313.8,1
4684,22,3,2024-03-01,Forecast,319.3,0
4685,23,3,2024-03-01,Actual,383.3,0
4686,23,3,2024-03-01,Forecast,351.5,0
4687,24,3,2024-03-01,Actual,179.1,0
4688,24,3,2024-03-01,Forecast,169.3,0
4689,25,3,2024-03-01,Actual,223.0,3
4690,25,3,2024-03-01,Forecast,225.2,0
4691,26,3,2024-03-01,Actual,268.0,4
4692,26,3,2024-03-01,Forecast,294.6,0
4693,27,3,2024-03-01,Actual,88.5,2
4694,27,3,2024-03-01,Forecast,87.8,0
4695,28,3,2024-03-01,Actual,378.2,1
4696,28,3,2024-03-01,Forecast,357.5,0
4697,29,3,2024-03-01,Actual,332.6,5
4698,29,3,2024-03-01,Forecast,340.9,0
4699,30,3,2024-03-01,Actual,154.3,2
4700,30,3,2024-03-01,Forecast,154.4,0
4701,31,3,2024-03-01,Actual,317.4,5
4702,31,3,2024-03-01,Forecast,301.6,0
4703,32,3,2024-03-01,Actual,179.7,1
4704,32,3,2024-03-01,Forecast,184.0,0
4705,33,3,2024-03-01,Actual,89.2,4
4706,33,3,2024-03-01,Forecast,87.8,0
4707,34,3,2024-03-01,Actual,222.9,4
4708,34,3,2024-03-01,Forecast,231.9,0
4709,35,3,2024-03-01,Actual,241.1,5
4710,35,3,2024-03-01,Forecast,232.9,0
4711,36,3,2024-03-01,Actual,183.0,0
4712,36,3,2024-03-01,Forecast,180.6,0
4713,37,3,2024-03-01,Actual,301.6,5
4714,37,3,2024-03-01,Forecast,368.8,0
4715,38,3,2024-03-01,Actual,344.3,3
4716,38,3,2024-03-01,Forecast,285.1,0
4717,39,3,2024-03-01,Actual,329.0,2
4718,39,3,2024-03-01,Forecast,314.3,0
4719,40,3,2024-03-01,Actual,323.5,2
4720,40,3,2024-03-01,Forecast,380.6,0
4721,1,4,2024-03-01,Actual,267.0,1
4722,1,4,2024-03-01,Forecast,315.5,0
4723,2,4,2024-03-01,Actual,203.5,0
4724,2,4,2024-03-01,Forecast,207.9,0
4725,3,4,2024-03-01,Actual,121.7,4
4726,3,4,2024-03-01,Forecast,118.5,0
4727,4,4,2024-03-01,Actual,223.7,1
4728,4,4,2024-03-01,Forecast,220.4,0
4729,5,4,2024-03-01,Actual,305.3,3
4730,5,4,2024-03-01,Forecast,381.4,0
4731,6,4,2024-03-01,Actual,232.3,3
4732,6,4,2024-03-01,Forecast,260.4,0
4733,7,4,2024-03-01,Actual,152.7,0
4734,7,4,2024-03-01,Forecast,130.5,0
4735,8,4,2024-03-01,Actual,247.8,4
4736,8,4,2024-03-01,Forecast,293.7,0
4737,9,4,2024-03-01,Actual,264.3,0
4738,9,4,2024-03-01,Forecast,262.2,0
4739,10,4,2024-03-01,Actual,280.3,5
4740,10,4,2024-03-01,Forecast,281.0,0
4741,11,4,2024-03-01,Actual,315.3,3
4742,11,4,2024-03-01,Forecast,314.1,0
4743,12,4,2024-03-01,Actual,99.2,4
4744,12,4,2024-03-01,Forecast,81.3,0
4745,13,4,2024-03-01,Actual,277.3,4
4746,13,4,2024-03-01,Forecast,295.9,0
4747,14,4,2024-03-01,Actual,233.2,4
4748,14,4,2024-03-01,Forecast,248.0,0
4749,15,4,2024-03-01,Actual,307.4,2
4750,15,4,2024-03-01,Forecast,343.2,0
4751,16,4,2024-03-01,Actual,124.6,0
4752,16,4,2024-03-01,Forecast,149.6,0
4753,17,4,2024-03-01,Actual,86.5,3
4754,17,4,2024-03-01,Forecast,83.5,0
4755,18,4,2024-03-01,Actual,80.5,3
4756,18,4,2024-03-01,Forecast,78.9,0
4757,19,4,2024-03-01,Actual,113.4,2
4758,19,4,2024-03-01,Forecast,107.8,0
4759,20,4,2024-03-01,Actual,132.1,1
4760,20,4,2024-03-01,Forecast,112.4,0
4761,21,4,2024-03-01,Actual,119.3,3
4762,21,4,2024-03-01,Forecast,108.2,0
4763,22,4,2024-03-01,Actual,181.4,2
4764,22,4,2024-03-01,Forecast,214.8,0
4765,23,4,2024-03-01,Actual,185.9,5
4766,23,4,2024-03-01,Forecast,168.3,0
4767,24,4,2024-03-01,Actual,108.8,3
4768,24,4,2024-03-01,Forecast,102.0,0
4769,25,4,2024-03-01,Actual,341.8,0
4770,25,4,2024-03-01,Forecast,327.9,0
4771,26,4,2024-03-01,Actual,85.7,2
4772,26,4,2024-03-01,Forecast,87.8,0
4773,27,4,2024-03-01,Actual,417.0,1
4774,27,4,2024-03-01,Forecast,355.0,0
4775,28,4,2024-03-01,Actual,421.5,2
4776,28,4,2024-03-01,Forecast,424.7,0
4777,29,4,2024-03-01,Actual,73.6,2
4778,29,4,2024-03-01,Forecast,78.5,0
4779,30,4,2024-03-01,Actual,115.3,1
4780,30,4,2024-03-01,Forecast,109.7,0
4781,31,4,2024-03-01,Actual,360.8,2
4782,31,4,2024-03-01,Forecast,328.7,0
4783,32,4,2024-03-01,Actual,124.7,3
4784,32,4,2024-03-01,Forecast,134.7,0
4785,33,4,2024-03-01,Actual,292.2,5
4786,33,4,2024-03-01,Forecast,267.7,0
4787,34,4,2024-03-01,Actual,340.1,0
4788,34,4,2024-03-01,Forecast,339.0,0
4789,35,4,2024-03-01,Actual,118.8,4
4790,35,4,2024-03-01,Forecast,132.9,0
4791,36,4,2024-03-01,Actual,89.6,3
4792,36,4,2024-03-01,Forecast,100.9,0
4793,37,4,2024-03-01,Actual,146.5,2
4794,37,4,2024-03-01,Forecast,125.9,0
4795,38,4,2024-03-01,Actual,157.5,4
4796,38,4,2024-03-01,Forecast,189.8,0
4797,39,4,2024-03-01,Actual,294.2,0
4798,39,4,2024-03-01,Forecast,272.8,0
4799,40,4,2024-03-01,Actual,203.5,2
4800,40,4,2024-03-01,Forecast,209.9,0
4801,1,1,2024-04-01,Actual,224.0,0
4802,1,1,2024-04-01,Forecast,207.9,0
4803,2,1,2024-04-01,Actual,386.5,0
4804,2,1,2024-04-01,Forecast,363.9,0
4805,3,1,2024-04-01,Actual,305.1,5
4806,3,1,2024-04-01,Forecast,309.7,0
4807,4,1,2024-04-01,Actual,390.7,3
4808,4,1,2024-04-01,Forecast,377.6,0
4809,5,1,2024-04-01,Actual,307.4,5
4810,5,1,2024-04-01,Forecast,299.9,0
4811,6,1,2024-04-01,Actual,116.4,1
4812,6,1,2024-04-01,Forecast,106.4,0
4813,7,1,2024-04-01,Actual,114.3,5
4814,7,1,2024-04-01,Forecast,101.0,0
4815,8,1,2024-04-01,Actual,296.2,5
4816,8,1,2024-04-01,Forecast,269.8,0
4817,9,1,2024-04-01,Actual,330.2,1
4818,9,1,2024-04-01,Forecast,353.8,0
4819,10,1,2024-04-01,Actual,233.2,4
4820,10,1,2024-04-01,Forecast,249.7,0
4821,11,1,2024-04-01,Actual,116.4,5
4822,11,1,2024-04-01,Forecast,129.1,0
4823,12,1,2024-04-01,Actual,302.5,0
4824,12,1,2024-04-01,Forecast,293.6,0
4825,13,1,2024-04-01,Actual,227.6,3
4826,13,1,2024-04-01,Forecast,222.6,0
4827,14,1,2024-04-01,Actual,200.5,0
4828,14,1,2024-04-01,Forecast,170.6,0
4829,15,1,2024-04-01,Actual,81.2,2
4830,15,1,2024-04-01,Forecast,86.9,0
4831,16,1,2024-04-01,Actual,233.0,0
4832,16,1,2024-04-01,Forecast,243.6,0
4833,17,1,2024-04-01,Actual,171.2,3
4834,17,1,2024-04-01,Forecast,148.2,0
4835,18,1,2024-04-01,Actual,316.4,2
4836,18,1,2024-04-01,Forecast,387.6,0
4837,19,1,2024-04-01,Actual,234.9,3
4838,19,1,2024-04-01,Forecast,208.1,0
4839,20,1,2024-04-01,Actual,147.3,4
4840,20,1,2024-04-01,Forecast,139.4,0
4841,21,1,2024-04-01,Actual,316.2,4
4842,21,1,2024-04-01,Forecast,271.0,0
4843,22,1,2024-04-01,Actual,191.5,3
4844,22,1,2024-04-01,Forecast,178.0,0
4845,23,1,2024-04-01,Actual,350.7,0
4846,23,1,2024-04-01,Forecast,379.0,0
4847,24,1,2024-04-01,Actual,342.6,0
4848,24,1,2024-04-01,Forecast,364.3,0
4849,25,1,2024-04-01,Actual,308.3,1
4850,25,1,2024-04-01,Forecast,331.5,0
4851,26,1,2024-04-01,Actual,215.5,5
4852,26,1,2024-04-01,Forecast,237.0,0
4853,27,1,2024-04-01,Actual,400.4,2
4854,27,1,2024-04-01,Forecast,371.7,0
4855,28,1,2024-04-01,Actual,443.8,0
4856,28,1,2024-04-01,Forecast,384.6,0
4857,29,1,2024-04-01,Actual,172.9,5
4858,29,1,2024-04-01,Forecast,203.2,0
4859,30,1,2024-04-01,Actual,303.4,2
4860,30,1,2024-04-01,Forecast,299.4,0
4861,31,1,2024-04-01,Actual,161.3,2
4862,31,1,2024-04-01,Forecast,189.7,0
4863,32,1,2024-04-01,Actual,321.0,5
4864,32,1,2024-04-01,Forecast,258.1,0
4865,33,1,2024-04-01,Actual,317.3,3
4866,33,1,2024-04-01,Forecast,337.2,0
4867,34,1,2024-04-01,Actual,330.0,5
4868,34,1,2024-04-01,Forecast,309.4,0
4869,35,1,2024-04-01,Actual,385.5,3
4870,35,1,2024-04-01,Forecast,354.9,0
4871,36,1,2024-04-01,Actual,253.5,1
4872,36,1,2024-04-01,Forecast,258.2,0
4873,37,1,2024-04-01,Actual,103.9,2
4874,37,1,2024-04-01,Forecast,103.7,0
4875,38,1,2024-04-01,Actual,347.7,0
4876,38,1,2024-04-01,Forecast,314.0,0
4877,39,1,2024-04-01,Actual,150.9,2
4878,39,1,2024-04-01,Forecast,161.8,0
4879,40,1,2024-04-01,Actual,390.2,0
4880,40,1,2024-04-01,Forecast,434.1,0
4881,1,2,2024-04-01,Actual,140.7,5
4882,1,2,2024-04-01,Forecast,135.2,0
4883,2,2,2024-04-01,Actual,130.6,2
4884,2,2,2024-04-01,Forecast,111.8,0
4885,3,2,2024-04-01,Actual,259.6,1
4886,3,2,2024-04-01,Forecast,314.2,0
4887,4,2,2024-04-01,Actual,182.1,1
4888,4,2,2024-04-01,Forecast,152.7,0
4889,5,2,2024-04-01,Actual,271.9,5
4890,5,2,2024-04-01,Forecast,262.1,0
4891,6,2,2024-04-01,Actual,277.2,0
4892,6,2,2024-04-01,Forecast,261.0,0
4893,7,2,2024-04-01,Actual,119.7,5
4894,7,2,2024-04-01,Forecast,118.4,0
4895,8,2,2024-04-01,Actual,201.6,5
4896,8,2,2024-04-01,Forecast,180.8,0
4897,9,2,2024-04-01,Actual,193.8,5
4898,9,2,2024-04-01,Forecast,211.3,0
4899,10,2,2024-04-01,Actual,312.9,1
4900,10,2,2024-04-01,Forecast,296.7,0
4901,11,2,2024-04-01,Actual,314.7,5
4902,11,2,2024-04-01,Forecast,337.5,0
4903,12,2,2024-04-01,Actual,126.9,3
4904,12,2,2024-04-01,Forecast,136.4,0
4905,13,2,2024-04-01,Actual,198.0,3
4906,13,2,2024-04-01,Forecast,228.1,0
4907,14,2,2024-04-01,Actual,250.7,0
4908,14,2,2024-04-01,Forecast,228.4,0
4909,15,2,2024-04-01,Actual,205.6,1
4910,15,2,2024-04-01,Forecast,232.3,0
4911,16,2,2024-04-01,Actual,240.2,1
4912,16,2,2024-04-01,Forecast,269.0,0
4913,17,2,2024-04-01,Actual,239.7,4
4914,17,2,2024-04-01,Forecast,243.6,0
4915,18,2,2024-04-01,Actual,365.8,4
4916,18,2,2024-04-01,Forecast,382.5,0
4917,19,2,2024-04-01,Actual,226.8,0
4918,19,2,2024-04-01,Forecast,217.3,0
4919,20,2,2024-04-01,Actual,316.2,4
4920,20,2,2024-04-01,Forecast,339.1,0
4921,21,2,2024-04-01,Actual,139.7,2
4922,21,2,2024-04-01,Forecast,158.0,0
4923,22,2,2024-04-01,Actual,80.2,0
4924,22,2,2024-04-01,Forecast,95.7,0
4925,23,2,2024-04-01,Actual,310.0,5
4926,23,2,2024-04-01,Forecast,397.3,0
4927,24,2,2024-04-01,Actual,315.9,4
4928,24,2,2024-04-01,Forecast,366.2,0
4929,25,2,2024-04-01,Actual,274.7,1
4930,25,2,2024-04-01,Forecast,232.8,0
4931,26,2,2024-04-01,Actual,181.9,5
4932,26,2,2024-04-01,Forecast,197.8,0
4933,27,2,2024-04-01,Actual,248.7,4
4934,27,2,2024-04-01,Forecast,254.5,0
4935,28,2,2024-04-01,Actual,389.4,4
4936,28,2,2024-04-01,Forecast,362.1,0
4937,29,2,2024-04-01,Actual,422.5,3
4938,29,2,2024-04-01,Forecast,408.5,0
4939,30,2,2024-04-01,Actual,140.1,5
4940,30,2,2024-04-01,Forecast,123.8,0
4941,31,2,2024-04-01,Actual,359.0,3
4942,31,2,2024-04-01,Forecast,361.0,0
4943,32,2,2024-04-01,Actual,111.3,3
4944,32,2,2024-04-01,Forecast,97.2,0
4945,33,2,2024-04-01,Actual,253.6,3
4946,33,2,2024-04-01,Forecast,229.0,0
4947,34,2,2024-04-01,Actual,171.4,1
4948,34,2,2024-04-01,Forecast,200.5,0
4949,35,2,2024-04-01,Actual,90.7,3
4950,35,2,2024-04-01,Forecast,107.8,0
4951,36,2,2024-04-01,Actual,143.2,5
4952,36,2,2024-04-01,Forecast,154.3,0
4953,37,2,2024-04-01,Actual,257.2,2
4954,37,2,2024-04-01,Forecast,283.7,0
4955,38,2,2024-04-01,Actual,217.8,2
4956,38,2,2024-04-01,Forecast,263.9,0
4957,39,2,2024-04-01,Actual,356.3,4
4958,39,2,2024-04-01,Forecast,361.8,0
4959,40,2,2024-04-01,Actual,115.7,3
4960,40,2,2024-04-01,Forecast,120.6,0
4961,1,3,2024-04-01,Actual,249.2,4
4962,1,3,2024-04-01,Forecast,286.5,0
4963,2,3,2024-04-01,Actual,144.2,3
4964,2,3,2024-04-01,Forecast,128.6,0
4965,3,3,2024-04-01,Actual,130.5,5
4966,3,3,2024-04-01,Forecast,140.9,0
4967,4,3,2024-04-01,Actual,319.4,5
4968,4,3,2024-04-01,Forecast,322.6,0
4969,5,3,2024-04-01,Actual,342.2,0
4970,5,3,2024-04-01,Forecast,387.5,0
4971,6,3,2024-04-01,Actual,205.2,2
4972,6,3,2024-04-01,Forecast,233.9,0
4973,7,3,2024-04-01,Actual,337.4,0
4974,7,3,2024-04-01,Forecast,377.4,0
4975,8,3,2024-04-01,Actual,231.3,1
4976,8,3,2024-04-01,Forecast,271.5,0
4977,9,3,2024-04-01,Actual,187.4,4
4978,9,3,2024-04-01,Forecast,169.8,0
4979,10,3,2024-04-01,Actual,432.3,2
4980,10,3,2024-04-01,Forecast,411.7,0
4981,11,3,2024-04-01,Actual,216.1,3
4982,11,3,2024-04-01,Forecast,232.4,0
4983,12,3,2024-04-01,Actual,380.2,0
4984,12,3,2024-04-01,Forecast,387.8,0
4985,13,3,2024-04-01,Actual,300.7,0
4986,13,3,2024-04-01,Forecast,303.9,0
4987,14,3,2024-04-01,Actual,280.2,4
4988,14,3,2024-04-01,Forecast,275.7,0
4989,15,3,2024-04-01,Actual,355.6,1
4990,15,3,2024-04-01,Forecast,380.3,0
4991,16,3,2024-04-01,Actual,114.2,5
4992,16,3,2024-04-01,Forecast,132.4,0
4993,17,3,2024-04-01,Actual,165.0,0
4994,17,3,2024-04-01,Forecast,177.9,0
4995,18,3,2024-04-01,Actual,89.7,0
4996,18,3,2024-04-01,Forecast,77.1,0
4997,19,3,2024-04-01,Actual,172.0,0
4998,19,3,2024-04-01,Forecast,174.2,0
4999,20,3,2024-04-01,Actual,302.3,5
5000,20,3,2024-04-01,Forecast,318.4,0
5001,21,3,2024-04-01,Actual,169.9,0
5002,21,3,2024-04-01,Forecast,173.8,0
5003,22,3,2024-04-01,Actual,124.1,0
5004,22,3,2024-04-01,Forecast,105.7,0
5005,23,3,2024-04-01,Actual,191.2,5
5006,23,3,2024-04-01,Forecast,174.1,0
5007,24,3,2024-04-01,Actual,310.2,1
5008,24,3,2024-04-01,Forecast,303.1,0
5009,25,3,2024-04-01,Actual,176.1,4
5010,25,3,2024-04-01,Forecast,188.8,0
5011,26,3,2024-04-01,Actual,318.6,3
5012,26,3,2024-04-01,Forecast,327.8,0
5013,27,3,2024-04-01,Actual,234.8,1
5014,27,3,2024-04-01,Forecast,210.6,0
5015,28,3,2024-04-01,Actual,214.2,1
5016,28,3,2024-04-01,Forecast,197.6,0
5017,29,3,2024-04-01,Actual,246.8,2
5018,29,3,2024-04-01,Forecast,251.7,0
5019,30,3,2024-04-01,Actual,368.8,4
5020,30,3,2024-04-01,Forecast,332.3,0
5021,31,3,2024-04-01,Actual,148.4,2
5022,31,3,2024-04-01,Forecast,143.3,0
5023,32,3,2024-04-01,Actual,287.6,2
5024,32,3,2024-04-01,Forecast,325.4,0
5025,33,3,2024-04-01,Actual,75.3,4
5026,33,3,2024-04-01,Forecast,77.6,0
5027,34,3,2024-04-01,Actual,226.8,3
5028,34,3,2024-04-01,Forecast,249.5,0
5029,35,3,2024-04-01,Actual,182.9,4
5030,35,3,2024-04-01,Forecast,174.0,0
5031,36,3,2024-04-01,Actual,276.8,1
5032,36,3,2024-04-01,Forecast,282.4,0
5033,37,3,2024-04-01,Actual,156.7,4
5034,37,3,2024-04-01,Forecast,168.7,0
5035,38,3,2024-04-01,Actual,288.1,4
5036,38,3,2024-04-01,Forecast,310.6,0
5037,39,3,2024-04-01,Actual,160.7,0
5038,39,3,2024-04-01,Forecast,200.9,0
5039,40,3,2024-04-01,Actual,153.9,5
5040,40,3,2024-04-01,Forecast,189.6,0
5041,1,4,2024-04-01,Actual,219.9,4
5042,1,4,2024-04-01,Forecast,209.0,0
5043,2,4,2024-04-01,Actual,350.2,1
5044,2,4,2024-04-01,Forecast,368.7,0
5045,3,4,2024-04-01,Actual,230.5,0
5046,3,4,2024-04-01,Forecast,216.8,0
5047,4,4,2024-04-01,Actual,239.0,0
5048,4,4,2024-04-01,Forecast,227.8,0
5049,5,4,2024-04-01,Actual,90.1,0
5050,5,4,2024-04-01,Forecast,93.3,0
5051,6,4,2024-04-01,Actual,175.7,2
5052,6,4,2024-04-01,Forecast,163.0,0
5053,7,4,2024-04-01,Actual,413.9,0
5054,7,4,2024-04-01,Forecast,404.4,0
5055,8,4,2024-04-01,Actual,190.9,4
5056,8,4,2024-04-01,Forecast,176.0,0
5057,9,4,2024-04-01,Actual,222.6,2
5058,9,4,2024-04-01,Forecast,261.0,0
5059,10,4,2024-04-01,Actual,318.0,5
5060,10,4,2024-04-01,Forecast,303.6,0
5061,11,4,2024-04-01,Actual,354.7,1
5062,11,4,2024-04-01,Forecast,344.3,0
5063,12,4,2024-04-01,Actual,85.4,5
5064,12,4,2024-04-01,Forecast,89.8,0
5065,13,4,2024-04-01,Actual,98.6,5
5066,13,4,2024-04-01,Forecast,113.6,0
5067,14,4,2024-04-01,Actual,237.2,0
5068,14,4,2024-04-01,Forecast,225.7,0
5069,15,4,2024-04-01,Actual,94.8,4
5070,15,4,2024-04-01,Forecast,109.4,0
5071,16,4,2024-04-01,Actual,168.3,0
5072,16,4,2024-04-01,Forecast,184.4,0
5073,17,4,2024-04-01,Actual,122.4,3
5074,17,4,2024-04-01,Forecast,134.3,0
5075,18,4,2024-04-01,Actual,176.4,4
5076,18,4,2024-04-01,Forecast,148.3,0
5077,19,4,2024-04-01,Actual,317.1,2
5078,19,4,2024-04-01,Forecast,351.4,0
5079,20,4,2024-04-01,Actual,97.3,5
5080,20,4,2024-04-01,Forecast,94.6,0
5081,21,4,2024-04-01,Actual,139.7,0
5082,21,4,2024-04-01,Forecast,123.6,0
5083,22,4,2024-04-01,Actual,78.9,4
5084,22,4,2024-04-01,Forecast,88.4,0
5085,23,4,2024-04-01,Actual,232.3,3
5086,23,4,2024-04-01,Forecast,220.4,0
5087,24,4,2024-04-01,Actual,305.8,5
5088,24,4,2024-04-01,Forecast,308.1,0
5089,25,4,2024-04-01,Actual,233.7,3
5090,25,4,2024-04-01,Forecast,206.9,0
5091,26,4,2024-04-01,Actual,363.3,0
5092,26,4,2024-04-01,Forecast,339.2,0
5093,27,4,2024-04-01,Actual,93.5,1
5094,27,4,2024-04-01,Forecast,92.1,0
5095,28,4,2024-04-01,Actual,244.0,4
5096,28,4,2024-04-01,Forecast,225.4,0
5097,29,4,2024-04-01,Actual,340.5,5
5098,29,4,2024-04-01,Forecast,317.2,0
5099,30,4,2024-04-01,Actual,333.5,1
5100,30,4,2024-04-01,Forecast,349.9,0
5101,31,4,2024-04-01,Actual,363.6,5
5102,31,4,2024-04-01,Forecast,349.5,0
5103,32,4,2024-04-01,Actual,234.8,3
5104,32,4,2024-04-01,Forecast,206.6,0
5105,33,4,2024-04-01,Actual,224.5,4
5106,33,4,2024-04-01,Forecast,228.9,0
5107,34,4,2024-04-01,Actual,358.9,5
5108,34,4,2024-04-01,Forecast,352.1,0
5109,35,4,2024-04-01,Actual,420.4,3
5110,35,4,2024-04-01,Forecast,432.6,0
5111,36,4,2024-04-01,Actual,122.9,2
5112,36,4,2024-04-01,Forecast,112.4,0
5113,37,4,2024-04-01,Actual,174.3,0
5114,37,4,2024-04-01,Forecast,172.5,0
5115,38,4,2024-04-01,Actual,255.1,0
5116,38,4,2024-04-01,Forecast,253.8,0
5117,39,4,2024-04-01,Actual,193.8,1
5118,39,4,2024-04-01,Forecast,182.2,0
5119,40,4,2024-04-01,Actual,301.2,3
5120,40,4,2024-04-01,Forecast,303.0,0
5121,1,1,2024-05-01,Actual,350.8,5
5122,1,1,2024-05-01,Forecast,339.9,0
5123,2,1,2024-05-01,Actual,109.0,1
5124,2,1,2024-05-01,Forecast,123.6,0
5125,3,1,2024-05-01,Actual,342.0,2
5126,3,1,2024-05-01,Forecast,355.9,0
5127,4,1,2024-05-01,Actual,108.9,2
5128,4,1,2024-05-01,Forecast,128.4,0
5129,5,1,2024-05-01,Actual,369.2,0
5130,5,1,2024-05-01,Forecast,301.6,0
5131,6,1,2024-05-01,Actual,232.9,3
5132,6,1,2024-05-01,Forecast,208.2,0
5133,7,1,2024-05-01,Actual,357.2,0
5134,7,1,2024-05-01,Forecast,330.0,0
5135,8,1,2024-05-01,Actual,268.9,2
5136,8,1,2024-05-01,Forecast,263.9,0
5137,9,1,2024-05-01,Actual,275.4,4
5138,9,1,2024-05-01,Forecast,264.4,0
5139,10,1,2024-05-01,Actual,418.9,0
5140,10,1,2024-05-01,Forecast,411.1,0
5141,11,1,2024-05-01,Actual,151.0,4
5142,11,1,2024-05-01,Forecast,155.3,0
5143,12,1,2024-05-01,Actual,145.4,0
5144,12,1,2024-05-01,Forecast,143.6,0
5145,13,1,2024-05-01,Actual,324.5,3
5146,13,1,2024-05-01,Forecast,307.4,0
5147,14,1,2024-05-01,Actual,224.8,1
5148,14,1,2024-05-01,Forecast,243.9,0
5149,15,1,2024-05-01,Actual,296.6,2
5150,15,1,2024-05-01,Forecast,303.0,0
5151,16,1,2024-05-01,Actual,207.5,4
5152,16,1,2024-05-01,Forecast,191.4,0
5153,17,1,2024-05-01,Actual,229.1,1
5154,17,1,2024-05-01,Forecast,195.8,0
5155,18,1,2024-05-01,Actual,381.6,2
5156,18,1,2024-05-01,Forecast,338.4,0
5157,19,1,2024-05-01,Actual,177.3,4
5158,19,1,2024-05-01,Forecast,172.9,0
5159,20,1,2024-05-01,Actual,199.8,3
5160,20,1,2024-05-01,Forecast,210.0,0
5161,21,1,2024-05-01,Actual,239.8,5
5162,21,1,2024-05-01,Forecast,227.0,0
5163,22,1,2024-05-01,Actual,163.4,3
5164,22,1,2024-05-01,Forecast,145.4,0
5165,23,1,2024-05-01,Actual,83.9,1
5166,23,1,2024-05-01,Forecast,102.3,0
5167,24,1,2024-05-01,Actual,199.3,3
5168,24,1,2024-05-01,Forecast,186.7,0
5169,25,1,2024-05-01,Actual,108.8,3
5170,25,1,2024-05-01,Forecast,122.1,0
5171,26,1,2024-05-01,Actual,180.7,0
5172,26,1,2024-05-01,Forecast,170.8,0
5173,27,1,2024-05-01,Actual,284.5,0
5174,27,1,2024-05-01,Forecast,289.4,0
5175,28,1,2024-05-01,Actual,131.5,3
5176,28,1,2024-05-01,Forecast,107.2,0
5177,29,1,2024-05-01,Actual,279.7,3
5178,29,1,2024-05-01,Forecast,302.4,0
5179,30,1,2024-05-01,Actual,276.0,0
5180,30,1,2024-05-01,Forecast,277.3,0
5181,31,1,2024-05-01,Actual,339.2,4
5182,31,1,2024-05-01,Forecast,313.7,0
5183,32,1,2024-05-01,Actual,333.0,1
5184,32,1,2024-05-01,Forecast,358.5,0
5185,33,1,2024-05-01,Actual,247.6,2
5186,33,1,2024-05-01,Forecast,267.1,0
5187,34,1,2024-05-01,Actual,158.1,0
5188,34,1,2024-05-01,Forecast,165.9,0
5189,35,1,2024-05-01,Actual,318.0,1
5190,35,1,2024-05-01,Forecast,325.1,0
5191,36,1,2024-05-01,Actual,280.5,3
5192,36,1,2024-05-01,Forecast,346.7,0
5193,37,1,2024-05-01,Actual,348.8,3
5194,37,1,2024-05-01,Forecast,299.7,0
5195,38,1,2024-05-01,Actual,417.1,3
5196,38,1,2024-05-01,Forecast,399.2,0
5197,39,1,2024-05-01,Actual,190.8,3
5198,39,1,2024-05-01,Forecast,167.9,0
5199,40,1,2024-05-01,Actual,172.7,1
5200,40,1,2024-05-01,Forecast,206.5,0
5201,1,2,2024-05-01,Actual,351.6,3
5202,1,2,2024-05-01,Forecast,325.2,0
5203,2,2,2024-05-01,Actual,259.3,3
5204,2,2,2024-05-01,Forecast,239.5,0
5205,3,2,2024-05-01,Actual,274.6,2
5206,3,2,2024-05-01,Forecast,319.5,0
5207,4,2,2024-05-01,Actual,267.4,0
5208,4,2,2024-05-01,Forecast,262.2,0
5209,5,2,2024-05-01,Actual,187.0,1
5210,5,2,2024-05-01,Forecast,212.2,0
5211,6,2,2024-05-01,Actual,305.1,0
5212,6,2,2024-05-01,Forecast,274.7,0
5213,7,2,2024-05-01,Actual,318.2,1
5214,7,2,2024-05-01,Forecast,356.7,0
5215,8,2,2024-05-01,Actual,172.0,0
5216,8,2,2024-05-01,Forecast,182.2,0
5217,9,2,2024-05-01,Actual,179.2,3
5218,9,2,2024-05-01,Forecast,200.7,0
5219,10,2,2024-05-01,Actual,277.4,3
5220,10,2,2024-05-01,Forecast,273.7,0
5221,11,2,2024-05-01,Actual,392.5,0
5222,11,2,2024-05-01,Forecast,413.1,0
5223,12,2,2024-05-01,Actual,301.6,4
5224,12,2,2024-05-01,Forecast,280.4,0
5225,13,2,2024-05-01,Actual,415.1,3
5226,13,2,2024-05-01,Forecast,371.7,0
5227,14,2,2024-05-01,Actual,372.7,1
5228,14,2,2024-05-01,Forecast,348.2,0
5229,15,2,2024-05-01,Actual,249.7,5
5230,15,2,2024-05-01,Forecast,243.3,0
5231,16,2,2024-05-01,Actual,97.8,4
5232,16,2,2024-05-01,Forecast,111.4,0
5233,17,2,2024-05-01,Actual,141.7,5
5234,17,2,2024-05-01,Forecast,130.6,0
5235,18,2,2024-05-01,Actual,111.7,2
5236,18,2,2024-05-01,Forecast,111.5,0
5237,19,2,2024-05-01,Actual,79.6,5
5238,19,2,2024-05-01,Forecast,76.7,0
5239,20,2,2024-05-01,Actual,195.7,1
5240,20,2,2024-05-01,Forecast,230.3,0
5241,21,2,2024-05-01,Actual,92.9,1
5242,21,2,2024-05-01,Forecast,92.4,0
5243,22,2,2024-05-01,Actual,81.3,1
5244,22,2,2024-05-01,Forecast,95.6,0
5245,23,2,2024-05-01,Actual,198.3,4
5246,23,2,2024-05-01,Forecast,181.2,0
5247,24,2,2024-05-01,Actual,320.2,1
5248,24,2,2024-05-01,Forecast,367.7,0
5249,25,2,2024-05-01,Actual,188.4,4
5250,25,2,2024-05-01,Forecast,166.2,0
5251,26,2,2024-05-01,Actual,161.0,5
5252,26,2,2024-05-01,Forecast,166.8,0
5253,27,2,2024-05-01,Actual,308.9,3
5254,27,2,2024-05-01,Forecast,376.2,0
5255,28,2,2024-05-01,Actual,218.5,5
5256,28,2,2024-05-01,Forecast,219.8,0
5257,29,2,2024-05-01,Actual,92.6,2
5258,29,2,2024-05-01,Forecast,86.9,0
5259,30,2,2024-05-01,Actual,329.3,3
5260,30,2,2024-05-01,Forecast,376.8,0
5261,31,2,2024-05-01,Actual,164.9,1
5262,31,2,2024-05-01,Forecast,165.0,0
5263,32,2,2024-05-01,Actual,273.7,3
5264,32,2,2024-05-01,Forecast,261.8,0
5265,33,2,2024-05-01,Actual,213.0,0
5266,33,2,2024-05-01,Forecast,192.2,0
5267,34,2,2024-05-01,Actual,357.4,3
5268,34,2,2024-05-01,Forecast,345.1,0
5269,35,2,2024-05-01,Actual,268.4,3
5270,35,2,2024-05-01,Forecast,266.1,0
5271,36,2,2024-05-01,Actual,130.6,4
5272,36,2,2024-05-01,Forecast,134.1,0
5273,37,2,2024-05-01,Actual,228.8,3
5274,37,2,2024-05-01,Forecast,238.4,0
5275,38,2,2024-05-01,Actual,229.6,2
5276,38,2,2024-05-01,Forecast,287.6,0
5277,39,2,2024-05-01,Actual,316.1,1
5278,39,2,2024-05-01,Forecast,311.2,0
5279,40,2,2024-05-01,Actual,176.9,4
5280,40,2,2024-05-01,Forecast,148.5,0
5281,1,3,2024-05-01,Actual,380.5,2
5282,1,3,2024-05-01,Forecast,367.4,0
5283,2,3,2024-05-01,Actual,182.2,0
5284,2,3,2024-05-01,Forecast,188.1,0
5285,3,3,2024-05-01,Actual,342.3,4
5286,3,3,2024-05-01,Forecast,343.6,0
5287,4,3,2024-05-01,Actual,159.9,3
5288,4,3,2024-05-01,Forecast,164.5,0
5289,5,3,2024-05-01,Actual,275.8,1
5290,5,3,2024-05-01,Forecast,316.2,0
5291,6,3,2024-05-01,Actual,265.7,0
5292,6,3,2024-05-01,Forecast,294.3,0
5293,7,3,2024-05-01,Actual,172.0,3
5294,7,3,2024-05-01,Forecast,156.3,0
5295,8,3,2024-05-01,Actual,294.6,4
5296,8,3,2024-05-01,Forecast,250.0,0
5297,9,3,2024-05-01,Actual,360.8,1
5298,9,3,2024-05-01,Forecast,427.5,0
5299,10,3,2024-05-01,Actual,373.4,3
5300,10,3,2024-05-01,Forecast,398.2,0
5301,11,3,2024-05-01,Actual,191.8,2
5302,11,3,2024-05-01,Forecast,231.9,0
5303,12,3,2024-05-01,Actual,219.2,5
5304,12,3,2024-05-01,Forecast,205.9,0
5305,13,3,2024-05-01,Actual,240.6,5
5306,13,3,2024-05-01,Forecast,226.6,0
5307,14,3,2024-05-01,Actual,91.6,0
5308,14,3,2024-05-01,Forecast,90.2,0
5309,15,3,2024-05-01,Actual,127.3,1
5310,15,3,2024-05-01,Forecast,151.5,0
5311,16,3,2024-05-01,Actual,360.7,0
5312,16,3,2024-05-01,Forecast,295.4,0
5313,17,3,2024-05-01,Actual,348.4,1
5314,17,3,2024-05-01,Forecast,412.3,0
5315,18,3,2024-05-01,Actual,252.6,1
5316,18,3,2024-05-01,Forecast,241.3,0
5317,19,3,2024-05-01,Actual,298.9,3
5318,19,3,2024-05-01,Forecast,311.4,0
5319,20,3,2024-05-01,Actual,75.8,2
5320,20,3,2024-05-01,Forecast,92.4,0
5321,21,3,2024-05-01,Actual,295.4,4
5322,21,3,2024-05-01,Forecast,251.3,0
5323,22,3,2024-05-01,Actual,86.9,0
5324,22,3,2024-05-01,Forecast,101.3,0
5325,23,3,2024-05-01,Actual,187.7,1
5326,23,3,2024-05-01,Forecast,225.7,0
5327,24,3,2024-05-01,Actual,179.6,0
5328,24,3,2024-05-01,Forecast,196.0,0
5329,25,3,2024-05-01,Actual,163.4,3
5330,25,3,2024-05-01,Forecast,155.6,0
5331,26,3,2024-05-01,Actual,88.0,1
5332,26,3,2024-05-01,Forecast,105.0,0
5333,27,3,2024-05-01,Actual,379.9,1
5334,27,3,2024-05-01,Forecast,356.0,0
5335,28,3,2024-05-01,Actual,269.5,5
5336,28,3,2024-05-01,Forecast,275.0,0
5337,29,3,2024-05-01,Actual,92.9,2
5338,29,3,2024-05-01,Forecast,104.1,0
5339,30,3,2024-05-01,Actual,226.3,3
5340,30,3,2024-05-01,Forecast,197.6,0
5341,31,3,2024-05-01,Actual,331.9,2
5342,31,3,2024-05-01,Forecast,274.0,0
5343,32,3,2024-05-01,Actual,291.1,1
5344,32,3,2024-05-01,Forecast,325.0,0
5345,33,3,2024-05-01,Actual,347.1,5
5346,33,3,2024-05-01,Forecast,380.3,0
5347,34,3,2024-05-01,Actual,226.3,3
5348,34,3,2024-05-01,Forecast,261.4,0
5349,35,3,2024-05-01,Actual,155.6,3
5350,35,3,2024-05-01,Forecast,158.6,0
5351,36,3,2024-05-01,Actual,256.8,2
5352,36,3,2024-05-01,Forecast,243.8,0
5353,37,3,2024-05-01,Actual,213.4,2
5354,37,3,2024-05-01,Forecast,231.9,0
5355,38,3,2024-05-01,Actual,234.4,0
5356,38,3,2024-05-01,Forecast,268.3,0
5357,39,3,2024-05-01,Actual,178.9,3
5358,39,3,2024-05-01,Forecast,179.4,0
5359,40,3,2024-05-01,Actual,276.7,3
5360,40,3,2024-05-01,Forecast,243.8,0
5361,1,4,2024-05-01,Actual,117.6,3
5362,1,4,2024-05-01,Forecast,124.2,0
5363,2,4,2024-05-01,Actual,151.6,4
5364,2,4,2024-05-01,Forecast,150.6,0
5365,3,4,2024-05-01,Actual,243.5,3
5366,3,4,2024-05-01,Forecast,284.4,0
5367,4,4,2024-05-01,Actual,208.4,3
5368,4,4,2024-05-01,Forecast,179.8,0
5369,5,4,2024-05-01,Actual,106.2,5
5370,5,4,2024-05-01,Forecast,133.3,0
5371,6,4,2024-05-01,Actual,150.7,0
5372,6,4,2024-05-01,Forecast,146.4,0
5373,7,4,2024-05-01,Actual,201.1,4
5374,7,4,2024-05-01,Forecast,200.6,0
5375,8,4,2024-05-01,Actual,198.8,4
5376,8,4,2024-05-01,Forecast,178.5,0
5377,9,4,2024-05-01,Actual,314.2,1
5378,9,4,2024-05-01,Forecast,289.0,0
5379,10,4,2024-05-01,Actual,174.7,2
5380,10,4,2024-05-01,Forecast,180.2,0
5381,11,4,2024-05-01,Actual,299.5,5
5382,11,4,2024-05-01,Forecast,350.3,0
5383,12,4,2024-05-01,Actual,156.4,1
5384,12,4,2024-05-01,Forecast,165.0,0
5385,13,4,2024-05-01,Actual,197.2,5
5386,13,4,2024-05-01,Forecast,190.6,0
5387,14,4,2024-05-01,Actual,155.8,0
5388,14,4,2024-05-01,Forecast,183.1,0
5389,15,4,2024-05-01,Actual,291.9,5
5390,15,4,2024-05-01,Forecast,301.3,0
5391,16,4,2024-05-01,Actual,148.4,1
5392,16,4,2024-05-01,Forecast,136.4,0
5393,17,4,2024-05-01,Actual,294.4,4
5394,17,4,2024-05-01,Forecast,284.0,0
5395,18,4,2024-05-01,Actual,121.7,2
5396,18,4,2024-05-01,Forecast,107.2,0
5397,19,4,2024-05-01,Actual,90.3,2
5398,19,4,2024-05-01,Forecast,94.9,0
5399,20,4,2024-05-01,Actual,174.9,1
5400,20,4,2024-05-01,Forecast,169.5,0
5401,21,4,2024-05-01,Actual,238.1,4
5402,21,4,2024-05-01,Forecast,215.6,0
5403,22,4,2024-05-01,Actual,200.6,4
5404,22,4,2024-05-01,Forecast,216.6,0
5405,23,4,2024-05-01,Actual,72.8,3
5406,23,4,2024-05-01,Forecast,85.9,0
5407,24,4,2024-05-01,Actual,151.8,4
5408,24,4,2024-05-01,Forecast,133.3,0
5409,25,4,2024-05-01,Actual,306.9,3
5410,25,4,2024-05-01,Forecast,306.6,0
5411,26,4,2024-05-01,Actual,364.7,1
5412,26,4,2024-05-01,Forecast,322.0,0
5413,27,4,2024-05-01,Actual,254.4,3
5414,27,4,2024-05-01,Forecast,246.9,0
5415,28,4,2024-05-01,Actual,339.9,0
5416,28,4,2024-05-01,Forecast,342.6,0
5417,29,4,2024-05-01,Actual,125.1,3
5418,29,4,2024-05-01,Forecast,118.7,0
5419,30,4,2024-05-01,Actual,78.0,2
5420,30,4,2024-05-01,Forecast,88.3,0
5421,31,4,2024-05-01,Actual,362.1,4
5422,31,4,2024-05-01,Forecast,331.3,0
5423,32,4,2024-05-01,Actual,140.0,4
5424,32,4,2024-05-01,Forecast,151.6,0
5425,33,4,2024-05-01,Actual,410.9,2
5426,33,4,2024-05-01,Forecast,344.9,0
5427,34,4,2024-05-01,Actual,92.7,2
5428,34,4,2024-05-01,Forecast,86.7,0
5429,35,4,2024-05-01,Actual,323.0,3
5430,35,4,2024-05-01,Forecast,360.8,0
5431,36,4,2024-05-01,Actual,182.3,1
5432,36,4,2024-05-01,Forecast,185.4,0
5433,37,4,2024-05-01,Actual,190.6,1
5434,37,4,2024-05-01,Forecast,167.7,0
5435,38,4,2024-05-01,Actual,193.7,4
5436,38,4,2024-05-01,Forecast,212.1,0
5437,39,4,2024-05-01,Actual,267.1,2
5438,39,4,2024-05-01,Forecast,280.5,0
5439,40,4,2024-05-01,Actual,142.5,2
5440,40,4,2024-05-01,Forecast,175.3,0
5441,1,1,2024-06-01,Actual,371.3,4
5442,1,1,2024-06-01,Forecast,372.3,0
5443,2,1,2024-06-01,Actual,200.7,1
5444,2,1,2024-06-01,Forecast,250.1,0
5445,3,1,2024-06-01,Actual,222.1,5
5446,3,1,2024-06-01,Forecast,197.6,0
5447,4,1,2024-06-01,Actual,244.9,2
5448,4,1,2024-06-01,Forecast,254.0,0
5449,5,1,2024-06-01,Actual,338.9,4
5450,5,1,2024-06-01,Forecast,355.1,0
5451,6,1,2024-06-01,Actual,330.2,2
5452,6,1,2024-06-01,Forecast,303.3,0
5453,7,1,2024-06-01,Actual,350.6,4
5454,7,1,2024-06-01,Forecast,390.3,0
5455,8,1,2024-06-01,Actual,265.9,4
5456,8,1,2024-06-01,Forecast,298.6,0
5457,9,1,2024-06-01,Actual,129.1,2
5458,9,1,2024-06-01,Forecast,131.2,0
5459,10,1,2024-06-01,Actual,118.2,2
5460,10,1,2024-06-01,Forecast,128.6,0
5461,11,1,2024-06-01,Actual,310.0,4
5462,11,1,2024-06-01,Forecast,314.4,0
5463,12,1,2024-06-01,Actual,291.2,0
5464,12,1,2024-06-01,Forecast,248.3,0
5465,13,1,2024-06-01,Actual,149.3,0
5466,13,1,2024-06-01,Forecast,159.5,0
5467,14,1,2024-06-01,Actual,308.0,0
5468,14,1,2024-06-01,Forecast,296.5,0
5469,15,1,2024-06-01,Actual,381.0,3
5470,15,1,2024-06-01,Forecast,362.9,0
5471,16,1,2024-06-01,Actual,348.2,5
5472,16,1,2024-06-01,Forecast,296.0,0
5473,17,1,2024-06-01,Actual,125.1,1
5474,17,1,2024-06-01,Forecast,135.8,0
5475,18,1,2024-06-01,Actual,277.0,4
5476,18,1,2024-06-01,Forecast,242.6,0
5477,19,1,2024-06-01,Actual,242.3,1
5478,19,1,2024-06-01,Forecast,222.9,0
5479,20,1,2024-06-01,Actual,161.9,4
5480,20,1,2024-06-01,Forecast,153.7,0
5481,21,1,2024-06-01,Actual,337.1,1
5482,21,1,2024-06-01,Forecast,334.3,0
5483,22,1,2024-06-01,Actual,86.5,5
5484,22,1,2024-06-01,Forecast,92.5,0
5485,23,1,2024-06-01,Actual,191.6,4
5486,23,1,2024-06-01,Forecast,205.1,0
5487,24,1,2024-06-01,Actual,84.8,2
5488,24,1,2024-06-01,Forecast,95.5,0
5489,25,1,2024-06-01,Actual,351.4,3
5490,25,1,2024-06-01,Forecast,300.5,0
5491,26,1,2024-06-01,Actual,171.1,5
5492,26,1,2024-06-01,Forecast,184.7,0
5493,27,1,2024-06-01,Actual,108.9,2
5494,27,1,2024-06-01,Forecast,106.6,0
5495,28,1,2024-06-01,Actual,136.2,1
5496,28,1,2024-06-01,Forecast,128.2,0
5497,29,1,2024-06-01,Actual,308.8,3
5498,29,1,2024-06-01,Forecast,266.8,0
5499,30,1,2024-06-01,Actual,96.4,0
5500,30,1,2024-06-01,Forecast,105.1,0
5501,31,1,2024-06-01,Actual,274.7,5
5502,31,1,2024-06-01,Forecast,225.9,0
5503,32,1,2024-06-01,Actual,438.0,1
5504,32,1,2024-06-01,Forecast,375.7,0
5505,33,1,2024-06-01,Actual,209.0,4
5506,33,1,2024-06-01,Forecast,227.3,0
5507,34,1,2024-06-01,Actual,413.2,5
5508,34,1,2024-06-01,Forecast,400.6,0
5509,35,1,2024-06-01,Actual,436.6,3
5510,35,1,2024-06-01,Forecast,356.4,0
5511,36,1,2024-06-01,Actual,225.3,5
5512,36,1,2024-06-01,Forecast,207.9,0
5513,37,1,2024-06-01,Actual,118.3,1
5514,37,1,2024-06-01,Forecast,114.7,0
5515,38,1,2024-06-01,Actual,184.5,4
5516,38,1,2024-06-01,Forecast,164.8,0
5517,39,1,2024-06-01,Actual,162.6,1
5518,39,1,2024-06-01,Forecast,208.7,0
5519,40,1,2024-06-01,Actual,189.7,3
5520,40,1,2024-06-01,Forecast,152.9,0
5521,1,2,2024-06-01,Actual,81.2,1
5522,1,2,2024-06-01,Forecast,78.0,0
5523,2,2,2024-06-01,Actual,292.3,2
5524,2,2,2024-06-01,Forecast,246.3,0
5525,3,2,2024-06-01,Actual,351.0,1
5526,3,2,2024-06-01,Forecast,412.3,0
5527,4,2,2024-06-01,Actual,315.4,4
5528,4,2,2024-06-01,Forecast,350.7,0
5529,5,2,2024-06-01,Actual,336.7,2
5530,5,2,2024-06-01,Forecast,391.4,0
5531,6,2,2024-06-01,Actual,128.0,0
5532,6,2,2024-06-01,Forecast,121.5,0
5533,7,2,2024-06-01,Actual,305.0,5
5534,7,2,2024-06-01,Forecast,350.0,0
5535,8,2,2024-06-01,Actual,403.6,1
5536,8,2,2024-06-01,Forecast,368.4,0
5537,9,2,2024-06-01,Actual,205.0,4
5538,9,2,2024-06-01,Forecast,221.7,0
5539,10,2,2024-06-01,Actual,329.3,4
5540,10,2,2024-06-01,Forecast,369.0,0
5541,11,2,2024-06-01,Actual,209.8,5
5542,11,2,2024-06-01,Forecast,178.6,0
5543,12,2,2024-06-01,Actual,201.6,2
5544,12,2,2024-06-01,Forecast,191.3,0
5545,13,2,2024-06-01,Actual,394.2,1
5546,13,2,2024-06-01,Forecast,381.4,0
5547,14,2,2024-06-01,Actual,227.5,4
5548,14,2,2024-06-01,Forecast,248.9,0
5549,15,2,2024-06-01,Actual,81.5,4
5550,15,2,2024-06-01,Forecast,80.3,0
5551,16,2,2024-06-01,Actual,250.8,5
5552,16,2,2024-06-01,Forecast,263.5,0
5553,17,2,2024-06-01,Actual,204.0,2
5554,17,2,2024-06-01,Forecast,232.0,0
5555,18,2,2024-06-01,Actual,120.1,4
5556,18,2,2024-06-01,Forecast,132.1,0
5557,19,2,2024-06-01,Actual,282.8,3
5558,19,2,2024-06-01,Forecast,251.6,0
5559,20,2,2024-06-01,Actual,243.0,0
5560,20,2,2024-06-01,Forecast,282.3,0
5561,21,2,2024-06-01,Actual,256.9,2
5562,21,2,2024-06-01,Forecast,213.3,0
5563,22,2,2024-06-01,Actual,87.8,5
5564,22,2,2024-06-01,Forecast,98.1,0
5565,23,2,2024-06-01,Actual,173.2,5
5566,23,2,2024-06-01,Forecast,218.2,0
5567,24,2,2024-06-01,Actual,276.5,3
5568,24,2,2024-06-01,Forecast,252.4,0
5569,25,2,2024-06-01,Actual,138.2,1
5570,25,2,2024-06-01,Forecast,156.4,0
5571,26,2,2024-06-01,Actual,196.9,0
5572,26,2,2024-06-01,Forecast,235.9,0
5573,27,2,2024-06-01,Actual,160.3,4
5574,27,2,2024-06-01,Forecast,164.2,0
5575,28,2,2024-06-01,Actual,357.7,0
5576,28,2,2024-06-01,Forecast,341.0,0
5577,29,2,2024-06-01,Actual,310.6,0
5578,29,2,2024-06-01,Forecast,309.9,0
5579,30,2,2024-06-01,Actual,127.1,3
5580,30,2,2024-06-01,Forecast,123.1,0
5581,31,2,2024-06-01,Actual,330.0,2
5582,31,2,2024-06-01,Forecast,290.0,0
5583,32,2,2024-06-01,Actual,302.9,3
5584,32,2,2024-06-01,Forecast,333.8,0
5585,33,2,2024-06-01,Actual,159.8,0
5586,33,2,2024-06-01,Forecast,168.0,0
5587,34,2,2024-06-01,Actual,109.0,4
5588,34,2,2024-06-01,Forecast,89.9,0
5589,35,2,2024-06-01,Actual,282.0,2
5590,35,2,2024-06-01,Forecast,284.2,0
5591,36,2,2024-06-01,Actual,313.7,2
5592,36,2,2024-06-01,Forecast,297.7,0
5593,37,2,2024-06-01,Actual,98.7,1
5594,37,2,2024-06-01,Forecast,112.8,0
5595,38,2,2024-06-01,Actual,183.6,4
5596,38,2,2024-06-01,Forecast,215.4,0
5597,39,2,2024-06-01,Actual,119.1,1
5598,39,2,2024-06-01,Forecast,126.9,0
5599,40,2,2024-06-01,Actual,264.3,5
5600,40,2,2024-06-01,Forecast,260.2,0
5601,1,3,2024-06-01,Actual,316.4,4
5602,1,3,2024-06-01,Forecast,293.8,0
5603,2,3,2024-06-01,Actual,138.2,3
5604,2,3,2024-06-01,Forecast,143.9,0
5605,3,3,2024-06-01,Actual,219.5,2
5606,3,3,2024-06-01,Forecast,180.1,0
5607,4,3,2024-06-01,Actual,217.3,4
5608,4,3,2024-06-01,Forecast,186.2,0
5609,5,3,2024-06-01,Actual,208.9,0
5610,5,3,2024-06-01,Forecast,196.7,0
5611,6,3,2024-06-01,Actual,188.8,0
5612,6,3,2024-06-01,Forecast,199.8,0
5613,7,3,2024-06-01,Actual,402.9,3
5614,7,3,2024-06-01,Forecast,369.5,0
5615,8,3,2024-06-01,Actual,254.0,2
5616,8,3,2024-06-01,Forecast,247.3,0
5617,9,3,2024-06-01,Actual,163.4,3
5618,9,3,2024-06-01,Forecast,149.3,0
5619,10,3,2024-06-01,Actual,267.3,2
5620,10,3,2024-06-01,Forecast,258.4,0
5621,11,3,2024-06-01,Actual,250.6,3
5622,11,3,2024-06-01,Forecast,278.8,0
5623,12,3,2024-06-01,Actual,351.7,5
5624,12,3,2024-06-01,Forecast,309.4,0
5625,13,3,2024-06-01,Actual,356.3,1
5626,13,3,2024-06-01,Forecast,423.0,0
5627,14,3,2024-06-01,Actual,287.1,4
5628,14,3,2024-06-01,Forecast,299.6,0
5629,15,3,2024-06-01,Actual,215.4,1
5630,15,3,2024-06-01,Forecast,218.1,0
5631,16,3,2024-06-01,Actual,336.1,3
5632,16,3,2024-06-01,Forecast,344.8,0
5633,17,3,2024-06-01,Actual,234.1,5
5634,17,3,2024-06-01,Forecast,275.3,0
5635,18,3,2024-06-01,Actual,170.5,4
5636,18,3,2024-06-01,Forecast,171.1,0
5637,19,3,2024-06-01,Actual,357.8,1
5638,19,3,2024-06-01,Forecast,364.7,0
5639,20,3,2024-06-01,Actual,180.2,3
5640,20,3,2024-06-01,Forecast,161.5,0
5641,21,3,2024-06-01,Actual,207.8,2
5642,21,3,2024-06-01,Forecast,184.0,0
5643,22,3,2024-06-01,Actual,245.3,1
5644,22,3,2024-06-01,Forecast,231.8,0
5645,23,3,2024-06-01,Actual,329.5,3
5646,23,3,2024-06-01,Forecast,352.5,0
5647,24,3,2024-06-01,Actual,313.0,1
5648,24,3,2024-06-01,Forecast,278.8,0
5649,25,3,2024-06-01,Actual,243.2,1
5650,25,3,2024-06-01,Forecast,242.7,0
5651,26,3,2024-06-01,Actual,263.5,3
5652,26,3,2024-06-01,Forecast,297.4,0
5653,27,3,2024-06-01,Actual,240.9,5
5654,27,3,2024-06-01,Forecast,228.7,0
5655,28,3,2024-06-01,Actual,168.7,0
5656,28,3,2024-06-01,Forecast,154.0,0
5657,29,3,2024-06-01,Actual,338.1,0
5658,29,3,2024-06-01,Forecast,362.0,0
5659,30,3,2024-06-01,Actual,91.3,1
5660,30,3,2024-06-01,Forecast,78.0,0
5661,31,3,2024-06-01,Actual,200.3,4
5662,31,3,2024-06-01,Forecast,217.7,0
5663,32,3,2024-06-01,Actual,105.6,5
5664,32,3,2024-06-01,Forecast,120.8,0
5665,33,3,2024-06-01,Actual,306.6,2
5666,33,3,2024-06-01,Forecast,297.7,0
5667,34,3,2024-06-01,Actual,187.0,3
5668,34,3,2024-06-01,Forecast,200.9,0
5669,35,3,2024-06-01,Actual,361.6,3
5670,35,3,2024-06-01,Forecast,310.0,0
5671,36,3,2024-06-01,Actual,160.5,4
5672,36,3,2024-06-01,Forecast,138.6,0
5673,37,3,2024-06-01,Actual,279.1,5
5674,37,3,2024-06-01,Forecast,256.5,0
5675,38,3,2024-06-01,Actual,118.7,1
5676,38,3,2024-06-01,Forecast,109.1,0
5677,39,3,2024-06-01,Actual,96.6,5
5678,39,3,2024-06-01,Forecast,77.6,0
5679,40,3,2024-06-01,Actual,317.7,5
5680,40,3,2024-06-01,Forecast,347.6,0
5681,1,4,2024-06-01,Actual,256.8,0
5682,1,4,2024-06-01,Forecast,262.7,0
5683,2,4,2024-06-01,Actual,332.1,3
5684,2,4,2024-06-01,Forecast,353.0,0
5685,3,4,2024-06-01,Actual,308.9,0
5686,3,4,2024-06-01,Forecast,274.9,0
5687,4,4,2024-06-01,Actual,95.5,2
5688,4,4,2024-06-01,Forecast,115.9,0
5689,5,4,2024-06-01,Actual,209.7,3
5690,5,4,2024-06-01,Forecast,220.7,0
5691,6,4,2024-06-01,Actual,288.8,5
5692,6,4,2024-06-01,Forecast,278.8,0
5693,7,4,2024-06-01,Actual,175.3,0
5694,7,4,2024-06-01,Forecast,165.5,0
5695,8,4,2024-06-01,Actual,95.5,1
5696,8,4,2024-06-01,Forecast,82.3,0
5697,9,4,2024-06-01,Actual,163.5,4
5698,9,4,2024-06-01,Forecast,150.0,0
5699,10,4,2024-06-01,Actual,176.8,0
5700,10,4,2024-06-01,Forecast,162.1,0
5701,11,4,2024-06-01,Actual,156.3,2
5702,11,4,2024-06-01,Forecast,140.6,0
5703,12,4,2024-06-01,Actual,124.9,4
5704,12,4,2024-06-01,Forecast,116.5,0
5705,13,4,2024-06-01,Actual,339.7,4
5706,13,4,2024-06-01,Forecast,347.6,0
5707,14,4,2024-06-01,Actual,316.4,2
5708,14,4,2024-06-01,Forecast,265.4,0
5709,15,4,2024-06-01,Actual,183.7,3
5710,15,4,2024-06-01,Forecast,213.4,0
5711,16,4,2024-06-01,Actual,333.1,0
5712,16,4,2024-06-01,Forecast,356.9,0
5713,17,4,2024-06-01,Actual,131.2,5
5714,17,4,2024-06-01,Forecast,123.3,0
5715,18,4,2024-06-01,Actual,266.0,2
5716,18,4,2024-06-01,Forecast,282.3,0
5717,19,4,2024-06-01,Actual,153.1,4
5718,19,4,2024-06-01,Forecast,166.6,0
5719,20,4,2024-06-01,Actual,413.0,4
5720,20,4,2024-06-01,Forecast,348.3,0
5721,21,4,2024-06-01,Actual,305.0,4
5722,21,4,2024-06-01,Forecast,326.5,0
5723,22,4,2024-06-01,Actual,208.3,2
5724,22,4,2024-06-01,Forecast,253.9,0
5725,23,4,2024-06-01,Actual,75.9,2
5726,23,4,2024-06-01,Forecast,78.1,0
5727,24,4,2024-06-01,Actual,352.4,1
5728,24,4,2024-06-01,Forecast,385.4,0
5729,25,4,2024-06-01,Actual,92.9,1
5730,25,4,2024-06-01,Forecast,87.7,0
5731,26,4,2024-06-01,Actual,250.7,5
5732,26,4,2024-06-01,Forecast,240.6,0
5733,27,4,2024-06-01,Actual,200.6,5
5734,27,4,2024-06-01,Forecast,162.2,0
5735,28,4,2024-06-01,Actual,421.0,4
5736,28,4,2024-06-01,Forecast,354.3,0
5737,29,4,2024-06-01,Actual,156.7,2
5738,29,4,2024-06-01,Forecast,155.8,0
5739,30,4,2024-06-01,Actual,288.3,0
5740,30,4,2024-06-01,Forecast,268.8,0
5741,31,4,2024-06-01,Actual,175.6,1
5742,31,4,2024-06-01,Forecast,205.5,0
5743,32,4,2024-06-01,Actual,159.6,2
5744,32,4,2024-06-01,Forecast,149.8,0
5745,33,4,2024-06-01,Actual,309.6,5
5746,33,4,2024-06-01,Forecast,357.7,0
5747,34,4,2024-06-01,Actual,103.9,2
5748,34,4,2024-06-01,Forecast,107.2,0
5749,35,4,2024-06-01,Actual,167.2,5
5750,35,4,2024-06-01,Forecast,174.4,0
5751,36,4,2024-06-01,Actual,180.1,5
5752,36,4,2024-06-01,Forecast,198.3,0
5753,37,4,2024-06-01,Actual,217.7,4
5754,37,4,2024-06-01,Forecast,231.6,0
5755,38,4,2024-06-01,Actual,343.7,1
5756,38,4,2024-06-01,Forecast,387.3,0
5757,39,4,2024-06-01,Actual,79.9,0
5758,39,4,2024-06-01,Forecast,89.7,0
5759,40,4,2024-06-01,Actual,201.8,1
5760,40,4,2024-06-01,Forecast,211.0,0
5761,1,1,2024-07-01,Actual,126.2,0
5762,1,1,2024-07-01,Forecast,176.0,0
5763,2,1,2024-07-01,Actual,200.6,1
5764,2,1,2024-07-01,Forecast,270.9,0
5765,3,1,2024-07-01,Actual,74.4,0
5766,3,1,2024-07-01,Forecast,96.8,0
5767,4,1,2024-07-01,Actual,286.5,0
5768,4,1,2024-07-01,Forecast,376.0,0
5769,5,1,2024-07-01,Actual,156.2,0
5770,5,1,2024-07-01,Forecast,194.1,0
5771,6,1,2024-07-01,Actual,161.9,0
5772,6,1,2024-07-01,Forecast,190.9,0
5773,7,1,2024-07-01,Actual,210.4,2
5774,7,1,2024-07-01,Forecast,287.7,0
5775,8,1,2024-07-01,Actual,248.5,2
5776,8,1,2024-07-01,Forecast,306.2,0
5777,9,1,2024-07-01,Actual,253.4,0
5778,9,1,2024-07-01,Forecast,363.8,0
5779,10,1,2024-07-01,Actual,188.7,0
5780,10,1,2024-07-01,Forecast,247.8,0
5781,11,1,2024-07-01,Actual,168.3,2
5782,11,1,2024-07-01,Forecast,243.0,0
5783,12,1,2024-07-01,Actual,210.3,1
5784,12,1,2024-07-01,Forecast,258.1,0
5785,13,1,2024-07-01,Actual,330.6,0
5786,13,1,2024-07-01,Forecast,428.9,0
5787,14,1,2024-07-01,Actual,234.3,0
5788,14,1,2024-07-01,Forecast,343.1,0
5789,15,1,2024-07-01,Actual,169.5,0
5790,15,1,2024-07-01,Forecast,195.7,0
5791,16,1,2024-07-01,Actual,293.1,0
5792,16,1,2024-07-01,Forecast,346.2,0
5793,17,1,2024-07-01,Actual,306.1,1
5794,17,1,2024-07-01,Forecast,338.7,0
5795,18,1,2024-07-01,Actual,274.0,2
5796,18,1,2024-07-01,Forecast,374.8,0
5797,19,1,2024-07-01,Actual,150.8,2
5798,19,1,2024-07-01,Forecast,205.3,0
5799,20,1,2024-07-01,Actual,203.9,0
5800,20,1,2024-07-01,Forecast,273.6,0
5801,21,1,2024-07-01,Actual,242.0,0
5802,21,1,2024-07-01,Forecast,354.9,0
5803,22,1,2024-07-01,Actual,114.9,0
5804,22,1,2024-07-01,Forecast,141.1,0
5805,23,1,2024-07-01,Actual,279.3,0
5806,23,1,2024-07-01,Forecast,400.2,0
5807,24,1,2024-07-01,Actual,117.9,0
5808,24,1,2024-07-01,Forecast,134.4,0
5809,25,1,2024-07-01,Actual,72.3,2
5810,25,1,2024-07-01,Forecast,85.0,0
5811,26,1,2024-07-01,Actual,140.5,0
5812,26,1,2024-07-01,Forecast,207.3,0
5813,27,1,2024-07-01,Actual,246.0,2
5814,27,1,2024-07-01,Forecast,368.3,0
5815,28,1,2024-07-01,Actual,306.8,0
5816,28,1,2024-07-01,Forecast,347.6,0
5817,29,1,2024-07-01,Actual,128.0,0
5818,29,1,2024-07-01,Forecast,150.3,0
5819,30,1,2024-07-01,Actual,212.6,1
5820,30,1,2024-07-01,Forecast,284.2,0
5821,31,1,2024-07-01,Actual,257.2,0
5822,31,1,2024-07-01,Forecast,345.3,0
5823,32,1,2024-07-01,Actual,208.8,2
5824,32,1,2024-07-01,Forecast,309.6,0
5825,33,1,2024-07-01,Actual,292.9,0
5826,33,1,2024-07-01,Forecast,314.9,0
5827,34,1,2024-07-01,Actual,71.2,0
5828,34,1,2024-07-01,Forecast,104.3,0
5829,35,1,2024-07-01,Actual,118.1,2
5830,35,1,2024-07-01,Forecast,156.8,0
5831,36,1,2024-07-01,Actual,115.9,0
5832,36,1,2024-07-01,Forecast,144.1,0
5833,37,1,2024-07-01,Actual,187.2,1
5834,37,1,2024-07-01,Forecast,226.3,0
5835,38,1,2024-07-01,Actual,209.9,0
5836,38,1,2024-07-01,Forecast,312.7,0
5837,39,1,2024-07-01,Actual,295.6,0
5838,39,1,2024-07-01,Forecast,425.9,0
5839,40,1,2024-07-01,Actual,187.8,0
5840,40,1,2024-07-01,Forecast,277.2,0
5841,1,2,2024-07-01,Actual,326.0,0
5842,1,2,2024-07-01,Forecast,353.9,0
5843,2,2,2024-07-01,Actual,112.4,0
5844,2,2,2024-07-01,Forecast,143.6,0
5845,3,2,2024-07-01,Actual,161.7,0
5846,3,2,2024-07-01,Forecast,208.5,0
5847,4,2,2024-07-01,Actual,77.4,2
5848,4,2,2024-07-01,Forecast,101.0,0
5849,5,2,2024-07-01,Actual,131.5,2
5850,5,2,2024-07-01,Forecast,163.6,0
5851,6,2,2024-07-01,Actual,137.0,1
5852,6,2,2024-07-01,Forecast,156.5,0
5853,7,2,2024-07-01,Actual,193.4,0
5854,7,2,2024-07-01,Forecast,237.6,0
5855,8,2,2024-07-01,Actual,225.9,0
5856,8,2,2024-07-01,Forecast,285.1,0
5857,9,2,2024-07-01,Actual,70.9,1
5858,9,2,2024-07-01,Forecast,87.7,0
5859,10,2,2024-07-01,Actual,147.2,0
5860,10,2,2024-07-01,Forecast,211.6,0
5861,11,2,2024-07-01,Actual,241.7,0
5862,11,2,2024-07-01,Forecast,320.6,0
5863,12,2,2024-07-01,Actual,170.4,0
5864,12,2,2024-07-01,Forecast,196.7,0
5865,13,2,2024-07-01,Actual,288.6,0
5866,13,2,2024-07-01,Forecast,323.7,0
5867,14,2,2024-07-01,Actual,264.8,0
5868,14,2,2024-07-01,Forecast,299.3,0
5869,15,2,2024-07-01,Actual,199.4,0
5870,15,2,2024-07-01,Forecast,301.6,0
5871,16,2,2024-07-01,Actual,259.1,1
5872,16,2,2024-07-01,Forecast,339.7,0
5873,17,2,2024-07-01,Actual,140.0,1
5874,17,2,2024-07-01,Forecast,184.7,0
5875,18,2,2024-07-01,Actual,147.8,0
5876,18,2,2024-07-01,Forecast,176.7,0
5877,19,2,2024-07-01,Actual,154.9,0
5878,19,2,2024-07-01,Forecast,191.3,0
5879,20,2,2024-07-01,Actual,167.7,0
5880,20,2,2024-07-01,Forecast,192.9,0
5881,21,2,2024-07-01,Actual,172.4,2
5882,21,2,2024-07-01,Forecast,244.8,0
5883,22,2,2024-07-01,Actual,168.7,2
5884,22,2,2024-07-01,Forecast,207.1,0
5885,23,2,2024-07-01,Actual,134.0,0
5886,23,2,2024-07-01,Forecast,200.9,0
5887,24,2,2024-07-01,Actual,283.1,0
5888,24,2,2024-07-01,Forecast,345.1,0
5889,25,2,2024-07-01,Actual,310.8,0
5890,25,2,2024-07-01,Forecast,379.1,0
5891,26,2,2024-07-01,Actual,320.2,0
5892,26,2,2024-07-01,Forecast,391.9,0
5893,27,2,2024-07-01,Actual,78.8,0
5894,27,2,2024-07-01,Forecast,88.2,0
5895,28,2,2024-07-01,Actual,246.9,2
5896,28,2,2024-07-01,Forecast,371.6,0
5897,29,2,2024-07-01,Actual,333.1,0
5898,29,2,2024-07-01,Forecast,412.2,0
5899,30,2,2024-07-01,Actual,203.2,2
5900,30,2,2024-07-01,Forecast,244.0,0
5901,31,2,2024-07-01,Actual,181.2,0
5902,31,2,2024-07-01,Forecast,202.2,0
5903,32,2,2024-07-01,Actual,68.5,0
5904,32,2,2024-07-01,Forecast,82.9,0
5905,33,2,2024-07-01,Actual,273.9,0
5906,33,2,2024-07-01,Forecast,415.8,0
5907,34,2,2024-07-01,Actual,155.5,0
5908,34,2,2024-07-01,Forecast,166.5,0
5909,35,2,2024-07-01,Actual,215.4,2
5910,35,2,2024-07-01,Forecast,321.3,0
5911,36,2,2024-07-01,Actual,170.2,1
5912,36,2,2024-07-01,Forecast,208.1,0
5913,37,2,2024-07-01,Actual,244.3,2
5914,37,2,2024-07-01,Forecast,261.4,0
5915,38,2,2024-07-01,Actual,272.4,0
5916,38,2,2024-07-01,Forecast,322.6,0
5917,39,2,2024-07-01,Actual,232.8,0
5918,39,2,2024-07-01,Forecast,295.7,0
5919,40,2,2024-07-01,Actual,227.7,0
5920,40,2,2024-07-01,Forecast,306.1,0
5921,1,3,2024-07-01,Actual,383.7,2
5922,1,3,2024-07-01,Forecast,389.9,0
5923,2,3,2024-07-01,Actual,373.1,0
5924,2,3,2024-07-01,Forecast,410.1,0
5925,3,3,2024-07-01,Actual,253.7,3
5926,3,3,2024-07-01,Forecast,319.7,0
5927,4,3,2024-07-01,Actual,200.3,1
5928,4,3,2024-07-01,Forecast,184.5,0
5929,5,3,2024-07-01,Actual,345.6,0
5930,5,3,2024-07-01,Forecast,307.5,0
5931,6,3,2024-07-01,Actual,180.8,2
5932,6,3,2024-07-01,Forecast,173.8,0
5933,7,3,2024-07-01,Actual,184.5,0
5934,7,3,2024-07-01,Forecast,204.4,0
5935,8,3,2024-07-01,Actual,144.0,1
5936,8,3,2024-07-01,Forecast,120.3,0
5937,9,3,2024-07-01,Actual,249.7,2
5938,9,3,2024-07-01,Forecast,242.4,0
5939,10,3,2024-07-01,Actual,360.8,1
5940,10,3,2024-07-01,Forecast,356.4,0
5941,11,3,2024-07-01,Actual,146.6,5
5942,11,3,2024-07-01,Forecast,155.1,0
5943,12,3,2024-07-01,Actual,168.0,3
5944,12,3,2024-07-01,Forecast,180.1,0
5945,13,3,2024-07-01,Actual,272.3,2
5946,13,3,2024-07-01,Forecast,292.1,0
5947,14,3,2024-07-01,Actual,102.8,2
5948,14,3,2024-07-01,Forecast,92.0,0
5949,15,3,2024-07-01,Actual,279.3,0
5950,15,3,2024-07-01,Forecast,238.5,0
5951,16,3,2024-07-01,Actual,396.7,4
5952,16,3,2024-07-01,Forecast,340.9,0
5953,17,3,2024-07-01,Actual,105.4,0
5954,17,3,2024-07-01,Forecast,100.4,0
5955,18,3,2024-07-01,Actual,398.6,0
5956,18,3,2024-07-01,Forecast,362.8,0
5957,19,3,2024-07-01,Actual,291.7,4
5958,19,3,2024-07-01,Forecast,303.0,0
5959,20,3,2024-07-01,Actual,320.1,0
5960,20,3,2024-07-01,Forecast,331.0,0
5961,21,3,2024-07-01,Actual,320.6,2
5962,21,3,2024-07-01,Forecast,368.1,0
5963,22,3,2024-07-01,Actual,283.7,0
5964,22,3,2024-07-01,Forecast,260.3,0
5965,23,3,2024-07-01,Actual,342.9,5
5966,23,3,2024-07-01,Forecast,282.9,0
5967,24,3,2024-07-01,Actual,286.8,5
5968,24,3,2024-07-01,Forecast,280.9,0
5969,25,3,2024-07-01,Actual,100.9,2
5970,25,3,2024-07-01,Forecast,108.5,0
5971,26,3,2024-07-01,Actual,347.3,0
5972,26,3,2024-07-01,Forecast,371.1,0
5973,27,3,2024-07-01,Actual,316.5,1
5974,27,3,2024-07-01,Forecast,334.4,0
5975,28,3,2024-07-01,Actual,253.2,0
5976,28,3,2024-07-01,Forecast,236.7,0
5977,29,3,2024-07-01,Actual,296.4,5
5978,29,3,2024-07-01,Forecast,353.9,0
5979,30,3,2024-07-01,Actual,292.7,1
5980,30,3,2024-07-01,Forecast,284.2,0
5981,31,3,2024-07-01,Actual,129.6,5
5982,31,3,2024-07-01,Forecast,113.9,0
5983,32,3,2024-07-01,Actual,449.3,5
5984,32,3,2024-07-01,Forecast,364.9,0
5985,33,3,2024-07-01,Actual,71.1,5
5986,33,3,2024-07-01,Forecast,83.8,0
5987,34,3,2024-07-01,Actual,332.3,1
5988,34,3,2024-07-01,Forecast,321.9,0
5989,35,3,2024-07-01,Actual,248.0,1
5990,35,3,2024-07-01,Forecast,226.2,0
5991,36,3,2024-07-01,Actual,312.4,2
5992,36,3,2024-07-01,Forecast,293.8,0
5993,37,3,2024-07-01,Actual,137.9,0
5994,37,3,2024-07-01,Forecast,148.4,0
5995,38,3,2024-07-01,Actual,150.1,5
5996,38,3,2024-07-01,Forecast,179.7,0
5997,39,3,2024-07-01,Actual,330.3,2
5998,39,3,2024-07-01,Forecast,328.7,0
5999,40,3,2024-07-01,Actual,282.9,5
6000,40,3,2024-07-01,Forecast,260.1,0
6001,1,4,2024-07-01,Actual,122.0,1
6002,1,4,2024-07-01,Forecast,152.6,0
6003,2,4,2024-07-01,Actual,128.0,2
6004,2,4,2024-07-01,Forecast,125.4,0
6005,3,4,2024-07-01,Actual,312.1,4
6006,3,4,2024-07-01,Forecast,262.4,0
6007,4,4,2024-07-01,Actual,138.2,0
6008,4,4,2024-07-01,Forecast,149.4,0
6009,5,4,2024-07-01,Actual,133.3,2
6010,5,4,2024-07-01,Forecast,144.3,0
6011,6,4,2024-07-01,Actual,84.9,2
6012,6,4,2024-07-01,Forecast,87.6,0
6013,7,4,2024-07-01,Actual,96.9,4
6014,7,4,2024-07-01,Forecast,78.9,0
6015,8,4,2024-07-01,Actual,204.9,5
6016,8,4,2024-07-01,Forecast,196.7,0
6017,9,4,2024-07-01,Actual,125.2,1
6018,9,4,2024-07-01,Forecast,129.7,0
6019,10,4,2024-07-01,Actual,250.2,2
6020,10,4,2024-07-01,Forecast,284.1,0
6021,11,4,2024-07-01,Actual,198.6,0
6022,11,4,2024-07-01,Forecast,187.9,0
6023,12,4,2024-07-01,Actual,205.5,3
6024,12,4,2024-07-01,Forecast,192.3,0
6025,13,4,2024-07-01,Actual,93.1,0
6026,13,4,2024-07-01,Forecast,111.0,0
6027,14,4,2024-07-01,Actual,114.6,5
6028,14,4,2024-07-01,Forecast,106.1,0
6029,15,4,2024-07-01,Actual,296.1,2
6030,15,4,2024-07-01,Forecast,282.3,0
6031,16,4,2024-07-01,Actual,293.7,0
6032,16,4,2024-07-01,Forecast,336.3,0
6033,17,4,2024-07-01,Actual,175.9,3
6034,17,4,2024-07-01,Forecast,163.0,0
6035,18,4,2024-07-01,Actual,379.8,1
6036,18,4,2024-07-01,Forecast,336.9,0
6037,19,4,2024-07-01,Actual,297.9,3
6038,19,4,2024-07-01,Forecast,320.1,0
6039,20,4,2024-07-01,Actual,195.2,2
6040,20,4,2024-07-01,Forecast,175.8,0
6041,21,4,2024-07-01,Actual,380.7,1
6042,21,4,2024-07-01,Forecast,312.1,0
6043,22,4,2024-07-01,Actual,176.5,0
6044,22,4,2024-07-01,Forecast,163.7,0
6045,23,4,2024-07-01,Actual,366.8,2
6046,23,4,2024-07-01,Forecast,303.5,0
6047,24,4,2024-07-01,Actual,310.1,2
6048,24,4,2024-07-01,Forecast,268.8,0
6049,25,4,2024-07-01,Actual,214.8,4
6050,25,4,2024-07-01,Forecast,181.6,0
6051,26,4,2024-07-01,Actual,171.8,4
6052,26,4,2024-07-01,Forecast,195.0,0
6053,27,4,2024-07-01,Actual,206.6,4
6054,27,4,2024-07-01,Forecast,226.5,0
6055,28,4,2024-07-01,Actual,135.5,5
6056,28,4,2024-07-01,Forecast,131.4,0
6057,29,4,2024-07-01,Actual,283.7,4
6058,29,4,2024-07-01,Forecast,260.6,0
6059,30,4,2024-07-01,Actual,171.7,5
6060,30,4,2024-07-01,Forecast,156.6,0
6061,31,4,2024-07-01,Actual,269.6,2
6062,31,4,2024-07-01,Forecast,237.6,0
6063,32,4,2024-07-01,Actual,200.1,0
6064,32,4,2024-07-01,Forecast,217.4,0
6065,33,4,2024-07-01,Actual,388.2,5
6066,33,4,2024-07-01,Forecast,392.4,0
6067,34,4,2024-07-01,Actual,131.8,3
6068,34,4,2024-07-01,Forecast,131.2,0
6069,35,4,2024-07-01,Actual,140.3,3
6070,35,4,2024-07-01,Forecast,153.0,0
6071,36,4,2024-07-01,Actual,436.1,3
6072,36,4,2024-07-01,Forecast,432.6,0
6073,37,4,2024-07-01,Actual,240.8,2
6074,37,4,2024-07-01,Forecast,264.1,0
6075,38,4,2024-07-01,Actual,301.2,3
6076,38,4,2024-07-01,Forecast,325.5,0
6077,39,4,2024-07-01,Actual,225.7,3
6078,39,4,2024-07-01,Forecast,207.9,0
6079,40,4,2024-07-01,Actual,438.3,3
6080,40,4,2024-07-01,Forecast,410.6,0
6081,1,1,2024-08-01,Actual,229.8,0
6082,1,1,2024-08-01,Forecast,304.2,0
6083,2,1,2024-08-01,Actual,119.3,2
6084,2,1,2024-08-01,Forecast,171.5,0
6085,3,1,2024-08-01,Actual,205.8,0
6086,3,1,2024-08-01,Forecast,262.6,0
6087,4,1,2024-08-01,Actual,75.4,0
6088,4,1,2024-08-01,Forecast,99.6,0
6089,5,1,2024-08-01,Actual,250.3,2
6090,5,1,2024-08-01,Forecast,293.6,0
6091,6,1,2024-08-01,Actual,233.4,1
6092,6,1,2024-08-01,Forecast,383.9,0
6093,7,1,2024-08-01,Actual,199.6,0
6094,7,1,2024-08-01,Forecast,299.2,0
6095,8,1,2024-08-01,Actual,297.7,1
6096,8,1,2024-08-01,Forecast,392.3,0
6097,9,1,2024-08-01,Actual,168.2,2
6098,9,1,2024-08-01,Forecast,267.4,0
6099,10,1,2024-08-01,Actual,57.9,0
6100,10,1,2024-08-01,Forecast,84.2,0
6101,11,1,2024-08-01,Actual,151.1,1
6102,11,1,2024-08-01,Forecast,221.8,0
6103,12,1,2024-08-01,Actual,65.8,1
6104,12,1,2024-08-01,Forecast,81.7,0
6105,13,1,2024-08-01,Actual,176.7,1
6106,13,1,2024-08-01,Forecast,232.0,0
6107,14,1,2024-08-01,Actual,181.4,1
6108,14,1,2024-08-01,Forecast,257.2,0
6109,15,1,2024-08-01,Actual,261.6,0
6110,15,1,2024-08-01,Forecast,317.2,0
6111,16,1,2024-08-01,Actual,249.8,0
6112,16,1,2024-08-01,Forecast,306.8,0
6113,17,1,2024-08-01,Actual,187.3,2
6114,17,1,2024-08-01,Forecast,279.5,0
6115,18,1,2024-08-01,Actual,202.2,0
6116,18,1,2024-08-01,Forecast,272.1,0
6117,19,1,2024-08-01,Actual,263.1,1
6118,19,1,2024-08-01,Forecast,322.9,0
6119,20,1,2024-08-01,Actual,272.6,1
6120,20,1,2024-08-01,Forecast,317.2,0
6121,21,1,2024-08-01,Actual,82.1,0
6122,21,1,2024-08-01,Forecast,105.0,0
6123,22,1,2024-08-01,Actual,59.6,1
6124,22,1,2024-08-01,Forecast,92.5,0
6125,23,1,2024-08-01,Actual,260.4,0
6126,23,1,2024-08-01,Forecast,320.1,0
6127,24,1,2024-08-01,Actual,328.7,0
6128,24,1,2024-08-01,Forecast,387.1,0
6129,25,1,2024-08-01,Actual,229.8,2
6130,25,1,2024-08-01,Forecast,272.1,0
6131,26,1,2024-08-01,Actual,206.4,2
6132,26,1,2024-08-01,Forecast,337.6,0
6133,27,1,2024-08-01,Actual,204.5,0
6134,27,1,2024-08-01,Forecast,316.8,0
6135,28,1,2024-08-01,Actual,144.3,1
6136,28,1,2024-08-01,Forecast,181.4,0
6137,29,1,2024-08-01,Actual,166.8,0
6138,29,1,2024-08-01,Forecast,241.7,0
6139,30,1,2024-08-01,Actual,174.0,0
6140,30,1,2024-08-01,Forecast,205.1,0
6141,31,1,2024-08-01,Actual,258.9,1
6142,31,1,2024-08-01,Forecast,336.5,0
6143,32,1,2024-08-01,Actual,144.8,0
6144,32,1,2024-08-01,Forecast,176.7,0
6145,33,1,2024-08-01,Actual,209.0,1
6146,33,1,2024-08-01,Forecast,276.7,0
6147,34,1,2024-08-01,Actual,138.0,0
6148,34,1,2024-08-01,Forecast,180.4,0
6149,35,1,2024-08-01,Actual,107.8,0
6150,35,1,2024-08-01,Forecast,130.9,0
6151,36,1,2024-08-01,Actual,75.6,2
6152,36,1,2024-08-01,Forecast,100.5,0
6153,37,1,2024-08-01,Actual,287.9,0
6154,37,1,2024-08-01,Forecast,406.4,0
6155,38,1,2024-08-01,Actual,157.8,0
6156,38,1,2024-08-01,Forecast,208.5,0
6157,39,1,2024-08-01,Actual,344.0,0
6158,39,1,2024-08-01,Forecast,354.8,0
6159,40,1,2024-08-01,Actual,66.4,0
6160,40,1,2024-08-01,Forecast,103.2,0
6161,1,2,2024-08-01,Actual,304.9,0
6162,1,2,2024-08-01,Forecast,332.0,0
6163,2,2,2024-08-01,Actual,187.7,1
6164,2,2,2024-08-01,Forecast,230.4,0
6165,3,2,2024-08-01,Actual,212.1,0
6166,3,2,2024-08-01,Forecast,243.4,0
6167,4,2,2024-08-01,Actual,284.8,2
6168,4,2,2024-08-01,Forecast,318.3,0
6169,5,2,2024-08-01,Actual,204.7,0
6170,5,2,2024-08-01,Forecast,320.8,0
6171,6,2,2024-08-01,Actual,259.0,0
6172,6,2,2024-08-01,Forecast,343.7,0
6173,7,2,2024-08-01,Actual,116.2,0
6174,7,2,2024-08-01,Forecast,146.3,0
6175,8,2,2024-08-01,Actual,189.1,1
6176,8,2,2024-08-01,Forecast,274.4,0
6177,9,2,2024-08-01,Actual,348.0,0
6178,9,2,2024-08-01,Forecast,374.3,0
6179,10,2,2024-08-01,Actual,63.3,0
6180,10,2,2024-08-01,Forecast,83.6,0
6181,11,2,2024-08-01,Actual,129.8,0
6182,11,2,2024-08-01,Forecast,177.5,0
6183,12,2,2024-08-01,Actual,76.4,0
6184,12,2,2024-08-01,Forecast,89.2,0
6185,13,2,2024-08-01,Actual,245.2,0
6186,13,2,2024-08-01,Forecast,316.1,0
6187,14,2,2024-08-01,Actual,261.2,0
6188,14,2,2024-08-01,Forecast,303.4,0
6189,15,2,2024-08-01,Actual,149.1,0
6190,15,2,2024-08-01,Forecast,180.0,0
6191,16,2,2024-08-01,Actual,70.7,0
6192,16,2,2024-08-01,Forecast,87.5,0
6193,17,2,2024-08-01,Actual,223.7,0
6194,17,2,2024-08-01,Forecast,289.5,0
6195,18,2,2024-08-01,Actual,142.2,0
6196,18,2,2024-08-01,Forecast,152.2,0
6197,19,2,2024-08-01,Actual,192.3,2
6198,19,2,2024-08-01,Forecast,237.9,0
6199,20,2,2024-08-01,Actual,164.9,0
6200,20,2,2024-08-01,Forecast,209.7,0
6201,21,2,2024-08-01,Actual,277.6,0
6202,21,2,2024-08-01,Forecast,408.9,0
6203,22,2,2024-08-01,Actual,262.0,1
6204,22,2,2024-08-01,Forecast,338.5,0
6205,23,2,2024-08-01,Actual,168.4,0
6206,23,2,2024-08-01,Forecast,220.4,0
6207,24,2,2024-08-01,Actual,207.1,1
6208,24,2,2024-08-01,Forecast,252.0,0
6209,25,2,2024-08-01,Actual,128.3,2
6210,25,2,2024-08-01,Forecast,164.8,0
6211,26,2,2024-08-01,Actual,195.2,2
6212,26,2,2024-08-01,Forecast,277.2,0
6213,27,2,2024-08-01,Actual,268.3,1
6214,27,2,2024-08-01,Forecast,399.4,0
6215,28,2,2024-08-01,Actual,129.9,0
6216,28,2,2024-08-01,Forecast,202.2,0
6217,29,2,2024-08-01,Actual,254.6,0
6218,29,2,2024-08-01,Forecast,306.4,0
6219,30,2,2024-08-01,Actual,80.8,1
6220,30,2,2024-08-01,Forecast,98.2,0
6221,31,2,2024-08-01,Actual,100.5,0
6222,31,2,2024-08-01,Forecast,151.5,0
6223,32,2,2024-08-01,Actual,100.4,0
6224,32,2,2024-08-01,Forecast,122.5,0
6225,33,2,2024-08-01,Actual,190.4,1
6226,33,2,2024-08-01,Forecast,231.7,0
6227,34,2,2024-08-01,Actual,90.3,0
6228,34,2,2024-08-01,Forecast,117.2,0
6229,35,2,2024-08-01,Actual,188.9,1
6230,35,2,2024-08-01,Forecast,225.8,0
6231,36,2,2024-08-01,Actual,131.9,2
6232,36,2,2024-08-01,Forecast,210.4,0
6233,37,2,2024-08-01,Actual,203.4,2
6234,37,2,2024-08-01,Forecast,300.3,0
6235,38,2,2024-08-01,Actual,148.0,0
6236,38,2,2024-08-01,Forecast,220.3,0
6237,39,2,2024-08-01,Actual,112.3,1
6238,39,2,2024-08-01,Forecast,141.8,0
6239,40,2,2024-08-01,Actual,79.7,2
6240,40,2,2024-08-01,Forecast,103.7,0
6241,1,3,2024-08-01,Actual,296.9,0
6242,1,3,2024-08-01,Forecast,303.9,0
6243,2,3,2024-08-01,Actual,430.9,3
6244,2,3,2024-08-01,Forecast,391.3,0
6245,3,3,2024-08-01,Actual,206.8,4
6246,3,3,2024-08-01,Forecast,193.9,0
6247,4,3,2024-08-01,Actual,289.7,2
6248,4,3,2024-08-01,Forecast,319.9,0
6249,5,3,2024-08-01,Actual,243.7,4
6250,5,3,2024-08-01,Forecast,266.1,0
6251,6,3,2024-08-01,Actual,165.4,5
6252,6,3,2024-08-01,Forecast,174.5,0
6253,7,3,2024-08-01,Actual,209.6,0
6254,7,3,2024-08-01,Forecast,209.1,0
6255,8,3,2024-08-01,Actual,207.2,0
6256,8,3,2024-08-01,Forecast,202.9,0
6257,9,3,2024-08-01,Actual,272.8,3
6258,9,3,2024-08-01,Forecast,249.6,0
6259,10,3,2024-08-01,Actual,213.0,0
6260,10,3,2024-08-01,Forecast,176.7,0
6261,11,3,2024-08-01,Actual,89.9,2
6262,11,3,2024-08-01,Forecast,90.3,0
6263,12,3,2024-08-01,Actual,262.5,2
6264,12,3,2024-08-01,Forecast,219.1,0
6265,13,3,2024-08-01,Actual,189.0,3
6266,13,3,2024-08-01,Forecast,181.6,0
6267,14,3,2024-08-01,Actual,274.9,5
6268,14,3,2024-08-01,Forecast,274.6,0
6269,15,3,2024-08-01,Actual,84.2,2
6270,15,3,2024-08-01,Forecast,84.9,0
6271,16,3,2024-08-01,Actual,318.5,2
6272,16,3,2024-08-01,Forecast,316.4,0
6273,17,3,2024-08-01,Actual,110.1,0
6274,17,3,2024-08-01,Forecast,107.3,0
6275,18,3,2024-08-01,Actual,83.6,0
6276,18,3,2024-08-01,Forecast,95.2,0
6277,19,3,2024-08-01,Actual,149.7,3
6278,19,3,2024-08-01,Forecast,157.5,0
6279,20,3,2024-08-01,Actual,328.5,4
6280,20,3,2024-08-01,Forecast,321.4,0
6281,21,3,2024-08-01,Actual,118.8,1
6282,21,3,2024-08-01,Forecast,107.5,0
6283,22,3,2024-08-01,Actual,298.3,1
6284,22,3,2024-08-01,Forecast,268.1,0
6285,23,3,2024-08-01,Actual,340.9,5
6286,23,3,2024-08-01,Forecast,297.5,0
6287,24,3,2024-08-01,Actual,305.4,4
6288,24,3,2024-08-01,Forecast,315.5,0
6289,25,3,2024-08-01,Actual,133.2,1
6290,25,3,2024-08-01,Forecast,116.1,0
6291,26,3,2024-08-01,Actual,272.5,2
6292,26,3,2024-08-01,Forecast,261.9,0
6293,27,3,2024-08-01,Actual,198.7,3
6294,27,3,2024-08-01,Forecast,207.0,0
6295,28,3,2024-08-01,Actual,389.1,3
6296,28,3,2024-08-01,Forecast,333.2,0
6297,29,3,2024-08-01,Actual,157.8,5
6298,29,3,2024-08-01,Forecast,125.4,0
6299,30,3,2024-08-01,Actual,276.7,5
6300,30,3,2024-08-01,Forecast,261.5,0
6301,31,3,2024-08-01,Actual,197.4,3
6302,31,3,2024-08-01,Forecast,214.0,0
6303,32,3,2024-08-01,Actual,201.7,2
6304,32,3,2024-08-01,Forecast,235.6,0
6305,33,3,2024-08-01,Actual,147.9,3
6306,33,3,2024-08-01,Forecast,156.7,0
6307,34,3,2024-08-01,Actual,177.4,0
6308,34,3,2024-08-01,Forecast,156.1,0
6309,35,3,2024-08-01,Actual,340.5,5
6310,35,3,2024-08-01,Forecast,386.0,0
6311,36,3,2024-08-01,Actual,99.5,5
6312,36,3,2024-08-01,Forecast,104.0,0
6313,37,3,2024-08-01,Actual,344.8,2
6314,37,3,2024-08-01,Forecast,291.0,0
6315,38,3,2024-08-01,Actual,365.8,4
6316,38,3,2024-08-01,Forecast,356.8,0
6317,39,3,2024-08-01,Actual,324.7,5
6318,39,3,2024-08-01,Forecast,332.5,0
6319,40,3,2024-08-01,Actual,296.2,0
6320,40,3,2024-08-01,Forecast,269.4,0
6321,1,4,2024-08-01,Actual,254.5,5
6322,1,4,2024-08-01,Forecast,248.7,0
6323,2,4,2024-08-01,Actual,99.8,0
6324,2,4,2024-08-01,Forecast,101.1,0
6325,3,4,2024-08-01,Actual,276.0,3
6326,3,4,2024-08-01,Forecast,300.4,0
6327,4,4,2024-08-01,Actual,407.6,2
6328,4,4,2024-08-01,Forecast,355.3,0
6329,5,4,2024-08-01,Actual,104.8,3
6330,5,4,2024-08-01,Forecast,102.0,0
6331,6,4,2024-08-01,Actual,346.4,2
6332,6,4,2024-08-01,Forecast,325.2,0
6333,7,4,2024-08-01,Actual,103.5,1
6334,7,4,2024-08-01,Forecast,111.2,0
6335,8,4,2024-08-01,Actual,136.5,2
6336,8,4,2024-08-01,Forecast,171.8,0
6337,9,4,2024-08-01,Actual,157.9,5
6338,9,4,2024-08-01,Forecast,174.6,0
6339,10,4,2024-08-01,Actual,205.6,1
6340,10,4,2024-08-01,Forecast,193.3,0
6341,11,4,2024-08-01,Actual,272.1,2
6342,11,4,2024-08-01,Forecast,271.6,0
6343,12,4,2024-08-01,Actual,116.4,3
6344,12,4,2024-08-01,Forecast,121.8,0
6345,13,4,2024-08-01,Actual,86.0,5
6346,13,4,2024-08-01,Forecast,83.4,0
6347,14,4,2024-08-01,Actual,215.4,2
6348,14,4,2024-08-01,Forecast,203.3,0
6349,15,4,2024-08-01,Actual,195.5,3
6350,15,4,2024-08-01,Forecast,172.6,0
6351,16,4,2024-08-01,Actual,346.4,1
6352,16,4,2024-08-01,Forecast,327.4,0
6353,17,4,2024-08-01,Actual,223.8,5
6354,17,4,2024-08-01,Forecast,212.7,0
6355,18,4,2024-08-01,Actual,262.0,1
6356,18,4,2024-08-01,Forecast,281.5,0
6357,19,4,2024-08-01,Actual,306.6,1
6358,19,4,2024-08-01,Forecast,274.6,0
6359,20,4,2024-08-01,Actual,84.3,4
6360,20,4,2024-08-01,Forecast,82.3,0
6361,21,4,2024-08-01,Actual,97.8,2
6362,21,4,2024-08-01,Forecast,99.8,0
6363,22,4,2024-08-01,Actual,352.4,3
6364,22,4,2024-08-01,Forecast,290.9,0
6365,23,4,2024-08-01,Actual,84.4,4
6366,23,4,2024-08-01,Forecast,84.0,0
6367,24,4,2024-08-01,Actual,168.0,1
6368,24,4,2024-08-01,Forecast,164.0,0
6369,25,4,2024-08-01,Actual,369.6,5
6370,25,4,2024-08-01,Forecast,404.8,0
6371,26,4,2024-08-01,Actual,328.6,1
6372,26,4,2024-08-01,Forecast,324.8,0
6373,27,4,2024-08-01,Actual,226.7,2
6374,27,4,2024-08-01,Forecast,225.7,0
6375,28,4,2024-08-01,Actual,155.6,4
6376,28,4,2024-08-01,Forecast,183.2,0
6377,29,4,2024-08-01,Actual,222.8,3
6378,29,4,2024-08-01,Forecast,200.1,0
6379,30,4,2024-08-01,Actual,250.4,5
6380,30,4,2024-08-01,Forecast,251.6,0
6381,31,4,2024-08-01,Actual,185.2,5
6382,31,4,2024-08-01,Forecast,173.6,0
6383,32,4,2024-08-01,Actual,237.5,2
6384,32,4,2024-08-01,Forecast,260.6,0
6385,33,4,2024-08-01,Actual,274.0,0
6386,33,4,2024-08-01,Forecast,289.9,0
6387,34,4,2024-08-01,Actual,297.5,2
6388,34,4,2024-08-01,Forecast,252.7,0
6389,35,4,2024-08-01,Actual,166.2,3
6390,35,4,2024-08-01,Forecast,161.9,0
6391,36,4,2024-08-01,Actual,293.2,1
6392,36,4,2024-08-01,Forecast,298.7,0
6393,37,4,2024-08-01,Actual,97.2,5
6394,37,4,2024-08-01,Forecast,105.2,0
6395,38,4,2024-08-01,Actual,137.9,1
6396,38,4,2024-08-01,Forecast,169.5,0
6397,39,4,2024-08-01,Actual,302.6,2
6398,39,4,2024-08-01,Forecast,333.7,0
6399,40,4,2024-08-01,Actual,295.4,4
6400,40,4,2024-08-01,Forecast,261.9,0
6401,1,1,2024-09-01,Actual,233.8,0
6402,1,1,2024-09-01,Forecast,351.6,0
6403,2,1,2024-09-01,Actual,63.1,0
6404,2,1,2024-09-01,Forecast,78.3,0
6405,3,1,2024-09-01,Actual,236.6,0
6406,3,1,2024-09-01,Forecast,348.2,0
6407,4,1,2024-09-01,Actual,150.8,0
6408,4,1,2024-09-01,Forecast,203.4,0
6409,5,1,2024-09-01,Actual,195.9,1
6410,5,1,2024-09-01,Forecast,312.1,0
6411,6,1,2024-09-01,Actual,260.2,1
6412,6,1,2024-09-01,Forecast,413.8,0
6413,7,1,2024-09-01,Actual,211.0,0
6414,7,1,2024-09-01,Forecast,269.0,0
6415,8,1,2024-09-01,Actual,147.3,0
6416,8,1,2024-09-01,Forecast,173.6,0
6417,9,1,2024-09-01,Actual,242.2,1
6418,9,1,2024-09-01,Forecast,378.0,0
6419,10,1,2024-09-01,Actual,280.3,1
6420,10,1,2024-09-01,Forecast,373.3,0
6421,11,1,2024-09-01,Actual,169.3,0
6422,11,1,2024-09-01,Forecast,196.7,0
6423,12,1,2024-09-01,Actual,110.0,0
6424,12,1,2024-09-01,Forecast,138.4,0
6425,13,1,2024-09-01,Actual,326.5,0
6426,13,1,2024-09-01,Forecast,386.8,0
6427,14,1,2024-09-01,Actual,211.8,0
6428,14,1,2024-09-01,Forecast,293.7,0
6429,15,1,2024-09-01,Actual,114.9,0
6430,15,1,2024-09-01,Forecast,151.1,0
6431,16,1,2024-09-01,Actual,267.3,0
6432,16,1,2024-09-01,Forecast,315.7,0
6433,17,1,2024-09-01,Actual,253.1,0
6434,17,1,2024-09-01,Forecast,290.6,0
6435,18,1,2024-09-01,Actual,269.5,2
6436,18,1,2024-09-01,Forecast,410.1,0
6437,19,1,2024-09-01,Actual,148.8,1
6438,19,1,2024-09-01,Forecast,236.2,0
6439,20,1,2024-09-01,Actual,152.0,0
6440,20,1,2024-09-01,Forecast,207.1,0
6441,21,1,2024-09-01,Actual,261.6,0
6442,21,1,2024-09-01,Forecast,363.3,0
6443,22,1,2024-09-01,Actual,197.6,0
6444,22,1,2024-09-01,Forecast,290.0,0
6445,23,1,2024-09-01,Actual,184.5,0
6446,23,1,2024-09-01,Forecast,221.8,0
6447,24,1,2024-09-01,Actual,239.7,0
6448,24,1,2024-09-01,Forecast,322.5,0
6449,25,1,2024-09-01,Actual,195.2,0
6450,25,1,2024-09-01,Forecast,254.9,0
6451,26,1,2024-09-01,Actual,179.3,0
6452,26,1,2024-09-01,Forecast,278.0,0
6453,27,1,2024-09-01,Actual,263.6,0
6454,27,1,2024-09-01,Forecast,311.8,0
6455,28,1,2024-09-01,Actual,189.6,0
6456,28,1,2024-09-01,Forecast,243.6,0
6457,29,1,2024-09-01,Actual,122.1,0
6458,29,1,2024-09-01,Forecast,130.2,0
6459,30,1,2024-09-01,Actual,190.0,2
6460,30,1,2024-09-01,Forecast,253.6,0
6461,31,1,2024-09-01,Actual,149.2,0
6462,31,1,2024-09-01,Forecast,178.1,0
6463,32,1,2024-09-01,Actual,267.2,0
6464,32,1,2024-09-01,Forecast,354.9,0
6465,33,1,2024-09-01,Actual,210.0,0
6466,33,1,2024-09-01,Forecast,251.2,0
6467,34,1,2024-09-01,Actual,213.5,0
6468,34,1,2024-09-01,Forecast,293.6,0
6469,35,1,2024-09-01,Actual,226.7,0
6470,35,1,2024-09-01,Forecast,269.5,0
6471,36,1,2024-09-01,Actual,251.9,1
6472,36,1,2024-09-01,Forecast,291.8,0
6473,37,1,2024-09-01,Actual,75.9,2
6474,37,1,2024-09-01,Forecast,80.1,0
6475,38,1,2024-09-01,Actual,85.8,0
6476,38,1,2024-09-01,Forecast,118.3,0
6477,39,1,2024-09-01,Actual,95.9,1
6478,39,1,2024-09-01,Forecast,105.0,0
6479,40,1,2024-09-01,Actual,250.7,0
6480,40,1,2024-09-01,Forecast,308.9,0
6481,1,2,2024-09-01,Actual,129.1,0
6482,1,2,2024-09-01,Forecast,154.3,0
6483,2,2,2024-09-01,Actual,256.0,2
6484,2,2,2024-09-01,Forecast,347.8,0
6485,3,2,2024-09-01,Actual,194.1,0
6486,3,2,2024-09-01,Forecast,237.9,0
6487,4,2,2024-09-01,Actual,133.4,0
6488,4,2,2024-09-01,Forecast,179.3,0
6489,5,2,2024-09-01,Actual,230.8,0
6490,5,2,2024-09-01,Forecast,329.0,0
6491,6,2,2024-09-01,Actual,145.5,1
6492,6,2,2024-09-01,Forecast,178.3,0
6493,7,2,2024-09-01,Actual,243.8,0
6494,7,2,2024-09-01,Forecast,311.9,0
6495,8,2,2024-09-01,Actual,206.9,0
6496,8,2,2024-09-01,Forecast,263.7,0
6497,9,2,2024-09-01,Actual,138.8,2
6498,9,2,2024-09-01,Forecast,168.2,0
6499,10,2,2024-09-01,Actual,102.7,0
6500,10,2,2024-09-01,Forecast,121.5,0
6501,11,2,2024-09-01,Actual,293.7,0
6502,11,2,2024-09-01,Forecast,418.7,0
6503,12,2,2024-09-01,Actual,163.0,0
6504,12,2,2024-09-01,Forecast,174.7,0
6505,13,2,2024-09-01,Actual,202.1,0
6506,13,2,2024-09-01,Forecast,260.2,0
6507,14,2,2024-09-01,Actual,119.0,0
6508,14,2,2024-09-01,Forecast,174.9,0
6509,15,2,2024-09-01,Actual,274.6,0
6510,15,2,2024-09-01,Forecast,387.2,0
6511,16,2,2024-09-01,Actual,113.9,1
6512,16,2,2024-09-01,Forecast,149.0,0
6513,17,2,2024-09-01,Actual,106.9,0
6514,17,2,2024-09-01,Forecast,132.6,0
6515,18,2,2024-09-01,Actual,227.5,0
6516,18,2,2024-09-01,Forecast,292.4,0
6517,19,2,2024-09-01,Actual,122.8,0
6518,19,2,2024-09-01,Forecast,167.4,0
6519,20,2,2024-09-01,Actual,136.9,0
6520,20,2,2024-09-01,Forecast,189.2,0
6521,21,2,2024-09-01,Actual,104.3,0
6522,21,2,2024-09-01,Forecast,135.3,0
6523,22,2,2024-09-01,Actual,282.7,0
6524,22,2,2024-09-01,Forecast,356.5,0
6525,23,2,2024-09-01,Actual,309.0,2
6526,23,2,2024-09-01,Forecast,394.9,0
6527,24,2,2024-09-01,Actual,156.9,0
6528,24,2,2024-09-01,Forecast,198.7,0
6529,25,2,2024-09-01,Actual,260.8,0
6530,25,2,2024-09-01,Forecast,294.9,0
6531,26,2,2024-09-01,Actual,217.1,0
6532,26,2,2024-09-01,Forecast,292.9,0
6533,27,2,2024-09-01,Actual,314.2,0
6534,27,2,2024-09-01,Forecast,345.9,0
6535,28,2,2024-09-01,Actual,354.7,1
6536,28,2,2024-09-01,Forecast,370.0,0
6537,29,2,2024-09-01,Actual,196.4,0
6538,29,2,2024-09-01,Forecast,252.4,0
6539,30,2,2024-09-01,Actual,117.0,0
6540,30,2,2024-09-01,Forecast,166.5,0
6541,31,2,2024-09-01,Actual,160.9,0
6542,31,2,2024-09-01,Forecast,243.8,0
6543,32,2,2024-09-01,Actual,189.4,2
6544,32,2,2024-09-01,Forecast,263.4,0
6545,33,2,2024-09-01,Actual,218.1,0
6546,33,2,2024-09-01,Forecast,253.6,0
6547,34,2,2024-09-01,Actual,209.0,1
6548,34,2,2024-09-01,Forecast,319.5,0
6549,35,2,2024-09-01,Actual,141.8,1
6550,35,2,2024-09-01,Forecast,166.2,0
6551,36,2,2024-09-01,Actual,68.4,2
6552,36,2,2024-09-01,Forecast,93.4,0
6553,37,2,2024-09-01,Actual,187.9,2
6554,37,2,2024-09-01,Forecast,259.6,0
6555,38,2,2024-09-01,Actual,352.8,0
6556,38,2,2024-09-01,Forecast,381.0,0
6557,39,2,2024-09-01,Actual,239.0,0
6558,39,2,2024-09-01,Forecast,383.0,0
6559,40,2,2024-09-01,Actual,167.8,2
6560,40,2,2024-09-01,Forecast,198.6,0
6561,1,3,2024-09-01,Actual,223.1,0
6562,1,3,2024-09-01,Forecast,252.3,0
6563,2,3,2024-09-01,Actual,413.1,5
6564,2,3,2024-09-01,Forecast,402.3,0
6565,3,3,2024-09-01,Actual,117.9,1
6566,3,3,2024-09-01,Forecast,114.2,0
6567,4,3,2024-09-01,Actual,245.0,1
6568,4,3,2024-09-01,Forecast,248.7,0
6569,5,3,2024-09-01,Actual,336.4,4
6570,5,3,2024-09-01,Forecast,331.1,0
6571,6,3,2024-09-01,Actual,176.7,5
6572,6,3,2024-09-01,Forecast,219.0,0
6573,7,3,2024-09-01,Actual,328.3,2
6574,7,3,2024-09-01,Forecast,289.6,0
6575,8,3,2024-09-01,Actual,139.8,5
6576,8,3,2024-09-01,Forecast,160.6,0
6577,9,3,2024-09-01,Actual,318.1,5
6578,9,3,2024-09-01,Forecast,354.0,0
6579,10,3,2024-09-01,Actual,156.4,3
6580,10,3,2024-09-01,Forecast,139.1,0
6581,11,3,2024-09-01,Actual,222.3,2
6582,11,3,2024-09-01,Forecast,215.2,0
6583,12,3,2024-09-01,Actual,184.9,0
6584,12,3,2024-09-01,Forecast,216.2,0
6585,13,3,2024-09-01,Actual,217.4,1
6586,13,3,2024-09-01,Forecast,244.2,0
6587,14,3,2024-09-01,Actual,454.5,1
6588,14,3,2024-09-01,Forecast,406.9,0
6589,15,3,2024-09-01,Actual,146.8,3
6590,15,3,2024-09-01,Forecast,144.3,0
6591,16,3,2024-09-01,Actual,384.1,2
6592,16,3,2024-09-01,Forecast,328.8,0
6593,17,3,2024-09-01,Actual,129.3,1
6594,17,3,2024-09-01,Forecast,132.3,0
6595,18,3,2024-09-01,Actual,317.2,2
6596,18,3,2024-09-01,Forecast,359.8,0
6597,19,3,2024-09-01,Actual,391.3,5
6598,19,3,2024-09-01,Forecast,345.7,0
6599,20,3,2024-09-01,Actual,283.1,2
6600,20,3,2024-09-01,Forecast,314.6,0
6601,21,3,2024-09-01,Actual,258.2,4
6602,21,3,2024-09-01,Forecast,225.7,0
6603,22,3,2024-09-01,Actual,324.2,2
6604,22,3,2024-09-01,Forecast,383.6,0
6605,23,3,2024-09-01,Actual,325.3,3
6606,23,3,2024-09-01,Forecast,287.4,0
6607,24,3,2024-09-01,Actual,136.7,1
6608,24,3,2024-09-01,Forecast,112.1,0
6609,25,3,2024-09-01,Actual,135.0,5
6610,25,3,2024-09-01,Forecast,152.4,0
6611,26,3,2024-09-01,Actual,323.6,5
6612,26,3,2024-09-01,Forecast,362.5,0
6613,27,3,2024-09-01,Actual,96.4,4
6614,27,3,2024-09-01,Forecast,102.1,0
6615,28,3,2024-09-01,Actual,139.6,4
6616,28,3,2024-09-01,Forecast,174.5,0
6617,29,3,2024-09-01,Actual,273.2,3
6618,29,3,2024-09-01,Forecast,284.5,0
6619,30,3,2024-09-01,Actual,283.7,5
6620,30,3,2024-09-01,Forecast,312.1,0
6621,31,3,2024-09-01,Actual,138.4,1
6622,31,3,2024-09-01,Forecast,130.9,0
6623,32,3,2024-09-01,Actual,196.8,4
6624,32,3,2024-09-01,Forecast,194.5,0
6625,33,3,2024-09-01,Actual,356.4,0
6626,33,3,2024-09-01,Forecast,319.6,0
6627,34,3,2024-09-01,Actual,94.5,3
6628,34,3,2024-09-01,Forecast,103.1,0
6629,35,3,2024-09-01,Actual,197.7,1
6630,35,3,2024-09-01,Forecast,195.5,0
6631,36,3,2024-09-01,Actual,143.6,0
6632,36,3,2024-09-01,Forecast,154.8,0
6633,37,3,2024-09-01,Actual,86.2,4
6634,37,3,2024-09-01,Forecast,96.3,0
6635,38,3,2024-09-01,Actual,103.0,2
6636,38,3,2024-09-01,Forecast,93.4,0
6637,39,3,2024-09-01,Actual,180.3,1
6638,39,3,2024-09-01,Forecast,178.4,0
6639,40,3,2024-09-01,Actual,200.9,5
6640,40,3,2024-09-01,Forecast,241.1,0
6641,1,4,2024-09-01,Actual,134.8,4
6642,1,4,2024-09-01,Forecast,118.8,0
6643,2,4,2024-09-01,Actual,371.4,2
6644,2,4,2024-09-01,Forecast,338.1,0
6645,3,4,2024-09-01,Actual,203.7,5
6646,3,4,2024-09-01,Forecast,226.3,0
6647,4,4,2024-09-01,Actual,159.9,3
6648,4,4,2024-09-01,Forecast,183.7,0
6649,5,4,2024-09-01,Actual,120.6,4
6650,5,4,2024-09-01,Forecast,138.6,0
6651,6,4,2024-09-01,Actual,174.3,1
6652,6,4,2024-09-01,Forecast,198.9,0
6653,7,4,2024-09-01,Actual,297.6,3
6654,7,4,2024-09-01,Forecast,294.1,0
6655,8,4,2024-09-01,Actual,114.0,5
6656,8,4,2024-09-01,Forecast,111.9,0
6657,9,4,2024-09-01,Actual,133.1,1
6658,9,4,2024-09-01,Forecast,124.3,0
6659,10,4,2024-09-01,Actual,286.6,2
6660,10,4,2024-09-01,Forecast,297.5,0
6661,11,4,2024-09-01,Actual,260.8,4
6662,11,4,2024-09-01,Forecast,239.1,0
6663,12,4,2024-09-01,Actual,138.7,4
6664,12,4,2024-09-01,Forecast,132.1,0
6665,13,4,2024-09-01,Actual,378.1,3
6666,13,4,2024-09-01,Forecast,395.7,0
6667,14,4,2024-09-01,Actual,122.0,3
6668,14,4,2024-09-01,Forecast,119.8,0
6669,15,4,2024-09-01,Actual,383.1,4
6670,15,4,2024-09-01,Forecast,388.5,0
6671,16,4,2024-09-01,Actual,233.1,5
6672,16,4,2024-09-01,Forecast,250.2,0
6673,17,4,2024-09-01,Actual,148.2,3
6674,17,4,2024-09-01,Forecast,145.2,0
6675,18,4,2024-09-01,Actual,256.6,3
6676,18,4,2024-09-01,Forecast,266.2,0
6677,19,4,2024-09-01,Actual,351.7,2
6678,19,4,2024-09-01,Forecast,382.9,0
6679,20,4,2024-09-01,Actual,371.6,1
6680,20,4,2024-09-01,Forecast,330.1,0
6681,21,4,2024-09-01,Actual,391.5,0
6682,21,4,2024-09-01,Forecast,372.7,0
6683,22,4,2024-09-01,Actual,369.7,2
6684,22,4,2024-09-01,Forecast,374.5,0
6685,23,4,2024-09-01,Actual,82.2,4
6686,23,4,2024-09-01,Forecast,99.1,0
6687,24,4,2024-09-01,Actual,173.2,4
6688,24,4,2024-09-01,Forecast,153.9,0
6689,25,4,2024-09-01,Actual,201.9,1
6690,25,4,2024-09-01,Forecast,233.0,0
6691,26,4,2024-09-01,Actual,430.2,2
6692,26,4,2024-09-01,Forecast,411.8,0
6693,27,4,2024-09-01,Actual,88.5,1
6694,27,4,2024-09-01,Forecast,81.6,0
6695,28,4,2024-09-01,Actual,260.4,5
6696,28,4,2024-09-01,Forecast,322.2,0
6697,29,4,2024-09-01,Actual,290.6,1
6698,29,4,2024-09-01,Forecast,262.4,0
6699,30,4,2024-09-01,Actual,92.1,3
6700,30,4,2024-09-01,Forecast,95.9,0
6701,31,4,2024-09-01,Actual,101.9,4
6702,31,4,2024-09-01,Forecast,113.1,0
6703,32,4,2024-09-01,Actual,354.7,5
6704,32,4,2024-09-01,Forecast,359.9,0
6705,33,4,2024-09-01,Actual,276.9,5
6706,33,4,2024-09-01,Forecast,271.4,0
6707,34,4,2024-09-01,Actual,301.3,5
6708,34,4,2024-09-01,Forecast,258.7,0
6709,35,4,2024-09-01,Actual,118.9,5
6710,35,4,2024-09-01,Forecast,109.0,0
6711,36,4,2024-09-01,Actual,138.0,1
6712,36,4,2024-09-01,Forecast,123.3,0
6713,37,4,2024-09-01,Actual,394.6,0
6714,37,4,2024-09-01,Forecast,380.7,0
6715,38,4,2024-09-01,Actual,281.5,5
6716,38,4,2024-09-01,Forecast,270.1,0
6717,39,4,2024-09-01,Actual,368.0,2
6718,39,4,2024-09-01,Forecast,359.6,0
6719,40,4,2024-09-01,Actual,378.1,2
6720,40,4,2024-09-01,Forecast,368.5,0
6721,1,1,2024-10-01,Actual,101.0,0
6722,1,1,2024-10-01,Forecast,132.7,0
6723,2,1,2024-10-01,Actual,148.5,0
6724,2,1,2024-10-01,Forecast,155.7,0
6725,3,1,2024-10-01,Actual,125.4,0
6726,3,1,2024-10-01,Forecast,199.7,0
6727,4,1,2024-10-01,Actual,88.4,1
6728,4,1,2024-10-01,Forecast,118.9,0
6729,5,1,2024-10-01,Actual,157.7,1
6730,5,1,2024-10-01,Forecast,198.1,0
6731,6,1,2024-10-01,Actual,295.1,0
6732,6,1,2024-10-01,Forecast,376.6,0
6733,7,1,2024-10-01,Actual,137.3,0
6734,7,1,2024-10-01,Forecast,212.3,0
6735,8,1,2024-10-01,Actual,216.5,0
6736,8,1,2024-10-01,Forecast,291.8,0
6737,9,1,2024-10-01,Actual,100.8,0
6738,9,1,2024-10-01,Forecast,153.9,0
6739,10,1,2024-10-01,Actual,285.7,1
6740,10,1,2024-10-01,Forecast,329.5,0
6741,11,1,2024-10-01,Actual,254.8,1
6742,11,1,2024-10-01,Forecast,333.1,0
6743,12,1,2024-10-01,Actual,150.8,1
6744,12,1,2024-10-01,Forecast,206.4,0
6745,13,1,2024-10-01,Actual,117.2,0
6746,13,1,2024-10-01,Forecast,160.8,0
6747,14,1,2024-10-01,Actual,140.1,0
6748,14,1,2024-10-01,Forecast,169.4,0
6749,15,1,2024-10-01,Actual,302.4,2
6750,15,1,2024-10-01,Forecast,362.3,0
6751,16,1,2024-10-01,Actual,220.7,0
6752,16,1,2024-10-01,Forecast,273.1,0
6753,17,1,2024-10-01,Actual,257.0,2
6754,17,1,2024-10-01,Forecast,265.7,0
6755,18,1,2024-10-01,Actual,276.6,0
6756,18,1,2024-10-01,Forecast,314.1,0
6757,19,1,2024-10-01,Actual,265.8,0
6758,19,1,2024-10-01,Forecast,321.4,0
6759,20,1,2024-10-01,Actual,230.8,2
6760,20,1,2024-10-01,Forecast,303.3,0
6761,21,1,2024-10-01,Actual,129.4,2
6762,21,1,2024-10-01,Forecast,145.8,0
6763,22,1,2024-10-01,Actual,318.8,0
6764,22,1,2024-10-01,Forecast,404.0,0
6765,23,1,2024-10-01,Actual,259.8,0
6766,23,1,2024-10-01,Forecast,336.8,0
6767,24,1,2024-10-01,Actual,192.3,2
6768,24,1,2024-10-01,Forecast,260.7,0
6769,25,1,2024-10-01,Actual,96.6,0
6770,25,1,2024-10-01,Forecast,119.9,0
6771,26,1,2024-10-01,Actual,211.3,1
6772,26,1,2024-10-01,Forecast,232.4,0
6773,27,1,2024-10-01,Actual,206.1,0
6774,27,1,2024-10-01,Forecast,251.2,0
6775,28,1,2024-10-01,Actual,299.3,1
6776,28,1,2024-10-01,Forecast,431.3,0
6777,29,1,2024-10-01,Actual,237.6,0
6778,29,1,2024-10-01,Forecast,260.8,0
6779,30,1,2024-10-01,Actual,231.3,2
6780,30,1,2024-10-01,Forecast,322.2,0
6781,31,1,2024-10-01,Actual,176.3,0
6782,31,1,2024-10-01,Forecast,247.7,0
6783,32,1,2024-10-01,Actual,83.5,2
6784,32,1,2024-10-01,Forecast,126.2,0
6785,33,1,2024-10-01,Actual,131.9,0
6786,33,1,2024-10-01,Forecast,155.5,0
6787,34,1,2024-10-01,Actual,89.5,0
6788,34,1,2024-10-01,Forecast,111.9,0
6789,35,1,2024-10-01,Actual,177.6,2
6790,35,1,2024-10-01,Forecast,224.1,0
6791,36,1,2024-10-01,Actual,82.5,0
6792,36,1,2024-10-01,Forecast,101.4,0
6793,37,1,2024-10-01,Actual,263.5,0
6794,37,1,2024-10-01,Forecast,325.0,0
6795,38,1,2024-10-01,Actual,269.4,1
6796,38,1,2024-10-01,Forecast,405.2,0
6797,39,1,2024-10-01,Actual,130.2,0
6798,39,1,2024-10-01,Forecast,164.6,0
6799,40,1,2024-10-01,Actual,146.5,0
6800,40,1,2024-10-01,Forecast,181.9,0
6801,1,2,2024-10-01,Actual,202.6,0
6802,1,2,2024-10-01,Forecast,315.0,0
6803,2,2,2024-10-01,Actual,217.7,0
6804,2,2,2024-10-01,Forecast,229.6,0
6805,3,2,2024-10-01,Actual,203.9,0
6806,3,2,2024-10-01,Forecast,261.1,0
6807,4,2,2024-10-01,Actual,190.3,0
6808,4,2,2024-10-01,Forecast,216.3,0
6809,5,2,2024-10-01,Actual,87.0,0
6810,5,2,2024-10-01,Forecast,120.4,0
6811,6,2,2024-10-01,Actual,288.4,0
6812,6,2,2024-10-01,Forecast,397.1,0
6813,7,2,2024-10-01,Actual,152.1,0
6814,7,2,2024-10-01,Forecast,192.0,0
6815,8,2,2024-10-01,Actual,137.2,0
6816,8,2,2024-10-01,Forecast,211.9,0
6817,9,2,2024-10-01,Actual,192.3,1
6818,9,2,2024-10-01,Forecast,261.2,0
6819,10,2,2024-10-01,Actual,156.4,1
6820,10,2,2024-10-01,Forecast,179.3,0
6821,11,2,2024-10-01,Actual,86.4,0
6822,11,2,2024-10-01,Forecast,103.6,0
6823,12,2,2024-10-01,Actual,280.6,0
6824,12,2,2024-10-01,Forecast,319.4,0
6825,13,2,2024-10-01,Actual,208.5,2
6826,13,2,2024-10-01,Forecast,279.0,0
6827,14,2,2024-10-01,Actual,113.5,1
6828,14,2,2024-10-01,Forecast,128.4,0
6829,15,2,2024-10-01,Actual,304.7,1
6830,15,2,2024-10-01,Forecast,367.8,0
6831,16,2,2024-10-01,Actual,283.9,0
6832,16,2,2024-10-01,Forecast,337.6,0
6833,17,2,2024-10-01,Actual,220.1,0
6834,17,2,2024-10-01,Forecast,303.2,0
6835,18,2,2024-10-01,Actual,214.2,0
6836,18,2,2024-10-01,Forecast,298.0,0
6837,19,2,2024-10-01,Actual,284.6,0
6838,19,2,2024-10-01,Forecast,348.8,0
6839,20,2,2024-10-01,Actual,229.5,0
6840,20,2,2024-10-01,Forecast,290.9,0
6841,21,2,2024-10-01,Actual,189.4,0
6842,21,2,2024-10-01,Forecast,232.6,0
6843,22,2,2024-10-01,Actual,256.1,2
6844,22,2,2024-10-01,Forecast,318.9,0
6845,23,2,2024-10-01,Actual,78.0,0
6846,23,2,2024-10-01,Forecast,82.2,0
6847,24,2,2024-10-01,Actual,251.6,0
6848,24,2,2024-10-01,Forecast,383.9,0
6849,25,2,2024-10-01,Actual,245.2,0
6850,25,2,2024-10-01,Forecast,269.2,0
6851,26,2,2024-10-01,Actual,259.8,2
6852,26,2,2024-10-01,Forecast,365.6,0
6853,27,2,2024-10-01,Actual,196.3,0
6854,27,2,2024-10-01,Forecast,221.0,0
6855,28,2,2024-10-01,Actual,259.7,0
6856,28,2,2024-10-01,Forecast,345.0,0
6857,29,2,2024-10-01,Actual,79.0,0
6858,29,2,2024-10-01,Forecast,106.8,0
6859,30,2,2024-10-01,Actual,246.9,0
6860,30,2,2024-10-01,Forecast,350.1,0
6861,31,2,2024-10-01,Actual,178.3,1
6862,31,2,2024-10-01,Forecast,242.7,0
6863,32,2,2024-10-01,Actual,181.1,2
6864,32,2,2024-10-01,Forecast,222.7,0
6865,33,2,2024-10-01,Actual,249.1,0
6866,33,2,2024-10-01,Forecast,318.0,0
6867,34,2,2024-10-01,Actual,177.1,0
6868,34,2,2024-10-01,Forecast,201.7,0
6869,35,2,2024-10-01,Actual,304.2,0
6870,35,2,2024-10-01,Forecast,317.2,0
6871,36,2,2024-10-01,Actual,160.8,0
6872,36,2,2024-10-01,Forecast,253.8,0
6873,37,2,2024-10-01,Actual,96.5,0
6874,37,2,2024-10-01,Forecast,143.4,0
6875,38,2,2024-10-01,Actual,210.0,0
6876,38,2,2024-10-01,Forecast,264.5,0
6877,39,2,2024-10-01,Actual,100.5,2
6878,39,2,2024-10-01,Forecast,103.0,0
6879,40,2,2024-10-01,Actual,180.8,0
6880,40,2,2024-10-01,Forecast,223.6,0
6881,1,3,2024-10-01,Actual,349.9,0
6882,1,3,2024-10-01,Forecast,401.0,0
6883,2,3,2024-10-01,Actual,181.2,2
6884,2,3,2024-10-01,Forecast,192.1,0
6885,3,3,2024-10-01,Actual,131.5,2
6886,3,3,2024-10-01,Forecast,143.4,0
6887,4,3,2024-10-01,Actual,153.0,4
6888,4,3,2024-10-01,Forecast,148.4,0
6889,5,3,2024-10-01,Actual,322.8,1
6890,5,3,2024-10-01,Forecast,322.5,0
6891,6,3,2024-10-01,Actual,77.7,1
6892,6,3,2024-10-01,Forecast,74.9,0
6893,7,3,2024-10-01,Actual,167.5,2
6894,7,3,2024-10-01,Forecast,167.7,0
6895,8,3,2024-10-01,Actual,310.3,0
6896,8,3,2024-10-01,Forecast,351.6,0
6897,9,3,2024-10-01,Actual,129.1,5
6898,9,3,2024-10-01,Forecast,139.2,0
6899,10,3,2024-10-01,Actual,146.6,3
6900,10,3,2024-10-01,Forecast,170.6,0
6901,11,3,2024-10-01,Actual,220.5,1
6902,11,3,2024-10-01,Forecast,255.0,0
6903,12,3,2024-10-01,Actual,357.9,0
6904,12,3,2024-10-01,Forecast,336.0,0
6905,13,3,2024-10-01,Actual,368.4,3
6906,13,3,2024-10-01,Forecast,431.6,0
6907,14,3,2024-10-01,Actual,85.2,5
6908,14,3,2024-10-01,Forecast,79.2,0
6909,15,3,2024-10-01,Actual,354.2,5
6910,15,3,2024-10-01,Forecast,395.9,0
6911,16,3,2024-10-01,Actual,252.2,2
6912,16,3,2024-10-01,Forecast,222.3,0
6913,17,3,2024-10-01,Actual,113.1,2
6914,17,3,2024-10-01,Forecast,142.2,0
6915,18,3,2024-10-01,Actual,319.7,3
6916,18,3,2024-10-01,Forecast,345.9,0
6917,19,3,2024-10-01,Actual,186.3,1
6918,19,3,2024-10-01,Forecast,177.0,0
6919,20,3,2024-10-01,Actual,222.3,4
6920,20,3,2024-10-01,Forecast,235.5,0
6921,21,3,2024-10-01,Actual,185.8,2
6922,21,3,2024-10-01,Forecast,214.7,0
6923,22,3,2024-10-01,Actual,109.0,4
6924,22,3,2024-10-01,Forecast,110.9,0
6925,23,3,2024-10-01,Actual,225.9,4
6926,23,3,2024-10-01,Forecast,251.7,0
6927,24,3,2024-10-01,Actual,352.9,5
6928,24,3,2024-10-01,Forecast,345.4,0
6929,25,3,2024-10-01,Actual,202.6,0
6930,25,3,2024-10-01,Forecast,211.2,0
6931,26,3,2024-10-01,Actual,206.5,0
6932,26,3,2024-10-01,Forecast,205.0,0
6933,27,3,2024-10-01,Actual,179.3,4
6934,27,3,2024-10-01,Forecast,176.1,0
6935,28,3,2024-10-01,Actual,216.7,0
6936,28,3,2024-10-01,Forecast,180.7,0
6937,29,3,2024-10-01,Actual,116.8,4
6938,29,3,2024-10-01,Forecast,137.4,0
6939,30,3,2024-10-01,Actual,275.7,1
6940,30,3,2024-10-01,Forecast,311.1,0
6941,31,3,2024-10-01,Actual,333.2,5
6942,31,3,2024-10-01,Forecast,329.4,0
6943,32,3,2024-10-01,Actual,217.7,2
6944,32,3,2024-10-01,Forecast,217.5,0
6945,33,3,2024-10-01,Actual,171.7,1
6946,33,3,2024-10-01,Forecast,154.0,0
6947,34,3,2024-10-01,Actual,103.9,2
6948,34,3,2024-10-01,Forecast,103.4,0
6949,35,3,2024-10-01,Actual,153.7,2
6950,35,3,2024-10-01,Forecast,158.1,0
6951,36,3,2024-10-01,Actual,178.6,2
6952,36,3,2024-10-01,Forecast,184.2,0
6953,37,3,2024-10-01,Actual,200.4,4
6954,37,3,2024-10-01,Forecast,244.0,0
6955,38,3,2024-10-01,Actual,125.5,2
6956,38,3,2024-10-01,Forecast,129.2,0
6957,39,3,2024-10-01,Actual,380.4,5
6958,39,3,2024-10-01,Forecast,368.7,0
6959,40,3,2024-10-01,Actual,166.8,4
6960,40,3,2024-10-01,Forecast,163.4,0
6961,1,4,2024-10-01,Actual,301.1,1
6962,1,4,2024-10-01,Forecast,329.2,0
6963,2,4,2024-10-01,Actual,178.9,0
6964,2,4,2024-10-01,Forecast,146.8,0
6965,3,4,2024-10-01,Actual,325.8,4
6966,3,4,2024-10-01,Forecast,411.6,0
6967,4,4,2024-10-01,Actual,395.2,4
6968,4,4,2024-10-01,Forecast,374.3,0
6969,5,4,2024-10-01,Actual,422.4,1
6970,5,4,2024-10-01,Forecast,406.6,0
6971,6,4,2024-10-01,Actual,313.6,5
6972,6,4,2024-10-01,Forecast,308.2,0
6973,7,4,2024-10-01,Actual,247.9,1
6974,7,4,2024-10-01,Forecast,250.9,0
6975,8,4,2024-10-01,Actual,363.4,3
6976,8,4,2024-10-01,Forecast,375.3,0
6977,9,4,2024-10-01,Actual,261.0,1
6978,9,4,2024-10-01,Forecast,250.4,0
6979,10,4,2024-10-01,Actual,341.6,5
6980,10,4,2024-10-01,Forecast,276.4,0
6981,11,4,2024-10-01,Actual,150.3,0
6982,11,4,2024-10-01,Forecast,137.5,0
6983,12,4,2024-10-01,Actual,158.3,4
6984,12,4,2024-10-01,Forecast,180.4,0
6985,13,4,2024-10-01,Actual,369.6,4
6986,13,4,2024-10-01,Forecast,321.8,0
6987,14,4,2024-10-01,Actual,376.6,3
6988,14,4,2024-10-01,Forecast,320.5,0
6989,15,4,2024-10-01,Actual,350.4,4
6990,15,4,2024-10-01,Forecast,342.0,0
6991,16,4,2024-10-01,Actual,213.3,4
6992,16,4,2024-10-01,Forecast,202.3,0
6993,17,4,2024-10-01,Actual,263.9,5
6994,17,4,2024-10-01,Forecast,248.4,0
6995,18,4,2024-10-01,Actual,345.0,3
6996,18,4,2024-10-01,Forecast,316.9,0
6997,19,4,2024-10-01,Actual,382.4,2
6998,19,4,2024-10-01,Forecast,332.9,0
6999,20,4,2024-10-01,Actual,183.2,1
7000,20,4,2024-10-01,Forecast,197.7,0
7001,21,4,2024-10-01,Actual,231.1,5
7002,21,4,2024-10-01,Forecast,253.1,0
7003,22,4,2024-10-01,Actual,306.4,4
7004,22,4,2024-10-01,Forecast,388.9,0
7005,23,4,2024-10-01,Actual,247.3,4
7006,23,4,2024-10-01,Forecast,266.7,0
7007,24,4,2024-10-01,Actual,353.3,2
7008,24,4,2024-10-01,Forecast,403.9,0
7009,25,4,2024-10-01,Actual,382.5,4
7010,25,4,2024-10-01,Forecast,348.4,0
7011,26,4,2024-10-01,Actual,303.7,4
7012,26,4,2024-10-01,Forecast,359.0,0
7013,27,4,2024-10-01,Actual,373.6,5
7014,27,4,2024-10-01,Forecast,316.6,0
7015,28,4,2024-10-01,Actual,274.7,0
7016,28,4,2024-10-01,Forecast,255.6,0
7017,29,4,2024-10-01,Actual,259.0,1
7018,29,4,2024-10-01,Forecast,276.0,0
7019,30,4,2024-10-01,Actual,181.7,3
7020,30,4,2024-10-01,Forecast,220.2,0
7021,31,4,2024-10-01,Actual,178.5,0
7022,31,4,2024-10-01,Forecast,178.5,0
7023,32,4,2024-10-01,Actual,130.4,0
7024,32,4,2024-10-01,Forecast,111.2,0
7025,33,4,2024-10-01,Actual,397.7,2
7026,33,4,2024-10-01,Forecast,322.6,0
7027,34,4,2024-10-01,Actual,241.4,5
7028,34,4,2024-10-01,Forecast,269.2,0
7029,35,4,2024-10-01,Actual,268.7,3
7030,35,4,2024-10-01,Forecast,254.3,0
7031,36,4,2024-10-01,Actual,376.8,2
7032,36,4,2024-10-01,Forecast,328.6,0
7033,37,4,2024-10-01,Actual,262.5,4
7034,37,4,2024-10-01,Forecast,227.9,0
7035,38,4,2024-10-01,Actual,175.2,4
7036,38,4,2024-10-01,Forecast,198.7,0
7037,39,4,2024-10-01,Actual,359.2,1
7038,39,4,2024-10-01,Forecast,309.0,0
7039,40,4,2024-10-01,Actual,283.8,4
7040,40,4,2024-10-01,Forecast,245.0,0
7041,1,1,2024-11-01,Actual,251.7,0
7042,1,1,2024-11-01,Forecast,333.5,0
7043,2,1,2024-11-01,Actual,236.1,0
7044,2,1,2024-11-01,Forecast,310.6,0
7045,3,1,2024-11-01,Actual,159.0,0
7046,3,1,2024-11-01,Forecast,239.7,0
7047,4,1,2024-11-01,Actual,239.9,2
7048,4,1,2024-11-01,Forecast,251.8,0
7049,5,1,2024-11-01,Actual,109.2,1
7050,5,1,2024-11-01,Forecast,172.6,0
7051,6,1,2024-11-01,Actual,253.9,0
7052,6,1,2024-11-01,Forecast,340.1,0
7053,7,1,2024-11-01,Actual,178.1,0
7054,7,1,2024-11-01,Forecast,229.5,0
7055,8,1,2024-11-01,Actual,190.1,0
7056,8,1,2024-11-01,Forecast,243.2,0
7057,9,1,2024-11-01,Actual,238.8,1
7058,9,1,2024-11-01,Forecast,322.3,0
7059,10,1,2024-11-01,Actual,265.3,1
7060,10,1,2024-11-01,Forecast,341.0,0
7061,11,1,2024-11-01,Actual,156.3,0
7062,11,1,2024-11-01,Forecast,176.4,0
7063,12,1,2024-11-01,Actual,109.1,0
7064,12,1,2024-11-01,Forecast,140.5,0
7065,13,1,2024-11-01,Actual,102.4,2
7066,13,1,2024-11-01,Forecast,122.3,0
7067,14,1,2024-11-01,Actual,269.1,0
7068,14,1,2024-11-01,Forecast,348.5,0
7069,15,1,2024-11-01,Actual,198.3,0
7070,15,1,2024-11-01,Forecast,256.2,0
7071,16,1,2024-11-01,Actual,81.2,0
7072,16,1,2024-11-01,Forecast,107.5,0
7073,17,1,2024-11-01,Actual,195.6,0
7074,17,1,2024-11-01,Forecast,263.9,0
7075,18,1,2024-11-01,Actual,234.0,1
7076,18,1,2024-11-01,Forecast,284.4,0
7077,19,1,2024-11-01,Actual,277.7,2
7078,19,1,2024-11-01,Forecast,335.2,0
7079,20,1,2024-11-01,Actual,187.0,1
7080,20,1,2024-11-01,Forecast,246.7,0
7081,21,1,2024-11-01,Actual,173.6,2
7082,21,1,2024-11-01,Forecast,231.7,0
7083,22,1,2024-11-01,Actual,328.8,1
7084,22,1,2024-11-01,Forecast,373.8,0
7085,23,1,2024-11-01,Actual,315.8,1
7086,23,1,2024-11-01,Forecast,354.6,0
7087,24,1,2024-11-01,Actual,291.8,0
7088,24,1,2024-11-01,Forecast,327.0,0
7089,25,1,2024-11-01,Actual,218.5,1
7090,25,1,2024-11-01,Forecast,250.3,0
7091,26,1,2024-11-01,Actual,227.4,0
7092,26,1,2024-11-01,Forecast,241.6,0
7093,27,1,2024-11-01,Actual,185.1,1
7094,27,1,2024-11-01,Forecast,214.7,0
7095,28,1,2024-11-01,Actual,234.7,0
7096,28,1,2024-11-01,Forecast,266.4,0
7097,29,1,2024-11-01,Actual,101.3,0
7098,29,1,2024-11-01,Forecast,163.4,0
7099,30,1,2024-11-01,Actual,95.8,1
7100,30,1,2024-11-01,Forecast,127.6,0
7101,31,1,2024-11-01,Actual,203.8,0
7102,31,1,2024-11-01,Forecast,294.0,0
7103,32,1,2024-11-01,Actual,128.3,0
7104,32,1,2024-11-01,Forecast,161.4,0
7105,33,1,2024-11-01,Actual,152.1,0
7106,33,1,2024-11-01,Forecast,176.8,0
7107,34,1,2024-11-01,Actual,251.0,0
7108,34,1,2024-11-01,Forecast,352.5,0
7109,35,1,2024-11-01,Actual,303.1,0
7110,35,1,2024-11-01,Forecast,384.2,0
7111,36,1,2024-11-01,Actual,213.4,1
7112,36,1,2024-11-01,Forecast,293.4,0
7113,37,1,2024-11-01,Actual,150.7,0
7114,37,1,2024-11-01,Forecast,169.2,0
7115,38,1,2024-11-01,Actual,238.9,0
7116,38,1,2024-11-01,Forecast,315.8,0
7117,39,1,2024-11-01,Actual,295.7,0
7118,39,1,2024-11-01,Forecast,315.8,0
7119,40,1,2024-11-01,Actual,280.3,0
7120,40,1,2024-11-01,Forecast,322.6,0
7121,1,2,2024-11-01,Actual,165.9,0
7122,1,2,2024-11-01,Forecast,189.7,0
7123,2,2,2024-11-01,Actual,280.9,0
7124,2,2,2024-11-01,Forecast,324.8,0
7125,3,2,2024-11-01,Actual,219.7,0
7126,3,2,2024-11-01,Forecast,281.4,0
7127,4,2,2024-11-01,Actual,124.0,0
7128,4,2,2024-11-01,Forecast,166.0,0
7129,5,2,2024-11-01,Actual,132.0,1
7130,5,2,2024-11-01,Forecast,178.9,0
7131,6,2,2024-11-01,Actual,89.6,0
7132,6,2,2024-11-01,Forecast,103.1,0
7133,7,2,2024-11-01,Actual,272.8,0
7134,7,2,2024-11-01,Forecast,333.8,0
7135,8,2,2024-11-01,Actual,143.7,1
7136,8,2,2024-11-01,Forecast,155.4,0
7137,9,2,2024-11-01,Actual,301.3,0
7138,9,2,2024-11-01,Forecast,366.2,0
7139,10,2,2024-11-01,Actual,118.0,0
7140,10,2,2024-11-01,Forecast,174.2,0
7141,11,2,2024-11-01,Actual,285.4,0
7142,11,2,2024-11-01,Forecast,383.5,0
7143,12,2,2024-11-01,Actual,174.4,0
7144,12,2,2024-11-01,Forecast,242.1,0
7145,13,2,2024-11-01,Actual,115.9,0
7146,13,2,2024-11-01,Forecast,153.6,0
7147,14,2,2024-11-01,Actual,279.9,0
7148,14,2,2024-11-01,Forecast,419.6,0
7149,15,2,2024-11-01,Actual,306.9,0
7150,15,2,2024-11-01,Forecast,393.0,0
7151,16,2,2024-11-01,Actual,150.3,0
7152,16,2,2024-11-01,Forecast,174.2,0
7153,17,2,2024-11-01,Actual,168.7,2
7154,17,2,2024-11-01,Forecast,218.6,0
7155,18,2,2024-11-01,Actual,227.4,0
7156,18,2,2024-11-01,Forecast,248.0,0
7157,19,2,2024-11-01,Actual,136.7,1
7158,19,2,2024-11-01,Forecast,204.9,0
7159,20,2,2024-11-01,Actual,255.8,0
7160,20,2,2024-11-01,Forecast,334.4,0
7161,21,2,2024-11-01,Actual,76.0,0
7162,21,2,2024-11-01,Forecast,92.0,0
7163,22,2,2024-11-01,Actual,282.5,0
7164,22,2,2024-11-01,Forecast,358.7,0
7165,23,2,2024-11-01,Actual,59.5,0
7166,23,2,2024-11-01,Forecast,87.9,0
7167,24,2,2024-11-01,Actual,190.3,0
7168,24,2,2024-11-01,Forecast,219.6,0
7169,25,2,2024-11-01,Actual,240.4,0
7170,25,2,2024-11-01,Forecast,274.9,0
7171,26,2,2024-11-01,Actual,59.2,0
7172,26,2,2024-11-01,Forecast,84.4,0
7173,27,2,2024-11-01,Actual,157.7,0
7174,27,2,2024-11-01,Forecast,226.2,0
7175,28,2,2024-11-01,Actual,132.0,0
7176,28,2,2024-11-01,Forecast,193.4,0
7177,29,2,2024-11-01,Actual,170.2,0
7178,29,2,2024-11-01,Forecast,232.2,0
7179,30,2,2024-11-01,Actual,83.2,0
7180,30,2,2024-11-01,Forecast,96.2,0
7181,31,2,2024-11-01,Actual,138.9,0
7182,31,2,2024-11-01,Forecast,206.5,0
7183,32,2,2024-11-01,Actual,109.2,0
7184,32,2,2024-11-01,Forecast,131.2,0
7185,33,2,2024-11-01,Actual,160.4,0
7186,33,2,2024-11-01,Forecast,213.0,0
7187,34,2,2024-11-01,Actual,326.3,0
7188,34,2,2024-11-01,Forecast,369.8,0
7189,35,2,2024-11-01,Actual,323.6,0
7190,35,2,2024-11-01,Forecast,369.9,0
7191,36,2,2024-11-01,Actual,264.7,0
7192,36,2,2024-11-01,Forecast,370.3,0
7193,37,2,2024-11-01,Actual,183.4,2
7194,37,2,2024-11-01,Forecast,250.1,0
7195,38,2,2024-11-01,Actual,119.5,0
7196,38,2,2024-11-01,Forecast,146.2,0
7197,39,2,2024-11-01,Actual,349.0,0
7198,39,2,2024-11-01,Forecast,395.8,0
7199,40,2,2024-11-01,Actual,198.4,0
7200,40,2,2024-11-01,Forecast,246.3,0
7201,1,3,2024-11-01,Actual,221.5,4
7202,1,3,2024-11-01,Forecast,222.5,0
7203,2,3,2024-11-01,Actual,195.4,0
7204,2,3,2024-11-01,Forecast,224.2,0
7205,3,3,2024-11-01,Actual,101.4,3
7206,3,3,2024-11-01,Forecast,96.2,0
7207,4,3,2024-11-01,Actual,411.0,2
7208,4,3,2024-11-01,Forecast,406.7,0
7209,5,3,2024-11-01,Actual,160.4,5
7210,5,3,2024-11-01,Forecast,191.0,0
7211,6,3,2024-11-01,Actual,265.7,1
7212,6,3,2024-11-01,Forecast,261.5,0
7213,7,3,2024-11-01,Actual,316.6,2
7214,7,3,2024-11-01,Forecast,290.0,0
7215,8,3,2024-11-01,Actual,117.4,3
7216,8,3,2024-11-01,Forecast,121.3,0
7217,9,3,2024-11-01,Actual,265.4,5
7218,9,3,2024-11-01,Forecast,332.6,0
7219,10,3,2024-11-01,Actual,401.0,0
7220,10,3,2024-11-01,Forecast,389.4,0
7221,11,3,2024-11-01,Actual,124.7,0
7222,11,3,2024-11-01,Forecast,114.9,0
7223,12,3,2024-11-01,Actual,445.0,3
7224,12,3,2024-11-01,Forecast,374.3,0
7225,13,3,2024-11-01,Actual,292.3,4
7226,13,3,2024-11-01,Forecast,330.8,0
7227,14,3,2024-11-01,Actual,352.9,3
7228,14,3,2024-11-01,Forecast,334.7,0
7229,15,3,2024-11-01,Actual,161.2,0
7230,15,3,2024-11-01,Forecast,150.9,0
7231,16,3,2024-11-01,Actual,323.4,4
7232,16,3,2024-11-01,Forecast,281.2,0
7233,17,3,2024-11-01,Actual,222.0,1
7234,17,3,2024-11-01,Forecast,255.5,0
7235,18,3,2024-11-01,Actual,113.5,5
7236,18,3,2024-11-01,Forecast,112.4,0
7237,19,3,2024-11-01,Actual,174.4,4
7238,19,3,2024-11-01,Forecast,141.0,0
7239,20,3,2024-11-01,Actual,108.5,3
7240,20,3,2024-11-01,Forecast,105.2,0
7241,21,3,2024-11-01,Actual,114.5,2
7242,21,3,2024-11-01,Forecast,122.2,0
7243,22,3,2024-11-01,Actual,191.9,4
7244,22,3,2024-11-01,Forecast,236.7,0
7245,23,3,2024-11-01,Actual,279.5,0
7246,23,3,2024-11-01,Forecast,273.6,0
7247,24,3,2024-11-01,Actual,263.8,3
7248,24,3,2024-11-01,Forecast,250.7,0
7249,25,3,2024-11-01,Actual,177.9,4
7250,25,3,2024-11-01,Forecast,174.6,0
7251,26,3,2024-11-01,Actual,149.4,3
7252,26,3,2024-11-01,Forecast,136.9,0
7253,27,3,2024-11-01,Actual,100.4,5
7254,27,3,2024-11-01,Forecast,95.4,0
7255,28,3,2024-11-01,Actual,350.3,5
7256,28,3,2024-11-01,Forecast,367.2,0
7257,29,3,2024-11-01,Actual,85.5,5
7258,29,3,2024-11-01,Forecast,105.1,0
7259,30,3,2024-11-01,Actual,223.8,0
7260,30,3,2024-11-01,Forecast,192.0,0
7261,31,3,2024-11-01,Actual,341.2,1
7262,31,3,2024-11-01,Forecast,339.5,0
7263,32,3,2024-11-01,Actual,124.8,1
7264,32,3,2024-11-01,Forecast,106.5,0
7265,33,3,2024-11-01,Actual,227.4,4
7266,33,3,2024-11-01,Forecast,198.4,0
7267,34,3,2024-11-01,Actual,239.3,0
7268,34,3,2024-11-01,Forecast,255.6,0
7269,35,3,2024-11-01,Actual,224.6,4
7270,35,3,2024-11-01,Forecast,210.9,0
7271,36,3,2024-11-01,Actual,115.9,5
7272,36,3,2024-11-01,Forecast,140.6,0
7273,37,3,2024-11-01,Actual,93.5,4
7274,37,3,2024-11-01,Forecast,97.7,0
7275,38,3,2024-11-01,Actual,309.8,4
7276,38,3,2024-11-01,Forecast,292.6,0
7277,39,3,2024-11-01,Actual,367.7,2
7278,39,3,2024-11-01,Forecast,335.9,0
7279,40,3,2024-11-01,Actual,345.4,1
7280,40,3,2024-11-01,Forecast,284.8,0
7281,1,4,2024-11-01,Actual,405.3,0
7282,1,4,2024-11-01,Forecast,397.1,0
7283,2,4,2024-11-01,Actual,239.4,2
7284,2,4,2024-11-01,Forecast,226.4,0
7285,3,4,2024-11-01,Actual,121.8,0
7286,3,4,2024-11-01,Forecast,126.5,0
7287,4,4,2024-11-01,Actual,162.5,1
7288,4,4,2024-11-01,Forecast,142.1,0
7289,5,4,2024-11-01,Actual,243.8,0
7290,5,4,2024-11-01,Forecast,241.1,0
7291,6,4,2024-11-01,Actual,154.6,5
7292,6,4,2024-11-01,Forecast,162.3,0
7293,7,4,2024-11-01,Actual,256.4,4
7294,7,4,2024-11-01,Forecast,210.5,0
7295,8,4,2024-11-01,Actual,206.7,0
7296,8,4,2024-11-01,Forecast,189.7,0
7297,9,4,2024-11-01,Actual,260.0,4
7298,9,4,2024-11-01,Forecast,271.5,0
7299,10,4,2024-11-01,Actual,168.1,1
7300,10,4,2024-11-01,Forecast,167.1,0
7301,11,4,2024-11-01,Actual,378.9,5
7302,11,4,2024-11-01,Forecast,405.5,0
7303,12,4,2024-11-01,Actual,340.4,0
7304,12,4,2024-11-01,Forecast,326.2,0
7305,13,4,2024-11-01,Actual,278.4,5
7306,13,4,2024-11-01,Forecast,271.1,0
7307,14,4,2024-11-01,Actual,108.0,1
7308,14,4,2024-11-01,Forecast,106.0,0
7309,15,4,2024-11-01,Actual,96.5,0
7310,15,4,2024-11-01,Forecast,112.2,0
7311,16,4,2024-11-01,Actual,377.4,4
7312,16,4,2024-11-01,Forecast,349.0,0
7313,17,4,2024-11-01,Actual,131.3,2
7314,17,4,2024-11-01,Forecast,114.6,0
7315,18,4,2024-11-01,Actual,312.1,0
7316,18,4,2024-11-01,Forecast,355.9,0
7317,19,4,2024-11-01,Actual,281.3,3
7318,19,4,2024-11-01,Forecast,263.5,0
7319,20,4,2024-11-01,Actual,101.4,4
7320,20,4,2024-11-01,Forecast,99.0,0
7321,21,4,2024-11-01,Actual,223.3,2
7322,21,4,2024-11-01,Forecast,219.2,0
7323,22,4,2024-11-01,Actual,108.2,4
7324,22,4,2024-11-01,Forecast,106.5,0
7325,23,4,2024-11-01,Actual,89.1,1
7326,23,4,2024-11-01,Forecast,73.5,0
7327,24,4,2024-11-01,Actual,114.6,0
7328,24,4,2024-11-01,Forecast,109.2,0
7329,25,4,2024-11-01,Actual,213.5,4
7330,25,4,2024-11-01,Forecast,214.1,0
7331,26,4,2024-11-01,Actual,161.6,5
7332,26,4,2024-11-01,Forecast,147.0,0
7333,27,4,2024-11-01,Actual,417.3,5
7334,27,4,2024-11-01,Forecast,343.9,0
7335,28,4,2024-11-01,Actual,317.2,4
7336,28,4,2024-11-01,Forecast,357.2,0
7337,29,4,2024-11-01,Actual,195.9,2
7338,29,4,2024-11-01,Forecast,222.3,0
7339,30,4,2024-11-01,Actual,420.2,4
7340,30,4,2024-11-01,Forecast,362.2,0
7341,31,4,2024-11-01,Actual,324.7,5
7342,31,4,2024-11-01,Forecast,351.2,0
7343,32,4,2024-11-01,Actual,356.1,0
7344,32,4,2024-11-01,Forecast,311.2,0
7345,33,4,2024-11-01,Actual,282.2,1
7346,33,4,2024-11-01,Forecast,301.1,0
7347,34,4,2024-11-01,Actual,230.3,3
7348,34,4,2024-11-01,Forecast,209.1,0
7349,35,4,2024-11-01,Actual,82.7,5
7350,35,4,2024-11-01,Forecast,90.0,0
7351,36,4,2024-11-01,Actual,266.1,2
7352,36,4,2024-11-01,Forecast,247.5,0
7353,37,4,2024-11-01,Actual,195.2,4
7354,37,4,2024-11-01,Forecast,188.0,0
7355,38,4,2024-11-01,Actual,152.8,5
7356,38,4,2024-11-01,Forecast,163.3,0
7357,39,4,2024-11-01,Actual,195.4,1
7358,39,4,2024-11-01,Forecast,215.7,0
7359,40,4,2024-11-01,Actual,149.4,5
7360,40,4,2024-11-01,Forecast,168.7,0
7361,1,1,2024-12-01,Actual,117.3,0
7362,1,1,2024-12-01,Forecast,162.5,0
7363,2,1,2024-12-01,Actual,229.0,0
7364,2,1,2024-12-01,Forecast,304.4,0
7365,3,1,2024-12-01,Actual,246.9,0
7366,3,1,2024-12-01,Forecast,350.5,0
7367,4,1,2024-12-01,Actual,245.5,0
7368,4,1,2024-12-01,Forecast,268.4,0
7369,5,1,2024-12-01,Actual,270.7,0
7370,5,1,2024-12-01,Forecast,366.2,0
7371,6,1,2024-12-01,Actual,227.0,0
7372,6,1,2024-12-01,Forecast,361.7,0
7373,7,1,2024-12-01,Actual,195.5,0
7374,7,1,2024-12-01,Forecast,231.5,0
7375,8,1,2024-12-01,Actual,159.6,0
7376,8,1,2024-12-01,Forecast,218.7,0
7377,9,1,2024-12-01,Actual,320.9,2
7378,9,1,2024-12-01,Forecast,333.5,0
7379,10,1,2024-12-01,Actual,70.3,0
7380,10,1,2024-12-01,Forecast,93.5,0
7381,11,1,2024-12-01,Actual,147.6,0
7382,11,1,2024-12-01,Forecast,228.5,0
7383,12,1,2024-12-01,Actual,133.8,0
7384,12,1,2024-12-01,Forecast,160.9,0
7385,13,1,2024-12-01,Actual,269.9,1
7386,13,1,2024-12-01,Forecast,334.8,0
7387,14,1,2024-12-01,Actual,135.3,0
7388,14,1,2024-12-01,Forecast,204.3,0
7389,15,1,2024-12-01,Actual,159.6,0
7390,15,1,2024-12-01,Forecast,197.5,0
7391,16,1,2024-12-01,Actual,160.3,0
7392,16,1,2024-12-01,Forecast,197.3,0
7393,17,1,2024-12-01,Actual,101.7,0
7394,17,1,2024-12-01,Forecast,140.7,0
7395,18,1,2024-12-01,Actual,267.5,2
7396,18,1,2024-12-01,Forecast,401.1,0
7397,19,1,2024-12-01,Actual,144.9,1
7398,19,1,2024-12-01,Forecast,184.1,0
7399,20,1,2024-12-01,Actual,219.9,0
7400,20,1,2024-12-01,Forecast,296.0,0
7401,21,1,2024-12-01,Actual,221.1,0
7402,21,1,2024-12-01,Forecast,293.7,0
7403,22,1,2024-12-01,Actual,298.1,2
7404,22,1,2024-12-01,Forecast,423.5,0
7405,23,1,2024-12-01,Actual,239.8,0
7406,23,1,2024-12-01,Forecast,295.9,0
7407,24,1,2024-12-01,Actual,199.2,2
7408,24,1,2024-12-01,Forecast,253.9,0
7409,25,1,2024-12-01,Actual,112.9,1
7410,25,1,2024-12-01,Forecast,150.2,0
7411,26,1,2024-12-01,Actual,165.9,0
7412,26,1,2024-12-01,Forecast,223.1,0
7413,27,1,2024-12-01,Actual,254.1,0
7414,27,1,2024-12-01,Forecast,285.0,0
7415,28,1,2024-12-01,Actual,56.7,0
7416,28,1,2024-12-01,Forecast,88.5,0
7417,29,1,2024-12-01,Actual,114.6,2
7418,29,1,2024-12-01,Forecast,135.6,0
7419,30,1,2024-12-01,Actual,223.4,1
7420,30,1,2024-12-01,Forecast,241.6,0
7421,31,1,2024-12-01,Actual,283.1,2
7422,31,1,2024-12-01,Forecast,325.2,0
7423,32,1,2024-12-01,Actual,94.0,2
7424,32,1,2024-12-01,Forecast,106.4,0
7425,33,1,2024-12-01,Actual,269.6,0
7426,33,1,2024-12-01,Forecast,357.2,0
7427,34,1,2024-12-01,Actual,131.6,0
7428,34,1,2024-12-01,Forecast,157.1,0
7429,35,1,2024-12-01,Actual,177.6,0
7430,35,1,2024-12-01,Forecast,222.2,0
7431,36,1,2024-12-01,Actual,269.2,0
7432,36,1,2024-12-01,Forecast,402.7,0
7433,37,1,2024-12-01,Actual,61.9,2
7434,37,1,2024-12-01,Forecast,86.9,0
7435,38,1,2024-12-01,Actual,102.5,0
7436,38,1,2024-12-01,Forecast,149.6,0
7437,39,1,2024-12-01,Actual,299.3,0
7438,39,1,2024-12-01,Forecast,361.6,0
7439,40,1,2024-12-01,Actual,256.0,0
7440,40,1,2024-12-01,Forecast,335.9,0
7441,1,2,2024-12-01,Actual,86.7,0
7442,1,2,2024-12-01,Forecast,128.3,0
7443,2,2,2024-12-01,Actual,118.0,0
7444,2,2,2024-12-01,Forecast,139.9,0
7445,3,2,2024-12-01,Actual,150.3,0
7446,3,2,2024-12-01,Forecast,163.2,0
7447,4,2,2024-12-01,Actual,98.1,0
7448,4,2,2024-12-01,Forecast,112.6,0
7449,5,2,2024-12-01,Actual,96.9,0
7450,5,2,2024-12-01,Forecast,129.9,0
7451,6,2,2024-12-01,Actual,119.0,2
7452,6,2,2024-12-01,Forecast,148.0,0
7453,7,2,2024-12-01,Actual,151.6,2
7454,7,2,2024-12-01,Forecast,217.5,0
7455,8,2,2024-12-01,Actual,77.0,2
7456,8,2,2024-12-01,Forecast,88.3,0
7457,9,2,2024-12-01,Actual,211.7,0
7458,9,2,2024-12-01,Forecast,273.1,0
7459,10,2,2024-12-01,Actual,102.3,0
7460,10,2,2024-12-01,Forecast,123.2,0
7461,11,2,2024-12-01,Actual,202.8,2
7462,11,2,2024-12-01,Forecast,250.9,0
7463,12,2,2024-12-01,Actual,145.8,2
7464,12,2,2024-12-01,Forecast,185.2,0
7465,13,2,2024-12-01,Actual,123.2,1
7466,13,2,2024-12-01,Forecast,170.8,0
7467,14,2,2024-12-01,Actual,71.9,1
7468,14,2,2024-12-01,Forecast,109.7,0
7469,15,2,2024-12-01,Actual,226.3,1
7470,15,2,2024-12-01,Forecast,278.8,0
7471,16,2,2024-12-01,Actual,242.0,0
7472,16,2,2024-12-01,Forecast,291.9,0
7473,17,2,2024-12-01,Actual,109.6,0
7474,17,2,2024-12-01,Forecast,130.3,0
7475,18,2,2024-12-01,Actual,181.7,0
7476,18,2,2024-12-01,Forecast,293.6,0
7477,19,2,2024-12-01,Actual,87.7,0
7478,19,2,2024-12-01,Forecast,110.7,0
7479,20,2,2024-12-01,Actual,260.3,0
7480,20,2,2024-12-01,Forecast,305.8,0
7481,21,2,2024-12-01,Actual,109.8,0
7482,21,2,2024-12-01,Forecast,158.1,0
7483,22,2,2024-12-01,Actual,313.2,0
7484,22,2,2024-12-01,Forecast,397.1,0
7485,23,2,2024-12-01,Actual,134.9,0
7486,23,2,2024-12-01,Forecast,194.8,0
7487,24,2,2024-12-01,Actual,258.0,0
7488,24,2,2024-12-01,Forecast,329.3,0
7489,25,2,2024-12-01,Actual,76.1,0
7490,25,2,2024-12-01,Forecast,98.8,0
7491,26,2,2024-12-01,Actual,237.5,0
7492,26,2,2024-12-01,Forecast,352.8,0
7493,27,2,2024-12-01,Actual,280.1,0
7494,27,2,2024-12-01,Forecast,402.8,0
7495,28,2,2024-12-01,Actual,79.7,0
7496,28,2,2024-12-01,Forecast,123.2,0
7497,29,2,2024-12-01,Actual,320.8,2
7498,29,2,2024-12-01,Forecast,345.8,0
7499,30,2,2024-12-01,Actual,246.0,1
7500,30,2,2024-12-01,Forecast,344.1,0
7501,31,2,2024-12-01,Actual,172.8,0
7502,31,2,2024-12-01,Forecast,242.1,0
7503,32,2,2024-12-01,Actual,240.7,1
7504,32,2,2024-12-01,Forecast,313.9,0
7505,33,2,2024-12-01,Actual,162.4,2
7506,33,2,2024-12-01,Forecast,226.5,0
7507,34,2,2024-12-01,Actual,308.0,0
7508,34,2,2024-12-01,Forecast,377.8,0
7509,35,2,2024-12-01,Actual,290.6,2
7510,35,2,2024-12-01,Forecast,327.1,0
7511,36,2,2024-12-01,Actual,147.5,0
7512,36,2,2024-12-01,Forecast,199.4,0
7513,37,2,2024-12-01,Actual,275.8,0
7514,37,2,2024-12-01,Forecast,323.8,0
7515,38,2,2024-12-01,Actual,309.6,0
7516,38,2,2024-12-01,Forecast,418.5,0
7517,39,2,2024-12-01,Actual,187.3,1
7518,39,2,2024-12-01,Forecast,279.6,0
7519,40,2,2024-12-01,Actual,237.5,0
7520,40,2,2024-12-01,Forecast,266.4,0
7521,1,3,2024-12-01,Actual,167.2,0
7522,1,3,2024-12-01,Forecast,146.7,0
7523,2,3,2024-12-01,Actual,160.8,0
7524,2,3,2024-12-01,Forecast,162.8,0
7525,3,3,2024-12-01,Actual,130.1,2
7526,3,3,2024-12-01,Forecast,134.4,0
7527,4,3,2024-12-01,Actual,335.0,2
7528,4,3,2024-12-01,Forecast,342.3,0
7529,5,3,2024-12-01,Actual,296.6,5
7530,5,3,2024-12-01,Forecast,297.1,0
7531,6,3,2024-12-01,Actual,130.7,1
7532,6,3,2024-12-01,Forecast,143.9,0
7533,7,3,2024-12-01,Actual,311.3,1
7534,7,3,2024-12-01,Forecast,248.4,0
7535,8,3,2024-12-01,Actual,115.9,0
7536,8,3,2024-12-01,Forecast,120.8,0
7537,9,3,2024-12-01,Actual,302.2,3
7538,9,3,2024-12-01,Forecast,278.3,0
7539,10,3,2024-12-01,Actual,233.2,0
7540,10,3,2024-12-01,Forecast,203.3,0
7541,11,3,2024-12-01,Actual,208.8,3
7542,11,3,2024-12-01,Forecast,235.6,0
7543,12,3,2024-12-01,Actual,147.0,2
7544,12,3,2024-12-01,Forecast,138.7,0
7545,13,3,2024-12-01,Actual,186.7,1
7546,13,3,2024-12-01,Forecast,193.3,0
7547,14,3,2024-12-01,Actual,253.5,3
7548,14,3,2024-12-01,Forecast,301.1,0
7549,15,3,2024-12-01,Actual,148.1,5
7550,15,3,2024-12-01,Forecast,153.4,0
7551,16,3,2024-12-01,Actual,129.4,2
7552,16,3,2024-12-01,Forecast,113.4,0
7553,17,3,2024-12-01,Actual,279.3,4
7554,17,3,2024-12-01,Forecast,291.2,0
7555,18,3,2024-12-01,Actual,198.4,1
7556,18,3,2024-12-01,Forecast,228.6,0
7557,19,3,2024-12-01,Actual,416.5,0
7558,19,3,2024-12-01,Forecast,406.3,0
7559,20,3,2024-12-01,Actual,341.9,0
7560,20,3,2024-12-01,Forecast,377.6,0
7561,21,3,2024-12-01,Actual,411.0,4
7562,21,3,2024-12-01,Forecast,370.7,0
7563,22,3,2024-12-01,Actual,154.4,5
7564,22,3,2024-12-01,Forecast,172.2,0
7565,23,3,2024-12-01,Actual,374.5,1
7566,23,3,2024-12-01,Forecast,371.5,0
7567,24,3,2024-12-01,Actual,308.1,5
7568,24,3,2024-12-01,Forecast,289.0,0
7569,25,3,2024-12-01,Actual,136.9,0
7570,25,3,2024-12-01,Forecast,135.1,0
7571,26,3,2024-12-01,Actual,148.3,5
7572,26,3,2024-12-01,Forecast,148.5,0
7573,27,3,2024-12-01,Actual,212.1,1
7574,27,3,2024-12-01,Forecast,180.1,0
7575,28,3,2024-12-01,Actual,238.4,5
7576,28,3,2024-12-01,Forecast,227.1,0
7577,29,3,2024-12-01,Actual,308.9,0
7578,29,3,2024-12-01,Forecast,317.4,0
7579,30,3,2024-12-01,Actual,342.4,0
7580,30,3,2024-12-01,Forecast,341.0,0
7581,31,3,2024-12-01,Actual,125.2,0
7582,31,3,2024-12-01,Forecast,110.8,0
7583,32,3,2024-12-01,Actual,95.8,2
7584,32,3,2024-12-01,Forecast,107.3,0
7585,33,3,2024-12-01,Actual,215.0,2
7586,33,3,2024-12-01,Forecast,262.3,0
7587,34,3,2024-12-01,Actual,163.8,0
7588,34,3,2024-12-01,Forecast,168.0,0
7589,35,3,2024-12-01,Actual,221.7,0
7590,35,3,2024-12-01,Forecast,274.6,0
7591,36,3,2024-12-01,Actual,103.6,1
7592,36,3,2024-12-01,Forecast,97.4,0
7593,37,3,2024-12-01,Actual,244.8,4
7594,37,3,2024-12-01,Forecast,235.1,0
7595,38,3,2024-12-01,Actual,99.7,4
7596,38,3,2024-12-01,Forecast,89.8,0
7597,39,3,2024-12-01,Actual,297.8,5
7598,39,3,2024-12-01,Forecast,315.3,0
7599,40,3,2024-12-01,Actual,310.6,4
7600,40,3,2024-12-01,Forecast,308.8,0
7601,1,4,2024-12-01,Actual,246.7,3
7602,1,4,2024-12-01,Forecast,271.3,0
7603,2,4,2024-12-01,Actual,172.5,5
7604,2,4,2024-12-01,Forecast,184.1,0
7605,3,4,2024-12-01,Actual,118.5,4
7606,3,4,2024-12-01,Forecast,127.5,0
7607,4,4,2024-12-01,Actual,277.1,4
7608,4,4,2024-12-01,Forecast,237.7,0
7609,5,4,2024-12-01,Actual,295.8,5
7610,5,4,2024-12-01,Forecast,275.5,0
7611,6,4,2024-12-01,Actual,299.1,0
7612,6,4,2024-12-01,Forecast,270.8,0
7613,7,4,2024-12-01,Actual,406.3,0
7614,7,4,2024-12-01,Forecast,431.3,0
7615,8,4,2024-12-01,Actual,143.1,2
7616,8,4,2024-12-01,Forecast,134.9,0
7617,9,4,2024-12-01,Actual,339.8,0
7618,9,4,2024-12-01,Forecast,309.3,0
7619,10,4,2024-12-01,Actual,223.9,5
7620,10,4,2024-12-01,Forecast,198.8,0
7621,11,4,2024-12-01,Actual,422.5,1
7622,11,4,2024-12-01,Forecast,414.9,0
7623,12,4,2024-12-01,Actual,78.1,0
7624,12,4,2024-12-01,Forecast,92.1,0
7625,13,4,2024-12-01,Actual,334.9,1
7626,13,4,2024-12-01,Forecast,366.8,0
7627,14,4,2024-12-01,Actual,199.4,1
7628,14,4,2024-12-01,Forecast,200.5,0
7629,15,4,2024-12-01,Actual,348.1,4
7630,15,4,2024-12-01,Forecast,371.5,0
7631,16,4,2024-12-01,Actual,419.4,2
7632,16,4,2024-12-01,Forecast,362.4,0
7633,17,4,2024-12-01,Actual,118.4,0
7634,17,4,2024-12-01,Forecast,121.3,0
7635,18,4,2024-12-01,Actual,299.8,1
7636,18,4,2024-12-01,Forecast,362.4,0
7637,19,4,2024-12-01,Actual,141.4,0
7638,19,4,2024-12-01,Forecast,119.9,0
7639,20,4,2024-12-01,Actual,200.4,5
7640,20,4,2024-12-01,Forecast,162.3,0
7641,21,4,2024-12-01,Actual,242.0,4
7642,21,4,2024-12-01,Forecast,248.5,0
7643,22,4,2024-12-01,Actual,78.9,4
7644,22,4,2024-12-01,Forecast,74.5,0
7645,23,4,2024-12-01,Actual,212.2,1
7646,23,4,2024-12-01,Forecast,210.3,0
7647,24,4,2024-12-01,Actual,200.0,4
7648,24,4,2024-12-01,Forecast,220.0,0
7649,25,4,2024-12-01,Actual,429.1,0
7650,25,4,2024-12-01,Forecast,368.7,0
7651,26,4,2024-12-01,Actual,232.7,0
7652,26,4,2024-12-01,Forecast,249.5,0
7653,27,4,2024-12-01,Actual,277.6,3
7654,27,4,2024-12-01,Forecast,286.2,0
7655,28,4,2024-12-01,Actual,277.1,4
7656,28,4,2024-12-01,Forecast,289.2,0
7657,29,4,2024-12-01,Actual,307.1,2
7658,29,4,2024-12-01,Forecast,347.0,0
7659,30,4,2024-12-01,Actual,101.9,0
7660,30,4,2024-12-01,Forecast,110.3,0
7661,31,4,2024-12-01,Actual,147.4,5
7662,31,4,2024-12-01,Forecast,156.3,0
7663,32,4,2024-12-01,Actual,222.1,4
7664,32,4,2024-12-01,Forecast,201.3,0
7665,33,4,2024-12-01,Actual,215.1,0
7666,33,4,2024-12-01,Forecast,258.3,0
7667,34,4,2024-12-01,Actual,162.1,5
7668,34,4,2024-12-01,Forecast,164.4,0
7669,35,4,2024-12-01,Actual,357.9,1
7670,35,4,2024-12-01,Forecast,360.4,0
7671,36,4,2024-12-01,Actual,334.0,1
7672,36,4,2024-12-01,Forecast,364.4,0
7673,37,4,2024-12-01,Actual,321.1,1
7674,37,4,2024-12-01,Forecast,336.6,0
7675,38,4,2024-12-01,Actual,230.4,4
7676,38,4,2024-12-01,Forecast,186.6,0
7677,39,4,2024-12-01,Actual,152.7,4
7678,39,4,2024-12-01,Forecast,152.5,0
7679,40,4,2024-12-01,Actual,158.3,5
7680,40,4,2024-12-01,Forecast,145.9,0
